Memo1 time,Memo1A1 time
3.8827000000000003,2.9507000000000003
4.642,3.1548000000000003
1.6827,1.5810000000000002
3.3128,2.7892000000000006
4.1561,3.1308
1.6599000000000002,1.5243000000000002
3.2996000000000003,3.5140000000000002
3.9352000000000005,3.9396000000000004
1.8749,1.7093000000000003
3.3223000000000003,3.0193000000000003
4.4856,3.6859
1.8030000000000002,1.6214
3.1446,2.8125000000000004
4.3942,2.5783
1.5099,1.6677
3.2426,2.7876000000000003
4.096000000000001,3.2909
1.6401000000000001,1.6916000000000002
3.5661000000000005,2.7455000000000003
4.2875000000000005,3.7726
1.6651,1.6449
9.989700000000001,4.367800000000001
4.6059,3.7335000000000003
2.0551000000000004,2.5187
4.2131,4.4186
5.293200000000001,3.3498
2.6209000000000002,2.6482
5.021400000000001,4.6406
6.453600000000001,4.197800000000001
2.3482,2.7239
3.2263,2.5333
4.1025,2.9605
1.6897000000000002,1.7720000000000002
3.1711,2.8652
5.142900000000001,3.4542
2.4987,2.3665000000000003
3.0769,4.0771
4.780600000000001,3.3143000000000002
1.8011000000000001,1.7223000000000002
3.5711000000000004,3.1908000000000003
4.2867,3.3803
2.2987,2.2954
3.3076000000000003,2.6888000000000005
4.012,3.0744000000000002
1.4565000000000001,1.6923000000000001
3.4052000000000002,3.0767
4.3068,3.3225000000000002
1.7071,1.7467000000000001
3.3879,3.0957000000000003
4.3396,3.6170000000000004
1.7718,1.6056
3.4306,2.9302
4.6959,3.1057
1.2830000000000001,1.4841000000000002
3.091,2.5411
4.4781,2.7028
1.0542000000000002,1.9045
2.9655000000000005,2.5911000000000004
5.307500000000001,3.8502
1.6296000000000002,1.9845000000000002
3.7882000000000002,2.5899
3.9668000000000005,3.5963000000000003
3.3239,1.6185
3.6268000000000002,2.8309
3.8545000000000003,3.4919000000000002
1.5600000000000003,1.5406
3.2212,2.9882000000000004
4.5835,3.7233
2.2442,1.6339000000000001
2.7259,2.6310000000000002
3.6782000000000004,2.9612000000000003
1.612,1.5530000000000002
2.9534000000000002,2.6468000000000003
3.5838,3.0054000000000003
1.8128,1.5045000000000002
3.3185000000000002,2.6547000000000005
3.9377000000000004,2.9931
1.7373000000000003,1.5551
3.6361000000000003,2.9167000000000005
4.123200000000001,3.2463
2.1833,1.5485000000000002
3.0814000000000004,3.0118
4.8262,3.8736
1.1288,1.8614
3.4773,2.6391
4.555,3.0227
1.2895,1.7062000000000002
3.5552,2.7218000000000004
4.2239,3.5817
1.6871000000000003,1.5473000000000001
3.5017000000000005,2.6142000000000003
4.3562,3.1127000000000002
1.57,2.2203
4.0795,2.7157
3.9858000000000002,4.1664
2.6233000000000004,1.5982
3.5002,2.882
4.2768,2.9693
1.8137,2.0538000000000003
4.385,2.7446
3.5821000000000005,3.3937000000000004
1.5298,1.7174
3.5842,3.477
4.6725,3.2008
1.157,2.1478
3.4204,2.4798000000000004
4.869800000000001,2.9999000000000002
1.4995000000000003,1.4121000000000001
3.2251000000000003,3.1818000000000004
4.2969,2.6591
1.5608,1.5816000000000001
3.0913000000000004,2.7461
3.7503,3.0475000000000003
1.6968,1.6769
3.5505000000000004,2.8305000000000002
3.8273,3.5194
2.4207,1.5780000000000003
3.7651000000000003,2.82
4.5377,3.1201000000000003
1.6762000000000001,1.5239
3.3235,2.6801000000000004
11.820800000000002,3.7394000000000003
1.7214,2.7252
3.5878000000000005,2.7003
4.567500000000001,3.366
1.7798000000000003,1.6556000000000002
3.3211,3.1008000000000004
3.9406,3.0278
1.7495000000000003,1.5191000000000001
2.9093,2.7194000000000003
3.7617000000000003,3.0595000000000003
1.7563000000000002,1.6156
2.9718,2.6275
4.045,3.0418000000000003
1.6625,1.5839
2.9850000000000003,2.9529
3.9547000000000003,3.1012
1.5732000000000002,1.5323000000000002
3.9855000000000005,2.7557
4.377300000000001,2.9351000000000003
2.0419,2.4353000000000002
4.4969,2.7852
3.8849,3.2516000000000003
2.3173,1.5309000000000001
3.5722,2.5365
4.0769,3.8336000000000006
1.987,1.7141000000000002
3.6784,2.8437
4.4069,3.7853000000000003
1.5457,1.6138000000000001
3.0367,2.9032000000000004
3.9339000000000004,3.2915
1.7864,1.7459
3.2351,2.2773000000000003
4.5753,3.3848000000000003
1.9609000000000003,1.6338000000000001
3.1837000000000004,3.0103
4.2464,3.444
1.4757000000000002,1.5785
3.1933000000000002,2.8659000000000003
6.1887,3.4139
1.6367,1.6853
3.4240000000000004,2.6345
3.8577000000000004,3.3772
2.0377,1.6759000000000002
4.1116,3.0189000000000004
4.054,3.3912
1.8478,1.6377000000000002
3.4527000000000005,3.0449
4.4255,3.2826
1.788,1.8149000000000002
3.2639,2.7311
4.7048000000000005,3.2202
1.6642,1.7144000000000001
4.5364,4.211
4.3644,2.9757000000000002
1.5584000000000002,1.5045000000000002
2.9000000000000004,3.3123
4.8479,3.0822000000000003
1.8566,1.5810000000000002
2.9607,2.8592
3.8519,3.484
1.0927,2.2279999999999998
3.615,2.6994000000000002
3.8800000000000003,3.1759
1.4487,2.0446
3.6445000000000003,2.6732
4.236800000000001,3.1169000000000002
1.7461000000000002,1.6589
3.1849,2.6171
3.6697,3.3436000000000003
1.6697000000000002,1.5228000000000002
3.3152000000000004,4.0929
4.423900000000001,3.0865000000000005
1.6918,1.6044000000000003
3.1244,3.3932
3.5761,2.8884000000000003
1.6185,1.4582
3.1955,2.5631
4.804200000000001,3.043
1.4985,1.1198
2.9383,2.6154
3.7195,3.3815000000000004
1.5786,1.3497000000000001
4.3679,2.6751
3.8037,3.2482
1.8104000000000002,1.5094
3.0577,2.6603
4.8754,2.6495
2.1909,1.3234000000000001
3.7664,3.0608000000000004
3.4391000000000003,3.9752
1.1752000000000002,2.0535
3.8864000000000005,2.7068
3.85,3.1550000000000002
1.9493000000000003,1.7569000000000001
3.382,2.8673
3.9938000000000007,3.2112
1.6477000000000002,2.3190000000000004
3.7092,3.2418000000000005
3.8262,3.1143000000000005
1.6794000000000002,1.8969000000000003
3.5047,2.6479000000000004
4.331600000000001,3.5938000000000003
2.0292,1.5735000000000001
3.1286,2.6845000000000003
4.6405,3.2159000000000004
1.5716,1.5143000000000002
3.439,3.2766
4.0547,3.8949000000000003
1.4265,1.4523000000000001
2.9155,2.6646
3.6033000000000004,2.9006000000000003
1.5581000000000003,1.528
3.3055000000000003,2.7682
3.9834000000000005,3.1306000000000003
1.7480000000000002,1.5854000000000001
3.4763,2.6831000000000005
3.9908,2.9624
1.5492000000000001,1.6423
3.1869000000000005,2.6818000000000004
4.1465,3.0833000000000004
1.7236,1.3851
3.1952,2.8248
3.735,3.1532
1.2337,1.7069
5.3156,2.7318000000000002
4.354100000000001,3.4684000000000004
1.9440000000000002,1.7137
3.2634,2.7754000000000003
3.9506,3.2262000000000004
1.6581000000000001,1.4567
2.899,2.7865
4.4465,3.4355
1.7312,1.5257
5.0057,2.9119
4.0667,3.078
2.4285,1.6121000000000003
3.1062000000000003,2.7002
3.9447000000000005,3.1732
1.8460000000000003,1.9169
3.7301,2.9535000000000005
4.5463000000000005,3.4206000000000003
1.7196000000000002,1.7274
2.9642,2.8905000000000003
3.6666000000000003,3.0370000000000004
1.8006,1.6146
3.3928000000000003,2.8623000000000003
3.6801000000000004,3.3057000000000003
1.4223000000000001,1.4836
3.0767,2.7025
5.159400000000001,3.1859
1.5910000000000002,1.3501
2.4968,2.9485
3.8912,3.2142000000000004
1.7912000000000001,1.4225
3.3617,2.6892
4.786300000000001,3.5064
1.1837,1.4698
4.157,2.6455
4.4270000000000005,3.0804
1.9369,1.4616000000000002
4.2667,3.2802000000000002
5.805700000000001,3.1264000000000003
1.8685,1.3161000000000003
4.043900000000001,3.6884
3.7662000000000004,3.6125000000000003
1.7157000000000002,1.6126
3.1874000000000002,2.7925000000000004
4.4712000000000005,3.1732
1.4442000000000002,1.4957000000000003
3.1928000000000005,2.7458
3.5987000000000005,3.5387
1.873,1.5608
3.2118,2.6888000000000005
4.0456,2.991
1.7807000000000002,1.9704000000000002
2.9804000000000004,2.6963
4.327500000000001,3.4344
1.8055,1.8894
3.1755000000000004,2.8181
4.0304,3.0708
1.7171,1.5859
3.4335000000000004,2.797
4.9104,3.2926
1.6430000000000002,1.919
2.6533,2.3840000000000003
4.543800000000001,3.3155
1.6952,1.6711
3.4755000000000003,3.3985
3.5987000000000005,3.1261
1.7647000000000002,1.7259
3.5273000000000003,2.9234
4.1676,3.5149
1.5928000000000002,1.4922000000000002
3.2353000000000005,2.6648
5.6379,3.1502000000000003
1.7418000000000002,1.5463
2.87,2.9742
3.6129000000000002,3.7892000000000006
2.1711,1.5244000000000002
2.8348,3.1461
4.0834,3.1419
1.3485,1.4544
3.7579000000000002,2.6864000000000003
3.6356,3.1118
2.1050999999999997,1.5518
4.3117,3.0151000000000003
4.0955,3.0365
1.5110000000000001,1.5141
2.7448000000000006,4.4007000000000005
6.169600000000001,2.8283
2.5953,2.0803000000000003
3.21,2.8966
4.228400000000001,3.5175
1.6969,1.7388000000000001
3.196,2.9630000000000005
4.0677,3.3414
1.7772000000000001,1.8375000000000001
3.5019,3.5849
3.6333,3.5106
2.0645,1.5595
3.3515,2.6938
3.4674,3.4656000000000002
2.1029,1.5927
3.0876,2.7499
109.55810000000001,3.5671
2.7866,2.6011
5.931900000000001,3.9958
5.9862,4.635700000000001
2.2761,1.5854000000000001
6.193700000000001,3.4737
5.581200000000001,4.2520999999999995
2.4694000000000003,2.2880000000000003
5.7865,4.7297
6.1368,4.7399000000000004
2.4247,2.2797
5.025600000000001,4.2384
5.479900000000001,9.217400000000001
1.5514000000000001,1.705
3.0086000000000004,2.5863
6.0131000000000006,4.596800000000001
1.5633000000000001,1.5765
3.0614000000000003,2.7381
4.6248000000000005,2.6832000000000003
2.4253,2.6306000000000003
2.7719000000000005,2.9332000000000003
4.0487,3.435
2.1877000000000004,1.5272000000000001
2.9076000000000004,2.6686
3.8811,3.0719000000000003
1.3665,1.9787000000000003
3.1018,2.6763000000000003
4.0935,3.0746
1.6025000000000003,1.6823000000000001
3.2755,2.7094000000000005
4.3666,4.144500000000001
1.8594000000000002,1.7426000000000001
4.1213999999999995,3.0953
3.5503,3.6064000000000003
1.8284000000000002,1.5434
3.68,2.5603000000000002
3.9746,3.6257
1.6175,1.5116
3.3364000000000003,2.7406
4.2053,3.1284000000000005
1.4658000000000002,1.5595
3.1605000000000003,2.6719
4.3514,3.3668
1.4917,1.5066000000000002
3.7125,2.7149
3.9040000000000004,3.1636
1.752,2.4448
3.3976,2.6089
4.1424,3.2734
1.6638,1.5707000000000002
3.052,2.9628
3.5429000000000004,3.3318000000000003
1.8537,1.6161
3.4135000000000004,2.7388
3.8858000000000006,3.1725000000000003
1.5946,1.5899
3.0942000000000003,2.6547000000000005
3.4036,3.0248000000000004
1.6543,1.576
3.5231000000000003,2.6208
3.9474,3.1282
1.6604,1.5198000000000003
3.157,2.6628000000000003
3.6657,2.9985000000000004
1.8039000000000003,1.6157000000000001
3.3015000000000003,2.8441
4.0042,3.4739000000000004
1.4574000000000003,1.4846000000000001
3.5211,2.2643000000000004
3.8225000000000002,3.0913000000000004
1.5904,1.6098000000000001
3.4700000000000006,2.7149
4.166,3.1319000000000004
1.9863000000000004,2.0617
3.3792,3.7642
4.4976,3.1820000000000004
1.7778000000000003,1.1733000000000002
3.6771000000000003,3.5007
4.676400000000001,5.0454
1.721,1.6826
5.2079,3.1641
4.3051,3.1599000000000004
2.4334000000000002,2.3233
3.2746000000000004,2.6966
4.8198,5.2456000000000005
2.8426000000000005,2.5106
3.1537,3.7528
6.609500000000001,4.855600000000001
2.9372000000000003,2.1701
4.8458,3.4192000000000005
5.089300000000001,4.227900000000001
1.6343000000000003,1.9461000000000002
3.0492000000000004,2.7087
6.6147,3.6628000000000003
1.9924000000000002,1.5602
4.0817000000000005,3.4556
8.1254,5.468000000000001
1.7041,1.7522000000000002
3.7424000000000004,2.9762
4.5735,3.6814
1.8141,1.7264000000000002
3.4239,3.1499
4.140700000000001,3.3256
2.1876,1.5526000000000002
3.3642000000000003,2.7032000000000003
5.500900000000001,3.7105
1.7567000000000002,2.4662
3.5765000000000002,2.8522
4.4002,3.2935000000000003
1.5123,2.1161000000000003
3.3484000000000003,3.2151
4.6351,3.7075000000000005
1.5298,1.3023000000000002
3.83,3.0051
4.1446,3.0635000000000003
2.2132,1.7695
3.2705,3.4996000000000005
3.6567000000000003,3.4978000000000002
1.7997000000000003,1.4565000000000001
2.3492,2.8510000000000004
3.1717000000000004,3.3137000000000003
1.6639000000000002,1.5132
3.3852,2.4357
4.0081999999999995,2.9959000000000002
2.0061000000000004,1.6899
3.3146,2.5645000000000002
4.671200000000001,2.8586
1.8162,1.4637
2.83,2.9537
4.3609,4.118
1.8670000000000002,1.8150000000000002
2.6761000000000004,3.0867000000000004
4.6862,3.5164000000000004
1.5767000000000002,1.7566000000000002
3.663,3.2211000000000003
4.835300000000001,3.1456
1.6402,1.5184
3.0623,2.6744
4.3997,3.2181
1.6014,2.5985
3.9577000000000004,4.038900000000001
4.2604,4.295400000000001
2.0904000000000003,1.5397000000000003
4.3651,3.3981000000000003
4.1297,3.4801
2.1006,1.6301
3.6524,2.7543
3.8788000000000005,2.9777
1.5138,1.5753000000000001
3.2199000000000004,2.6732
5.4028,2.7492
1.7448000000000001,1.5622
3.9632,2.6915000000000004
3.7919000000000005,3.0362
1.7189,1.673
3.2164,3.0435000000000003
3.4890000000000003,3.5663
1.6918,1.5151000000000001
3.3716000000000004,2.7512
4.2305,3.1209000000000002
1.5678,1.5696
2.6787,3.4973
4.3574,3.4525
2.1716,1.5282000000000002
3.4110000000000005,2.6964
4.1863,3.4704
1.6137000000000001,1.5003000000000002
3.325,2.6273
4.1124,3.0883
1.4528,1.7461000000000002
3.0081,2.8853000000000004
3.7387,3.6733000000000002
1.7933000000000001,1.6295000000000002
2.7288,2.284
3.9242,3.1169000000000002
1.899,2.2489000000000003
3.3301000000000003,5.3462000000000005
4.4469,3.1628000000000003
1.6091,1.6366000000000003
5.6869,4.4969
4.0261000000000005,3.1627
2.9264,2.6283000000000003
4.520300000000001,4.502
7.153100000000001,5.8595
2.6597,2.8063000000000002
3.5862000000000003,3.0089
4.208200000000001,3.3197
1.9044,1.7459
3.2421,2.7214
4.2764999999999995,3.1378
1.7815,1.6117000000000001
3.1582000000000003,2.7119
4.054600000000001,3.0618000000000003
2.3339000000000003,2.1399
9.3238,3.9033
4.2656,3.4095000000000004
1.7813,1.7289
3.0841000000000003,3.8927
4.0223,4.730300000000001
2.2928,1.5152
3.4647,2.6896000000000004
4.4869,3.144
1.53,1.5289000000000001
3.2081000000000004,2.6798
4.0907,3.2383
1.657,1.4863000000000002
3.3181,2.7001
6.8154,4.660800000000001
2.4543,2.0611
3.2043000000000004,2.9573000000000005
4.136500000000001,3.3359
1.8763,1.7976
3.1923000000000004,3.2078
4.0606,2.9417000000000004
1.9071,1.7438000000000002
3.7098,3.1754000000000002
4.2188,3.7033
1.558,1.9949
3.1169000000000002,3.6171
4.0567,3.0445
1.7738,1.6187
3.3021000000000003,3.8265000000000002
4.151,2.9920000000000004
2.4678,1.4411
4.4844,2.8896
4.1927,3.3501000000000003
2.0513000000000003,1.8016000000000003
3.426,3.1206000000000005
3.8711,2.8111
1.8342,1.9320000000000002
3.3135,3.2173000000000003
3.9558000000000004,3.1883000000000004
2.1355000000000004,1.6149
3.4039,3.2334
3.9554000000000005,2.857
1.7974,1.7454
4.0471,2.7868000000000004
4.5578,3.2097
1.6977000000000002,1.5951000000000002
3.2860000000000005,2.8550000000000004
3.8941000000000003,3.0667000000000004
1.3564,1.6237000000000001
2.7272000000000003,2.5846000000000005
4.1611,3.0724000000000005
1.7572000000000003,1.5879
3.0322,2.6489000000000003
3.6206000000000005,3.0840000000000005
1.693,1.6361
2.9185,2.7814
4.6099,3.3551
1.6338000000000001,2.0492000000000004
3.7224000000000004,2.7255000000000003
4.4606,3.5371
2.1098000000000003,2.8134
4.3180000000000005,2.4945000000000004
4.9686,3.6121
2.9831000000000003,2.7416000000000005
5.1645,4.498600000000001
3.8683000000000005,3.5856000000000003
2.7216,2.5402000000000005
5.9628000000000005,4.5558000000000005
4.5456,6.0672
2.4792,1.6898000000000002
3.4247,2.676
4.373200000000001,3.1009
1.5968,1.4969000000000001
3.1601000000000004,2.7752000000000003
3.9704000000000006,3.2670000000000003
1.5154,1.5469000000000002
4.1028,2.9192000000000005
6.3898,4.712400000000001
1.5267000000000002,1.5803000000000003
2.7909,2.6205
3.5802000000000005,3.1335
1.4559,1.6726
3.1713,3.0688
3.7162,3.3481
1.548,2.0156
3.3159,2.8131000000000004
3.8680000000000003,3.1283000000000003
1.4942,1.5399
3.2386000000000004,2.7087
3.9824000000000006,3.466
2.0252,1.8091000000000002
3.3199,3.004
3.9712,3.2081000000000004
1.6548,1.8231
3.3072000000000004,3.1381
4.2347,3.4125
1.6394,1.6827
3.0665,3.2744000000000004
6.57,5.2347
1.9813,2.1047000000000002
5.3173,3.7872
5.3673,3.3751
1.7031,1.418
3.0422000000000002,3.1502000000000003
5.0360000000000005,5.2743
2.2901000000000002,1.6067000000000002
3.4347000000000003,3.0035000000000003
3.8375000000000004,3.3445
1.5225000000000002,1.4818000000000002
5.656000000000001,5.2595
5.1953,5.4689000000000005
2.7361,2.2295000000000003
5.2642,3.7769
6.8067,3.6759000000000004
2.9829000000000003,2.6767000000000003
2.9453,2.7221
7.250900000000001,4.970700000000001
2.5456000000000003,2.4818000000000002
4.788200000000001,4.1539
4.770600000000001,3.7746000000000004
2.0933,1.9016
4.2545,2.9754
4.1345,3.3044000000000002
1.7827000000000002,1.6804000000000001
4.8071,2.6628000000000003
4.328100000000001,3.8195000000000006
1.8486000000000002,1.6125
3.1809000000000003,2.7048
6.8325000000000005,4.7685
2.488,2.6021
3.3151,3.372
4.057200000000001,3.7689000000000004
1.603,1.5466000000000002
4.541200000000001,2.7072000000000003
4.7905999999999995,3.1526
1.7338000000000002,1.2549
3.3157000000000005,2.2638000000000003
3.5820000000000003,3.0903
1.8496000000000001,1.6623
3.2541,2.3504000000000005
3.7190000000000003,3.0838
1.8881000000000001,1.8857000000000002
3.3183000000000002,2.7848
4.6486,3.7600000000000002
1.3163,1.713
2.8727,2.5598
4.3466,3.0218000000000003
1.5444,1.5562000000000002
2.8449,2.6432
3.6296000000000004,3.0127
1.6395000000000002,1.6249
4.1562,2.6107
3.9149000000000007,3.2077000000000004
1.745,1.5535
3.2247,2.6347
4.0796,3.0534000000000003
1.7721000000000002,1.8939
3.565,2.6911
5.0692,3.1153
1.6917000000000002,1.5478
3.1672000000000002,2.6802
3.9291000000000005,3.5853
1.8083,1.5412000000000001
3.1598,3.0558
3.4866,3.1664000000000003
1.7669000000000001,1.899
3.8336000000000006,3.2651000000000003
4.7563,3.3973000000000004
1.4862,1.6890000000000003
3.5354,3.2104000000000004
3.8986000000000005,3.1015
1.4566000000000001,1.3182
2.8654,2.6567000000000003
3.9126000000000003,3.8680000000000003
1.631,1.5435
3.246,2.6455
3.5367,2.98
1.4349,2.0191000000000003
3.4404000000000003,2.9099
4.2213,3.3343000000000003
1.8862,1.5919
3.2297000000000002,3.1183
4.0437,4.2001
2.1845000000000003,1.5573000000000001
4.5406,2.6983
4.353800000000001,2.9690000000000003
1.7063,1.6384
3.2301,2.8561000000000005
4.0403,3.2672
1.6219000000000001,1.7355
3.4003,2.7027
5.6566,3.1173
1.5243000000000002,1.5216
2.9711000000000003,2.6605000000000003
3.5589000000000004,2.9995
1.6241,2.1204
3.6801000000000004,3.7021
4.9103,3.3827000000000003
1.7547000000000001,1.5491000000000001
2.9164,2.6681
4.035100000000001,3.6169000000000002
1.3861,1.4921000000000002
3.3348,2.5395000000000003
3.7462000000000004,3.2058000000000004
3.0351000000000004,2.3241
3.5286000000000004,3.3510000000000004
4.2626,3.2673000000000005
1.6301,1.6811
3.4674,2.6769000000000003
4.407,3.2215000000000003
1.6849,1.856
3.2888,2.7711
3.992,3.0271
2.3863,2.0299000000000005
3.2296,3.1709000000000005
4.0669,2.9912
1.5399,1.5994000000000002
3.4574000000000003,3.2089000000000003
4.618,3.4361
1.7849000000000002,1.5557
3.2107000000000006,2.7815000000000003
4.1625000000000005,3.0583000000000005
1.5043000000000002,1.612
2.9118,2.9308000000000005
4.0033,3.1398
1.5252,1.5919
3.6559,2.7422000000000004
4.6443,3.5044000000000004
1.7017,1.5669000000000002
5.131800000000001,2.8359
4.0436000000000005,3.5636
1.7560000000000002,1.9178000000000002
3.3146,3.0544000000000002
4.3841,3.3111000000000006
1.6892,1.5692000000000002
3.4468,2.7051000000000003
4.076600000000001,3.0767
1.4579,1.4778
3.1817,2.8171000000000004
4.4495000000000005,3.8919
2.6310000000000002,1.8411
4.5966000000000005,3.0021
4.0956,4.3395
1.7786000000000002,1.679
3.4610000000000003,2.9806000000000004
5.168200000000001,4.1286000000000005
1.8895000000000002,2.3907
3.5558,2.7635000000000005
3.9427000000000003,3.2205000000000004
1.4789,1.4995000000000003
3.1252000000000004,2.6910000000000003
3.8257000000000003,3.0836
1.5856000000000001,1.5462000000000002
3.072,2.6133
4.6794,3.9792000000000005
1.8338,1.5278000000000003
3.5231000000000003,2.1913
4.6012,3.2705
1.8811000000000002,1.6002000000000003
3.1490000000000005,2.6377
4.524400000000001,3.0623
1.8369,1.621
3.1697,2.6555000000000004
4.8947,3.0684
1.6426,1.5569000000000002
3.1379,2.6378
3.6573,3.5999
2.0611,1.8057
3.4739000000000004,2.7025
3.3473,3.3418
1.4671,1.5129000000000001
3.1393000000000004,3.634
3.8239000000000005,4.9198
1.5167000000000002,1.3524
3.4241,2.7032000000000003
4.2381,3.365
1.6224000000000003,1.6082
3.0903,3.2027
3.4288000000000003,3.3809
2.0804,1.2892000000000001
3.242,2.7147
5.1595,3.06
1.5897000000000001,1.5221000000000002
3.0761,2.706
4.2226,3.1239000000000003
1.8326000000000002,2.1901
3.7476000000000003,2.5252
4.5479,3.2142000000000004
1.8101,1.5831
3.2138,2.6083
4.246600000000001,3.3203000000000005
1.5627000000000002,1.5299
2.9841,2.5732000000000004
4.953600000000001,2.8141000000000003
2.2428,1.5589
3.19,2.9277
3.8107,3.7508000000000004
1.6848,1.6545
3.105,4.6996
4.166,3.1387000000000005
1.4852,1.6206
4.344600000000001,2.716
4.488300000000001,3.0495
1.512,1.5481000000000003
2.8724000000000003,2.8392
3.9960999999999998,3.0523
1.5765,1.5558000000000003
2.9769,2.6618000000000004
4.13,3.2724
1.567,1.3417999999999999
3.4879000000000002,3.3755
3.9664,3.0888
1.6847,1.6228000000000002
3.7443000000000004,2.6572
4.1648000000000005,3.1185
1.4701,1.5775000000000001
3.2758000000000003,2.6027000000000005
3.9214,2.9957
1.6447,1.5212
3.1108000000000002,2.8455000000000004
3.744,3.2118
1.6632,1.6467
2.8543000000000003,2.6396
4.5017,4.0814
1.6636000000000002,1.5813000000000001
2.8452,2.5422000000000002
3.7831,3.0263
1.5963,1.5546000000000002
2.8441,3.8906
4.0123,3.3225000000000002
2.0564000000000004,1.4926000000000001
4.0041,3.1118
4.3642,3.4958000000000005
1.5277,2.6162
4.421600000000001,2.8607000000000005
4.1088000000000005,3.392
3.0024,2.4897
3.4049,3.3955
6.0276000000000005,3.5378000000000003
1.5651,2.3037
3.5353000000000003,2.6917
4.7886999999999995,3.1219000000000006
1.7043000000000001,1.5848000000000002
3.3709000000000002,2.8336000000000006
3.9490000000000003,3.2023000000000006
1.6809,1.5588000000000002
3.2804,3.4034
4.0223,3.3157000000000005
1.5349000000000002,1.9720000000000002
3.6967000000000003,2.6218
4.4714,3.0255
1.5383,1.4979000000000002
3.1644000000000005,3.6548000000000003
4.4358,3.0134000000000003
1.6511000000000002,1.5725
3.3313,3.3476
6.1161,3.5946000000000002
1.3704,1.5959
2.8419,2.5682
4.147,3.1949
1.8078,1.8716000000000002
3.0329,2.8593
4.2209,3.2724
1.6384,1.7398
3.0474,2.5644
4.6382,3.1691000000000003
1.373,1.5026
3.1659,2.7959
3.6871,3.0996
2.2669,1.1378
3.2264000000000004,2.6675
4.099800000000001,3.1196
1.9101000000000001,2.5405
3.0835000000000004,2.6184000000000003
5.405,3.1506000000000003
1.2797,1.464
3.2066,2.6460000000000004
4.8215,3.1510000000000002
1.6004,1.6228000000000002
5.08,2.7363
3.7619000000000002,3.6339
2.5250000000000004,1.5852000000000002
2.9724,2.7066
4.114700000000001,3.4022
1.9281000000000001,1.8184000000000002
3.2346000000000004,2.6945
3.9308,3.0705000000000005
1.7227000000000001,1.5771000000000002
3.0755,2.6889000000000003
3.6794000000000002,3.0174000000000003
1.6292000000000002,1.5491000000000001
3.3932,3.6009
3.6536000000000004,3.6347
1.6988,1.8852
3.2484,2.6583
4.5158000000000005,3.1559
1.5963,1.5945
3.3334,3.3443
6.0135000000000005,3.3928000000000003
2.3207,2.8038000000000003
5.714300000000001,4.936800000000001
6.986800000000001,5.658600000000001
3.0658,2.8767000000000005
4.1227,2.9419000000000004
6.8357,4.803
3.4063000000000003,2.8431
3.6357000000000004,3.0807
4.835800000000001,5.1979
2.9633000000000003,2.7372
4.9109,4.3516
5.0656,3.8547000000000002
1.8181,2.1763
4.344,3.2317
4.732200000000001,3.1383
1.7566000000000002,1.6088
2.8127,2.6435
4.4976,3.2266
1.8058000000000003,1.716
4.208200000000001,3.3174
4.4706,3.5607
2.0573,1.919
2.9881,3.1177
4.6409,3.6886
2.1031,1.7375
3.5073000000000003,3.2414
4.6766000000000005,3.7866000000000004
0.5322,2.2243000000000004
4.0453,2.9339
4.2559,3.1321
1.4511,1.5891000000000002
3.1025,2.7094000000000005
3.8328,5.054600000000001
1.8137,2.0946000000000002
3.2994,3.3341
4.699,3.7112000000000003
1.9412,1.7463000000000002
3.6254000000000004,3.2517
4.4103,3.1759
1.6360000000000001,2.7794
3.8509,4.7762
6.236400000000001,4.6781
2.8390000000000004,2.4502
4.7017999999999995,3.9196999999999997
5.6226,4.5002
1.6494,1.6732
3.4798000000000004,3.7729
4.4397,3.4405000000000006
1.8922,1.7794000000000003
3.5067000000000004,2.7865
3.6947000000000005,3.5637000000000003
1.6047000000000002,1.5077
3.2328,2.6753000000000005
4.2936,3.3746
1.6284,1.6569
3.1419,3.6948000000000003
4.6708,3.5276
2.1117000000000004,1.7293
3.3048,3.0346
4.2311000000000005,3.1723000000000003
2.6074,1.7317
3.2641000000000004,3.523
23.6258,3.3413000000000004
169.0854,124.40630000000002
19.518800000000002,4.5575
7.703400000000001,36.984
1.7619,3.6815
7.4073,52.75390000000001
6.4976,7.8837
3.1785000000000005,3.4497000000000004
6.8262,6.598000000000001
7.828200000000001,6.2330000000000005
3.2122,2.9078000000000004
5.375700000000001,4.8939
7.918900000000002,5.3848
3.1352,3.5456000000000003
7.1468,5.9609000000000005
7.6328000000000005,6.2467
2.2313000000000005,2.2059
5.7234,6.1702
5.0737000000000005,5.7404
2.0762,2.5540000000000003
5.0368,4.7127
4.0412,3.1658000000000004
2.9169,2.5951000000000004
5.724200000000001,4.7156
7.3753,5.2058
1.4424000000000001,1.5886000000000002
5.658200000000001,4.6765
6.2532000000000005,3.1724
2.8150000000000004,2.4803
5.4246,4.1927
4.5052,5.2658000000000005
1.7669000000000001,1.6683000000000001
5.5468,4.5806000000000004
7.2453,5.6997
1.7253,2.7782
3.0288000000000004,4.3956
6.420400000000001,3.1721000000000004
2.9343000000000004,2.4023
5.4938,4.8791
6.872700000000001,6.835000000000001
2.615,2.5766
4.882,4.6594
7.0238000000000005,5.7514
2.0565,2.6424
5.824400000000001,5.112500000000001
5.8809000000000005,5.5677
2.9055,2.746
3.4408000000000003,4.874300000000001
6.5562000000000005,6.133700000000001
2.9365,3.7679
3.1233000000000004,2.7196
4.8555,5.237100000000001
1.5325,1.5403
3.363,2.7415
6.199700000000001,5.5421000000000005
2.9477,2.6062000000000003
3.5148,4.5859000000000005
5.626,5.3154
1.9572999999999998,2.2623
3.0815,2.6398
4.3881000000000006,3.5813
2.3521,1.6416
6.0468,4.7164
6.924100000000001,5.6796
1.8389,1.9783000000000002
4.175,2.8567
4.1053,3.1251
1.8314000000000001,1.6632
3.1777,2.553
3.7630000000000003,3.1721000000000004
1.4866,1.5442000000000002
3.4082,2.6029
3.8933,2.932
2.2827,1.5461
3.4438000000000004,2.6527
4.3441,2.9933000000000005
1.6549000000000003,1.5516
3.232,2.6907
3.6579000000000006,3.0088000000000004
1.5228000000000002,1.4736
4.7208000000000006,3.0156
3.8953,3.1121
1.4404000000000001,1.5270000000000001
4.688000000000001,2.7544
4.6973,4.025200000000001
1.7180000000000002,2.2219
3.1713,2.9933000000000005
4.7288,3.1943
1.9715000000000003,1.8316000000000001
3.4456,2.8571
4.6165,3.2564
1.8078,1.5476
3.0852000000000004,2.6268000000000002
4.0539,3.0574
1.4582,1.4905000000000002
3.5373,3.0895
6.932600000000001,5.3566
2.7246,2.6124
5.91,2.7506000000000004
5.9299,5.5795
1.6825,2.2274
4.7538,3.2270000000000003
6.968100000000001,4.4928
1.2338000000000002,2.1377
4.2365,4.5373
5.6819,3.1382000000000003
2.4367,2.5106
5.6574,4.6427000000000005
7.0295000000000005,5.3627
2.6648,2.4786
5.944500000000001,4.561599999999999
4.0757,3.0287
1.5427000000000002,1.8946000000000003
4.1047,3.5903
6.384900000000001,3.0208
2.9863000000000004,2.5387
4.8071,4.7778
5.0338,2.9690000000000003
1.9899000000000002,1.9304000000000001
3.5626,2.8954000000000004
6.860200000000001,3.5556000000000005
2.7249000000000003,2.5121
3.8227,2.9735
3.9320000000000004,3.4394
1.9519000000000002,1.7777
3.5454000000000003,2.6924
4.196,3.0701
1.7893000000000001,1.7426000000000001
3.356,2.8055000000000003
3.9721,3.3761000000000005
1.9060000000000001,1.6345
3.3091,2.7941000000000003
4.6219,3.4355
1.5536,1.2983
3.5438,2.8682
3.8171000000000004,3.3735000000000004
1.566,2.4387000000000003
4.168500000000001,3.4582
4.9858,3.4768000000000003
1.7454,1.5662
3.2159000000000004,2.6284000000000005
3.8582000000000005,3.1710000000000003
1.4708,1.4025
2.6527,2.478
4.1593,3.1025
1.7747000000000002,2.3529000000000004
4.3568,2.8662
5.3125,3.9287
2.58,2.2623
5.7540000000000004,5.4019
3.9951000000000008,3.4648
1.7041,1.7699
3.4036,2.6327
4.4990000000000006,3.2253000000000003
1.9245000000000003,1.7913000000000001
3.3086,2.8030000000000004
4.873200000000001,3.9035
1.8328000000000002,1.706
2.7931000000000004,2.8171000000000004
4.4293000000000005,3.0063000000000004
1.1537000000000002,1.6276000000000002
3.1054000000000004,2.696
4.7091,3.4891
1.8162,1.8129000000000002
3.0099000000000005,2.6293
3.7731000000000003,3.0297
1.4951,1.6038000000000001
4.9594000000000005,2.7298
3.6597,3.7453
1.4931,1.4989000000000001
2.9639,2.6698
3.9984,3.1005000000000003
1.9719,1.7634
3.2616000000000005,3.6963
4.3825,3.9724
2.0458,1.5225000000000002
3.0332000000000003,2.6367000000000003
3.6814,3.0599000000000003
2.3045,1.8478
3.4526000000000003,2.6421
4.354,3.2735000000000003
1.4651,1.5353
3.2074,2.8861000000000003
4.3379,3.3671
1.6909,1.7027
3.4902,2.7311
3.8154,3.0582000000000003
1.4962,1.5909000000000002
3.2700000000000005,3.6358
5.5227,3.7132
1.9311,1.9453
4.572900000000001,3.0209
4.722600000000001,4.289700000000001
1.9182000000000001,1.8410000000000002
4.2166,3.5916000000000006
7.049100000000001,5.0341000000000005
2.1708000000000003,1.7930000000000001
4.3961,3.7416000000000005
6.5626,3.5163
2.8578,2.5773
4.182200000000001,3.2714000000000003
4.6527,3.3280000000000003
1.9707000000000001,1.8723
3.454,2.8994000000000004
3.8213,3.7541
2.3418,1.7797
4.183400000000001,2.9168000000000003
4.4945,4.0416
1.5499,1.5917000000000001
3.8246,2.6735
4.206600000000001,3.3291000000000004
1.6676000000000002,1.669
4.4319,3.7507
4.0819,3.5657
1.8647000000000002,1.6196000000000002
3.886,2.9441
4.401400000000001,3.3729000000000005
2.2395,1.7540000000000002
3.4149000000000003,2.9873
4.9129000000000005,3.1971
1.753,1.8548000000000002
3.5482,3.0067000000000004
4.5705,3.5229000000000004
1.5167000000000002,1.6073000000000002
3.4808,2.6946000000000003
3.4559,3.0445
1.8312000000000002,2.3129
2.9607,2.8312000000000004
4.369700000000001,3.4309000000000003
2.3799,1.7198
3.8764000000000003,2.5925000000000002
4.0149,3.4645
2.1421,1.1753
5.016400000000001,3.2522
3.9369,3.6693000000000002
1.0624,1.9514
2.782,2.6161000000000003
4.4009,3.7023000000000006
2.1130000000000004,1.5382000000000002
3.7735000000000003,2.7197000000000005
5.306800000000001,3.1956
1.3518000000000001,1.4937000000000002
3.0802000000000005,2.873
5.5724,3.2187
1.794,1.7317
3.3098000000000005,2.8136
4.0501000000000005,3.1647000000000003
1.5844,1.6543
2.9254000000000002,2.9064000000000005
3.8377000000000003,3.3502
1.5881,1.6551
4.048400000000001,3.4958000000000005
3.9836000000000005,3.0694000000000004
1.4675,1.6421000000000001
3.4009,2.6866000000000003
4.4549,3.0337000000000005
1.419,1.4860000000000002
3.0809,2.6561000000000003
3.9113,3.099
1.4725000000000001,1.5029000000000001
2.9449000000000005,2.4293
5.3786000000000005,3.5004000000000004
1.5569000000000002,3.1307
2.9393000000000002,3.0531
5.182,3.1414000000000004
1.669,1.6877000000000002
3.5551000000000004,3.1048
4.2762,3.2988
1.7577,1.2998
3.3869000000000002,2.9572000000000003
4.327,3.1075
2.2692,1.9619
3.1706,3.495
4.0917,3.0702000000000003
1.8809,1.7963
14.897300000000001,2.8714
5.5382,5.181000000000001
1.4045,1.714
2.8337000000000003,3.0866000000000002
4.780100000000001,3.4011
1.8855,1.7553
3.8387000000000002,3.0744000000000002
3.7966,3.4173000000000004
1.7785000000000002,1.7865000000000002
3.6573,3.0872
5.0305,3.4429
1.5808,1.6575000000000002
3.7008,2.9129000000000005
4.4946,4.3078
1.6840000000000002,1.6339000000000001
4.0771,2.9667
4.308800000000001,3.7429000000000006
2.1543,1.7218000000000002
3.4794,2.9161
4.0517,3.202
2.044,1.6610000000000003
3.4204,2.8403
4.0361,3.3107
1.8097,1.6901000000000002
3.5931,31.160300000000003
5.4085,3.7540000000000004
2.0082,1.5862
3.5249,3.1448
3.8991000000000002,3.3465000000000003
1.6738,1.3533
3.2171000000000003,2.9365
4.2439,3.6673
1.9247,1.52
4.610600000000001,3.0387
4.6646,3.6114
1.7564000000000002,1.7076
3.5243,2.9064000000000005
4.5008,3.2424000000000004
1.6173000000000002,1.5788
3.3393,3.0081
3.0802000000000005,3.0246
1.8339,1.7363000000000002
2.978,2.6351
4.416300000000001,3.0491
1.5021000000000002,1.5279
3.3937000000000004,3.3457
3.5362,3.3161
2.0369,1.7217
3.2458,2.5922
4.4774,4.2223
1.7649,1.5378000000000003
3.8904000000000005,4.1399
5.144800000000001,3.1335
1.5152,1.5790000000000002
3.0821000000000005,2.8617
4.922000000000001,3.8094
1.4814,1.7133
2.8254,2.6895000000000002
5.4444,3.2302000000000004
1.344,1.6135000000000002
3.2275000000000005,3.1017
4.3021,3.6551
1.7315000000000003,1.7293
3.2106,1.9675
4.4064000000000005,3.4511000000000003
1.9435000000000002,2.0456000000000003
3.5036000000000005,2.9437
4.5103,3.0373
1.6166000000000003,1.4832
3.1876,2.6754000000000002
4.012,4.682
1.7585000000000002,1.6061
3.0625,2.5834
3.7225,3.0087
1.4123,1.4924000000000002
3.7513000000000005,2.5715
3.5640000000000005,3.1553
1.4807000000000001,1.5198000000000003
3.0672000000000006,2.6539
3.9217000000000004,3.7519000000000005
1.7233,1.5853
2.9571,2.6747000000000005
4.0464,3.8027000000000006
1.415,1.5051
3.5118,2.6843000000000004
3.5246,3.0643000000000002
1.7036000000000002,1.6112000000000002
3.5156,2.5238
3.7675000000000005,2.6938
2.3182000000000005,1.6031000000000002
3.2700000000000005,2.5995000000000004
4.2668,3.0129
1.6717000000000002,1.5972
3.4401,2.6684
4.1564000000000005,3.2159000000000004
1.5962,1.5231000000000001
3.1184000000000003,3.5401
3.7517,3.5833000000000004
2.3192,1.5202000000000002
3.0848000000000004,2.5846000000000005
4.2816,3.145
1.4839,1.5049
3.3046,2.8377000000000003
3.6095,3.02
1.4403000000000001,2.1064
5.0442,2.7147
3.6846,3.0234
2.2917,1.6012000000000002
3.2001,2.614
4.1194999999999995,3.1438
1.6996000000000002,1.5631
3.3786,2.6803
3.7371000000000003,3.0305000000000004
1.4215,1.4811
3.4493,2.7432000000000003
4.4097,3.1376000000000004
1.6398000000000001,1.4891
3.0786000000000002,2.7978
4.346500000000001,3.2121000000000004
1.6317,1.5494
2.9959000000000002,2.6212
3.6843000000000004,3.0119000000000002
1.7289,1.9405000000000001
3.4709000000000003,3.4622
3.7338,3.8346
1.7067,1.5301000000000002
3.0108,2.6531000000000002
3.6145,3.088
1.4020000000000001,1.4724
3.0166000000000004,2.2070000000000003
4.133900000000001,4.0268999999999995
1.5889,1.2296000000000002
2.9081,3.551
4.706500000000001,3.5187
2.2577000000000003,1.7477
4.351000000000001,2.8499000000000003
4.8763000000000005,3.3318000000000003
1.8423,1.5812000000000002
3.3022000000000005,4.595
4.405200000000001,3.5605
1.8581,1.6583
3.0038,2.6490000000000005
3.9099,3.1006
1.7080000000000002,1.6209000000000002
3.2847000000000004,3.1111000000000004
3.6613,2.7208
1.554,1.8585
3.3003000000000005,2.5751000000000004
4.0639,2.9027000000000003
1.6868,2.0998
3.6742000000000004,2.6737
3.8523000000000005,3.2801
1.4821,2.1575
3.0737000000000005,2.6978
3.9088000000000003,3.0752
1.5583,1.5688000000000002
3.634,2.6972000000000005
4.3632,3.2148000000000003
1.6485,1.6039
3.1559,2.9815
4.9118,3.6251
1.5718,1.9604000000000001
3.1111000000000004,2.6083
4.2455,3.2681000000000004
1.7499000000000002,1.5837
3.4155,2.8898
5.272200000000001,3.1023
1.6061,1.6185
3.208,2.3221000000000003
4.2358,2.8216
1.5406,1.6593
3.837,2.7823
3.5924000000000005,3.0268
1.3975000000000002,1.8522
3.8065,3.5526000000000004
4.0016,3.1104000000000003
2.1981,1.6009000000000002
3.5708,2.7504
4.4532,3.5866000000000002
1.9009,1.5826000000000002
3.1145,3.7071
4.8912,2.9782
1.4629,1.3647000000000002
3.0461000000000005,2.6177
3.7640000000000002,3.0558
1.5294,1.5711000000000002
3.0241000000000002,2.7445
4.0153,3.1709000000000005
2.174,1.552
3.0529,2.6192
4.3542,3.2317
1.5226,1.5093
3.1365000000000003,2.6815
4.9108,3.4475000000000002
1.53,1.4832
3.1296000000000004,2.6488
3.7275000000000005,3.0085
1.521,1.5827
3.0321000000000002,2.8912
3.5161000000000002,3.3135
1.6583,1.5788
3.5551000000000004,2.7577000000000003
3.8253000000000004,3.0714
1.5304000000000002,1.4498
3.4521,2.5138000000000003
3.9359,3.0362
1.6999,1.6697000000000002
3.5269000000000004,2.7696
3.8484000000000003,3.0392
1.6021,1.5807000000000002
2.9666,2.7566
3.9559,3.6762
1.4818000000000002,1.5493000000000001
2.6372999999999998,2.5209
4.7453,3.1558
1.5349000000000002,1.5203
3.2462000000000004,2.9655000000000005
3.8522,2.6380000000000003
1.6015000000000001,1.4817
3.0617,2.5700000000000003
4.144500000000001,3.1222000000000003
1.5607000000000002,1.5036
3.4209,2.7103
3.9273,3.0658
1.7395000000000003,1.8030000000000002
3.0380000000000003,2.866
5.321400000000001,2.5557000000000003
1.5684000000000002,1.7929
3.3710000000000004,2.614
4.6965,3.1522000000000006
1.6302,1.3183
3.5411,2.6098000000000003
3.2676000000000003,3.6882000000000006
1.4405000000000001,1.3110000000000002
2.8003000000000005,2.4967
4.4381,3.0803000000000003
1.5826000000000002,1.4937000000000002
3.8088,2.6427
3.9742000000000006,3.6670000000000003
2.7212,1.5395
5.516,3.4043
4.203200000000001,3.6206000000000005
1.5761000000000003,1.5079000000000002
2.7307,2.7618
4.0442,3.1696000000000004
1.7218000000000002,1.6189000000000002
2.9949,2.1441000000000003
3.8696000000000006,3.1731000000000003
1.5729000000000002,1.7115
3.1220000000000003,2.6773000000000002
3.5546,2.9890000000000003
1.5673000000000001,1.5589
3.3344000000000005,2.4703000000000004
3.8553,2.9908
1.5685,1.0919
3.1926,3.4256
4.361400000000001,3.3972
1.7423,1.8568
3.6868,2.6938
3.8955,3.2405000000000004
1.6169,1.5764000000000002
3.1909,2.6396
3.6475,3.0095
1.7606000000000002,1.5845000000000002
2.9133,2.6797
3.9446000000000003,3.1651000000000002
1.6333,1.5559
3.9604000000000004,2.7197000000000005
3.9423000000000004,3.0152
1.7255,1.2617
2.8885,2.6222000000000003
4.483200000000001,3.1736000000000004
1.6975,1.6095
3.2355,3.2005000000000003
3.955,4.5936
2.039,1.5299
2.9689,2.6196
4.5917,3.2520000000000002
1.6883,1.5465000000000002
3.2628000000000004,2.6834000000000002
3.7279,3.0868
1.4322,1.4347
3.2442,2.6573
3.4364,3.2039000000000004
1.8526,1.5868000000000002
3.0483000000000002,2.6575
4.0638000000000005,3.1625000000000005
1.5807000000000002,1.3230000000000002
3.2122,2.7061
4.048100000000001,3.1306000000000003
1.5523000000000002,2.2919
3.6069,2.4522000000000004
4.0034,2.9927
1.8296000000000001,1.6260000000000001
3.4712,2.7671
3.8198000000000003,3.0372000000000003
1.6417000000000002,1.5966
3.2748,2.6981
4.0619000000000005,3.1307
1.8519,1.1571
4.1804,2.6616
4.0724,3.357
1.7326000000000001,1.5790000000000002
3.0272,2.6523000000000003
4.1457999999999995,3.1109
1.5686,1.5479
3.4565000000000006,3.4216
4.0161,3.0746
1.4746000000000001,2.0967
3.5440000000000005,2.6843000000000004
3.9747000000000003,3.3871
1.6429,1.5917000000000001
2.9087,2.5557000000000003
4.0651,3.2113000000000005
1.659,1.5714000000000001
3.2407,2.7799
3.9370000000000003,3.0736000000000003
1.7619,1.6403
3.4744,2.6561000000000003
3.8887,3.7892000000000006
1.5823,2.6625000000000005
2.9119,2.5539
3.9308,3.069
1.7416,1.5973000000000002
3.4697,2.7270000000000003
3.8869000000000002,3.2459000000000002
1.5764000000000002,1.5128000000000001
3.6046000000000005,2.6611
4.2065,3.7788
1.3811000000000002,1.4747000000000001
2.9383,2.6147
4.1861,3.2161000000000004
1.6099,1.5248000000000002
2.9787000000000003,2.6306000000000003
3.7445000000000004,3.0692000000000004
1.7219000000000002,1.5548
3.7636000000000003,2.7031000000000005
4.0256,4.573900000000001
2.2388,1.5516
3.1262,2.6903
4.1882,3.1476000000000006
1.6426,1.5743
3.1223,2.6146000000000003
3.8837,3.1551
1.2868,2.0753
4.221500000000001,2.6513
4.6777,3.6382000000000003
1.6472000000000002,1.5543
3.2800000000000002,2.6331
6.6165,3.0368
2.0040999999999998,1.8007000000000002
2.766,2.7875
3.9268,3.3932
1.2206000000000001,1.0981
2.7697000000000003,3.1845000000000003
4.58,2.8801
1.2579000000000002,1.6633000000000002
3.0415000000000005,3.0663
4.115,3.5193000000000003
1.6245,1.6387
3.1357000000000004,3.1829
4.7597000000000005,3.2275000000000005
2.3876,1.4991
4.2527,2.9616
2.9878,3.9577000000000004
1.6296000000000002,1.4279000000000002
2.9825000000000004,3.3046
3.5401,2.9686
1.9122000000000001,1.596
3.2367000000000004,3.5252
5.335,3.3175000000000003
1.1248,1.4406
4.621,2.6835
3.7839,3.6086000000000005
1.8419,1.2066000000000001
2.9442,3.6144000000000003
4.1923,2.6947
1.6629,1.8864
2.9137,2.4938
5.3383,3.356
1.7156,1.3124
2.7422000000000004,2.9177
3.9085000000000005,4.0011
1.6959000000000002,1.6008
2.8311,2.2153000000000005
4.747000000000001,3.2469
1.9227,1.3626
3.1153,3.2387
3.614,3.1157000000000004
1.2556000000000003,1.5394
3.6459,2.6846
4.3825,4.292800000000001
1.5090000000000001,1.5217000000000003
3.3727,2.8743000000000003
4.211600000000001,3.7467000000000006
2.1153999999999997,1.5364
3.3313,2.6802
3.5196000000000005,2.9386
1.6473000000000002,1.5363
3.4033,2.7859
3.6169000000000002,3.1693000000000002
1.7839000000000003,1.4992
2.9939000000000004,2.6069
3.7520000000000002,3.1366
1.4872,1.5038
3.6302000000000003,3.9648
4.9987,2.9116000000000004
2.9063000000000003,2.5503
2.9520000000000004,3.0131
3.1825,3.2665
1.6252,1.7594
3.3442000000000003,2.174
4.308,2.9897
2.2377,1.6916000000000002
3.3582000000000005,2.5577
4.332600000000001,4.1636
2.083,1.8013000000000001
3.3485000000000005,2.8978
5.9198,3.068
1.9690000000000003,1.8838000000000001
3.6884,2.9344
4.815900000000001,3.3238
1.4417000000000002,1.8139
3.089,2.6827
3.7017,3.0603000000000002
1.3591,1.5802
2.7928,2.2165000000000004
3.7920000000000003,3.1624000000000003
2.1771,1.8617000000000001
4.0279,2.8122000000000003
4.1058,2.5094000000000003
1.8101,1.5721
3.1519,2.4684000000000004
4.6256,3.3052
1.3327,1.6307
3.2017,2.6599000000000004
4.0295000000000005,3.6325000000000003
1.4508,1.6380000000000001
3.0256000000000003,2.9439
5.291,3.4395000000000002
1.415,1.7328000000000001
3.7257000000000002,3.0016000000000003
4.2231000000000005,3.8017000000000003
2.9007,1.2941
3.2965000000000004,2.8465000000000003
4.8883,3.7126000000000006
2.7990000000000004,1.5032
3.536,2.7006
5.568900000000001,4.3907
1.4795,1.9131
3.5062,2.9215
4.6038,3.5069000000000004
1.9193,1.8507
3.9960000000000004,3.0245
4.8245000000000005,3.5893
1.9339000000000002,1.7351
2.9599,2.8858
3.7863,3.3633
2.2343,1.9125
3.3817,2.6527
4.2848,3.3567
1.8658000000000001,1.7316
3.3083,3.1064
4.7115,3.5095
2.2242,1.8082
3.7951,2.9975
3.9257,3.406
1.4455000000000002,1.6917000000000002
3.5167,2.9758000000000004
5.4298,3.3668
2.6513,1.9021000000000001
3.5926,2.7513000000000005
3.941,3.0611
1.4576,1.5642000000000003
3.0825,2.5226
3.8477,2.5049
1.7970000000000002,2.0081
4.4123,2.697
4.6904,5.308400000000001
1.7289,1.5966
4.2171,2.7283000000000004
3.9778000000000002,5.050000000000001
1.7527000000000001,1.6268
3.1198,2.7879000000000005
4.7374,3.0852000000000004
1.8082,1.1406
3.1072,2.9036
3.531,3.1089
1.7209,1.6609
3.2658,2.6413
4.0228,3.1241000000000003
1.4344000000000001,2.1509000000000005
3.2509,3.2628000000000004
4.897,5.0495
1.3016,2.0967
3.0697,2.645
3.5132000000000003,2.8721
2.0694000000000004,1.9157000000000002
3.2174,2.7888
4.641800000000001,3.5588000000000006
1.8201,1.8022
3.0308,2.7790000000000004
4.1706,3.1003000000000003
2.1238,1.8825
3.1292000000000004,2.7297000000000002
5.5832,3.825
1.2168,1.9108
4.0174,2.3598
4.1764,3.0169
2.1087000000000002,2.4649000000000005
3.2877,3.4209
4.8764,3.0363
1.4051,1.4327
3.7428,2.8427000000000002
4.739800000000001,4.987100000000001
2.1661,1.7879
3.8867000000000003,3.1919
4.1779,3.4342
1.8447,1.6974000000000002
3.2382,3.1006
4.0686,3.605
1.6323,1.2422000000000002
3.6601000000000004,2.641
4.2399000000000004,4.117500000000001
1.7751000000000001,1.4808
3.3870000000000005,2.6322000000000005
3.6242,3.6040000000000005
2.1176000000000004,1.9687000000000003
3.5633000000000004,3.0436
4.2427,4.1378
1.3661,1.4782
3.2734,2.6838
3.8960000000000004,3.0891
1.7059000000000002,1.5207
3.0162,2.7341
5.6511000000000005,4.0276000000000005
1.9513000000000003,1.6543
3.2213000000000003,2.6429
3.6000000000000005,3.8152000000000004
1.7055000000000002,1.5673000000000001
3.2241,2.6781
3.8695,2.8944
1.7782000000000002,1.5431000000000001
3.0007,2.6805000000000003
4.1876999999999995,4.1395
2.0328,1.9235
3.8092000000000006,2.719
3.6423,2.8111
1.5833000000000002,1.6243
2.0898000000000003,5.0974
4.072,3.5416000000000003
2.1221,1.8716000000000002
3.1345,2.6677000000000004
5.115600000000001,3.2419000000000002
2.2912000000000003,1.6973
3.0427,2.6254
3.9798000000000004,3.0621000000000005
1.4231,1.7313
3.1330000000000005,2.6973000000000003
3.7322,2.9916
1.6153,1.5463
3.5409,3.6414000000000004
3.8100000000000005,3.0842
2.0787,1.5989000000000002
2.975,2.5706
4.2278,3.0145000000000004
1.5421,1.4835
2.69,2.605
3.7224000000000004,3.1796
1.7123000000000002,1.5526000000000002
3.095,2.6103000000000005
4.2041,3.6142000000000003
1.9561000000000002,1.5758
3.4292000000000002,2.6583
3.7677,3.1287000000000003
1.7739,1.5365000000000002
2.9619000000000004,2.5753
4.2441,3.1098000000000003
1.5142,1.2321
3.2483000000000004,2.5972
4.121,3.0983
1.7285,1.5605
2.8373,2.6104000000000003
4.3566,3.1566
1.5757,1.6442
3.3443,2.7642
4.1381000000000006,3.1549000000000005
1.5333,1.5793000000000001
4.3858999999999995,2.6223
3.7363,3.8397
1.5878,1.5096
3.9128000000000003,3.8827000000000003
4.1087,3.0917000000000003
1.5158,1.5198000000000003
3.1342000000000003,2.6626000000000003
4.0528,3.0460000000000003
1.5588000000000002,1.4996
2.9715000000000003,2.8148
3.6194,4.0578
1.6082,1.5399
2.8160000000000003,2.6078
4.532100000000001,3.2003
2.1793000000000005,1.6452
3.9316000000000004,3.0541
4.0564,3.0879000000000003
1.5319,1.7733
3.6476000000000006,2.6664000000000003
4.3045,3.0653000000000006
1.6055000000000001,1.5479
3.0959000000000003,2.6608
4.1087,3.0649
1.5423000000000002,1.5037000000000003
3.2126000000000006,2.7642
3.8262,2.8175000000000003
2.0686000000000004,1.5283
4.2363,2.5932000000000004
4.840300000000001,3.935
2.059,1.1685
2.49,2.4489
5.8691,2.6060000000000003
2.0807,1.8653000000000002
3.8635,3.1778
3.8556000000000004,3.4661
2.1254,1.8280000000000003
3.2981,2.9542
3.6545,2.3569000000000004
2.0402000000000005,1.6947
3.0112000000000005,2.7072000000000003
4.476,3.21
1.6186000000000003,1.7685000000000002
3.5501,2.9577
3.921,3.3810000000000002
1.6354000000000002,1.5265
3.0684,2.9689
3.5073000000000003,3.0825
1.5967000000000002,1.7997000000000003
3.0250000000000004,2.6692
3.992600000000001,3.1252000000000004
1.7561,1.8200000000000003
3.3866,2.6713
4.257300000000001,3.5931
1.619,1.5908
3.0951000000000004,2.6617
4.4837,3.0994
1.4706000000000001,1.3062
4.1612,2.8585000000000003
3.9640999999999997,3.0059
1.564,1.1313
3.4897,2.5721000000000003
4.4225,3.1594
1.6661,1.4055
3.2024000000000004,3.4174
4.3891,3.6554
1.4146,1.6878000000000002
5.910400000000001,3.4330000000000003
4.1065,2.8815000000000004
1.8821,1.7242000000000002
3.2982000000000005,2.8987000000000003
3.6375,3.1154
2.5439,1.1862000000000001
4.7339,2.6195000000000004
5.0746,3.0708
1.9416000000000002,1.873
3.5115000000000003,3.0388
4.6089,3.4229000000000003
1.6428,1.7651000000000001
3.6953000000000005,2.9782
4.3085,3.5093000000000005
1.5482,1.8587
3.8267,2.6809000000000003
3.9129000000000005,3.4569
1.6123,1.6879000000000002
3.4576000000000002,2.5342000000000002
3.8217000000000003,3.7083000000000004
2.0828,1.6001
2.6896000000000004,2.4905
4.5612,3.0978000000000003
1.7511,1.5531000000000001
3.3579,2.673
3.8183000000000002,3.0385000000000004
1.5942,1.5558000000000003
3.9239,2.6737
4.3176000000000005,4.5013000000000005
1.4182000000000001,1.4093
2.9810000000000003,2.9685
3.7934,3.7214
1.4114000000000002,1.8778000000000001
4.4817,3.1239000000000003
4.492900000000001,3.0116
1.8365,1.6279000000000001
3.2122,2.7917
3.6613,3.0772
1.5668000000000002,1.5485000000000002
3.5983,3.4902
3.9267,3.1980000000000004
1.5527000000000002,1.5278000000000003
3.0068,2.9070000000000005
4.499700000000001,3.5524000000000004
1.5094,1.5163000000000002
3.1467,2.2803000000000004
3.6276,3.4698
1.6353000000000002,1.5213
3.1186,2.6459
3.9144,3.0154
1.5526000000000002,1.5006000000000002
2.941,2.9019000000000004
5.6711,3.3865000000000003
1.8656,1.5107
3.3480000000000003,2.6253
4.2994,3.0930000000000004
1.6139000000000001,1.5356
3.354,2.644
3.529,3.6623
2.3965,1.5083000000000002
3.0111,2.6293
4.3625,2.9372000000000003
1.7432,1.6535
2.558,2.8917
4.8079,3.4141000000000004
1.6387,1.5140000000000002
3.4408000000000003,2.8073
4.7873,3.3505000000000003
1.6799,1.6843000000000001
4.2915,2.7183
4.23,3.367
1.4796000000000002,1.6771000000000003
3.4472,2.6962
3.8961000000000006,3.0344
1.5976,1.5738000000000003
3.2584000000000004,3.4097000000000004
4.5024,5.1259
2.6419,2.4574000000000003
4.2255,3.8421000000000003
18.447400000000002,5.8311
2.3836,1.2932
3.7776000000000005,3.0017000000000005
6.5799,5.0600000000000005
4.548,2.3722000000000003
3.4563,3.4707000000000003
6.1006,4.4743
1.4031,1.3306000000000002
5.2997,4.007000000000001
6.5277,4.4537
1.8519,1.6692
2.6299,2.6835999999999998
4.1455,3.3925
1.6687,1.7595000000000003
3.4107,2.8973000000000004
4.176500000000001,3.0202000000000004
1.8932,2.3639
3.1439000000000004,4.5417000000000005
4.1698,3.2817000000000003
1.7509000000000001,1.6431000000000002
3.298,3.1466000000000003
4.0632,2.8510000000000004
1.6012000000000002,1.6338000000000001
3.5793,2.5721000000000003
4.5947000000000005,3.7904
1.7132,1.5365000000000002
3.2338,2.7704
4.6484000000000005,3.1087000000000002
1.6484,1.5603000000000002
3.2394000000000003,2.7063
4.1024,3.0831
1.7577,2.1591
3.0126000000000004,2.6888000000000005
3.5853,3.0730000000000004
1.7303000000000002,1.7011
3.4519,2.6098000000000003
4.0643,3.0128000000000004
1.7635,1.6372000000000002
3.1116000000000006,2.7774
4.1301000000000005,3.2056000000000004
1.6106,1.5646000000000002
3.2512000000000003,2.8480000000000003
4.2626,3.1203000000000003
1.5165,1.6103
3.3989000000000003,2.9608
4.305000000000001,3.3018
1.4244,2.2879
3.7141,3.8598
5.0052,3.1943
2.0265,2.1028000000000002
3.7136,3.0291
3.9298000000000006,3.4091000000000005
2.9035,2.4193000000000002
3.4884,3.2444
4.2141,3.1350000000000002
1.7034,1.7893000000000001
3.3619000000000003,2.7277
4.3025,3.172
1.5405000000000002,1.5784000000000002
3.0007,2.7101
3.7560000000000002,3.0218000000000003
2.1553,1.5205000000000002
3.4284000000000003,2.9336
3.8715,3.2418000000000005
1.789,1.6698000000000002
3.0939,2.6231
4.0394000000000005,3.1151
1.5975000000000001,1.5513000000000001
3.1496000000000004,2.8735000000000004
3.9781,3.0262000000000002
1.5196,1.5485000000000002
3.3065,2.8082000000000003
4.4702,3.5497
2.065,1.6325
3.6228000000000002,2.6614
4.8500000000000005,3.6767000000000003
1.6679000000000002,1.6256000000000002
2.8764000000000003,2.7553
4.628,3.2238
1.9202000000000001,1.7228
3.4408000000000003,3.5051
4.628800000000001,5.4009
2.0414,2.4555000000000002
3.9991000000000003,3.8577000000000004
5.5617,5.0621
1.6391,1.7499000000000002
3.5774,3.7139000000000006
4.1868,3.2453
1.5452000000000001,1.558
3.3398000000000003,2.6657
4.4038,3.8832000000000004
1.5618,1.5155
3.2013000000000003,2.6873
3.9597,3.0806
1.6472000000000002,1.5368000000000002
2.8479,2.9449000000000005
3.6162000000000005,4.7209
1.7104000000000001,1.9959
3.7148000000000003,2.7176
3.7897000000000003,3.3863
1.556,1.5154
3.0964,2.5936000000000003
5.043900000000001,3.5859000000000005
1.7696,2.1682
3.0657,3.1428000000000003
4.1795,3.1918
1.9495,1.5282000000000002
2.9693,2.8011000000000004
4.3464,3.5340000000000003
1.9328,1.5491000000000001
3.4418,2.9851
3.998300000000001,3.7399000000000004
2.4439,1.6980000000000002
4.883,2.6735
5.1735,4.7975
2.8846000000000003,1.8605000000000003
3.5460000000000003,3.6729000000000003
4.1531,4.5741000000000005
2.6073000000000004,2.5474
3.3335,3.2811000000000003
3.9690000000000003,3.5131000000000006
1.9094000000000002,1.7271
3.1243,2.6542000000000003
4.0449,3.712
1.5517,2.1619
3.1687,2.7152000000000003
3.802,4.5247
1.4646000000000001,2.3413
3.2852,2.6488
4.734,3.1866000000000003
2.115,1.5431000000000001
3.6442,3.1300000000000003
3.933,3.7478000000000002
1.7022000000000002,1.8085000000000002
2.8794000000000004,2.7234
3.9865000000000004,3.4061
1.5681,1.5926
3.6922,3.4256
4.1638,3.3287000000000004
2.0008,1.7793
3.5882,3.0788
4.082300000000001,3.6857
1.7013000000000003,1.8021
3.3907000000000003,3.0528
4.9051,4.0516
1.6079,1.2951
3.6274,3.4474
4.7859,3.3471000000000006
1.8501,1.9607999999999999
3.5139000000000005,2.8013
4.4107,3.4336
1.7791000000000001,1.6005
4.3933,2.8485000000000005
4.1955,3.3305000000000002
1.8729,1.7386000000000001
3.4181000000000004,2.8389
4.2940000000000005,3.3782
1.7481,1.6696
3.4748,2.9513
4.4225,3.4277
1.3404,1.7284000000000002
3.3457,3.1478
4.191700000000001,3.3072000000000004
1.9360000000000002,1.7026000000000001
2.8143000000000002,2.8411
4.368100000000001,3.2943
1.7292,1.8111000000000002
2.555,2.6885000000000003
3.9682,3.2607
1.6791000000000003,1.5775000000000001
2.8766,3.3275
4.005800000000001,3.6367000000000003
1.5604000000000002,1.5081
3.3219,2.6556
3.8463000000000003,3.1268000000000002
2.3804,1.5513000000000001
3.6024000000000003,2.7015000000000002
3.8757,3.0417
1.8675,1.5772000000000002
3.4277,2.6024000000000003
3.8115,3.0383000000000004
1.5502,1.5027000000000001
2.8477,2.6026000000000002
4.2725,3.1615
2.5822000000000003,2.2403000000000004
3.4479,2.3417
3.9756,3.0707
1.6242,1.9176000000000002
3.8457,2.805
5.3062000000000005,3.7900000000000005
1.8155000000000001,1.9249000000000003
3.1845000000000003,2.6007000000000002
3.4466,3.68
1.745,1.5939
2.4837000000000002,2.7989
3.5570000000000004,3.0466
1.5433000000000001,1.5258
3.0713000000000004,2.7523
3.728,3.2374
2.0654000000000003,1.8591
3.4547000000000003,2.6254
4.4228000000000005,4.1119
1.7337,1.5719
2.2950000000000004,2.6099
4.2037,3.1276
1.5683,1.6018000000000001
3.6300000000000003,2.8869
4.162,3.2267
1.1313,1.5026
3.5299000000000005,3.2204
5.135300000000001,3.4389000000000003
1.6263,1.722
3.8383000000000003,3.688
3.9374000000000007,3.2008
1.6053,1.6514000000000002
2.6965,3.0356
3.556,3.2823
1.5333,1.6156
3.2996000000000003,2.7157999999999998
3.8356000000000003,3.1409000000000002
1.5066000000000002,1.5077
3.4854,2.9898000000000002
3.9261,3.0044000000000004
1.6983,1.7572000000000003
3.8098000000000005,2.6497
3.4489000000000005,4.048100000000001
1.6183,1.5848000000000002
3.24,3.1843000000000004
4.3128,5.022100000000001
1.6724,1.6255000000000002
3.4507000000000003,2.8135
4.0776,3.2648
1.8201,1.6478000000000002
2.97,2.7009
4.0958000000000006,3.1733
1.5353,1.5316
3.4717000000000002,2.7055
4.1512,4.4915
1.5666,1.5553000000000001
3.3681,2.9402
3.9043,3.6404
1.366,1.4800000000000002
3.0179,2.5734
3.8970000000000002,3.0791
1.5135,1.5336000000000003
3.1076,2.8501000000000003
4.0505,3.2950000000000004
2.1301,1.6409
4.592600000000001,2.5531
4.849,3.3007
2.1974,1.8410000000000002
3.2717,2.6931000000000003
6.4009,4.1078
1.6292000000000002,1.6382
3.8111000000000006,2.7434
3.7138,3.2274000000000003
1.2785000000000002,1.4643000000000002
3.3338,2.6794000000000002
4.1145000000000005,3.2734
1.8158,1.6569
3.4887000000000006,2.7133000000000003
3.9833000000000003,3.1341000000000006
1.4003,1.508
3.1452000000000004,2.9297000000000004
3.6632000000000002,3.8925
1.1800000000000002,1.4812
3.3778,2.6906
4.5067,3.0946000000000002
1.7211,1.2576
3.2273,2.7598000000000003
4.3485,3.2231
1.4372,1.5111
2.8969,2.5935
3.9230000000000005,3.0509
1.6897000000000002,1.5316
3.6553000000000004,2.733
4.9679,3.2012000000000005
1.8927000000000003,1.6085
3.219,2.6276
4.4869,3.0309
1.7291,1.7228
3.9351000000000003,2.5651
6.9026,5.074000000000001
2.0322,1.5018000000000002
4.689900000000001,3.2894
7.349600000000001,2.8518000000000003
2.9519,2.4167000000000005
6.980600000000001,5.247800000000001
6.7251,5.7088
4.0314,2.5192
3.0511000000000004,4.2702
7.583600000000001,5.7622
1.6312000000000002,2.527
3.2748,2.968
3.9785000000000004,4.1164000000000005
2.8801,2.6792000000000002
3.8510000000000004,2.6269
3.7510000000000003,3.3326000000000002
1.5111,1.6979
4.5426,3.0024
3.91,3.0927000000000002
1.4561000000000002,1.5605
3.5029000000000003,2.8194
4.9024,3.2778000000000005
1.9836000000000003,1.5137000000000003
3.7875,2.2703
4.0191,3.0728
1.6424,2.0514
3.8382000000000005,3.7426000000000004
4.293500000000001,2.9312
3.0956,2.5666
3.5923000000000003,2.9447
4.362,3.1378
1.5159000000000002,1.5154
3.3907000000000003,2.6557
4.1508,3.1927000000000003
1.564,1.1974000000000002
3.2759,2.6158
3.9678999999999998,2.9431000000000003
2.2310000000000003,1.8692000000000002
3.2505,3.0120000000000005
3.9226,4.4252
1.8217,2.1743
3.6079000000000003,2.955
4.032,3.5538000000000003
1.0239,1.9639000000000002
2.8977,2.6863
7.0520000000000005,4.3155
2.0203,1.9587000000000003
3.337,2.8597
4.0783,3.0672000000000006
1.5763,1.6418000000000001
3.2658,2.9256
4.2148,3.1877000000000004
1.9351,1.5792
3.4774000000000003,2.7682
4.777,3.0491
1.4137000000000002,2.1911
3.9156,2.6157000000000004
4.8887,3.0912
1.6958000000000002,1.6003
4.3388,3.4818000000000002
3.7337000000000002,3.1836
1.5114000000000003,2.5687
3.2475000000000005,2.3231
4.766100000000001,3.3844000000000003
1.6218000000000001,1.608
3.0553000000000003,3.0785
3.2479,2.5210000000000004
2.7499,1.5521
2.8627000000000002,2.9485
5.79,5.541300000000001
3.0764000000000005,2.7001
5.5212,4.2649
4.2264,5.8347
2.9036,1.6081
3.3121,2.6772
6.382300000000001,3.1183
1.4434,1.5947
5.0457,4.3905
4.2457,3.1336000000000004
1.6858000000000002,1.6403
3.0393,2.6372
6.8386000000000005,4.2837000000000005
2.4759,2.0931
3.5231000000000003,2.7728
5.7693,4.388000000000001
1.9781,2.3027
3.8124000000000002,3.1114
4.1199,3.3433
1.5813000000000001,1.5194
3.1601000000000004,3.0214
3.9636000000000005,3.2576
1.8038,1.6108000000000002
3.9396999999999998,2.6536000000000004
4.0272,3.8934000000000006
1.3327,1.4876000000000003
3.2524,2.4388
5.0975,4.1797
1.6042,1.53
3.2142000000000004,2.6042
4.0698,3.0313000000000003
1.752,1.5772000000000002
3.4188,2.8778
3.8334,3.2957000000000005
1.7985000000000002,1.6613
3.4649000000000005,3.7295000000000003
3.6334,3.8405
1.8664,3.0612
3.4862,2.6740000000000004
4.7834,3.2769
1.6734,1.5161
3.4572000000000003,2.7163
4.667400000000001,3.1501
1.7249,1.5169000000000001
3.1462,2.8929000000000005
4.355300000000001,3.497
1.7859000000000003,1.8002
3.2717,2.8469
4.0555,3.1826000000000003
1.5756000000000001,1.6516
2.8781000000000003,3.1361000000000003
3.8882,3.5547
1.4721,3.2682
2.7159000000000004,4.5306
4.0223,3.3854
1.9721,1.4761000000000002
3.2092,2.6391999999999998
5.816800000000001,5.1246
1.8476000000000001,3.9496
3.1587000000000005,2.8806000000000003
5.7277000000000005,4.0363999999999995
2.5419,1.6252
3.0425,3.2534
3.9962,3.2230000000000003
1.8483000000000003,2.2654000000000005
3.2426,2.69
4.173700000000001,3.3629000000000002
1.8373,1.7071
3.8913,2.5842
4.2005,3.5636
1.7437000000000002,1.9665
3.1107,3.1691000000000003
4.1622,3.6292000000000004
1.7546,1.704
3.3621000000000003,2.9549000000000003
4.0067,3.1933000000000002
1.8842,1.6598000000000002
3.4917000000000002,2.8105
4.9266000000000005,3.2721
1.7795,1.6932000000000003
2.2978,3.0315000000000003
5.443900000000001,3.4974000000000003
2.0284999999999997,2.0482
3.9291000000000005,2.8311
3.9258,3.1251
1.5695000000000001,1.5367
3.3563,2.9724
4.072100000000001,3.7566
1.5779,1.6206
2.8647,2.6444000000000005
5.3162,3.2633
1.6299000000000001,1.5729000000000002
3.2696,2.4192000000000005
4.5040000000000004,3.2753
1.4092,1.6987
2.9090000000000003,2.379
3.970700000000001,2.7379000000000002
1.3842,1.8632000000000002
2.9087,2.6096
4.5004,3.9966000000000004
1.5369000000000002,1.5508000000000002
3.9457,3.6094
4.4847,3.6158
1.5345,2.2514000000000003
66.1312,2.9105000000000003
5.1813,3.3599
2.5622000000000003,2.8371000000000004
4.6417,8.3642
4.927200000000001,5.014
2.9732,2.5718
4.1009,3.5096000000000003
12.440000000000001,8.7767
1.647,1.9599000000000002
3.5406,2.974
4.8808,4.2299
2.0026,2.2378000000000005
4.4991,3.4531
20.0498,3.6982000000000004
2.0019,1.7651000000000001
5.4774,2.9657000000000004
7.1283,2.7554000000000003
1.7709000000000001,1.9883000000000002
3.2105,3.6071000000000004
4.216500000000001,3.1605000000000003
3.0496000000000003,2.3524000000000003
4.150200000000001,3.3422
5.9473,4.421400000000001
2.0057,1.4361000000000002
2.5252,2.8796000000000004
4.3431,3.5647
18.1453,2.5814000000000004
3.7177000000000002,3.0993
4.7958,28.498500000000003
2.084,1.7981000000000003
3.2642,2.9946
4.257700000000001,3.3188000000000004
6.5013000000000005,17.2968
6.9607,5.4196
12.038400000000001,15.253900000000002
2.6153,2.6208
6.114000000000001,65.9463
5.4152000000000005,4.7609
1.9359000000000002,1.8946000000000003
4.5418,2.4321
4.3613,3.5056000000000003
1.7273000000000003,1.7962000000000002
3.6130000000000004,3.0440000000000005
4.0035,3.8782
2.4108,1.7303000000000002
3.4537,3.3326000000000002
3.9354000000000005,3.4798000000000004
1.5993000000000002,1.6168
3.1661,3.0808000000000004
5.0032000000000005,3.6251
1.9038000000000002,1.8008000000000002
3.6073000000000004,3.2251000000000003
4.3740000000000006,3.4170000000000003
1.9342000000000001,1.7840000000000003
3.4285,3.0090000000000003
4.4764,3.3317000000000005
1.2707,1.5699
2.6048,3.0879000000000003
4.0198,3.5206
2.0146,1.2272
3.4435000000000002,3.1268000000000002
4.4421,3.3120000000000003
1.7795,1.5359000000000003
3.2745,2.9412000000000003
3.8862,2.7770000000000006
1.7905000000000002,1.7818
3.202,2.7959
4.8085,3.5382000000000002
1.3855,1.8410000000000002
3.0795000000000003,2.1772
4.327500000000001,3.3870000000000005
1.5706000000000002,1.6452
3.1821,2.9755000000000003
3.9625,2.7879000000000005
2.9772000000000003,1.6184
3.8040000000000003,3.0713000000000004
4.2262,3.2244
1.9199000000000002,1.5673000000000001
2.6146000000000003,2.6559
4.0175,3.1099
1.8864,1.7561
3.2096000000000005,2.8339000000000003
4.0033,3.3356000000000003
1.4938,1.7689000000000001
2.9793000000000003,2.8847
3.6167000000000002,2.7201
1.7396,1.6078000000000001
3.1681,2.8349
4.2775,3.8427000000000002
1.5841000000000003,1.4922000000000002
2.7572,2.7409
4.341100000000001,3.1321
1.6813000000000002,2.2127000000000003
3.0246,2.6706
4.2921000000000005,3.1026000000000002
1.6264,1.5125000000000002
3.0802000000000005,2.3420000000000005
3.4009,4.833
1.6401000000000001,1.629
3.4431000000000003,3.208
4.1866,4.593300000000001
1.6724,1.6004
2.8243,2.7067
3.7039000000000004,4.1985
1.6528,1.4081000000000001
4.6306,2.6754000000000002
3.7858,3.2897
1.7434000000000003,1.6018000000000001
3.0685000000000002,2.69
3.6233000000000004,2.6884
1.6598000000000002,2.8715
3.0132000000000003,2.5625999999999998
3.5451,3.8339000000000003
1.4427,1.6646
3.6079000000000003,2.6606000000000005
4.0071,3.3169000000000004
1.7459,1.5963
3.1847000000000003,2.6593000000000004
3.6649,2.9845
1.497,1.494
3.2864,3.1234
3.8137000000000003,4.5643
1.0758,2.0843000000000003
3.5876,2.7382
4.226999999999999,3.0593
1.4385000000000001,1.5614000000000001
3.1105,2.6716
3.7205000000000004,2.9761
1.9949,1.7491
2.7623,2.4916
5.115,2.6598
1.7719,1.7159
3.4664,2.6255
4.6444,3.1124000000000005
1.6032000000000002,1.469
2.7698,2.8182000000000005
5.051200000000001,3.7885
1.812,1.4078000000000002
3.5532000000000004,3.0728
3.9481000000000006,3.3645000000000005
1.5154,1.8204
3.432,2.8517
3.5931,3.1762
1.5201000000000002,1.6082
3.8108,3.0019
3.9362,3.6313
1.9783000000000002,1.5709
4.480600000000001,2.7046
4.5559,3.0296000000000003
1.6528,1.5408000000000002
2.7907,2.6093
3.5306,3.0067000000000004
1.8649,1.6057000000000001
3.5953,3.4361
4.015000000000001,3.0820000000000003
1.9197000000000002,1.5230000000000001
3.7802000000000002,2.712
4.671900000000001,3.1298000000000004
1.6591000000000002,1.6852000000000003
3.9782,2.8124000000000002
4.097200000000001,3.1835
1.3198,1.4646000000000001
3.2096000000000005,3.5977
3.6292000000000004,2.7383
2.4717000000000002,2.1028000000000002
3.4405000000000006,2.7135000000000002
4.0724,3.8679
1.8068000000000002,1.5305000000000002
3.056,2.6234
5.8535,3.1001000000000003
2.2234,2.2222
3.2907,2.6550000000000002
4.1016,3.0996
1.4993,1.6526
3.072,2.7684
3.9645,3.0539
1.4628,1.7581
4.7165,2.6575
5.2693,3.0989000000000004
1.8842,4.5600000000000005
4.421400000000001,3.3327
3.2739000000000003,3.8145000000000002
1.7624000000000002,1.7352
3.3309,2.7715
4.5252,3.4079
1.9480000000000002,2.0663
4.0482000000000005,3.0383000000000004
4.7982000000000005,3.8611
2.2978,1.5042
6.2937,4.854000000000001
6.018300000000001,5.2925
2.2965,1.8655000000000002
4.0127,2.947
3.5529,3.6478
1.7741,1.6086000000000003
3.1510000000000002,2.7727000000000004
5.1248000000000005,3.2201
1.6607000000000003,1.9405000000000001
5.7971,4.300400000000001
6.4548000000000005,5.7838
3.4553000000000003,2.8622
5.5632,4.8288
7.172300000000001,5.203500000000001
2.2773000000000003,1.6898000000000002
5.7845,4.5408
6.9979000000000005,5.137200000000001
2.2672,2.5197000000000003
5.5536,4.750300000000001
7.2023,5.6365
2.7786,2.6498000000000004
5.8508000000000004,4.7627
4.6772,3.1427
2.3621000000000003,2.6796
5.4487000000000005,3.4253
7.974100000000002,5.3924
1.7568000000000001,2.8364000000000003
3.3190000000000004,2.8258
5.650600000000001,3.2885
1.8971,2.9123
3.403,3.9538
7.291300000000001,5.5344
2.6952,2.6125000000000003
5.2953,4.3833
7.5712,5.345
2.4337,2.4811
3.0052,2.8347
5.736000000000001,3.1387000000000005
3.0983,1.6245
5.2469,2.8052
4.8653,4.5799
2.9024,1.8802
3.5813,4.3709999999999996
7.742900000000001,5.304600000000001
2.7854000000000005,2.5656000000000003
5.417800000000001,3.7884
7.9691,2.6166
1.5456,1.4958
4.0622,2.4826
3.6512000000000002,4.641800000000001
2.6721000000000004,2.7617000000000003
3.6035000000000004,3.2878
3.7005000000000003,2.8044000000000002
3.0388,3.3089
6.8581,4.8312
7.349400000000001,4.9624999999999995
2.9711000000000003,2.6538
6.0011,4.9067
5.1873000000000005,4.0764
3.1441000000000003,2.8600000000000003
5.7006,4.2008
8.673200000000001,5.7215
1.6631,2.8551
5.2711,4.3266
4.0412,4.7092
2.6926,2.751
3.2511,2.7194000000000003
4.6389000000000005,3.4587000000000003
2.7085,2.6914000000000002
5.760400000000001,4.7104
4.0394000000000005,3.4291
1.6033,1.6491000000000002
3.585,2.8346
4.9889,3.3652
1.8577000000000001,1.7241000000000002
5.096000000000001,2.971
4.888800000000001,3.4466
2.4177,1.6811
3.6274,2.9045000000000005
4.681100000000001,3.7057
1.9229000000000003,1.6987
3.9152000000000005,2.9609
4.365200000000001,3.6504000000000003
1.6706,1.6858000000000002
3.2873000000000006,2.9612000000000003
4.2493,3.0856000000000003
1.9277,2.4382
2.4991000000000003,2.8888000000000003
4.4072,3.5821000000000005
1.7498000000000002,1.6934
3.7576,2.9561
4.2556,3.3964000000000003
1.5748000000000002,1.5105000000000002
3.5807,3.0357000000000003
4.6746,3.4829000000000003
1.4733,1.5354
3.3317000000000005,2.8365
3.8982,3.1636
1.7484000000000002,1.6298000000000001
4.2107,2.6968
3.9115,3.2341
1.7078000000000002,1.5476
2.9859,2.7905
3.8429,3.2379000000000002
1.5977000000000001,1.5600000000000003
3.4188,2.699
4.163200000000001,3.6649
2.1945,1.5085000000000002
2.8142,2.7057
5.2107,3.1756
1.5126,1.5145
3.1125000000000003,2.6467
4.1051,3.1831000000000005
1.7515,1.6069
3.2778000000000005,3.5526000000000004
4.295100000000001,3.5097
2.8619000000000003,1.5382000000000002
4.0799,2.6917
4.0847,3.2528
1.5905,1.5353
3.0082000000000004,2.6516
4.5898,3.1714
1.723,1.6875000000000002
4.143,2.6802
3.8773,3.108
1.9662,1.4874
3.8156000000000003,2.9782
5.103300000000001,2.8086
1.7182,1.8495
3.1780000000000004,2.8673
4.5702,3.2213000000000003
1.7039000000000002,1.5486
3.2227,2.7636000000000003
4.2555000000000005,3.1831000000000005
1.8050000000000002,2.4090000000000003
3.8574000000000006,3.2004000000000006
3.8145000000000002,4.0213
2.7061,1.6081
3.3992000000000004,2.6381
4.442200000000001,3.0599000000000003
1.4448,1.4968000000000001
2.7666,2.5527
3.7405000000000004,3.4814000000000003
1.8945,1.5281
2.9615,2.7835000000000005
4.261800000000001,4.187900000000001
1.6068,1.5136
2.9072,3.3354
4.130800000000001,2.8591
1.5384,1.497
3.4852000000000003,2.7268000000000003
4.4058,2.9536000000000002
2.058,1.6943000000000001
3.1462,2.5364000000000004
3.9385000000000003,3.1387000000000005
1.8242000000000003,2.1088
3.0727,2.8440000000000003
4.0006,3.2482
1.7024000000000001,2.2946
5.124700000000001,2.7935
4.440300000000001,3.9446000000000003
1.4119,1.5071
3.0137,2.9358
4.5392,3.4643
1.5254,1.5294
4.4693000000000005,2.742
3.9507000000000008,3.2540000000000004
1.4346,1.4798
2.7987,2.9488000000000003
4.4744,3.1076
1.7513,1.5368000000000002
3.3636,2.8695
4.4058,3.7148000000000003
1.3125,1.7002
4.1145000000000005,3.2957000000000005
3.3677000000000006,3.1214000000000004
1.8896000000000002,1.6038000000000001
2.5793,2.6826000000000003
4.1466,3.1202
1.6028000000000002,1.5413000000000001
3.5955000000000004,2.7744000000000004
3.5302000000000002,3.6663000000000006
1.4439000000000002,1.4789
2.8353,2.5798
3.706,2.9952000000000005
1.5981,1.6672000000000002
3.2321000000000004,2.6621
4.4854,3.1337
1.6392000000000002,1.5659
2.9127,2.9130000000000003
4.0816,3.1803
1.7397,2.3538
3.3267,2.6411
4.510200000000001,3.0863
2.2641000000000004,1.5243000000000002
3.3409000000000004,2.6584
6.2924,5.2074
2.8017000000000003,2.5873000000000004
6.284400000000001,5.2657
3.6452000000000004,3.0668
2.4579000000000004,2.4587000000000003
5.8053,4.1208
6.5399,5.0606
1.5391000000000001,1.2505000000000002
5.0526,3.0068
7.483900000000001,5.374700000000001
2.9889,2.204
3.2860000000000005,3.7141
5.1553,3.8283
1.6174000000000002,1.8423
3.2310000000000003,3.2447
5.5845,3.9314
1.6632,1.7122000000000002
4.047700000000001,2.941
3.8391,4.2378
1.567,1.6536000000000002
5.2224,2.7026000000000003
4.158,3.6220000000000003
1.5099,3.0748
3.0942000000000003,2.9432
3.9407,3.7452
1.6061,1.5021000000000002
2.9032000000000004,2.6833
4.2109,3.5737000000000005
1.6147000000000002,1.5507000000000002
3.2094000000000005,2.6858000000000004
3.9823000000000004,2.903
1.7605000000000002,1.5684000000000002
3.0924000000000005,3.4021000000000003
3.5756000000000006,3.1849
1.7325000000000002,1.6303
2.9076000000000004,2.6409000000000002
4.0194,3.134
1.7579000000000002,1.5901
3.0239000000000003,2.9796
4.247,3.188
1.3258,1.5677
3.2982000000000005,2.9129000000000005
3.8315,4.0145
1.8312000000000002,2.232
3.5455,2.6287000000000003
4.0562000000000005,3.3094
1.5544,1.5979
3.2548000000000004,2.6534000000000004
4.472300000000001,3.3751
1.6028000000000002,1.5885
3.3821000000000003,2.6848
5.011000000000001,3.3095000000000003
1.7097000000000002,1.5762
2.7704,2.724
4.2426,3.1905
3.2012000000000005,1.97
3.1279000000000003,2.8541
4.4587,3.2085000000000004
1.6961000000000002,1.6596
3.0952,3.5594
4.0083,2.9094
1.5422,1.5209000000000001
4.1857999999999995,3.1166
4.286300000000001,3.3533
1.9989999999999999,2.3097
3.9142000000000006,3.4543000000000004
3.6954000000000002,3.3568000000000002
1.8759000000000001,1.6382
3.0557000000000003,3.7477
3.8601000000000005,3.3293000000000004
1.8626,2.0152
3.7825,3.0711000000000004
4.3362,3.0075000000000003
1.5397000000000003,1.4711
3.5281000000000002,3.7304
3.5396000000000005,2.9669000000000003
2.2935,1.5916000000000001
3.4237,2.6786000000000003
3.3646000000000003,3.5186
1.7041,1.6909
3.1893000000000002,4.9202
7.2058,5.6803
1.4068,3.5714
3.8206,4.5648
4.09,3.5041
3.3298000000000005,1.8302
5.0243,4.5567
7.4137,4.5249
3.137,2.0820000000000003
5.4833,4.6469000000000005
3.5912,4.063600000000001
1.5134,1.5530000000000002
3.3783000000000003,2.3742000000000005
4.8855,3.0453000000000006
1.7309,1.8011000000000001
3.2805,2.6724
3.9047,3.1253
1.6337000000000002,1.5954000000000002
3.115,2.8862
4.6032,3.3938
1.4619000000000002,1.528
3.7374,2.4327000000000005
3.9504000000000006,3.2727000000000004
1.8728000000000002,1.6135000000000002
3.4656000000000002,2.7213000000000003
4.5176,3.1361000000000003
1.5690000000000002,1.5591000000000002
2.8547000000000002,3.3486000000000002
3.8674000000000004,3.1131
1.7195,1.9421000000000002
3.6635,2.6719
5.0601,3.0499000000000005
1.6156,1.5473000000000001
3.1612000000000005,2.7414
3.8702,3.0958
1.8843000000000003,1.7441000000000002
3.3589,2.576
4.1958,3.6259
3.2962,1.6735
3.3529000000000004,2.7561
3.4119,3.1964
1.7795,1.6035000000000001
3.422,2.515
3.9258,2.9342
1.5146000000000002,1.6354000000000002
4.3384,2.6712000000000002
6.2785,3.0852000000000004
1.5447000000000002,1.5143000000000002
3.0348,2.9251000000000005
3.9182,3.003
1.1497,1.7926000000000002
3.0624000000000002,2.9844000000000004
3.6487000000000003,3.2023000000000006
1.4333,1.4756
3.0997000000000003,2.6937
4.8458,3.2070000000000003
1.2870000000000001,1.7212000000000003
3.0758,2.6947
6.313600000000001,4.4296999999999995
1.6674,1.3223
3.0566,2.825
4.0618,3.6427
2.0353000000000003,1.6656000000000002
3.7913,2.7123
5.160900000000001,3.0273000000000003
2.2819000000000003,1.4641000000000002
3.5639,3.3433
4.1157,3.4276000000000004
1.6337000000000002,1.5004
3.2813,2.7896
5.239000000000001,3.0733
1.8467000000000002,1.6579000000000002
3.0132000000000003,2.7334
4.2302,4.1067
1.6828,1.9891
3.4802,3.2945
4.4061,3.2948
1.6834,2.0085
3.1596,2.6408
4.0131000000000006,2.9885
2.0838,1.6810000000000003
3.0676,2.7916
4.102600000000001,3.1202
1.8432000000000002,1.6727
3.4115,3.0991
4.9213,3.5680000000000005
1.5270000000000001,1.8117
2.8949000000000003,2.7428
4.7591,3.4050000000000002
1.6454000000000002,1.6078000000000001
3.1281000000000003,2.7731000000000003
4.202100000000001,2.9567
1.87,2.1645000000000003
2.7281000000000004,2.7905
4.5383000000000004,3.3812
1.7789000000000001,1.6508
3.5276,2.9425000000000003
5.1696,3.3178
2.0797000000000003,1.7988000000000002
2.9447,2.9055
3.8585000000000003,4.001
2.6081000000000003,1.7235000000000003
3.6839000000000004,3.7491000000000003
4.188600000000001,3.7887000000000004
2.3265,1.6843000000000001
3.3847,3.3611
3.6891000000000003,3.3754000000000004
1.6945000000000001,1.8928
3.2524,3.3841
4.9822,4.0107
1.7474,1.8939
3.2454,2.9483
4.3242,3.6863000000000006
1.9746,1.6742000000000001
3.3550000000000004,2.8568000000000002
4.347,3.7027
2.3215000000000003,1.7205
3.5655,2.9595000000000002
4.8925,3.4234
1.7891000000000001,1.8200000000000003
3.8423000000000003,2.6611
4.7313,3.0995000000000004
1.6758000000000002,1.6321
4.5541,3.5401
4.2844,3.1063
1.5589,1.6413
3.3512000000000004,2.6284000000000005
5.464500000000001,3.0945
2.0972,1.5597
3.3951000000000002,2.8749000000000002
8.2482,4.0033
1.568,1.6785
2.8497000000000003,2.6034
4.0405,3.2094000000000005
1.6576000000000002,1.5508000000000002
3.3636,2.9502
3.8791,3.5308
2.6132,1.5903
3.8930000000000002,2.7435000000000005
4.4057,3.1634
1.6874000000000002,1.6980000000000002
3.3009000000000004,2.7978
3.9135000000000004,3.1617
1.7578,1.7300000000000002
3.7393,2.8025
3.7496,3.1449000000000003
1.8337,1.8732000000000002
3.0198,2.5478
4.2894000000000005,3.0579
1.6817000000000002,1.7421000000000002
4.3002,2.5342000000000002
4.3989,3.5181
1.5696,1.7742
3.2374,2.6108000000000002
4.3346,3.1703
1.5010000000000001,1.5515
3.1379,2.648
4.1749,3.1922
1.6225,1.5050000000000001
3.3051,2.9270000000000005
3.8100000000000005,3.2342
1.9657,1.6577
2.7257000000000002,2.6205
4.0866,3.0610000000000004
1.5031,1.5624
3.5530000000000004,3.5063000000000004
3.8468,3.395
1.8184000000000002,1.6257000000000001
3.5113000000000003,3.2947
3.2391000000000005,3.1100000000000003
2.1806,1.8865
3.7735000000000003,2.4685
4.4568,3.2964
1.6355,1.7288000000000001
3.2805,2.9827
3.6627,2.8027
2.7775,1.5995
3.9023,2.7213000000000003
3.9697000000000005,3.4584
1.5072,1.5451
3.1794000000000002,2.7088000000000005
4.1634,3.7125
1.8576000000000001,1.6718000000000002
3.1781,2.7857000000000003
3.8252000000000006,3.8699000000000003
2.1014000000000004,1.5518
5.3458000000000006,2.8691000000000004
3.8912,4.0209
1.758,1.5308000000000002
3.5767,2.8596000000000004
4.925000000000001,3.2106
1.5306,1.5734000000000001
3.3663,2.9765
3.9127,3.1806
1.5509,1.5008000000000001
3.3534,2.7598000000000003
3.8784,3.3237
1.6673,1.6101
3.0196000000000005,2.5587999999999997
4.2545,3.0616000000000003
1.6782000000000001,1.5537
3.3991000000000002,2.8478000000000003
4.4964,3.2049000000000003
1.2456,1.9142000000000001
3.3257,3.3405
3.7334000000000005,3.0811
1.6882000000000001,2.3558000000000003
3.6277000000000004,2.8572
3.6329000000000002,3.7675000000000005
1.3069000000000002,1.6278
3.4513,3.2696
4.884,4.3225
1.3473000000000002,1.5632000000000001
3.5211,2.7416000000000005
4.256800000000001,3.0521000000000003
1.8228,1.5478
3.2628000000000004,3.0581
3.7461,3.0673000000000004
1.9866000000000004,1.7103000000000002
3.7628000000000004,2.7052
4.1614,3.0707
1.9220000000000002,1.8452000000000002
2.7611000000000003,2.6755000000000004
3.8379000000000003,3.4222
1.6389000000000002,1.5086000000000002
3.0326000000000004,2.7581
3.8767000000000005,3.1489000000000003
1.6165,1.5413000000000001
3.6538,2.7116000000000002
5.0602,3.1833
1.5122,2.2914000000000003
3.3982,2.708
4.1633,3.0407
1.6288,1.6076000000000001
3.0439,2.6003000000000003
4.3485,3.1388000000000003
1.5088,1.6052000000000002
3.2194000000000003,3.4153000000000002
4.050000000000001,3.5633000000000004
1.9648,1.901
4.2743,2.6511
4.3977,3.0338000000000003
1.6498000000000002,1.5511000000000001
3.1471000000000005,2.6622
3.9016,2.9996000000000005
1.4331,1.9553
2.9727,2.5283
3.9854000000000003,3.0176
1.7969000000000002,1.5249000000000001
4.1577,3.5938000000000003
4.8284,5.9242
1.7923000000000002,1.5824
3.2243000000000004,2.6614
4.5315,3.0757000000000003
1.6133,1.5344
3.3930000000000002,2.8906
6.199000000000001,4.9396
1.74,1.5579
2.6908000000000003,2.5227
4.0992,3.373
1.3815000000000002,1.4646000000000001
3.1705,2.7126
3.9895,3.0892000000000004
1.6325,1.4855
5.6454,4.6778
4.994400000000001,5.3660000000000005
1.7352,2.6323000000000003
3.3785000000000003,2.6305
4.3173,3.9059000000000004
2.3694,2.0087
3.9895,3.0380000000000003
4.9475999999999996,3.9554000000000005
1.4244,1.7773
3.2259,2.6841
5.1567,5.0852
1.3637000000000001,1.5304000000000002
5.5872,4.529800000000001
3.6764,4.7519
2.2295000000000003,1.5367
3.3482000000000003,2.5967
3.7946000000000004,3.1308
1.4642000000000002,1.5079000000000002
3.2128,2.6670000000000003
4.0384,3.0804
1.4080000000000001,1.6463
3.4408000000000003,2.6349000000000005
6.2012,3.4577
1.4607,2.2905
3.6684,3.0191000000000003
6.1674,4.0023
1.9371000000000003,2.2597000000000005
2.6490000000000005,2.6058000000000003
3.863,3.2955
1.6493,1.1818
3.2138,2.6391
3.953900000000001,2.9735
1.7472,1.5682
2.7483,2.7802000000000002
3.8811,3.1583
1.3402,2.2849000000000004
3.3415000000000004,4.1256
3.9637000000000007,3.6229
1.9635,2.0784000000000002
3.6814,2.7416000000000005
4.2259,3.2218000000000004
1.9356000000000002,1.5932000000000002
3.8423000000000003,3.0849
4.500000000000001,3.2746000000000004
1.7684,1.5844
3.4773,2.7904
3.9444,2.7402
1.5811,1.5473999999999999
2.9695000000000005,2.6026000000000002
4.4381,3.0584000000000002
2.0023000000000004,1.9235
3.1408,2.9257000000000004
3.9979999999999998,2.9271000000000003
1.7768,1.6195000000000002
2.9711000000000003,3.1869000000000005
3.6087000000000002,2.9803000000000006
2.2773000000000003,2.3249
3.4838,2.7566
4.224600000000001,3.1842
1.5001,1.5194
2.6757,3.0
4.4189,3.811
2.0946000000000002,1.7178
3.5540000000000003,2.6186
3.8961000000000006,3.419
1.4575,1.5263000000000002
3.1333,2.6043000000000003
3.9869,3.0749000000000004
1.6354000000000002,2.5928
4.0829,2.7613000000000003
4.0116000000000005,3.41
2.0754,1.6062
2.8331000000000004,2.6393000000000004
3.7354000000000003,2.9981
1.7475,1.5829000000000002
3.8950000000000005,2.6417
4.0692,3.9078000000000004
1.3912,1.7063
3.5547,3.1061
4.9032,3.0775000000000006
1.7185000000000001,1.4707000000000001
3.6497,2.6381
4.782500000000001,2.8838000000000004
1.1124,1.8021
3.7359000000000004,2.67
4.1733,3.6608
1.8470000000000002,1.6019
3.3796000000000004,3.1089
4.4693000000000005,4.268
1.5537,1.9937000000000002
3.8327,2.7043000000000004
4.2244,3.1165000000000003
1.8148000000000002,1.5996000000000001
3.2315,3.3146
4.0212,3.6916
1.8231,1.6009000000000002
3.3162000000000003,3.1013
4.4016,3.1686
1.673,1.5533000000000001
2.9211000000000005,2.9418
4.281200000000001,3.3743000000000003
1.4756,1.1759000000000002
3.1689000000000003,2.5896
5.905,3.1375
1.8254000000000001,1.5996000000000001
3.3316,2.7575
3.8321,3.0771
1.4007,1.5164
3.5831,2.6253
4.2533,3.3126
1.3515000000000001,1.4475
3.0046,2.6327
4.280200000000001,3.0591000000000004
1.8074000000000001,1.5774000000000001
2.4455,2.7712000000000003
3.6024000000000003,3.2467000000000006
1.6832000000000003,1.9582000000000002
4.2431,2.6025
3.8516000000000004,3.2622000000000004
1.7717000000000003,1.6025000000000003
2.7921,2.8912
5.620900000000001,3.2947
1.7269,2.8695
6.470400000000001,3.1636
5.5033,5.267600000000001
2.9053,2.5267000000000004
3.4172,2.1964
4.0166,3.8074000000000003
2.5213,2.4384
3.1293,2.6634
3.8169000000000004,3.0718000000000005
1.8374000000000001,1.3431
4.2404,2.7884
3.6041000000000003,3.2433
1.6245,1.5084
3.2504,2.6442
3.699,2.8715
2.3663,1.5303
3.0087,3.4058
3.8796000000000004,3.2493000000000003
1.9149000000000003,1.5389000000000002
2.7207000000000003,2.8064999999999998
3.7111,3.2213000000000003
1.6038000000000001,1.5548
2.9915000000000003,2.6177
3.6074,3.0248000000000004
1.3961000000000001,1.602
8.1779,3.5944000000000003
4.4039,3.8987000000000003
1.8732000000000002,1.9929999999999999
3.8948000000000005,2.6852
4.293,3.5082000000000004
1.4213000000000002,1.4853
3.5066,2.9185
3.7676000000000003,3.0822000000000003
1.66,1.5051
3.3465000000000003,1.6506
4.6836,3.1812000000000005
1.9875,1.6387
3.2414,2.755
4.1925,2.9762
1.5172,1.1515000000000002
3.345,2.5528
3.9995000000000003,3.0029000000000003
1.2895,1.5320000000000003
3.3366000000000002,2.6362
4.208500000000001,3.0065
1.6698000000000002,1.5653000000000001
2.7509,2.6145
3.9837000000000007,3.2976000000000005
1.5839,1.5375
3.6086000000000005,2.8175000000000003
3.867,3.6435
2.2279,1.6162
3.3646000000000003,2.7829
4.8612,3.1439000000000004
1.5990000000000002,1.5511000000000001
3.0203,2.617
3.7951,3.3794000000000004
1.6959000000000002,1.5428000000000002
3.9734000000000003,2.6757
3.6095,3.3405
1.6293000000000002,1.5181
3.0122,2.4068
3.9970000000000008,3.069
1.5468000000000002,1.5234
3.6005000000000003,3.0385000000000004
3.5026,3.3757
2.1606,1.5600000000000003
3.3176000000000005,2.6796
3.7743,3.0749000000000004
1.9954,1.6223
3.1446,2.7512
4.3492,3.7974
1.5324000000000002,1.5467
3.3668,2.6902000000000004
4.5006,4.0811
1.5759,1.6333
3.2255000000000003,2.9211000000000005
4.3353,3.1867
1.7611,1.5583
5.3005,3.0958
4.868200000000001,5.4712000000000005
2.7085,2.6475999999999997
5.906000000000001,4.8847000000000005
4.4321,5.025
2.3301000000000003,1.938
4.8218000000000005,3.2668000000000004
5.0745000000000005,4.3786
1.6089000000000002,1.6101
3.0511000000000004,2.6346
3.6733000000000002,3.5292000000000003
1.6147000000000002,1.5579
3.6074,2.8844
4.1193,3.2974
1.8793000000000002,1.8597000000000001
3.6745,2.7560000000000002
4.0146,2.987
1.6234000000000002,1.9134000000000002
3.7532000000000005,2.6289
3.9937,3.0638
1.3978,1.4737
3.5596000000000005,2.6023
4.4729,3.3492
1.5987000000000002,1.1154000000000002
3.4569,3.4339
4.735,3.237
1.4534,1.5847
3.0197000000000003,2.6969000000000003
4.101000000000001,3.2618
1.6609,1.3230000000000002
3.3998,2.6267
4.415900000000001,3.1064
2.1591,1.5654
5.998200000000001,2.6132
5.017600000000001,3.1938
1.6141,1.5372000000000001
3.4985000000000004,2.7225
3.6574000000000004,3.0259
1.6161,1.7043000000000001
3.0495,2.7747
4.0659,3.5943000000000005
1.9017000000000002,1.5832000000000002
3.8843,2.6460000000000004
4.3002,3.0191000000000003
1.7203000000000002,1.6323
3.4705,2.9360000000000004
3.5563000000000002,3.4812000000000003
1.6955000000000002,1.5041000000000002
3.7437000000000005,2.9996000000000005
4.678800000000001,3.1674
2.2457000000000003,1.6193000000000002
3.3890000000000002,4.295400000000001
5.8115000000000006,3.4322000000000004
1.8189,1.8601
3.5597000000000003,2.9858000000000002
4.2046,2.8257
1.5003000000000002,1.6680000000000001
4.0827,2.9626
4.2223,3.3338
1.4904,1.7402000000000002
2.7068,2.7743
4.8472,3.4533000000000005
3.4686,3.0
3.4648,2.9290000000000003
4.4194,3.3151
1.7859000000000003,2.8451
6.2366,3.345
4.208200000000001,5.685300000000001
1.9088000000000003,1.9014000000000002
3.125,2.9897
5.3242,3.6857
3.1479000000000004,2.7636000000000003
3.9771,4.3704
4.0922,4.0834
1.7113,1.6889
3.3155,2.713
4.198,3.4569
3.0111,1.5905
3.5805000000000002,2.7373000000000003
4.7612000000000005,3.1924
1.7983,1.6394
3.1686,2.7759
4.4202,3.1736000000000004
1.5500000000000003,1.4764000000000002
2.6857,2.1750000000000003
5.1424,3.4207
1.5688000000000002,2.1108
3.1408,2.895
4.1054,3.1664000000000003
1.686,1.6779000000000002
3.8292,2.944
4.1497,2.6525000000000003
0.9433000000000001,2.3185000000000002
2.7348000000000003,2.051
3.974,3.2636000000000003
1.1435,2.1525000000000003
3.3345000000000002,2.8442000000000003
3.9188,2.9706
2.3060000000000005,1.6054000000000002
3.4112,2.6417
3.7079,2.9856000000000003
1.5285000000000002,1.5264
4.777500000000001,4.9107
4.1813,3.8318000000000003
1.6984000000000001,1.6771000000000003
3.4559,3.1822
3.7519000000000005,3.1004
1.5794000000000001,1.7361000000000002
3.1035000000000004,2.7216
5.2079,2.9927
1.7661,1.6070000000000002
3.3317000000000005,2.697
3.7767,3.1737
1.3219,1.516
5.2372,3.7363
6.0902,4.108300000000001
2.1596,2.3779
4.516100000000001,4.3207
6.3559,4.545000000000001
1.7301,1.8542
3.661,3.1783
4.6523,3.6003000000000003
1.6778000000000002,1.6682000000000001
3.4106,2.7078
5.210100000000001,3.6156
2.4666,2.2094000000000005
6.0504,4.0067
5.5293,5.7326
2.1825,1.7954
6.0525,4.612500000000001
5.3403,5.9301
2.8562000000000003,2.2679
3.5138000000000003,3.0379
4.147600000000001,3.1219000000000006
1.7252,1.722
2.9981,2.9578
3.9969,3.1165000000000003
1.8395000000000001,2.3003000000000005
3.5465,2.9110000000000005
4.7558,3.1218
1.5822000000000003,1.5272000000000001
3.2656,2.6728000000000005
3.8461000000000003,3.029
1.7519,2.0553
3.9046000000000003,2.6347
5.0756000000000006,3.0494000000000003
1.9197000000000002,1.6705
3.8217000000000003,3.2277
4.2682,3.148
1.4768000000000001,1.4963000000000002
5.394,4.245900000000001
6.1489,4.364300000000001
2.1910000000000003,1.5050000000000001
4.361000000000001,5.0261000000000005
5.9670000000000005,4.6192
1.7927000000000002,1.9495
3.2364000000000006,2.8916000000000004
3.9424000000000006,3.4472
1.7037,1.2441000000000002
3.2434,2.7289000000000003
6.1386,4.6691
1.6498000000000002,1.7933000000000001
3.5091,2.9948
4.794700000000001,3.3559
2.0484999999999998,1.5931000000000002
3.8537000000000003,3.1326
4.345600000000001,3.2039000000000004
1.5684000000000002,1.5204000000000002
3.2169000000000003,2.6599000000000004
3.5415000000000005,3.0503
1.4234,1.4941000000000002
3.6632000000000002,2.6581
3.9589999999999996,3.1403000000000003
2.5612,2.1914000000000002
3.3564000000000003,3.0758
4.231400000000001,4.378900000000001
1.6838,1.5607000000000002
3.1411000000000002,2.6177
4.9087000000000005,3.2563
1.9534,1.5638
3.1939,3.6620000000000004
4.4118,3.1976
2.0846000000000005,1.391
3.7150000000000003,5.057
5.1188,5.0234
2.5188,3.3957
4.4892,4.6992
4.123500000000001,3.1273000000000004
1.5605,1.9792
2.7779000000000003,2.3795
4.0973,3.6452000000000004
1.8965,1.6636000000000002
3.0458,2.8577000000000004
3.8773,3.2949
2.2979000000000003,1.6096000000000001
3.8232,2.8378
4.782900000000001,3.3557
1.7327000000000001,1.6234000000000002
3.7813,2.4919000000000002
3.968,3.6927000000000003
1.7079,1.3016
3.7114000000000003,3.2888
4.532400000000001,3.4983000000000004
1.7288000000000001,1.5612
2.9914000000000005,2.6339
5.9784,4.2069
31.3229,2.2457000000000003
5.6511000000000005,15.721000000000002
10.5318,6.9191
3.6332,2.8607000000000005
271.5673,151.5574
5.6239,6.1215
1.2663000000000002,2.2105
5.8392,4.7392
8.0638,6.863
6.6145000000000005,3.2682
8.754700000000001,5.241
7.1370000000000005,8.9593
2.8335,2.9185
6.342700000000001,5.482000000000001
7.0054,4.7142
2.5856,2.5545000000000004
16.6764,6.9598
10.4382,6.807
3.0862000000000003,3.4435000000000002
8.6315,6.107100000000001
7.9068000000000005,6.196200000000001
2.8493000000000004,4.1661
8.2258,9.6279
7.804,13.471
2.9685,3.5505000000000004
4.9427,4.4202
6.0133,5.0377
3.273,2.6234
4.2775,2.6867
4.772800000000001,4.064
2.7053000000000003,2.592
3.3788000000000005,2.9433000000000002
4.9541,5.4245
1.9935,1.8591
5.4191,4.3812
4.1292,3.494
1.8511,1.7537000000000003
2.7733000000000003,4.8366
8.5364,4.1629000000000005
1.6675000000000002,1.7107
3.3232,3.9205000000000005
7.002700000000001,5.935200000000001
1.8728000000000002,1.7638
3.4912,3.0203
3.9237000000000006,3.37
1.8848,1.8649
5.865400000000001,4.8774999999999995
3.5320000000000005,3.0558
1.8316000000000001,1.2592
5.1792,2.5593
3.9279000000000006,3.2368
3.1293,2.539
5.4037,4.658900000000001
3.4962,4.0516
2.2685,2.2562
5.1748,4.015700000000001
4.5082,4.902
1.9300000000000002,1.7313
5.3469,4.5566
7.0057,5.2096
3.0266,2.6354
3.9692,4.4818
3.7425,3.1782000000000004
1.4428,1.5026
3.047,3.4528000000000003
4.3689,4.990900000000001
1.4992,1.6211000000000002
3.4874000000000005,2.8606000000000003
4.1457999999999995,3.2068000000000003
2.8682,2.6582000000000003
4.3185,5.4882
3.8768000000000002,3.9079000000000006
1.6279000000000001,1.79
3.761,2.7953
4.9167000000000005,3.1293
1.52,1.5156000000000003
3.8297000000000003,2.8182000000000005
4.5827,2.9623000000000004
1.6879000000000002,1.5922
3.3485000000000005,2.7079
3.8823000000000003,2.9655000000000005
1.2802,1.4142
3.3987000000000003,2.7051000000000003
5.332800000000001,3.173
1.5714000000000001,1.5354
3.2846,2.8118000000000003
3.7507,3.1079000000000003
1.4585000000000001,1.5066000000000002
3.0861,2.8813000000000004
4.2007,3.4061
2.3347,1.4901
4.2134,2.7102000000000004
4.0859,3.3576
1.5398,1.4806000000000001
3.0697,2.8536
4.1106,3.3751
1.6642,1.5694000000000001
3.6692,3.4040000000000004
4.2912,3.1739
1.5347000000000002,1.7039000000000002
4.4972,2.7241
4.2243,3.8819000000000004
1.5784000000000002,1.5237
3.4084000000000003,3.3628000000000005
3.9716000000000005,3.5440000000000005
1.7065000000000001,1.5337
3.0662000000000003,2.6772
4.433400000000001,2.9338
1.7125000000000001,1.6571
2.9850000000000003,3.3026
5.0606,3.6877000000000004
1.9558000000000002,1.4955
3.1749,2.7512
4.640200000000001,3.1484
1.6291,1.5737
3.0796,2.6267
3.4407,2.9609
1.6521000000000001,1.822
5.8264000000000005,4.644900000000001
6.7816,5.383900000000001
1.5127000000000002,1.5512000000000001
5.0691,2.6687
7.353400000000001,5.437500000000001
2.3948000000000005,2.7733000000000003
4.119000000000001,4.5918
4.377800000000001,2.987
3.0021,2.4058
6.0875,4.4739
6.4286,5.4419
2.2387,2.7249000000000003
3.2927000000000004,2.6198
6.700100000000001,5.2816
1.5097,1.4987000000000001
5.7643,5.323
6.910800000000001,3.1965000000000003
2.7758000000000003,2.5118
3.9405000000000006,2.8662
6.676400000000001,5.635800000000001
3.0217,2.6009
4.240200000000001,4.8276
7.878600000000001,5.7501
2.7273,2.4704
6.012200000000001,4.0761
3.805,3.8975000000000004
1.3636000000000001,1.686
3.7545,2.98
4.5688,3.4014
1.5683,1.5987000000000002
3.3983000000000003,2.8749000000000002
4.224100000000001,3.3077
2.0961,1.7069
3.4173000000000004,2.9168000000000003
4.1625000000000005,3.3221000000000003
1.8228,1.7851000000000001
3.1734000000000004,2.9248
4.6797,3.4109000000000003
1.4562000000000002,1.6875000000000002
3.4884,2.9718
4.645600000000001,3.4072000000000005
1.6282,1.6777
3.0111,2.9696000000000002
3.8325000000000005,3.4974000000000003
1.6531,1.6185
4.075200000000001,3.6411000000000002
4.3087,2.8731000000000004
1.6774000000000002,2.2797
3.6584,2.8741
4.3303,3.063
1.5344,1.5287
3.0056000000000003,3.3308
5.053800000000001,3.1667
1.186,2.6587
3.6116000000000006,3.4457000000000004
3.8365,3.1225000000000005
1.9541000000000004,1.7012
3.3332,2.8024
4.1702,3.1797
2.6861,1.6628
5.0625,4.4248
6.445,5.6523
1.5161,2.3644
5.2302,5.575800000000001
6.7647,4.418200000000001
1.6260000000000001,1.6329
3.9999000000000007,2.6989
9.4269,4.0504
1.3982,1.4266
4.2464,3.7759000000000005
7.0639,5.178
2.1974,2.4842000000000004
3.6711,3.0503
4.5228,3.4234
1.8551000000000002,2.0141
2.7538000000000005,3.0796
5.3029,4.904700000000001
1.4409,1.6768000000000003
3.8544000000000005,2.9806000000000004
3.7209,3.3916000000000004
1.7474,1.6862000000000001
2.9465000000000003,2.7357
5.0924000000000005,3.1015
1.7480000000000002,1.6738
3.1648,2.6201000000000003
3.8771,3.0679000000000003
1.6360000000000001,1.5828
2.9683,2.8752
3.4705,3.9527
1.5314,1.5111
3.2184000000000004,3.1468000000000003
3.7758000000000003,3.6887
1.7300000000000002,1.5829000000000002
3.3203000000000005,2.6942000000000004
4.0325999999999995,3.0761
1.8687,1.6067000000000002
3.1948000000000003,2.6592000000000002
3.8647000000000005,2.7446
1.804,1.3094000000000001
3.4297000000000004,3.5468
5.0838,3.1969000000000003
2.5313000000000003,1.531
4.675400000000001,3.3073
4.6675,3.5328000000000004
2.6891000000000003,1.6188
2.9673,2.6761000000000004
3.6609000000000003,3.0435000000000003
1.6794000000000002,1.6746
3.7047000000000003,2.7197000000000005
4.4956000000000005,4.316000000000001
1.8893000000000002,1.5112
3.7087,2.7992000000000004
4.0875,3.0507000000000004
1.5857,1.5123
3.6267,2.729
4.002700000000001,3.1196
1.3423,1.9618
3.1335,2.68
4.0296,3.0371
2.4601,1.7417
3.547,2.7661000000000002
3.9059000000000004,3.0613
1.8469,1.5807000000000002
3.3036000000000003,2.6021
3.7270000000000003,3.0565
1.6176000000000001,1.6759000000000002
3.6641000000000004,2.7267
7.065600000000001,5.3317
2.1016000000000004,2.6331
5.6736,4.6424
6.8085,5.128900000000001
2.6174000000000004,2.6172
3.3905000000000003,2.6957
4.4411,3.2601
1.4860000000000002,1.557
3.1233000000000004,2.766
4.174,3.0791
1.6028000000000002,1.5278000000000003
3.3245,3.8207000000000004
4.055300000000001,3.2621
3.5480000000000005,3.0996
3.0556000000000005,2.8123
5.786300000000001,4.8824000000000005
2.9863000000000004,2.8381000000000003
3.6595000000000004,3.8808000000000002
4.0993,5.2136000000000005
3.0018000000000002,2.7279
2.9739000000000004,2.6460000000000004
3.9292,3.0135
1.5171000000000001,1.4736
6.0251,3.4279
6.125500000000001,3.7321000000000004
1.5304000000000002,1.4868000000000001
3.0713000000000004,2.7249000000000003
4.3642,3.0835000000000004
1.7009000000000003,1.5710000000000002
3.2216000000000005,2.7112
3.8891000000000004,3.6737
1.7806,2.1745
3.4935,2.9229
3.5649,3.5406
1.5125000000000002,1.5556
2.9121000000000006,2.6029
3.5592,2.994
1.8819000000000001,1.5921
3.196,3.1270000000000002
5.4146,3.2990000000000004
1.7992000000000001,1.5677
3.8986000000000005,2.7811000000000003
4.178100000000001,3.4058
1.6636000000000002,1.6909
3.0244,2.8636
4.5385,3.2652
1.7073,1.6369000000000002
3.4170000000000003,2.7091000000000003
3.6904000000000003,3.0177000000000005
1.5834,1.5600000000000003
3.4933000000000005,2.4816000000000003
3.985,3.4024
1.5993000000000002,3.5651
4.6071,4.9791
3.9045000000000005,3.1022000000000003
1.5547,1.1155000000000002
4.3137,3.1063
4.5044,3.2292
1.5483,2.0043
2.7576,2.6722
3.5450000000000004,3.0915
1.6215000000000002,1.6673
3.2413000000000003,2.6379
3.8944,3.886
1.6046,1.4300000000000002
2.9798000000000004,2.7515
3.7326000000000006,3.5062
1.5945,1.5137000000000003
3.3357,3.2270000000000003
4.1930000000000005,2.7181
1.5714000000000001,2.0719000000000003
3.4268,2.6395000000000004
4.166600000000001,3.2673000000000005
1.5765,1.5925000000000002
3.2946000000000004,2.4166000000000003
3.7912000000000003,3.6571000000000002
1.5221000000000002,1.9248
3.3229,2.6818000000000004
4.394400000000001,2.9602
1.5233,1.5233
3.0034,2.9955000000000003
4.546900000000001,3.1412000000000004
2.7194000000000003,2.4543
3.8394000000000004,3.5268
3.7399000000000004,3.0775000000000006
3.3318000000000003,1.7711000000000001
3.1453,4.306900000000001
6.4415000000000004,5.1982
2.9507000000000003,2.3824
3.4517,2.8861000000000003
3.6793000000000005,5.425400000000001
1.5575,2.0180000000000002
5.7456,4.7827
3.9152000000000005,3.3057000000000003
1.4873,1.7772000000000001
3.2949,3.2597000000000005
3.9959000000000002,3.2044
1.4269,1.5593
3.0426,2.7194000000000003
4.224600000000001,3.1490000000000005
1.7413,1.6123
3.3754000000000004,2.7945
5.107600000000001,3.1001000000000003
1.3942,1.2719
3.92,2.6531000000000002
4.0369,3.1744000000000003
1.641,1.5509
3.0231000000000003,2.9707000000000003
3.9838,3.6623
1.7199000000000002,1.6471
3.1804,2.6074
3.8812000000000006,3.1325000000000003
1.6689,1.7068
3.1707,4.135000000000001
3.9809,2.9956
1.9295000000000002,1.5788
3.2760000000000002,2.7505
4.666,3.124
1.9686000000000001,1.5819
3.0176,2.6778
4.6508,3.0131
1.8015,2.1083
2.9584,3.4880000000000004
4.227900000000001,3.4593000000000003
1.7256,1.6207
3.3942,3.0108
4.3575,4.1107000000000005
1.9342000000000001,1.5573000000000001
3.2331,2.8797
4.4751,3.1988000000000003
1.4461000000000002,2.0692000000000004
4.823200000000001,2.8111
5.3407,3.4731
2.9618,1.6782000000000001
3.0741,2.5421000000000005
4.1812000000000005,3.4041
1.4219,1.497
3.1198,3.1613
3.8412,3.0741
1.5777,2.1001000000000003
3.69,2.6479000000000004
4.0356000000000005,3.3151
1.1396000000000002,1.4315
3.2003,2.6985000000000006
4.6014,3.0691000000000006
1.5093,1.497
3.4029000000000003,2.6965
3.8809,3.1036
1.4002000000000001,2.1859
2.9555000000000002,2.7343
4.8790000000000004,3.2566
2.0819,2.1707
3.3604000000000003,3.1005000000000003
4.9855,3.5926
1.575,2.3004000000000002
3.5203,2.9289000000000005
6.6999,5.654100000000001
2.8160000000000003,2.6565
3.3376,2.8089
4.5094,3.3203000000000005
1.6811,1.6545
3.2761,2.987
4.1857999999999995,3.6386000000000003
1.7128,1.616
4.0105,2.861
4.2250000000000005,3.5351000000000004
1.6571,1.7381
3.4985000000000004,2.9294
4.4504,3.3253000000000004
1.8467000000000002,1.4522000000000002
3.2687000000000004,2.6252000000000004
4.1903,3.2366
1.5381000000000002,1.6461000000000001
3.5366000000000004,3.4363
4.9865,3.3523000000000005
2.2382999999999997,1.6261
3.785,3.3033
4.1488000000000005,3.4918
1.4971,2.4082
3.1386000000000003,2.6625000000000005
3.6944,3.9259000000000004
1.6613,1.629
3.0961,2.8841
4.268800000000001,3.1839000000000004
1.6472000000000002,1.5998
3.2036000000000002,2.7531
4.1619,3.0686000000000004
1.691,1.6061
2.8149,2.6033000000000004
4.6593,3.2542
2.0189,1.4674
3.3190000000000004,3.1069
3.6466000000000003,3.4016
1.6913000000000002,1.6131000000000002
3.7907,2.773
4.471100000000001,3.6893000000000002
1.4021000000000001,1.4505000000000001
3.0280000000000005,2.6786000000000003
3.9992000000000005,3.1292000000000004
1.5150000000000001,1.5336000000000003
2.8522,2.876
4.2255,4.4276
2.0491,1.5937000000000001
3.8237,2.6996
4.1451,3.5846000000000005
1.5763,2.4036
2.9556,2.6115
4.117100000000001,3.0438
1.7288000000000001,1.5744
3.1559,2.4557
3.9314,2.9911
1.4321000000000002,1.659
3.2524,2.5509
4.874300000000001,3.176
1.4379,1.5786
3.6725000000000003,2.7182
5.1507000000000005,3.2317
1.3752,1.6405
3.4148000000000005,2.8268
4.3165000000000004,3.1107
1.6842000000000001,1.5558000000000003
3.4255,3.1705
4.5068,3.1699
2.0517,1.3516000000000001
3.2709,2.9226
4.1450000000000005,3.6247000000000003
1.6117000000000001,1.7358
2.9737,2.6687
4.1094,3.1282
1.7225000000000001,1.612
3.3955,2.8745000000000003
4.0243,3.2184000000000004
1.8670000000000002,1.6445
3.1728000000000005,2.974
4.5683,3.0167
1.6154000000000002,1.7012
4.129900000000001,2.4609
3.9089,3.1157000000000004
1.6429,1.74
4.5177000000000005,4.535200000000001
4.2826,3.1710000000000003
1.6825,1.586
2.6696000000000004,2.7149
4.8025,3.2123000000000004
2.7281000000000004,1.9572
2.6522,2.6529000000000003
4.2489,3.5508
1.5279,1.5232
3.0446,2.6158
3.8175000000000003,3.7902
1.4234,1.5148000000000001
4.9632000000000005,3.7021
4.7251,3.2772
1.9887,1.5507000000000002
2.9361,2.6749
4.3883,3.2556
1.6151000000000002,1.5475
2.9847,2.6326
6.240200000000001,3.2188000000000003
2.8723000000000005,1.6288
3.2700000000000005,2.8395
5.042400000000001,3.2150000000000003
1.8209000000000002,1.6243
3.1820000000000004,2.9629
4.8829,3.2534
1.7260000000000002,1.6646
3.1131,2.7107000000000006
4.9787,3.3754000000000004
1.825,1.5808
2.9875000000000003,2.7128
3.9650000000000007,3.0712
1.5919,1.9142000000000001
3.2192000000000003,2.9032000000000004
4.1755,3.6892
1.7497,1.5834
3.5774,2.614
5.3791,3.0715
1.6439,1.5447000000000002
3.0623,2.2652
3.8341000000000003,3.4807
1.2382,1.5669000000000002
3.204,2.9876
4.7114,2.9815
2.1401000000000003,2.076
3.2148000000000003,3.4572000000000003
3.8655000000000004,3.4485
1.5682,1.5493000000000001
3.495,2.6740000000000004
4.202500000000001,3.4247
1.8445000000000003,1.6935000000000002
3.9425,3.7118
4.042000000000001,2.954
2.9806000000000004,2.6980000000000004
5.6486,3.7399000000000004
7.729700000000001,4.655600000000001
2.4778000000000002,2.6324
4.380400000000001,4.4951
3.9015000000000004,3.0307000000000004
2.7408,2.8263000000000003
4.0244,2.9528000000000003
6.5040000000000004,4.8754
2.2829,1.7193000000000003
4.6909,4.824400000000001
6.5257000000000005,3.6541000000000006
2.967,2.1614
3.1702000000000004,3.3614
4.547300000000001,3.5413
1.8517000000000001,1.7011
3.7074,2.9614000000000003
4.146700000000001,3.8662
2.2391,1.6864
3.8261000000000003,2.7818
4.547300000000001,3.6902000000000004
2.0515,1.6723000000000001
3.0998,3.0525
4.2413,3.3681
1.4815000000000003,1.6173000000000002
3.4246000000000003,2.8463000000000003
4.3251,3.4513
1.91,1.7427
3.3871,3.1017
4.5582,3.4657000000000004
1.8719000000000001,1.8036
3.7497000000000003,3.2208
3.4907000000000004,4.3896999999999995
1.8664,1.5989000000000002
3.015,3.0922
4.6943,3.6166
1.7610000000000001,1.6939000000000002
3.3852,2.7600000000000002
5.8551,3.3967000000000005
1.9169,1.7074000000000003
3.7944000000000004,2.9538
4.502,3.1782000000000004
1.6203,1.6868
3.1045000000000003,2.6789
4.1421,2.8003000000000005
1.8605000000000003,1.6248
3.3453000000000004,2.6792000000000002
4.750300000000001,3.0669
1.5804,1.5574000000000001
3.5459,2.6346
4.084200000000001,3.1981
2.3358000000000003,1.7738
2.8886000000000003,2.6919
3.9348000000000005,3.3263000000000003
1.7275,2.0322
3.4228,2.9866
4.463,2.9384
1.8137,1.566
3.0634,2.5816000000000003
4.444500000000001,4.183800000000001
1.616,1.5937000000000001
3.2559000000000005,2.8316
3.8659000000000003,3.1384000000000003
1.6475000000000002,1.6953
3.4411000000000005,2.693
4.064,3.2912000000000003
1.8106000000000002,1.5910000000000002
3.0653000000000006,2.7686
3.8149000000000006,3.1445000000000003
1.5696,1.6788
3.3061000000000003,2.6683000000000003
3.7099,3.0064
1.6211000000000002,2.0666
3.6231,2.5615
4.4792,3.0840000000000005
1.5625,1.5
4.8101,2.6484
3.8471000000000006,3.5605
1.6175,1.5822000000000003
4.1646,2.6796
4.4998,2.5176
1.9197000000000002,1.631
3.6697,3.0606
4.3993,3.1992000000000003
2.2989,1.7613
3.2442,3.0432
3.8724000000000003,3.3106000000000004
1.5097,1.5565000000000002
3.2297000000000002,4.0583
4.1698,3.6253
2.0044,1.6039
3.2406,2.769
4.0294,3.0743000000000005
1.5402,1.4842000000000002
3.3317000000000005,2.8682
4.5978,3.2114000000000003
1.598,1.5393000000000001
3.3799000000000006,2.6641
4.0041,3.2156000000000002
1.7512,1.1480000000000001
3.1754000000000002,2.3967000000000005
3.9831,3.1845000000000003
1.5565000000000002,1.5381000000000002
3.2672,2.6649
6.295800000000001,3.2285
1.7766000000000002,1.8034000000000001
4.1509,3.0974000000000004
4.940200000000001,3.5611
2.2514000000000003,1.6890000000000003
3.4628,2.9606000000000003
3.8357,2.735
2.0663,1.4715000000000003
3.1473,2.6163000000000003
4.9007,3.0335
1.8091000000000002,1.4667000000000001
2.6701,2.4914
3.8227,2.9243
1.5292000000000001,1.5553000000000001
3.0011,2.7349
3.8039,3.3752
1.6342,1.5768000000000002
3.0904000000000003,2.6779
4.998900000000001,3.1539
1.2515,1.4534
3.0814000000000004,2.6103000000000005
3.744,2.9794
1.6587,1.8134000000000001
3.8842000000000003,2.7295000000000003
3.3400000000000003,4.2255
2.0659,1.5924
3.4936000000000003,2.7144
3.8910000000000005,4.134
1.5455,1.5595
4.4683,5.0131000000000006
5.545700000000001,4.010300000000001
1.4605,1.6199000000000001
3.2273,3.1049
4.0674,3.5109000000000004
2.0137,1.5525
3.3834000000000004,2.4807
3.6890000000000005,3.3106000000000004
1.7200000000000002,1.5982
2.9221000000000004,2.618
5.795000000000001,4.2169
2.094,1.5610000000000002
2.9458,2.6774000000000004
5.1221,5.0044
1.4263000000000001,1.4967000000000001
2.9955000000000003,2.6787
3.9388,3.0991
1.7868000000000002,1.6148
3.0709,2.6588000000000003
3.9198000000000004,3.7909
1.6679000000000002,1.7428000000000001
4.175800000000001,2.6833
3.9149000000000007,3.3034000000000003
1.5397000000000003,1.5291000000000001
2.9431000000000003,2.4653
3.8457,3.0115000000000003
1.4958,1.5350000000000001
3.4264,2.8632000000000004
4.9133000000000004,3.6334
1.5842,1.7277000000000002
3.7374,3.3752
4.8357,4.670000000000001
2.0379,1.8385
3.5306,2.7523
3.7599,3.3307
1.4047,1.5395
3.0461000000000005,2.6282
4.0040000000000004,3.0209
1.4499,1.6196000000000002
2.9827,2.9543
3.9083,3.088
1.7536,2.119
3.4486,2.7774
4.6422,3.0479000000000003
1.7563000000000002,1.6008
3.0050000000000003,2.5972
3.7051000000000003,2.7819000000000003
1.5409,1.7540000000000002
3.1543,2.6401000000000003
4.4364,2.9959000000000002
2.0301,1.5688000000000002
2.995,2.6432
4.252800000000001,3.0458
1.6035000000000001,1.5856000000000001
3.2443000000000004,2.6209000000000002
3.9440999999999997,4.1861
1.0339,1.5004
2.7809000000000004,2.7446
3.5818000000000003,3.0450000000000004
1.4466,1.4686000000000001
4.407400000000001,2.7994
3.6638,3.1366
1.5619000000000003,1.5285000000000002
3.1908000000000003,3.8821000000000003
4.2574000000000005,3.1121
1.7665,1.586
3.015,2.9356
3.7559000000000005,3.2135000000000002
1.4521,1.4846000000000001
3.4998000000000005,2.722
4.5258,3.1198
1.3639999999999999,1.502
2.9354000000000005,2.6722
3.8419,3.0231000000000003
1.8707,1.688
3.2576,2.7110000000000003
4.1827000000000005,3.0692000000000004
1.3891,1.4827
2.9061,2.6893000000000002
3.6788000000000003,2.9932000000000003
1.8412000000000002,1.7628000000000001
3.7495000000000003,2.7043000000000004
4.1249,3.0345000000000004
2.0858,2.7929
4.7377,2.6798
5.1798,4.1355
2.2113,1.6909
2.9088,2.8048
4.1523,3.1965000000000003
2.5918,1.5507000000000002
3.1616,2.7662000000000004
3.7282,2.9959000000000002
1.8804,1.7364000000000002
3.5985,2.5606999999999998
4.0433,3.6064000000000003
2.2256000000000005,1.8209000000000002
3.3324000000000003,2.9531
4.8615,4.394400000000001
1.7368000000000001,2.0170000000000003
3.621,3.1358
4.3065999999999995,3.3956000000000004
1.8256000000000001,1.7610000000000001
2.8389,3.1058000000000003
4.098,3.4516000000000004
1.6088,1.5324000000000002
3.2783,2.6562
4.037000000000001,2.9597
1.8528000000000002,1.7787
3.6684,3.2769
5.179,3.7979000000000003
2.0542,2.0398
3.1589,2.6838
3.7043000000000004,3.5986000000000002
1.6275,1.6833000000000002
4.1435,2.6898
4.6124,3.0259
1.6354000000000002,1.7779
3.3833,2.7251000000000003
4.964300000000001,3.333
1.6659000000000002,1.5858
3.5059,2.7222
3.9219,3.068
1.8626,1.6055000000000001
3.0312000000000006,2.6043000000000003
3.6118,3.0888
1.9407,1.6869
2.986,2.6776
5.3702000000000005,3.4961
1.3045,2.0215
3.7758000000000003,2.6676
4.215800000000001,3.5906000000000002
1.6032000000000002,1.5608
2.9918,3.0807
4.476800000000001,3.5581
1.78,1.5141
2.9764,2.5899
3.4213000000000005,3.1098000000000003
1.603,1.6434000000000002
3.5649,2.6925
3.7233,2.9595000000000002
1.6385000000000003,1.5425
3.3238,2.7289000000000003
4.514200000000001,3.1205
1.1538,1.4733
3.8637,2.709
4.097900000000001,3.1384000000000003
1.5091,1.5148000000000001
3.5863,2.6686
4.3679,3.0509
1.4994,1.4732
2.8550000000000004,2.6125000000000003
3.8163000000000005,3.0797000000000003
1.4992,1.5122
3.33,2.8924000000000003
3.7660000000000005,3.2068000000000003
2.3299000000000003,1.5695000000000001
3.2993,2.892
5.316400000000001,3.2342
1.549,1.5781
3.1035000000000004,2.7234
4.730600000000001,3.1755000000000004
1.5773,1.4020000000000001
3.1635,3.7868000000000004
4.446700000000001,3.7021
1.5331000000000001,1.4363000000000001
5.1186,4.5651
6.099600000000001,3.2935000000000003
3.0834,2.8311
3.1356,3.3221000000000003
3.7029,3.9826
1.5503,1.5711000000000002
3.0452,2.8635
4.2449,3.7661000000000002
1.5716,1.495
2.9084000000000003,2.5955000000000004
4.2311000000000005,3.0985
1.6904000000000001,1.536
3.4281,2.8839
3.8177000000000003,3.1089
1.5741,1.5208000000000002
4.184800000000001,3.1882000000000006
4.757600000000001,3.9677000000000002
1.9242000000000001,1.6117000000000001
2.8852,2.6415
4.6628,4.6088000000000005
1.8780000000000001,1.613
4.9122,3.98
19.3746,3.5105
3.8564000000000003,2.8449
5.2802999999999995,4.3318
7.7632,5.1824
2.4348,3.0512
6.5136,5.517500000000001
8.987200000000001,5.9255
2.7338,2.5936000000000003
20.5283,4.625000000000001
7.1252,6.0255
3.5892000000000004,2.7596000000000003
4.7175,4.2361
7.2776000000000005,5.515
4.168900000000001,2.8201000000000005
6.5195,5.5107
8.1107,6.0376
2.6501,8.062700000000001
6.5177000000000005,5.1193
7.5806000000000004,5.4925
2.7216,2.5414
5.7053,4.6688
8.142700000000001,6.3333
2.9536000000000002,2.8893
5.624700000000001,5.0269
8.270900000000001,6.0578
3.4317,3.3322
6.3721000000000005,5.5275
9.407800000000002,6.8858
2.7755,4.534000000000001
6.0637,5.3795
4.040800000000001,5.273
1.7736,1.7658
3.7401,3.14
4.8002,3.2226000000000004
3.2182,2.8487
3.6497,4.1564000000000005
5.5896,3.2496
1.5496,1.799
3.8085000000000004,2.9367
6.0075,5.628100000000001
1.7538,1.6895
3.5015,2.9981
7.6154,5.000100000000001
2.7945,2.4423
4.4574,5.0063
4.167000000000001,3.1465
1.9805000000000001,2.3654
3.0099000000000005,2.6161000000000003
4.4295,4.8415
1.6737000000000002,1.7614000000000003
3.7852,2.9866
6.4245,4.3876
1.9557000000000002,3.0368
5.309100000000001,4.7754
4.2095,4.190500000000001
2.5015,2.3818
3.2562,3.1785000000000005
4.7031,3.9886
1.621,1.6153
4.319800000000001,2.6001000000000003
4.133100000000001,3.1169000000000002
1.8750000000000002,1.7675000000000003
4.1329,4.7827
6.5423,3.3048
2.6042,1.6816000000000002
6.1413,4.6290000000000004
4.0833,3.3687
2.7204,2.9154000000000004
5.4941,4.4488
4.8536,3.1388000000000003
1.4671,1.8185
5.7179,2.8037
3.7384000000000004,3.9450000000000007
2.5645000000000002,1.8183
3.0904000000000003,2.4018
4.3864,3.2551000000000005
1.6304,1.604
2.9688000000000003,2.64
3.9709000000000003,3.1334
1.2821,1.6455
3.374,2.6248
4.3020000000000005,3.1018
1.7322000000000002,1.5730000000000002
3.6801000000000004,2.5459
3.8849,3.0604
1.5282000000000002,1.5154
2.9026,2.9523
3.7359000000000004,3.1951
1.7349,1.5773
2.8977,3.3931
3.9160000000000004,3.4726000000000004
1.6149,1.5279
2.8584,2.5981000000000005
3.9439,3.0111
1.5356,1.5315
3.3781000000000003,2.8240000000000003
3.9007000000000005,3.7885
1.2625000000000002,1.7052
3.4147000000000003,2.9199
4.0843,3.782
1.5627000000000002,1.5
3.1749,2.6217
4.1802,3.1506000000000003
1.4338,1.0823
3.7731000000000003,2.8721
4.6661,3.495
2.3516,1.7750000000000001
2.7030000000000003,3.9686
3.3763,3.3629000000000002
1.441,1.4284000000000001
3.7975,2.7149
4.0536,3.5904000000000003
1.7236,1.5979
4.2511,2.874
3.8391,3.1801000000000004
1.3221,1.5109000000000001
3.3873,2.8187
3.9871000000000003,2.6338000000000004
1.7128,1.7822
3.3754000000000004,2.8625
4.1608,3.164
1.6173000000000002,1.8137
2.9290000000000003,2.578
3.935,3.0296000000000003
1.4008,1.4527
3.0749000000000004,2.6093
3.7507,3.0324
1.6303,1.5113
3.5929000000000006,2.6486
3.7481000000000004,3.2897
1.423,1.5219
3.0467000000000004,2.6308
3.6602,3.0031000000000003
1.4224,1.482
3.0253,3.2394000000000003
4.2836,3.2289000000000003
1.5897000000000001,1.7762000000000002
3.3714,2.6718
4.0708,3.1888000000000005
1.637,1.3907
3.5533,2.8994000000000004
4.893000000000001,3.1282
1.7095,1.6383
3.0372000000000003,2.6946000000000003
4.063600000000001,3.1478
1.4688,1.3837000000000002
3.2556,3.8338
4.5517,3.1425000000000005
1.9351,1.9343000000000001
2.7275000000000005,3.5303
4.5949,2.9799
1.6752000000000002,1.7014
3.8982,3.2241
4.0265,4.621500000000001
1.6294,1.4997
2.9906000000000006,2.9717000000000002
3.9910000000000005,3.2982000000000005
1.9238,1.5923
3.2502000000000004,2.4371
4.0656,3.6354000000000006
1.6913000000000002,1.2349
3.3749000000000002,2.6710000000000003
4.5585,3.2727000000000004
1.7967,1.5877000000000001
4.2048,2.7041
4.6022,3.0849
1.5042,1.5499
3.4113,2.7435000000000005
3.8207000000000004,3.0671
1.3163,1.4602
2.9921,3.2725000000000004
3.8124000000000002,3.0954
1.9096,1.5246000000000002
3.287,2.7112
4.3348,3.1368000000000005
1.4300000000000002,1.5129000000000001
3.4182,2.7019
4.7358,3.4765000000000006
2.5583000000000005,2.3053000000000003
3.0184,2.7174
4.4913,3.0919000000000003
1.9707000000000001,1.6586
4.2654,2.7137000000000002
4.295100000000001,3.1712000000000002
1.5705,1.5473999999999999
3.1817,2.6761000000000004
4.4141,3.1961000000000004
2.4530000000000003,1.5516
3.1262,2.7584000000000004
4.8994,3.3935000000000004
1.4873,1.5989000000000002
2.7775,2.8119
4.7171,3.5617
1.6765,1.5386
3.2434,3.0340000000000003
4.312200000000001,3.3206
2.0255,1.5694000000000001
2.9429,2.6434
3.8211000000000004,3.0092
1.7229,1.6348
3.2681000000000004,2.6996
4.2194,3.115
1.5193,1.1214
3.3888000000000003,2.9012000000000002
6.1563,4.0238000000000005
1.8145000000000002,1.6673
3.0309,4.120100000000001
4.0308,3.0744000000000002
2.1002,2.2226
3.1639000000000004,2.7192000000000003
4.2896,3.2842000000000002
1.6295000000000002,1.8266
3.4396,2.6962
4.6995000000000005,3.1349000000000005
1.5273,1.5008000000000001
2.9287,2.6293
3.8074000000000003,3.0364000000000004
1.7484000000000002,1.5420000000000003
3.4585000000000004,2.6927000000000003
4.7511,3.0912
1.6914,1.5499
3.7016,2.8159
4.027100000000001,3.136
1.5621,1.5355
3.2525000000000004,2.9264
3.7740000000000005,3.1758
1.9099000000000002,1.6177000000000001
3.0078,2.6548000000000003
4.2315,3.0772
1.5413000000000001,1.5319
3.1593000000000004,2.4896000000000003
3.6151000000000004,2.7145
2.2325,1.5463
2.9530000000000003,2.5938000000000003
3.7258,2.9451
1.5918,1.5204000000000002
2.7685,2.9999000000000002
3.9612000000000007,2.7706000000000004
1.7995,1.7856
3.4024,2.9965
4.0878,3.2229000000000005
1.5562000000000002,1.592
3.7548000000000004,3.1959000000000004
4.4765999999999995,3.063
1.6173000000000002,1.5791000000000002
3.3149,2.3856
3.5662000000000003,3.0483000000000002
1.61,2.2
3.464,2.7732
4.1826,2.9124000000000003
1.5767000000000002,1.5358
3.4545,2.6562
3.8711,3.1752
1.9315,1.5370000000000001
2.9147000000000003,3.5182
4.298000000000001,3.7254
1.725,1.6058000000000001
2.8211,2.5536
3.9274,3.2709
1.9018000000000002,1.6803000000000001
3.4666,2.6547000000000005
3.9863,3.3049000000000004
1.5550000000000002,1.5312000000000001
3.1575,2.6882
3.9761000000000006,3.0631
1.6258000000000001,1.5070000000000001
3.0387,2.9737
4.019,3.3564000000000003
2.4689,1.5257
2.9287,2.6385
3.6567000000000003,3.0436
1.4592,1.4629
2.8507000000000002,2.4874000000000005
3.9857,3.2998000000000003
1.6772,1.5462000000000002
2.8602000000000003,2.5997000000000003
3.599,3.2299
1.5988,1.5265
3.1283000000000003,2.636
3.7302000000000004,2.9865
2.2157,1.558
3.2136,2.6202
4.4927,3.1217
1.5939,2.2611000000000003
3.5672000000000006,3.1191
4.8699,3.4402
1.8708000000000002,1.7298
3.5777,2.8594000000000004
4.183400000000001,3.6057
1.9658000000000002,1.7539
2.9871000000000003,2.6225
4.2758,3.1453
1.7565,1.7771000000000001
3.3179000000000003,3.0644
4.1412,3.1628000000000003
2.1557,1.5989000000000002
3.0688,2.6976
3.7477,3.7252
1.1697000000000002,1.7665
2.9947000000000004,2.696
4.6268,3.0377000000000005
1.2277,1.4428
4.4064000000000005,2.4456
3.8927,3.047
1.5212,1.5954000000000002
3.5313000000000003,2.5942000000000003
4.011500000000001,3.3245
1.6032000000000002,1.5873
3.4285,2.6807000000000003
4.2474,2.9954
1.5399,1.5954000000000002
4.591900000000001,2.8043
3.7042,3.0007
1.3866,1.4815000000000003
3.3355000000000006,2.8498
4.674300000000001,3.366
1.7343,1.7471
3.1106000000000003,3.0655
3.6187000000000005,3.7673000000000005
2.1726,2.176
3.3691000000000004,2.97
5.1591000000000005,3.673
1.8099,1.7992000000000001
2.8725,2.7304
4.709300000000001,3.1071000000000004
1.6278,1.5631
3.2635000000000005,2.9551
3.5805000000000002,3.096
1.6593,1.5652000000000001
3.4354000000000005,3.6846
3.9533,3.006
1.5414,1.4992
3.7746000000000004,4.0124
4.5621,3.2982000000000005
1.5015,2.5992
3.5263,2.8315
3.7423,3.4600000000000004
2.1137,1.5128000000000001
3.5357000000000003,4.026400000000001
4.9830000000000005,3.6781
2.4483,1.6246
3.7364000000000006,2.3469
4.1695,3.1879
1.8365,1.7740000000000002
3.0867000000000004,4.3143
4.5059000000000005,3.7
1.845,1.5871000000000002
3.9167000000000005,2.9558
4.0600000000000005,3.4493
2.0791,2.6177
2.7605000000000004,2.9665000000000004
3.7647000000000004,3.6033000000000004
1.7989000000000002,1.6351
3.1282,2.5937
3.7763000000000004,3.085
1.5986000000000002,1.5549000000000002
3.2676000000000003,2.6908000000000003
3.9288000000000007,3.1164
1.6252,1.6851
3.5207,2.6354
3.9105,3.2215000000000003
1.6691000000000003,1.6525
3.5711000000000004,2.7551000000000005
4.6898,3.3692
1.5876,1.5509
3.0978000000000003,2.6678
3.7518000000000002,3.0765000000000002
1.66,1.5432
3.3252000000000006,3.8268000000000004
4.1532,3.1522000000000006
2.1953000000000005,1.5332000000000001
3.1029,2.6130000000000004
4.512700000000001,3.0642
1.1367,2.1042
3.8857000000000004,2.6415
5.0469,3.6611000000000002
1.8024,1.9347
3.3853000000000004,2.8754
4.0497,3.1295
1.4708,2.7270000000000003
3.0763000000000003,2.6616
3.8659000000000003,3.0306
1.2443,1.5938
3.1402,2.8874
4.0097000000000005,3.1139
1.7259,1.6295000000000002
3.0582000000000003,2.6183
4.212700000000001,4.0474000000000006
1.5262000000000002,1.5209000000000001
4.7010000000000005,2.6329000000000002
4.102900000000001,3.1409000000000002
1.9453,1.5248000000000002
3.7712000000000003,2.7340000000000004
3.9036,2.9969
1.7171,1.5473999999999999
3.0167,2.5676
3.7678000000000003,3.0872
1.6612,1.6828
3.2293,2.5887000000000002
4.993500000000001,3.0587
1.5412000000000001,1.5500000000000003
2.4623000000000004,2.578
3.9486,3.0627000000000004
1.7664000000000002,1.7653
4.2517000000000005,2.6708000000000003
4.0275,2.8688000000000002
2.3422,2.3408
3.2211000000000003,2.6333
3.9483,3.4495000000000005
1.6876,1.5243000000000002
5.249200000000001,2.3958
3.8468,4.6458
2.007,1.7018
3.5732000000000004,3.3233000000000006
4.0841,3.2396
1.6317,1.9267
3.063,3.3252000000000006
4.0866,3.4714000000000005
1.4607,1.5095
3.1639000000000004,2.8124000000000002
4.1313,3.2292
1.7305000000000001,1.7897000000000003
3.3434000000000004,3.3718000000000004
3.9461,3.1306000000000003
1.7662000000000002,1.6275
3.4715000000000003,2.7055
3.7665,3.0467000000000004
1.7816,1.5791000000000002
3.0963000000000003,2.5867000000000004
3.4559,3.0246
1.7583000000000002,1.5966
3.3664000000000005,3.0873000000000004
3.7340000000000004,3.5307000000000004
1.4439000000000002,1.4582
5.6121,2.846
4.1787,3.245
1.7862000000000002,4.3219
3.2951,3.9206000000000008
5.226000000000001,3.6143000000000005
1.8298,1.9421000000000002
3.1875000000000004,2.8392
3.9476,3.0570000000000004
1.5320000000000003,1.5997000000000001
3.2714000000000003,2.8121
3.8496,3.4202000000000004
1.7808000000000002,1.6723000000000001
4.140000000000001,2.9566000000000003
4.2182,3.5773
1.9435000000000002,1.6923000000000001
3.486,2.8998
4.0368,3.6505
2.0179,1.7726
4.6835,2.9905
4.7545,3.6655
2.1996,1.716
6.4805,2.8494
4.4397,3.0318000000000005
1.6349,1.7175
3.8408,2.9075
4.0787,3.3869000000000002
1.9706000000000004,1.7663000000000002
3.3157000000000005,2.8814
4.172700000000001,3.3281
1.4876000000000003,1.6122
3.49,2.9205000000000005
4.502800000000001,3.2501
2.1508,1.7329
2.8216,2.9345
4.1172,3.1237
1.4817,1.4645000000000001
3.2781000000000002,2.5941
4.253500000000001,3.9656000000000007
1.9732,1.5707000000000002
3.2904,2.6827
3.4951000000000003,3.1272
1.4237000000000002,1.4548
2.9461,2.4031000000000002
4.063600000000001,3.0776000000000003
1.7574,1.8244
4.580500000000001,2.8402000000000003
3.2561,3.0477
1.4485000000000001,1.1734
2.8245,2.64
4.267200000000001,3.6263
1.6707,1.9894
3.2184000000000004,2.8287
4.0713,3.1862000000000004
1.5571000000000002,1.5270000000000001
3.2511,2.7301
4.015700000000001,3.1889000000000003
1.7124000000000001,1.5494
2.7473,3.5587
6.1554,3.4208000000000003
1.8102,1.7076
3.1872000000000003,2.4284000000000003
4.0015,3.1042
1.6250000000000002,1.7634
3.1015,2.7957000000000005
4.243,3.3759
1.7653,1.8726
3.1814,2.8701
5.7490000000000006,3.201
1.6361,1.6649000000000003
3.3866,2.9356
5.0533,3.4206000000000003
2.0356,1.7217
3.7096000000000005,3.0812
4.2416,3.3403
1.6166000000000003,2.2795
4.658200000000001,2.7708000000000004
3.934,3.4873
2.0501,1.6862000000000001
4.104800000000001,2.5494000000000003
4.159400000000001,3.2218000000000004
1.6908,1.7982
3.1027000000000005,3.0307000000000004
4.0644,3.5625
1.9312,1.5807000000000002
3.4419000000000004,3.0082000000000004
3.6075,4.1264
2.7,1.5128000000000001
2.9908,2.7227
4.4442,3.2237000000000005
1.5343000000000002,1.5335
3.3068000000000004,2.6913
3.9145000000000003,3.1071000000000004
1.4022999999999999,1.4872
3.4650000000000003,2.9877000000000002
3.4246000000000003,3.3261000000000003
1.673,1.1199000000000001
4.1975,2.6676
4.015700000000001,3.676
1.6329,1.5421
3.0987000000000005,2.7952000000000004
3.7600000000000002,3.1082
1.8852,1.3762
3.5574,2.6332
3.5933,3.0036000000000005
1.4559,1.1885000000000001
3.661,2.8105
3.7305,3.7194000000000003
2.5333,1.5345
3.1947000000000005,2.942
4.2256,2.623
2.0211,1.8205
3.0568,2.6689000000000003
4.314100000000001,3.0984000000000003
1.4680000000000002,1.5509
2.8126,3.0799
3.8485000000000005,3.7212
1.4663,1.5159000000000002
3.6299,2.3906
4.4018,3.6479000000000004
1.9715000000000003,1.4412
3.3001000000000005,2.4279
4.1814,2.8488
2.1713999999999998,1.8373
3.6998,2.8564000000000003
3.5619,3.1204
1.5470000000000002,1.1134000000000002
3.1215,2.4477
3.96,3.1097000000000006
1.7405000000000002,2.0443000000000002
5.325900000000001,2.7947
4.5001,4.4308000000000005
2.1449,1.7494
4.0235,2.9652000000000003
3.7264000000000004,3.3319
1.6384,1.6063000000000003
3.1818000000000004,2.9598000000000004
3.4908,3.3837
1.4654000000000003,1.9076000000000002
3.3192,2.6119000000000003
4.613900000000001,3.0006000000000004
1.7831000000000001,1.5025000000000002
2.8383000000000003,3.0168
4.64,2.9174
1.3766000000000003,1.4462000000000002
3.5109000000000004,3.161
3.8832000000000004,3.0676
2.1284000000000005,1.3185
4.9112,2.4148000000000005
3.4812000000000003,3.6675
1.5355,1.6956
4.659,2.6918
3.7466,3.04
1.7096000000000002,1.9066
3.8348,2.7022
3.6927000000000003,3.2435000000000005
1.5984,1.5698
3.3023000000000002,2.6264000000000003
4.061400000000001,3.3486000000000002
1.4005,1.4557
3.1947000000000005,2.8459000000000003
4.147900000000001,3.1901000000000006
1.4620000000000002,1.4725000000000001
2.6509000000000005,3.2510000000000003
4.2918,2.5465
1.6812,1.3176
4.1965,2.6548000000000003
3.5609,3.6130000000000004
1.5208000000000002,1.5993000000000002
3.1149000000000004,3.2425
5.2396,3.2057
1.2488,1.9276
3.4105000000000003,2.6535
3.6830000000000003,3.1609000000000003
1.5238,1.5684000000000002
3.0234,3.0171
3.7935000000000003,3.2659000000000002
1.7414,1.6422
3.5411,2.6955
4.6947,3.105
1.7866000000000002,1.4626000000000001
3.3914,2.5294000000000003
4.389200000000001,3.2102000000000004
1.4693,1.1753
3.8856,3.0381
3.6498000000000004,3.0103
1.5259000000000003,1.7299000000000002
3.2207000000000003,2.5844
4.253500000000001,3.2698
1.4086,1.5223
3.4298,2.7395
4.407100000000001,2.9194000000000004
1.1384,1.5005000000000002
3.9665000000000004,2.8597
4.3283000000000005,3.1603
1.5575,1.5248000000000002
3.3644,3.1934000000000005
4.154000000000001,3.9425
1.8035,1.5501
3.0065,2.9861000000000004
4.0397,3.3116
1.5523000000000002,1.6942000000000002
2.983,2.6012
4.745500000000001,2.9327000000000005
1.6725,1.5515
3.4961,3.4351000000000003
3.641,3.9214
2.4252000000000002,1.5848000000000002
5.1529,3.0046
4.194300000000001,3.3797
1.7545000000000002,2.2965
3.2654000000000005,2.6908000000000003
3.8924000000000003,3.072
1.7146000000000001,1.7687
4.4106000000000005,2.7833
3.8112000000000004,3.4396
2.0548,1.6044000000000003
3.9673,3.1809000000000003
3.9977,4.3367
1.7366000000000001,1.5485000000000002
3.1976,2.6544000000000003
5.51,3.3167
2.1053,1.6872
3.4995,2.8607000000000005
4.611700000000001,3.1251
1.8417000000000001,1.8299
3.1003000000000003,4.1658
4.4399,3.8132
2.2196,1.8870000000000002
3.9337,2.6616
4.5463000000000005,3.8150000000000004
2.2891,1.7994
4.4478,2.9505
4.0356000000000005,3.7651000000000003
1.7195,1.9124
3.4081,3.2652
4.537,3.7471
2.3572,1.8288000000000002
4.072500000000001,3.0102
4.5466999999999995,3.7841000000000005
1.6612,1.862
3.4767,2.9104
4.5781,3.8645000000000005
2.8251,1.7639
4.0916,2.9633000000000003
4.2477,4.1207
2.5610000000000004,1.8271000000000002
3.8176000000000005,2.8575000000000004
4.663400000000001,3.9775
2.0743000000000005,1.7324
3.6072,2.8732
4.4362,3.2821000000000002
1.6379000000000001,1.9031
3.2698,2.9966000000000004
4.051900000000001,3.3349
1.5597,1.6079
2.8599,2.6472
4.111400000000001,3.2575000000000003
1.7185000000000001,1.5462000000000002
3.0382000000000002,3.2088000000000005
4.085100000000001,2.9064000000000005
1.2154000000000003,2.2295000000000003
3.4174,2.5028
4.1324000000000005,3.0446
1.401,1.4564000000000001
2.8962000000000003,2.6391
4.087000000000001,3.2410000000000005
2.0076,1.6164
3.1837000000000004,3.0737000000000005
5.122800000000001,3.2805
2.5113000000000003,1.5223
3.6339,2.7203
4.8437,3.2192000000000003
1.8529000000000002,1.6228000000000002
3.0875000000000004,2.6619
4.745500000000001,3.7714000000000003
1.6437000000000002,1.6084
3.2101,2.7163
4.0086,3.0903
1.7497,1.6077000000000001
3.1941,2.7039
3.5831,3.0528
1.6839000000000002,1.5410000000000001
2.8469,2.6688
4.7275,2.9718999999999998
1.7699,1.7364000000000002
3.2587,3.2475000000000005
3.9717,3.3466000000000005
1.752,2.5085
3.7111,2.7826
4.872400000000001,3.5300000000000002
1.9437,2.7608
2.9561,2.8653000000000004
4.0125,3.1556
1.3427,1.907
3.8813000000000004,2.7430000000000003
4.8471,3.6746
2.0973,1.6851
2.5213,3.5045
4.7476,3.5676
1.6205000000000003,1.5649000000000002
3.1335,3.2517
4.3185,2.9567
1.8973000000000002,1.5258
2.9894000000000003,2.7625
4.622800000000001,2.7892000000000006
2.7352000000000003,1.5582
2.7443000000000004,2.2470000000000003
4.2158999999999995,2.9250000000000003
1.6560000000000001,1.7883
3.1259,2.6296000000000004
4.205100000000001,3.1940000000000004
1.8976000000000002,1.5239
3.1163000000000003,2.2698
4.6448,2.9466
2.1593000000000004,1.521
3.5333,2.7087
4.1112,3.0953
1.6923000000000001,1.4384000000000001
3.4836000000000005,2.722
3.8662,4.2998
1.3101,1.7126000000000001
3.0633000000000004,3.5267000000000004
3.2875,3.0864
2.0238,1.5047000000000001
3.3258,2.8946
5.2302,3.4904
1.5751000000000002,1.5545000000000002
3.1943,2.6954000000000002
3.9991000000000003,3.0896
1.6641000000000001,1.5713000000000001
3.1819,2.4327000000000005
3.9199000000000006,3.2613000000000003
1.7897000000000003,1.5183
3.0421000000000005,2.7025
3.827,3.4093
1.6270000000000002,1.6412
3.0755,2.6199
3.8733,3.0803000000000003
1.5414,1.5154
2.8766,3.5025000000000004
4.1332,3.2844
2.7082,1.4837
3.3099000000000003,3.0365
4.1105,2.964
1.4753,1.5004
3.0832,2.6164
3.6689000000000003,3.1129000000000002
1.5655000000000001,1.5163000000000002
4.175800000000001,2.5418000000000003
5.4437,4.2330000000000005
1.7717000000000003,1.5503
3.5449,3.1749
4.5453,3.504
1.4437,1.1215000000000002
3.6589,3.2692
3.5358000000000005,4.049300000000001
1.6182000000000003,1.4879000000000002
3.3708,2.9132000000000002
4.5421000000000005,3.1856000000000004
1.4222,1.5290000000000001
2.8480000000000003,2.8074000000000003
3.9055,4.412400000000001
2.8711,2.3437
5.750500000000001,4.4951
5.849500000000001,5.5036
2.544,2.1723000000000003
3.8208,2.7046
4.3383,3.4926000000000004
1.691,1.7412
5.2461,3.7575000000000003
7.6569,5.390300000000001
1.6096000000000001,1.6378
3.7896,2.9562
3.6983,3.3320000000000003
1.6404,1.6897000000000002
2.9868000000000006,2.9997000000000003
4.3802,3.2766
1.701,1.7471
3.0298,2.975
4.197100000000001,3.6024000000000003
1.4959,1.5421
3.0574,2.6648
3.8769000000000005,3.5982000000000003
1.5165,1.5988
2.7882000000000002,2.7389
4.1524,3.2931000000000004
1.5494,1.8409000000000002
3.3255000000000003,2.7399
3.8655000000000004,3.1553
1.6674,1.6086000000000003
3.3554,2.7036000000000002
5.2304,3.2649000000000004
1.6201,1.5945
3.9754000000000005,2.6798
4.4043,5.3885
1.0627,1.6078000000000001
3.6289000000000002,2.6228000000000002
3.8191,3.5989000000000004
1.9381000000000002,1.5539000000000003
2.9281,2.7141
3.8930000000000002,2.9701000000000004
1.3219,2.2147
5.948,3.0
3.9645,3.3267
2.3124000000000002,1.5557
3.644,2.7338
4.6395,3.1219000000000006
1.5326,1.5612
3.1571000000000002,2.6548000000000003
4.6574,3.1582000000000003
1.8236,1.9002000000000001
3.1959000000000004,2.2468000000000004
4.5008,3.6018
2.4445,2.1558
4.8966,4.2365
4.713,4.5358
1.9754,1.7598000000000003
3.3773,3.5380000000000003
3.9181,3.3864000000000005
1.5927,1.7258000000000002
3.432,2.8475
5.7935,5.318600000000001
1.6616,1.7112000000000003
3.7351000000000005,3.2164
6.527900000000001,3.9455
2.0323,1.8645
3.8763,3.0663
4.3459,3.3595
1.873,1.6967
3.7199000000000004,2.9321
4.607200000000001,3.5498000000000003
1.7213,1.6549000000000003
3.834,3.019
4.5203999999999995,3.2898
2.2596000000000003,1.4805000000000001
3.4548,2.9186000000000005
4.502600000000001,3.6282
1.2082,1.6505
3.4695000000000005,2.8206
4.3285,3.7159000000000004
2.0403000000000002,1.6983
3.0947,3.0795000000000003
5.1721,3.8390000000000004
1.7509000000000001,1.9715000000000003
4.186000000000001,2.6345
4.5844000000000005,3.8677000000000006
1.5867000000000002,1.7688000000000001
3.1036,2.8318000000000003
4.0114,3.2416000000000005
1.4939,1.3181
3.6056,2.9645
4.4670000000000005,3.7787
1.7512,1.6746
4.1376,2.3958
4.362,3.2359000000000004
1.4246,1.5036
3.5714,2.6821
3.7759000000000005,3.1323000000000003
1.8422000000000003,1.5796000000000001
3.3785000000000003,2.568
4.3263,3.3515
1.7244000000000002,1.5295
2.9529,2.7134000000000005
4.3,3.1718
1.7964,2.4033
3.8313,2.7499
5.229500000000001,3.1203000000000003
1.6898000000000002,1.6909
3.3239,2.6575
4.198,3.2180000000000004
1.6560000000000001,1.6181
2.6998,2.6759
3.8364000000000003,3.273
1.8347,1.7249
3.0581,2.6508
4.234500000000001,3.2182
1.7109,1.5435
3.2038,3.4936000000000003
4.703900000000001,3.1717000000000004
1.7697,1.5762
3.1425000000000005,2.6433000000000004
4.3116,3.0808000000000004
1.4381000000000002,1.8389
3.4733000000000005,2.6897
3.4830000000000005,3.5705000000000005
2.3018,2.4048000000000003
6.3927000000000005,4.4158
5.862,3.3859000000000004
2.3201000000000005,3.0753
5.4314,4.8917
3.9038000000000004,3.3718000000000004
1.6156,1.4203
5.0916,3.056
7.3569,5.2712
2.7950000000000004,2.6243
5.687800000000001,4.6017
4.0760000000000005,4.3787
2.1327,1.6097000000000001
3.5225,2.8855
4.4939,3.4442
1.8467000000000002,1.6307
3.1954000000000002,2.6936
4.1451,3.0504
1.6531,1.9026
3.0579,2.8970000000000002
3.8974,3.0856000000000003
2.4533000000000005,1.9461000000000002
4.3071,3.6980000000000004
4.452400000000001,3.441
1.4971,1.7452
4.6496,2.6725
4.1861,3.1420000000000003
1.9978,1.5099
2.9153000000000002,2.6344000000000003
3.7271,3.0062
1.8245000000000002,1.647
2.9698,2.6390000000000002
3.9532000000000003,3.0732000000000004
2.3931,1.5623000000000002
3.246,2.6413
4.018800000000001,3.1329000000000002
1.5646000000000002,1.5589
3.2297000000000002,2.6082
3.8775000000000004,3.2156000000000002
1.4722000000000002,1.5045000000000002
3.7116000000000002,2.8616
4.2049,3.3455000000000004
1.5779,2.0353000000000003
3.3868,2.5284
4.2349000000000006,3.0359000000000003
1.6447,1.5115
2.4044000000000003,2.4902
4.368600000000001,3.1047000000000002
1.6171,1.3489
3.9318,2.611
3.9365,3.1309000000000005
1.6473000000000002,2.4305
3.9204,4.3964
4.417600000000001,3.5336
2.1068000000000002,1.6085
5.2591,2.8914
4.5106,3.5988
2.7092,1.864
3.5663,2.6277000000000004
3.3419,4.0055000000000005
1.8512000000000002,1.5626000000000002
3.0541,2.9038000000000004
4.942,3.1443
1.6540000000000001,1.2861
3.0995000000000004,2.9850000000000003
3.9915000000000003,2.9971000000000005
1.5008000000000001,2.0073
4.3901,4.2384
4.6688,3.8209000000000004
1.9810999999999999,2.5702000000000003
3.4872,2.9863000000000004
4.023300000000001,3.1200000000000006
1.7885000000000002,1.7864
3.2789000000000006,2.7223
4.078500000000001,3.4003
1.7751000000000001,1.7402000000000002
2.7278000000000002,2.8406
4.340400000000001,3.0724000000000005
1.6118000000000001,2.0199000000000003
3.4886,2.7294000000000005
4.3862000000000005,3.3886000000000003
1.7272,1.5473000000000001
3.2973000000000003,2.724
3.8498000000000006,3.1430000000000002
1.9911,1.6984000000000001
3.1938,3.2842000000000002
3.9081,3.2398000000000002
1.4348,1.5867000000000002
3.3238,2.6835999999999998
3.9115,3.1321
1.6254000000000002,1.5958
3.9251,2.7540000000000004
3.7608,2.9906000000000006
1.5154,1.9505000000000001
3.0724000000000005,2.8577000000000004
4.213900000000001,3.0615
1.3936,1.9263000000000001
3.3411,2.8914
4.2531,6.0296
1.5625,1.6509
3.1307,2.9947000000000004
4.436000000000001,3.4871000000000003
1.558,1.4916
4.266000000000001,3.047
3.9765,3.1839000000000004
1.6019,1.6486
3.4096,2.8576
3.9253000000000005,3.3342
1.9088000000000003,1.6141
3.3898,2.8494
5.4833,3.1998
2.2088000000000005,1.572
3.5073000000000003,2.6799000000000004
5.4231,2.6596
1.6861000000000002,1.6407
3.0541,2.6599000000000004
3.96,3.1535
1.4689,1.5970000000000002
3.1521000000000003,3.1954000000000002
4.3761,3.4084000000000003
2.7383,2.1777
3.4289000000000005,2.5401
3.9133000000000004,2.9231000000000003
1.6437000000000002,2.0083
3.5512,2.6952
3.9624000000000006,3.1550000000000002
1.5420000000000003,1.4946
3.2166,2.7484
4.978800000000001,3.1729000000000003
1.5059,1.585
3.6842,2.7388
4.2893,2.9766000000000004
1.6402,1.1915
4.2269000000000005,2.7069000000000005
4.257700000000001,3.0494000000000003
1.649,1.5957000000000001
3.4875000000000003,2.7051000000000003
3.4253,3.1779
1.8239,1.8114000000000001
2.3564000000000003,2.8015000000000003
4.552700000000001,3.7771000000000003
1.5935000000000001,1.4801
2.6783,2.7516000000000003
3.9549,2.9819
2.3786,1.5226
3.0027,2.5857
4.221500000000001,3.0692000000000004
1.4176,1.5323000000000002
4.1091,3.9295
3.7609000000000004,3.2111
2.1423,1.6093000000000002
4.2769,2.7814
4.3554,3.431
1.6680000000000001,1.4846000000000001
5.2071000000000005,4.154000000000001
3.6955000000000005,3.0824000000000003
1.7236,1.7348000000000001
3.1765,2.6931000000000003
4.1734,3.3701
1.6696,1.8389
4.4006,2.7204
5.6146,3.0665
1.7392000000000003,1.572
3.95,2.6899
4.0293,3.346
2.2257000000000002,2.2978
2.9776000000000002,2.6216
4.1317,3.0547
1.5904,1.5331000000000001
3.2801,2.7468000000000004
4.5178,3.2779000000000003
1.5702,1.5050000000000001
3.1916,2.6664000000000003
4.1767,3.0432
1.2965000000000002,1.2988000000000002
4.646,3.1976
4.0349,3.2157
1.3295000000000001,1.2633
3.3164000000000002,3.1077000000000004
4.1154,3.2095000000000002
1.467,2.3449
3.0816000000000003,2.4450000000000003
4.183400000000001,3.1458000000000004
1.5551,1.5792
3.1566,2.3031
4.4332,3.4223
2.3136,2.0372000000000003
3.3907000000000003,3.1953000000000005
6.3688,3.6529000000000003
1.7326000000000001,1.3332000000000002
3.3946,2.5303
4.1516,2.4968
1.8335000000000001,2.1888
3.3544,2.8481
4.0505,3.5663
1.8508,1.5593
3.238,3.3535
4.953200000000001,3.4469000000000003
1.8690000000000002,1.6489
7.057300000000001,6.1821
4.1116,4.5899
2.2704999999999997,1.7436
3.4299,2.9334000000000002
7.0866,5.034700000000001
1.8301,1.6007
3.0508,2.6481
3.6527,3.0452
1.4515,1.5561
3.2933000000000003,3.0969
3.7149,3.2024000000000004
1.8869000000000002,1.5277
2.9845,2.6395000000000004
4.3915999999999995,3.1624000000000003
1.6011,1.5452000000000001
3.1597,2.6367000000000003
4.4453000000000005,3.6453
1.6037,1.8643
3.4806000000000004,2.7352000000000003
4.151800000000001,3.1731000000000003
1.4962,1.4795
3.1352,2.8031
3.8889000000000005,3.3646000000000003
1.7148,1.5459
3.184,2.5724000000000005
5.0099,3.1538
1.6613,1.5487000000000002
3.2414,2.6812000000000005
4.9339,3.0513000000000003
1.7066000000000001,1.5614000000000001
3.3976,2.7639
4.034000000000001,3.1513
1.5553000000000001,1.5292000000000001
3.0882,2.8371000000000004
5.2515,4.261500000000001
1.6865,1.872
4.437500000000001,3.0389000000000004
5.996,3.176
1.5832000000000002,1.6804000000000001
3.4836000000000005,3.2187
3.6769000000000003,3.1296000000000004
1.7037,1.8952
3.428,2.7866
3.8910000000000005,3.5546
1.6858000000000002,2.0897
3.8613000000000004,2.8024
4.6498,3.4051000000000005
1.4013,1.5484000000000002
3.3257,2.7152000000000003
4.9919,3.1483000000000003
1.6551,1.7072
3.4215,2.9359
4.230700000000001,3.5018000000000002
2.3649,1.5449000000000002
3.5036000000000005,2.7787
3.9984,3.3273
1.494,1.8208
3.2585,3.2659000000000002
4.160900000000001,3.0313000000000003
1.6757,1.8213000000000001
4.1436,2.762
3.8531000000000004,3.2874000000000003
1.7141000000000002,1.6957
3.5765000000000002,3.5685000000000002
3.6632000000000002,3.3192
1.8687,1.7861
3.5869,3.4365
5.0213,3.2539000000000002
1.6367,1.6826
3.4000000000000004,2.9046000000000003
4.3249,3.199
1.4807000000000001,1.5535
3.39,2.71
3.9934000000000003,3.2593
1.6497,1.5782
3.3865000000000003,2.8895
3.8591,3.2072000000000003
2.7115000000000005,2.0101000000000004
3.3784,2.6246000000000005
3.8578,3.3157000000000005
1.7158000000000002,1.4819000000000002
3.1202,3.5260000000000002
4.0699000000000005,3.1641
1.6801000000000001,1.6197000000000001
3.7735000000000003,2.6670000000000003
4.1424,3.3237
1.5515,1.5812000000000002
3.0956,2.6685000000000003
3.9663,3.0422000000000002
1.3991000000000002,1.7996
3.6809000000000003,2.6916
5.0341000000000005,6.0375000000000005
2.1824000000000003,3.1242
4.177700000000001,3.0537000000000005
4.476500000000001,3.3382000000000005
1.7687,1.7958000000000003
3.0866000000000002,2.8235
4.0863000000000005,3.1652000000000005
1.6757,1.5972
3.4193000000000002,3.0014
4.1285,3.4757000000000002
2.1067,3.4855000000000005
2.7928,2.7686
3.7389,3.3269
1.8182,1.6092000000000002
2.6783,3.1950000000000003
4.088900000000001,3.4488000000000003
1.4294000000000002,1.4884000000000002
3.029,2.5738000000000003
3.9659000000000004,3.1117000000000004
1.5764000000000002,1.5347000000000002
3.0092,2.7109
4.5566,3.6639000000000004
2.4561,4.1644000000000005
3.5857,3.4366000000000003
4.8872,3.4050000000000002
1.8489000000000002,1.2738
3.8677000000000006,2.594
4.4146,3.6095
1.2321,1.5477
3.9036,2.7485
4.0894,3.9272000000000005
1.4873,1.4746000000000001
3.0518000000000005,2.6578
4.6371,3.4439
1.6352,1.4567
3.2950000000000004,2.3299000000000003
3.3604000000000003,3.6861
2.1074,1.5763
3.181,2.8289
7.1199,5.0767
3.0393,2.483
3.1471000000000005,2.3426
4.0523,2.715
8.7086,1.8803
3.5788,2.8161
5.490200000000001,4.2176
2.0598,1.7281000000000002
3.7546000000000004,3.9849000000000006
4.2216,3.0435000000000003
1.4636,1.7846000000000002
3.8878000000000004,2.6731000000000003
5.1824,3.0669
1.8545,1.5975000000000001
2.791,2.637
3.744,3.6174000000000004
1.6869,1.8920000000000001
3.9314,2.9151000000000002
4.277900000000001,4.5918
2.0847,1.5374
2.8807000000000005,2.5632
3.8014000000000006,3.0168
1.77,1.5355
3.1693000000000002,4.1145000000000005
3.8943000000000003,3.5064
2.1026000000000002,2.1511
5.4251000000000005,3.2140000000000004
4.4234,4.4548
1.8654000000000002,1.7916
3.6033000000000004,2.4076000000000004
4.5671,3.6524
1.8247,1.6771000000000003
3.9269000000000007,2.8385000000000002
4.219600000000001,3.3859000000000004
1.9823000000000002,1.7333
3.0854000000000004,3.0821000000000005
4.6588,3.7147
1.7233,1.6836000000000002
3.6144000000000003,3.0288000000000004
4.5023,3.4339
1.9130000000000003,1.8942
4.1785,4.259900000000001
5.2171,3.0689
1.3721,1.7103000000000002
3.6019000000000005,2.9148000000000005
5.0040000000000004,3.3679
1.8126000000000002,1.5388000000000002
4.350300000000001,2.9631000000000003
3.8314000000000004,3.3512000000000004
2.0556,1.6094000000000002
3.9453000000000005,3.1566
5.0677,3.6197000000000004
2.1179,1.6797000000000002
3.3885,3.0569
3.7852,3.4561
1.8247,1.7078000000000002
3.3002000000000002,2.7203
3.8206,3.0295
1.5803000000000003,1.5420000000000003
3.4278000000000004,3.1103000000000005
4.7405,3.1171
1.808,1.6503
3.7830000000000004,2.8149
3.6863000000000006,3.1002
1.6683000000000001,1.5344
3.0892000000000004,2.7152000000000003
5.6839,3.2011000000000003
1.7577,1.6074000000000002
3.3629000000000002,2.7515
3.7822000000000005,3.0564000000000004
1.5302,1.5132
3.1670000000000003,3.3939
4.3717,4.0121
2.0169,2.9330000000000003
3.7906000000000004,4.1643
4.9430000000000005,3.6546
1.7012,1.6372000000000002
3.3021000000000003,4.4028
4.4523,3.8989000000000003
1.7149,1.729
3.6716,3.1792000000000002
4.7665,3.1565
2.8347,1.5722000000000003
3.3191,2.7395
4.568200000000001,3.1259
1.7795,1.7172
3.3316,2.8638
4.4837,3.1231
1.5567,1.6059
3.5168,3.4683
4.0049,3.4873
1.9071,1.7574
2.9946,2.9345
3.805,4.0507
1.721,1.2553
3.3640000000000003,2.7548
3.8504000000000005,3.3271
2.6185,1.6596
3.1477000000000004,2.9354000000000005
4.443,4.6122000000000005
1.7917,2.0162999999999998
3.3567,2.898
4.238700000000001,3.1042
2.5369,1.5984
4.6714,2.7751
4.611300000000001,3.1476000000000006
1.5410000000000001,1.6071000000000002
3.1270000000000002,3.0522
5.125800000000001,3.2652
1.5482,1.5746
3.9709000000000003,3.0385000000000004
4.0809,3.5854000000000004
1.9059000000000001,1.3417999999999999
3.572,2.9837000000000002
4.7028,4.3379
2.2285,2.8717
3.1986000000000003,2.9683
4.0773,3.8452000000000006
1.8958000000000002,1.9061000000000001
4.0282,2.7039
4.2326999999999995,3.1507
1.7035000000000002,1.5861
3.3830999999999998,2.7774
3.8333000000000004,3.0083
1.7899,1.7939000000000003
2.7607,2.8181
3.746,3.18
1.5995,1.7921
3.0047,2.8334
4.5327,3.2832
1.4788000000000001,1.4837
3.2451000000000003,2.6662
4.2309,3.0829000000000004
1.3902,1.5781
3.1986000000000003,2.6454
3.5329,3.0538000000000003
1.6761,1.6543
2.9523,2.6303000000000005
4.5744,3.1270000000000002
1.6781000000000001,1.5511000000000001
3.1507,2.309
4.355700000000001,3.1393000000000004
2.1622,2.6679
4.7026,2.2706000000000004
4.3464,4.931900000000001
2.2351,1.5929000000000002
3.33,2.7144
3.5399000000000003,3.0054000000000003
1.6527,1.6145
3.6236,3.9409000000000005
4.3711,3.5424
2.1351,1.5936000000000001
2.9948,2.9281
5.3,3.4624
1.8105,1.3888000000000003
2.8106000000000004,3.2782
5.1655,3.5396000000000005
1.7577,1.1596
3.0766,2.5789000000000004
4.9392000000000005,2.4856000000000003
1.6307,1.6438000000000001
4.012900000000001,3.3363000000000005
3.2772,3.124
1.4167,1.2038000000000002
3.4439,3.1005000000000003
3.8869000000000002,3.5055000000000005
1.9636000000000002,1.5491000000000001
2.9168000000000003,2.5205
4.0941,2.787
1.9066,1.502
3.7855000000000003,3.2155
4.6978,2.9782
1.7461000000000002,1.5325
3.6692,2.6668
4.7259,3.1650000000000005
1.6421000000000001,1.5637
3.1393000000000004,3.1571000000000002
4.5578,2.9907000000000004
2.0895,1.6221
2.9284000000000003,2.8614
3.9225000000000008,2.5709
1.355,2.0497
3.3683,2.6422000000000003
4.0403,3.2960000000000003
1.9343000000000001,1.6336
3.2715,3.2407
4.7386,3.7524
2.0728999999999997,1.6393
3.2145,2.9522000000000004
3.8368000000000007,3.3051
1.6491000000000002,1.5315
3.3833,2.7359000000000004
4.248500000000001,3.0782000000000003
1.733,1.5272000000000001
3.0789000000000004,2.6347
4.059,3.2549
1.6718000000000002,1.6956
3.3796000000000004,2.3961
4.777200000000001,3.8774
1.7719,2.0624000000000002
3.2404,3.1515000000000004
4.1039,3.2673000000000005
1.7971000000000001,1.935
3.9624000000000006,3.0811
4.750300000000001,3.1092000000000004
1.5242,1.5212
3.1186,2.9359
3.846,3.3006
1.5051,1.5208000000000002
3.2861000000000002,2.8773
3.3151,4.5169
1.9751,1.6070000000000002
3.1790000000000003,2.7519000000000005
3.9994,3.0986000000000002
1.7237,1.2097
3.2114000000000003,2.6727
3.6039000000000003,3.2036000000000002
1.7152,1.6225
3.1864000000000003,3.0784000000000002
4.049,3.4075
1.7859000000000003,1.6265
3.1007000000000002,2.9094
4.671200000000001,3.8639000000000006
1.9048,1.5294
3.0394,2.6088
4.474,3.2617000000000003
1.428,1.5538
2.9491,2.7978
3.8335,2.9926000000000004
3.5788,1.5230000000000001
4.1386,2.7594
4.3518,4.6237
2.7117,1.5299
4.1058,2.6494
3.6786000000000003,3.8046000000000006
2.0498,2.3147
2.9802,2.9529
5.6895,3.9315
1.5122,1.7515
3.5602000000000005,2.6788000000000003
3.8948000000000005,3.0586
1.631,1.5790000000000002
3.0812,2.6561000000000003
4.5269,3.5289
1.3034000000000001,1.4548
3.2329000000000003,2.6309000000000005
4.0237,3.0719000000000003
1.7767000000000002,1.593
2.7576,2.9204
3.9884000000000004,3.8742000000000005
1.5666,2.0704000000000002
3.6763000000000003,2.6924
4.9585,3.1468000000000003
1.7139000000000002,1.6764000000000001
2.7186000000000003,2.7626
4.0795,3.0524000000000004
1.4227,1.6097000000000001
3.1454,3.0258000000000003
3.908200000000001,2.9534000000000002
1.6161,1.53
3.2798000000000003,2.7061
4.8456,2.6753000000000005
1.8562,1.5568000000000002
3.4909000000000003,3.0237000000000003
4.8965000000000005,3.5927000000000002
1.8817,1.2842
3.8222000000000005,4.891
4.0913,3.7542
1.6276000000000002,1.9461000000000002
3.7108000000000003,2.6843000000000004
4.2117,3.2022
1.4984,1.5212
2.9463000000000004,2.6075
4.1963,3.1535
1.5381000000000002,1.76
3.5516,2.4978000000000002
3.9443000000000006,3.1681
1.8749,1.5723
3.7553,2.7448000000000006
4.2934,3.1097000000000006
1.6467,1.528
2.9529,2.657
3.9555,3.7378000000000005
2.1853000000000002,1.5078
3.1233000000000004,2.9964000000000004
4.6038,3.0281000000000002
1.6451,1.7773
3.4854,2.6801000000000004
4.1333,3.3674
1.6736000000000002,1.9943
3.3383000000000003,2.5895
4.9751,3.1169000000000002
1.8642,1.2945
3.0474,2.8104
5.9278,3.4633000000000003
1.4026,1.6282
3.6962,3.0006000000000004
3.9908,3.3203000000000005
1.6971,2.4371
2.8775000000000004,2.7957000000000005
3.8551,3.2946000000000004
1.8455000000000001,1.8816000000000002
3.1897,3.0029000000000003
4.4644,3.5661000000000005
2.2527000000000004,1.5898
3.4489000000000005,2.6873
3.955,3.2931000000000004
1.0791000000000002,1.2015
3.9381,4.7701
4.2652,3.8648000000000002
1.539,1.6926
3.5140000000000002,4.4682
4.4833,3.5735
2.6095,1.5455
3.1310000000000002,2.9132000000000002
5.4496,3.2776000000000005
1.6854,1.6760000000000002
3.2465,3.1486
4.8872,3.3112000000000004
1.5702,1.5206
3.0863,2.7108000000000003
4.0655,3.4766000000000004
2.1331,1.5711000000000002
3.6412000000000004,2.8428000000000004
4.407900000000001,3.4011
1.7086,1.6129
3.0309,2.708
4.9104,2.8971
1.7354,1.54
3.0276,2.6362
3.922,3.1154
1.4641000000000002,1.4949000000000001
3.7518000000000002,3.0438
5.4583,5.7049
3.1612000000000005,2.7402
3.2261,2.6746
5.931700000000001,5.466100000000001
1.4977,1.4584000000000001
5.256800000000001,4.4371
5.946000000000001,5.3005
1.3859000000000001,1.5167000000000002
3.347,4.8103
4.3006,5.19
1.7126000000000001,3.3462
3.6362,2.7871
4.4053,3.2464000000000004
1.5528,1.5621
3.4686,2.9607
3.3705000000000003,3.0454000000000003
2.2638000000000003,1.5934
3.5811,2.8243
4.514600000000001,3.1298000000000004
1.6640000000000001,1.5606
3.0244,2.6102
3.8671,3.5961000000000003
2.628,1.5062
3.3405,2.7654000000000005
4.3537,3.3561000000000005
1.5907,1.6440000000000001
3.3223000000000003,2.6362
4.2597,3.56
1.6241,1.6041
3.6367000000000003,2.6424
4.3807,3.7164
1.5675000000000001,1.5988
2.6729000000000003,2.5402000000000005
4.1969,3.0065
1.7439,1.5167000000000002
2.9172,2.6484
3.7981000000000003,3.3175000000000003
1.5064000000000002,1.6271
2.4309000000000003,3.1585
4.582800000000001,3.7118
1.8604,1.6661
3.5140000000000002,3.0392
3.6217,3.3098000000000005
1.5272000000000001,1.5113
3.0539,2.6691000000000003
3.6376000000000004,2.9352
1.5708,1.5568000000000002
3.0700000000000003,3.1187000000000005
3.998300000000001,4.0444
1.9247,1.5589
2.9257000000000004,2.6740000000000004
4.466600000000001,3.0441000000000003
1.3211000000000002,1.5004
3.7989,2.3687
4.537400000000001,3.2766
1.6689,1.558
3.0339000000000005,2.9079
4.269800000000001,2.9683
1.5406,1.5911
3.2409000000000003,3.1309000000000005
4.920300000000001,3.4383
1.7633,1.6103
3.2197000000000005,3.0580000000000003
5.5593,3.1062000000000003
1.1954,2.4909000000000003
2.7583,2.6945
6.817100000000001,3.9335000000000004
1.5319,1.9232
5.2194,2.9584
4.056900000000001,3.1977
1.5864000000000003,1.5320000000000003
5.7435,4.8902
4.052700000000001,2.8464
1.7147000000000001,1.5915000000000001
3.0317,3.2703
3.9380000000000006,3.7681000000000004
2.607,1.6036000000000001
3.2035,2.6532
3.9792000000000005,3.059
1.8343,1.8224
3.5023000000000004,2.383
4.136,3.6035000000000004
1.1051000000000002,2.5522
4.0814,2.6042
3.8173,3.7214
1.6176000000000001,1.6133
3.1476000000000006,2.7881000000000005
3.8338,2.9994
2.7755,1.5982
4.1306,4.3825
3.6298000000000004,3.1488
2.7707,1.7108
4.474200000000001,3.0652
6.105200000000001,5.4262
2.4548,2.0965000000000003
4.0963,4.586900000000001
4.010000000000001,3.636
1.8839000000000001,1.6971
3.3498,2.8235
3.8515,3.3681
1.7740000000000002,2.0180000000000002
4.4203,3.0288000000000004
4.2422,3.1470000000000002
1.3784,2.0805000000000002
4.3189,3.5128000000000004
4.6222,3.0976000000000004
2.3646000000000003,2.6758
3.7288000000000006,3.2547
5.8212,3.9139000000000004
1.891,1.5327000000000002
3.1048,3.6446000000000005
3.8845000000000005,3.2171000000000003
1.5730000000000002,1.7339
2.8978,2.6106000000000003
4.599600000000001,4.9727
1.6901000000000002,1.6825
3.4335000000000004,2.7475000000000005
4.5152,3.7627
1.817,1.7244000000000002
3.3893,2.8445
4.4765999999999995,3.3653000000000004
1.9993000000000003,1.6883
3.2819000000000003,2.9519
4.8735,3.4266
1.6328,1.6760000000000002
3.1538,2.8519
5.1532,3.4816000000000003
1.7706000000000002,1.7258000000000002
3.2736,2.8369000000000004
4.9228000000000005,3.1265000000000005
1.5886000000000002,1.5044000000000002
3.2376,2.708
4.675400000000001,3.2521000000000004
1.8246,1.7117
3.2002,2.4512
3.9284000000000003,3.2825
2.0867,1.725
3.4361,3.1612000000000005
4.772100000000001,3.930100000000001
2.2586,1.4298000000000002
5.049300000000001,2.9697
4.1424,3.5393000000000003
1.7501,1.642
3.3021000000000003,2.9373000000000005
7.3375,4.8322
2.2814,1.7302000000000002
3.3138,2.6591
4.1816,3.3422
2.5785,1.5988
6.048900000000001,3.9901
4.1248000000000005,3.7142000000000004
1.8068000000000002,1.5485000000000002
3.6492,2.8731000000000004
5.100300000000001,3.8079000000000005
2.1478,1.6642
3.3741000000000003,2.6299
4.6829,3.3848000000000003
1.6427000000000003,1.5507000000000002
3.4426,3.1224
4.6341,3.1057
1.5809000000000002,2.5518000000000005
3.1768,2.7019
4.2569,3.196
1.9168000000000003,1.655
3.0199000000000003,3.1097000000000006
4.3327,3.7923
1.647,2.2742
4.8268,3.9003
4.2302,3.7795000000000005
1.6528,1.2205
3.996400000000001,2.6522
4.5423,3.1504000000000003
1.5601,1.5356
3.3482000000000003,2.7192000000000003
4.0219000000000005,3.1093
1.6744,1.6202
3.829,3.1895000000000002
4.0878,3.4898000000000002
1.2106000000000001,1.7338000000000002
2.9536000000000002,2.9311000000000003
4.040100000000001,2.9777
1.6148,1.8550000000000002
3.5410000000000004,2.8548
3.5958,3.0549
1.9675,1.5917000000000001
2.9295000000000004,2.8475
4.4659,3.2001
1.6498000000000002,1.5602
3.2139,2.9475000000000002
4.280200000000001,2.4699999999999998
2.6490000000000005,1.6248
3.3965,2.7452
3.6348000000000003,3.2356000000000003
1.7974,1.6856000000000002
4.0673,2.6514
4.743600000000001,3.0888
1.6845,1.5913000000000002
2.9291,2.9259000000000004
3.6081000000000003,3.3259000000000003
1.7284000000000002,1.5411000000000001
2.585,2.9241
3.7778000000000005,3.3212
1.4466,1.4884000000000002
3.3664000000000005,2.737
4.0441,3.3174
1.7054000000000002,1.6831
3.6672000000000002,2.6172
4.526300000000001,3.2796000000000003
1.5052,1.5382000000000002
3.4107,2.7270000000000003
3.988800000000001,3.3307
1.3984,1.7125000000000001
3.0282,3.0792
3.5445,3.7121000000000004
2.3491000000000004,1.5274
2.9768000000000003,2.8711
4.1975,3.3118000000000003
1.4994,1.4935
3.1641,2.7558000000000002
4.6639,3.3846000000000003
1.5581000000000003,1.6322
3.5711000000000004,2.6822
4.118500000000001,3.3991000000000002
1.4992,1.4274
3.7962000000000002,2.6313
4.112,3.4631000000000003
2.1385,1.5446000000000002
3.0339000000000005,2.7567000000000004
5.3398,2.8536
2.1523000000000003,1.576
5.8011,4.243
3.8772,3.232
1.2635,2.0465
3.0043,2.9084000000000003
6.1576,3.2007000000000003
1.4969000000000001,1.5257
3.3739000000000003,3.0352
5.3916,2.8477
1.7107,1.5438
3.3368,2.7294000000000005
3.995,3.0906000000000002
1.8163,1.6219000000000001
3.9243000000000006,3.0561000000000003
4.9981,3.0574
1.6077000000000001,2.4107
4.0935,4.3577
4.4134,3.5375
1.9685000000000001,1.7347000000000001
4.5404,3.0972
3.7538000000000005,4.0397
2.5183000000000004,2.3316
5.718800000000001,4.091500000000001
7.1361,5.277400000000001
2.6815,2.9357
4.583100000000001,3.0095
5.2488,4.9318
1.5149,1.5753000000000001
4.5402000000000005,16.165300000000002
5.6254,3.419
2.3752,2.8638
5.0273,4.0585
5.145700000000001,5.2892
2.4407,2.7284
4.1295,3.861
3.9837000000000007,3.0886000000000005
1.4232,1.6495000000000002
4.097700000000001,4.3646
7.4942,4.2759
2.8935000000000004,2.473
4.091200000000001,3.0046
8.242700000000001,15.898000000000003
2.9586,2.7739000000000003
6.6284,4.8386000000000005
8.753200000000001,6.0701
3.9903999999999997,3.1451000000000002
8.1495,96.682
119.5854,6.2233
3.2899000000000003,6.543800000000001
8.985,5.7053
7.8429,7.1716
3.6122000000000005,3.8469
9.5295,6.7739
21.509300000000003,11.2138
4.3291,12.444400000000002
14.885200000000001,4.9004
15.9871,7.503500000000001
228.13330000000002,10.0828
7.7076,18.330000000000002
7.381600000000001,5.3660000000000005
1.9606000000000003,2.7310000000000003
6.705800000000001,3.1748000000000003
5.3837,5.371600000000001
1.8526,1.2297
6.8714,4.535
7.909300000000001,5.502800000000001
2.6091,2.2831
5.1398,4.5281
7.752,5.6450000000000005
2.0894,2.1744
5.717600000000001,5.186400000000001
5.1999,3.1146000000000003
1.9476,2.8518000000000003
6.3398,4.859400000000001
6.7488,5.966600000000001
2.7265,2.6281
5.124200000000001,4.7354
7.8053,5.966500000000001
2.9370000000000003,2.8505000000000003
6.584700000000001,4.1484
6.9147,4.189100000000001
2.7555,2.9051000000000005
4.189,2.9556
6.6141000000000005,5.442900000000001
1.7818,1.8186
5.986400000000001,2.6983
4.3507,3.3513
2.2792000000000003,1.8131000000000002
5.8304,4.634200000000001
4.473000000000001,3.1356
2.8793,2.7259
5.8451,3.7177000000000002
7.5113,5.202800000000001
2.7696,2.3501
5.654,4.3349
7.076300000000001,5.3706000000000005
3.1085000000000003,2.7638000000000003
3.1515000000000004,2.8926000000000003
4.474600000000001,3.8017000000000003
2.0795000000000003,1.8393000000000002
3.7345000000000006,3.7367000000000004
4.1871,3.4146
1.7405000000000002,2.0728
3.5936000000000003,2.8710000000000004
3.7112000000000003,3.0745
1.4531,1.4800000000000002
3.4092000000000002,2.6246000000000005
4.5276000000000005,3.3381000000000003
1.7198,1.6108000000000002
3.3303,2.9194000000000004
4.3401000000000005,3.2744000000000004
1.8288000000000002,1.807
3.3408,3.2398000000000002
4.5154000000000005,4.8764
1.6557000000000002,2.2072000000000003
3.236,3.0834
4.7422,5.0457
1.6065,1.6102
3.2555,3.0719000000000003
3.9447000000000005,3.3042000000000002
1.7074000000000003,1.7605000000000002
3.3979,2.8936
4.1283,3.5415000000000005
1.6718000000000002,1.6362
3.7428,2.9708
4.6445,3.3113
1.5814000000000001,1.6260000000000001
3.2243000000000004,2.3313
4.0517,3.3483
1.8766000000000003,1.7136
3.5161000000000002,2.9078000000000004
4.6004000000000005,3.1966000000000006
2.0166000000000004,1.6678000000000002
4.7954,3.051
4.6817,3.7084
1.4397000000000002,2.418
4.0041,2.9994
4.2399000000000004,3.3996
1.8727000000000003,1.7719
3.0601000000000003,2.5942000000000003
4.071899999999999,3.0779
1.6085,1.5459
3.1392,2.6525000000000003
3.9618000000000007,3.0668
1.604,1.5206
3.0864,2.6332
4.0372,3.0915
1.711,1.5969
3.1241000000000003,3.3783000000000003
3.7279,3.0363
1.5491000000000001,2.1009
3.8883000000000005,2.681
3.729,3.8207000000000004
1.7053,1.5969
3.1384000000000003,2.6409000000000002
3.7719000000000005,3.0921000000000003
1.3006,1.4561000000000002
3.1342000000000003,2.6317000000000004
3.7984000000000004,3.1493
1.5952000000000002,1.6004
3.4684000000000004,2.6261
4.1988,3.071
1.4752,1.4981
3.0075000000000003,2.6098000000000003
4.0969999999999995,3.1557
1.6259,1.5472000000000001
3.2587,2.9607
4.4782,2.9701000000000004
1.8007000000000002,1.6736000000000002
3.0885000000000002,2.672
5.206600000000001,3.1995
1.8840000000000001,1.5904
2.7849000000000004,2.8733
4.7487,3.1045000000000003
1.7125000000000001,1.5626000000000002
3.1982,2.6548000000000003
4.671600000000001,3.0437000000000003
2.3809,2.1636
4.3803,2.5995000000000004
5.6524,3.1343
1.6710000000000003,1.6742000000000001
3.0499000000000005,2.7155
4.7411,3.1936
1.7440000000000002,1.5014
3.5711000000000004,2.6815
3.7609000000000004,3.7607
1.6292000000000002,1.5709
3.5081,2.8042000000000002
4.3157000000000005,3.3138
1.5813000000000001,1.7021
3.9912,2.7723
3.8980000000000006,4.242500000000001
1.8536000000000001,2.3167999999999997
3.0901,2.6014000000000004
5.4683,3.8288
1.6642,1.6045
3.0078,2.617
4.080100000000001,3.2405000000000004
1.6812,1.6264
3.092,2.6358
4.2324,3.2018000000000004
1.5065,1.4623000000000002
3.4600000000000004,2.8092
4.4282,3.5063000000000004
2.7243000000000004,1.306
3.6314,2.7805
4.5313,3.0778000000000003
1.6188,1.5592000000000001
4.2388,3.6763000000000003
5.2515,5.1211
1.7922,1.7002
2.9962,2.9542
4.091200000000001,3.188
1.6249,1.6507000000000003
3.0940000000000003,2.9845
3.9697000000000005,3.0737000000000005
1.6102,1.5288000000000002
4.3741,3.0431000000000004
4.0667,3.2278000000000002
1.5444,1.7401
3.1478,3.3451
4.3096000000000005,3.4759
1.7151,1.8833
4.1665,2.6746
4.064,3.4446000000000003
2.0083,1.5271000000000001
4.5395,3.0945
4.344900000000001,4.4823
2.2042,1.3638000000000001
3.1355000000000004,3.6508000000000003
4.896800000000001,3.1815
2.0736,1.7517
3.3150000000000004,2.9324000000000003
3.9995000000000003,3.1662
1.8577000000000001,1.8792000000000002
3.2208,2.1696000000000004
4.458,3.5875000000000004
1.6841,1.6717000000000002
3.1549000000000005,3.9328000000000003
3.4422,3.4379000000000004
1.727,1.5012
3.3723000000000005,3.4783
5.1856,3.2174
1.62,2.0455
3.8874,2.6927000000000003
4.063600000000001,3.7950000000000004
2.0885000000000002,1.9082000000000001
3.2225,3.0898000000000003
4.1751000000000005,4.794600000000001
1.9854,1.5130000000000001
2.8759,2.6908000000000003
5.288500000000001,3.1657
1.8602000000000003,1.7740000000000002
3.5381,3.0732000000000004
4.2439,3.726
2.052,1.6466
3.6137,3.0047
4.481000000000001,3.2424000000000004
1.7172,1.6514000000000002
3.6158,2.9723
5.4796000000000005,3.1275
1.7587000000000002,1.5342
3.4418,2.6793000000000005
3.6447000000000003,3.2538000000000005
1.3929,1.4698
3.0570000000000004,2.6668
3.8432000000000004,3.1607000000000003
1.7254000000000003,1.5229
3.0016000000000003,2.614
4.1615,3.112
1.5703000000000003,1.6668000000000003
3.1341000000000006,2.6883000000000004
3.6917,3.0697
1.9598000000000002,2.4649000000000005
3.2001,2.6054000000000004
3.8625000000000003,3.0793
2.3858,1.6226
3.6129000000000002,3.3089
3.9068,3.599
1.7162000000000002,1.835
3.4097000000000004,2.6324
3.5765000000000002,3.1028000000000002
1.7063,1.5669000000000002
2.9451,2.6325000000000003
4.2699,3.3424
2.6722,1.7638
4.5296,2.7236000000000002
4.992500000000001,4.1789000000000005
2.251,2.9491
3.1214000000000004,2.7296
4.9448,3.6269
1.7281000000000002,1.4786000000000001
3.8228000000000004,3.1857
4.957700000000001,3.4048000000000003
1.7218000000000002,1.8542
3.4663000000000004,3.0371
4.041,3.4077
1.5106000000000002,1.6898000000000002
2.7800000000000002,2.8680000000000003
4.0068,3.8922000000000003
1.7743000000000002,2.2468000000000004
4.0346,3.2279
4.094,3.5334000000000003
2.0754,2.0448000000000004
3.8778,3.5586
4.3948,3.2286
1.9821000000000002,2.0832
4.74,4.5105
4.4106000000000005,3.3802000000000003
1.6825,1.6825
3.3545000000000003,3.0321000000000002
3.8779,3.2666
1.7228,1.6411000000000002
3.3025,3.0260000000000002
5.2138,3.114
1.8448000000000002,1.9162000000000001
4.1265,2.7573000000000003
3.6307,2.8629000000000002
1.6824000000000001,1.8659000000000001
3.7236000000000002,2.6556
4.7456,3.6528000000000005
2.2468000000000004,1.5684000000000002
3.1159,2.7679
4.2278,3.141
1.586,1.6914
3.7045000000000003,2.9923
4.1637,3.4133
1.5486,1.6669
3.4520000000000004,3.0366
4.6423000000000005,3.2497000000000003
2.3661000000000003,2.6353
2.7924,2.5671
4.2029,3.2972
1.4973,1.5471000000000001
4.1807,3.1231
4.164000000000001,3.0933
1.5783,1.6147000000000002
3.3121,2.6778
4.814000000000001,3.1327
1.6184,2.2341
3.0062,2.4903
4.7415,3.0838
1.5549000000000002,1.5885
3.6222000000000003,2.8803
6.0999,5.4049000000000005
1.6069,1.5711000000000002
4.9711,4.5120000000000005
7.024000000000001,5.5376
2.7798000000000003,2.3567
5.8611,4.6874
7.136000000000001,5.205
3.0447,2.6807000000000003
5.4627,4.869800000000001
5.4596,4.7506
1.3201,1.6295000000000002
3.1864000000000003,3.6275
4.7324,3.4863000000000004
1.7471,1.5162
3.3786,3.1644000000000005
4.316000000000001,3.3810000000000002
1.7215000000000003,2.0746
3.681,3.0529
4.016700000000001,3.4654000000000003
2.8748000000000005,1.9989000000000001
3.4478000000000004,3.0208
7.9667,3.4678
1.5263000000000002,1.9055
2.9490000000000003,2.7845
4.183800000000001,3.3781000000000003
1.6041,1.5532
3.0372000000000003,2.6453
4.595200000000001,3.0321000000000002
1.7909000000000002,1.6001
2.6807000000000003,2.6422000000000003
4.1724000000000006,3.3830999999999998
2.0578000000000003,1.7138000000000002
4.276700000000001,2.8278000000000003
4.2614,3.2715
1.5727,1.6384
3.2553,2.8562000000000003
4.2843,3.1433000000000004
1.6502000000000001,1.6699000000000002
3.6020000000000003,2.7995000000000005
4.0192000000000005,4.1333
1.9079000000000002,1.3904
3.6848,2.7809000000000004
4.522200000000001,3.2901000000000002
1.8980000000000001,1.6237000000000001
4.174600000000001,2.8624
4.694100000000001,3.8539000000000003
1.6890000000000003,1.6108000000000002
3.3043,2.8385000000000002
4.326200000000001,3.1887
1.8681,1.6221
2.8771,2.67
4.3276,3.2625
1.8655000000000002,1.8706
3.7624000000000004,2.9893
3.9191,3.2666
1.6897000000000002,1.6557000000000002
3.5111,2.9689
4.1409,3.2635000000000005
1.4037000000000002,1.7568000000000001
3.2313000000000005,2.8885
4.1664,3.3857000000000004
1.8744,1.7488
3.3996,2.9462000000000006
4.6895,3.4002000000000003
1.5330000000000001,1.5188000000000001
3.3309,2.7354000000000003
3.7678000000000003,3.0505000000000004
1.4140000000000001,1.4758
3.0461000000000005,3.1374000000000004
3.5450000000000004,3.3619000000000003
1.3989,1.5237
3.115,2.6184000000000003
4.2363,3.1098000000000003
1.397,1.5010000000000001
3.2224000000000004,2.3494
4.2271,4.2072
2.0609,1.5291000000000001
2.9676000000000005,2.8251
4.5315,3.4848000000000003
1.7511,1.6396000000000002
3.0714,2.7432000000000003
3.7917,3.0616000000000003
1.7693,1.7872000000000001
3.5881000000000003,2.7328
5.3171,3.3067
1.2696,1.8181
3.0119000000000002,2.5639
3.4791000000000003,2.9317
2.2537,2.4056
3.5238,2.7918000000000003
4.2563,3.1865
1.3129000000000002,1.4831
3.2754000000000003,2.8172
3.85,3.1072
1.49,1.4833
4.2949,3.0259
4.6597,3.1593000000000004
1.5802,1.6416
3.9605000000000006,2.9435000000000002
4.9064,4.1724000000000006
2.2922000000000002,1.1708
4.3933,2.944
3.8737000000000004,3.3286000000000002
1.7686000000000002,1.7158000000000002
3.2208,3.0698000000000003
3.5625,3.8006
1.5412000000000001,2.112
3.9910000000000005,2.4753000000000003
3.9649000000000005,3.8480000000000003
2.9675000000000002,1.7849000000000002
2.9552000000000005,2.988
3.908,3.1002
1.7182,1.836
3.0473000000000003,4.0352
4.6554,3.9874000000000005
1.5667,1.6586
3.2421,2.7699000000000003
4.3421,3.7301
1.6329,1.6039
3.1496000000000004,2.6892
3.9988,3.0796
1.7552,1.5835000000000001
3.0057,2.7936
3.7791,3.2720000000000002
1.5883000000000003,1.5139
2.7754000000000003,3.2117
4.876500000000001,3.3705000000000003
1.4769,1.5774000000000001
4.2061,3.2866000000000004
5.3204,3.2507
1.5759,1.6575000000000002
3.1665,2.9431000000000003
6.1648000000000005,3.4361
1.7799,2.0862000000000003
3.6857,2.895
3.7116000000000002,3.0901
1.6373000000000002,1.7074000000000003
4.278600000000001,2.775
3.9919000000000007,3.0284
1.9033000000000002,1.9798000000000002
3.3639000000000006,2.9472
4.125400000000001,3.6174000000000004
4.086800000000001,1.6993000000000003
5.7307,4.4357
5.516500000000001,3.2904
1.6412,1.7331
3.4215,3.0723000000000003
3.7617000000000003,3.1891000000000003
2.6712000000000002,2.493
3.3919,3.0488000000000004
7.0585,3.4029000000000003
3.0986000000000002,1.5881
3.6247000000000003,3.1102
3.9901,3.3019000000000003
1.9704000000000002,1.7768
3.2282,2.987
4.468500000000001,2.9294
2.0326000000000004,1.5272000000000001
2.9681,3.2097
3.5448000000000004,3.2397000000000005
1.9793000000000003,1.6497
3.2644,2.7559000000000005
4.0428,3.0289
1.4409,1.5401000000000002
2.8514,2.8557
4.658900000000001,3.7199000000000004
1.7711000000000001,1.6221
3.1257,2.7553
3.5246,3.0733
1.5924,1.6108000000000002
3.5114,3.0016000000000003
9.5296,5.2259
1.5069000000000001,1.2228
3.5124,3.3397
3.6979,3.104
2.0132000000000003,1.5889
3.1944,2.6033000000000004
4.0643,3.1281000000000003
1.6827,1.5379
2.9837000000000002,2.6113
4.0247,3.1041000000000003
1.7322000000000002,1.5681
3.0826000000000002,3.3640000000000003
4.339,3.3246
2.6777,1.7676
3.7201,2.8514
4.9381,3.4361
1.8665,1.7553
4.3698,2.9276000000000004
4.614800000000001,3.4796
2.0915,2.4637000000000002
3.4351000000000003,2.9058
3.82,3.5356
1.8328000000000002,2.8528000000000002
4.779800000000001,2.6972000000000005
4.8836,4.002000000000001
2.0034,1.5662
3.8682000000000003,2.7822000000000005
4.785500000000001,3.0998
1.5265,1.5068000000000001
3.4911,3.7451000000000003
4.082300000000001,2.9415
1.9153000000000002,1.5489000000000002
3.0474,2.6268000000000002
5.2924,6.071
1.5634000000000001,1.4987000000000001
3.1235000000000004,2.7078
5.3452,3.0345000000000004
1.6527,1.6665
3.1313,3.1087000000000002
4.084900000000001,3.1308
3.1979,2.1549
4.125100000000001,2.9802
6.1614,3.1937
1.91,1.7012
2.9331,2.8448
4.6566,3.2683
1.6221,1.7418000000000002
2.7955,2.6772
5.2808,3.2079
1.6559000000000001,1.5361
2.8043,2.6766000000000005
3.5370000000000004,3.0350000000000006
1.5644,1.5273
2.7185,2.7588
4.220000000000001,3.0369
1.8483000000000003,1.5973000000000002
3.3420000000000005,2.8315
4.432500000000001,3.3786
1.4494,1.9772
3.6082,3.3080000000000003
4.085,2.725
1.1516,1.5195
2.6565,2.0524000000000004
4.554900000000001,2.7797
1.7781,2.2863
3.1083,2.6330000000000005
4.4373,3.4866
1.5464,1.4227
2.7721,2.3128
3.7540000000000004,3.176
1.2377,1.6607000000000003
2.8753,3.2132
4.785100000000001,3.9948000000000006
1.8726,1.5428000000000002
3.0062,2.6729000000000003
4.0323,3.0262000000000002
1.8086,1.6920000000000002
2.9829000000000003,2.7354000000000003
5.062600000000001,3.4973
2.3671,1.6665
2.8908,2.6671000000000005
4.6768,3.2841000000000005
1.6341,1.5933000000000002
2.9684000000000004,2.645
3.7609000000000004,3.0122
1.5251000000000001,2.5004000000000004
3.0209,2.7032000000000003
4.1008,2.9617000000000004
1.6263,1.6163000000000003
3.1729000000000003,2.6550000000000002
4.7769,3.4406000000000003
2.1834000000000002,1.7022000000000002
4.294700000000001,3.0724000000000005
6.5398000000000005,5.8645000000000005
1.6846,1.8134000000000001
3.8029,3.181
4.1821,3.2173000000000003
1.51,1.6720000000000002
3.6869000000000005,3.0335
4.626900000000001,3.8810000000000002
2.1223,1.7253
3.8947000000000003,2.7975
4.5631,3.1031
1.5097,1.5353
3.0039000000000002,2.6387000000000005
3.8493000000000004,3.2208
2.5860000000000003,2.4032000000000004
4.643000000000001,3.0361000000000002
4.830500000000001,4.0863000000000005
2.0246999999999997,1.5132
3.7030000000000003,2.9016
4.2797,3.3155
1.7165000000000001,1.9051
6.2758,4.7102
4.2639000000000005,3.9650000000000007
1.5542000000000002,1.6785
3.7577000000000003,3.0467000000000004
3.6967000000000003,3.1773000000000002
3.0013,2.0334000000000003
3.9157,4.5609
4.2780000000000005,3.3356000000000003
1.8369,1.6774000000000002
3.4287,2.8073
4.4191,3.3468
1.7061000000000002,2.0335
3.4762,3.0111
4.2330000000000005,4.1472
1.7014,1.9407
4.371900000000001,3.0145000000000004
6.169700000000001,3.4757000000000002
2.4851,2.0583000000000005
3.5831,2.979
4.2237,3.3865000000000003
1.5793000000000001,2.2295000000000003
3.2181,3.0014
4.9538,3.3931
1.4885,1.6111
4.891,3.7576
4.1843,5.6992
1.7423,1.9187
3.5709,3.0912
3.8206,3.7249000000000003
1.6616,1.7914
4.059200000000001,3.2848
4.4909,3.5475000000000003
1.9437,1.7367000000000001
3.6968,2.5989000000000004
4.4123,3.3933
1.7138000000000002,1.6602000000000001
3.9292,3.7195
4.0542,3.4258
1.7696,1.7094
3.5415000000000005,4.265300000000001
6.925800000000001,3.0029000000000003
2.2596000000000003,2.3718000000000004
3.7474000000000003,3.1414000000000004
3.8219,3.3583000000000003
1.8588,1.9001000000000001
3.3405,3.2185
4.3908000000000005,3.3801
1.8461,2.5051
3.9777000000000005,4.3852
4.3907,3.9057000000000004
1.7136,2.5752
4.0734,3.8834000000000004
4.182,3.3748000000000005
1.7094,1.7748000000000002
3.35,2.9958000000000005
4.8875,3.4697
1.5794000000000001,1.5369000000000002
3.4448,2.7162
3.8147,3.4089000000000005
1.8461,1.7145000000000001
3.1374000000000004,2.9392000000000005
4.2036,3.462
2.3083,1.7161000000000002
2.7186000000000003,2.8344000000000005
5.0789,3.4598000000000004
1.5564,2.0738000000000003
3.8588000000000005,2.9949
3.7804,3.3247000000000004
2.2453,1.8145000000000002
3.2113000000000005,3.1196
4.1132,3.7524
1.9285,1.7718
3.0175,2.9833000000000003
4.0631,3.3895
1.8788,1.7377
3.6745,2.9690000000000003
5.1528,3.7708000000000004
1.6504,1.8051
3.8458000000000006,3.0010000000000003
4.1457999999999995,4.3975
2.4321,1.7997000000000003
5.0948,4.1023000000000005
4.605300000000001,3.4656000000000002
1.6383,3.2717
3.7126000000000006,4.068300000000001
3.8278000000000003,3.5801000000000003
2.7692,2.7516000000000003
3.6756,3.0977
4.521300000000001,3.7445000000000004
1.8565,1.7703
5.2624,4.7010000000000005
5.118,3.9196999999999997
2.0794,1.7469000000000001
3.9404000000000003,3.0354
4.4270000000000005,3.4099
2.6017,2.047
5.4415000000000004,4.889500000000001
4.048900000000001,3.2727000000000004
2.1132,1.7597
5.3897,4.5318
4.4402,3.3327
3.4787000000000003,1.7406000000000001
5.7339,3.6493
6.8652,5.1645
2.7968,2.6443
5.466100000000001,4.7383
5.7177,4.8404
1.9241000000000001,1.6906
5.582,3.3923
5.929800000000001,3.6029
1.6764000000000001,1.6683000000000001
3.4326,2.9221000000000004
4.8924,3.2679
1.5571000000000002,1.6646
5.652900000000001,3.0572000000000004
4.214900000000001,4.474600000000001
1.7906,1.8048
6.171200000000001,5.1373
4.6381,3.3513
1.5817,1.6940000000000002
3.5418000000000003,2.9492000000000003
8.2322,6.1844
1.6801000000000001,1.677
3.2496,2.6541
4.486400000000001,3.3368
1.5230000000000001,1.6943000000000001
3.3905000000000003,3.3440000000000003
4.3097,3.4028
1.7245000000000001,1.7251
3.2466,2.8202000000000003
4.073,3.3591
2.0151000000000003,1.7518000000000002
3.3555000000000006,3.2629
4.5382,3.3351
2.0165,1.731
2.7423,3.1241000000000003
4.902100000000001,3.9944
1.7292,1.6827
3.3803,2.9067000000000003
5.6273,5.0605
1.6942000000000002,2.7928
5.3559,4.4075
4.454000000000001,4.5896
2.0995000000000004,2.2026000000000003
4.8239,3.9303000000000003
4.74,4.5619000000000005
1.7904000000000002,1.6384
3.5131000000000006,3.3715
4.027100000000001,3.0745
1.7648000000000001,1.6136000000000001
3.0288000000000004,3.5548
5.894900000000001,3.9553000000000003
2.6273,2.281
5.240900000000001,2.7019
4.2349000000000006,3.7749
2.2522,1.76
3.2394000000000003,2.6019
4.5647,3.5329
1.5110000000000001,1.9203000000000001
3.4773,3.3596000000000004
4.6711,5.071400000000001
1.7241000000000002,1.6978000000000002
3.3455000000000004,3.0696
3.9005000000000005,3.4006000000000003
1.6432,1.6626000000000003
3.8376,2.8004000000000002
4.7461,3.9321
1.7518000000000002,1.5690000000000002
3.4248000000000003,2.9738
4.547600000000001,2.8241
1.8807,1.6354000000000002
3.2614,3.0898000000000003
4.0343,3.5088000000000004
1.6818,1.1929
3.4046000000000003,2.9396
3.8438,3.3556000000000004
1.5927,1.7856
3.5010000000000003,2.9175000000000004
4.775600000000001,3.4328000000000003
2.4536000000000002,1.8079
4.2326999999999995,3.0337000000000005
7.261100000000001,4.9519
3.6084000000000005,1.3566
4.5972,3.5601000000000003
6.369400000000001,5.0951
2.2880000000000003,2.3537000000000003
2.9255,3.8846000000000003
3.807,3.1830000000000003
1.4476,1.6428
3.5120000000000005,3.2192000000000003
7.1643,5.5292
3.0105,2.2495000000000003
5.7793,4.7726
7.1707,5.4146
3.1981,2.9890000000000003
3.8156000000000003,4.504700000000001
5.8821,4.788600000000001
2.2375000000000003,2.2751
3.8409000000000004,3.3012
4.8621,3.5601000000000003
1.4387,2.2757000000000005
4.639600000000001,2.9517
13.523800000000001,6.997700000000001
27.4556,94.21180000000001
7.1373,7.7753000000000005
48.83460000000001,8.1141
2.81,5.9493
5.6405,8.832300000000002
15.1068,16.2347
11.5221,2.9701000000000004
417.94620000000003,218.03
8.0616,6.1941
195.1504,3.7525000000000004
6.0829,6.381600000000001
14.9075,6.862900000000001
1.9385000000000001,1.5746
5.9695,4.2622
4.229,5.293200000000001
1.566,1.6480000000000001
3.1661,2.8280000000000003
4.8312,3.2931000000000004
2.9542,1.8078
3.0782000000000003,2.9450000000000003
5.6698,3.4813
1.9217000000000002,1.8237
2.8472000000000004,2.7465
7.130300000000001,5.436800000000001
2.8742000000000005,2.527
3.6705,4.1974
6.353800000000001,5.054600000000001
2.5047,2.971
4.5795,4.0499
5.1324000000000005,3.4852000000000003
2.8935000000000004,2.8278000000000003
5.534600000000001,4.9108
4.0831,5.698200000000001
1.6520000000000001,1.6045
5.805000000000001,4.287
5.464700000000001,5.5519
3.0242000000000004,2.7519000000000005
4.8528,4.5472
6.0856,5.4134
2.8951000000000002,2.8781000000000003
5.0625,4.488300000000001
3.7760000000000002,3.1222000000000003
1.3938000000000001,1.4669
3.1200000000000006,2.9449000000000005
4.5711,3.3101000000000003
1.6608,1.8564
3.2896,2.9093
3.8714,3.7093000000000003
1.5556,1.5028000000000001
3.2224000000000004,2.6863
4.966500000000001,3.0259
1.6277000000000001,1.5631
3.2342,2.7053000000000003
4.2088,3.1988000000000003
1.5722000000000003,1.5122
2.8427000000000002,3.4459
3.9314,3.5461000000000005
1.467,1.5330000000000001
3.2969000000000004,2.7164
5.0146,3.1134
1.5955000000000001,1.5765
3.3924000000000003,2.5924000000000005
4.3844,3.2717
1.9048,1.9524000000000001
2.5021,3.3420000000000005
4.2948,3.4476000000000004
1.8948,1.604
2.8441,3.2746000000000004
4.061100000000001,3.5120000000000005
2.0919000000000003,1.7696
3.063,2.9957
3.7416000000000005,3.0032
1.7469000000000001,1.6043
3.9166000000000003,2.9574000000000003
3.6071000000000004,3.0208
1.8263,1.8116
3.2885,3.1780000000000004
4.0265,3.136
1.4305,1.4921000000000002
3.0288000000000004,2.8443
3.7414,3.0698000000000003
2.3372,1.5551
3.4336,2.6156
3.988800000000001,3.1503000000000005
1.5493000000000001,1.5395
3.0995000000000004,2.6034
3.8824,3.202
1.5506,1.5271000000000001
3.4444000000000004,3.0069000000000004
5.4885,4.703
1.6992,1.554
3.1056,2.8707000000000003
4.1985,3.2429000000000006
1.4847000000000001,1.6081
3.1035000000000004,2.6058000000000003
4.4584,3.1176000000000004
1.716,1.7318000000000002
3.7267,2.5174000000000003
4.2927,3.4492000000000003
2.5422000000000002,1.6263
3.7455000000000003,3.6338000000000004
3.547,2.8003000000000005
2.0199000000000003,2.2466
3.9229,2.8416
4.284700000000001,3.9606
1.6207,1.8301
3.8726000000000003,2.9892
4.1373,3.6007000000000002
1.8924,1.794
3.0721000000000003,2.8061000000000003
5.6703,3.7391000000000005
1.7401,2.0984000000000003
3.2156000000000002,2.8693
4.649100000000001,3.3218
1.7174,1.8085000000000002
3.4880000000000004,2.9817000000000005
4.2443,3.224
1.4857000000000002,1.6392000000000002
3.4774000000000003,2.9626
4.4262,3.4647
1.6795,1.7704000000000002
3.2579000000000002,2.8748000000000005
4.2386,3.4881
1.5912000000000002,1.6574
3.4736000000000002,2.9612000000000003
4.1187000000000005,3.2647
1.7740000000000002,1.8574000000000002
3.7066000000000003,2.7325
4.6393,3.4070000000000005
1.9566000000000001,1.6935000000000002
3.5837000000000003,2.8661000000000003
4.6953000000000005,3.4062
1.6364,1.6714000000000002
4.2894000000000005,2.4296
3.9771,3.2898
1.9108,1.7054000000000002
3.2592000000000003,2.9298
3.4284000000000003,3.4211000000000005
2.6724,1.5266000000000002
3.6362,2.6467
4.4046,3.4831000000000003
1.5321,1.5834
3.3927,2.6521
3.6764,2.9766000000000004
1.5896000000000001,1.4519000000000002
3.323,2.9314000000000004
5.7409,3.1672000000000002
1.6989,1.7683000000000002
3.287,2.7491
3.6017,2.9806000000000004
1.6313,1.5784000000000002
5.3834,2.9597
3.9795000000000003,3.6331
1.9832,1.5292000000000001
3.5187,2.8628
3.9462000000000006,3.1544000000000003
1.6501000000000001,1.5511000000000001
4.1025,2.7083000000000004
4.361000000000001,3.0363
1.941,1.6698000000000002
3.3096,2.7272000000000003
3.7683,3.0019
1.5041000000000002,1.5455
2.6725,3.684
3.6271000000000004,3.134
1.5234,1.7499000000000002
3.5185000000000004,2.7253000000000003
4.4104,3.0723000000000003
1.4896,1.5247000000000002
3.1825,2.6876
4.012,2.9647
1.6464,1.4992
3.0665,3.7928
3.8744,3.0959000000000003
1.6233,1.5851000000000002
5.246600000000001,3.9230000000000005
4.604900000000001,4.2496
1.8872000000000002,1.5341
4.966600000000001,4.7443
3.9837000000000007,3.1817
2.6551,3.5675000000000003
3.4875000000000003,2.9829000000000003
7.4158,5.2699
1.5462000000000002,1.5254
3.2567000000000004,2.7059
5.2886,5.299300000000001
1.5888,1.5349000000000002
3.3283,2.9808
4.3338,3.0844
1.4536,1.503
3.0450000000000004,2.8336000000000006
3.6543,3.0578000000000003
1.9097000000000002,1.5437
2.9028,2.8075
4.6896,3.4689
1.6903000000000001,1.4783000000000002
3.2386000000000004,3.0604
4.1303,3.0438
1.8489000000000002,1.2879
3.9142000000000006,2.9316000000000004
4.7213,3.8072000000000004
1.8642,1.6693
3.7554000000000003,3.0087
4.5591,3.4756
1.9453,1.7437000000000002
3.294,2.9604000000000004
4.73,3.3531000000000004
2.5696,1.7403000000000002
3.6666000000000003,2.9600000000000004
4.264,3.2973000000000003
2.0889,1.9276
4.0436000000000005,2.8619000000000003
5.377800000000001,3.4203
1.5991,2.0364000000000004
4.1455,2.9111000000000002
7.064000000000001,5.206600000000001
2.1117000000000004,2.8908
3.6306000000000003,4.7516
6.8596,4.6588
1.4422,2.8064999999999998
4.3194,4.0053
6.484800000000001,5.5483
2.6932,1.7743000000000002
3.5664000000000002,2.6716
4.2747,3.0451
1.7139000000000002,1.5756000000000001
3.092,2.6234
4.0040000000000004,3.0371
1.1749,2.2435
2.5669,2.7197000000000005
4.595,4.5572
1.8572,1.5257
4.4404,2.8348
3.7359000000000004,3.1962
1.83,1.596
3.3086,2.5094000000000003
5.247300000000001,3.2255000000000003
1.7938,1.8255000000000001
3.3478000000000003,2.6275
4.2453,3.1148000000000002
1.7000000000000002,1.6241
3.1097000000000006,2.9341000000000004
4.201300000000001,3.1465
1.4564000000000001,1.5128000000000001
3.1091,2.8810000000000002
4.379700000000001,4.75
1.7084000000000001,1.5830000000000002
3.2028,2.6283000000000003
4.120400000000001,3.0819
1.5736,1.7407000000000001
3.2264000000000004,2.9226
6.341600000000001,4.2375
1.7156,2.5796
5.575,3.1849
4.500700000000001,3.1627
1.8980000000000001,1.7074000000000003
3.4469000000000003,2.681
3.6052000000000004,3.1206000000000005
1.558,1.5517
2.9684000000000004,3.3204000000000002
3.7889000000000004,3.749
1.5884,1.0146
3.2653,2.8481
4.2113000000000005,3.0271
1.4327,1.5373
3.1605000000000003,2.7001
4.1082,3.0614000000000003
1.6397,1.5219
3.4048000000000003,3.184
4.3204,3.0184
1.6929,1.6936000000000002
4.5893,3.0427
4.1435,2.7855000000000003
1.7165000000000001,3.0336
3.3506,2.9038000000000004
4.1567,3.3507000000000002
2.5197000000000003,1.5437
5.5589,2.9303000000000003
3.8363000000000005,3.6399000000000004
1.7699,2.8455000000000004
2.8153,5.216800000000001
3.56,3.0127
1.5038,1.5201000000000002
3.5340000000000003,2.3424
4.5963,2.8905000000000003
1.7350000000000003,1.6015000000000001
3.3924000000000003,2.7319
3.4286000000000003,3.0038
1.6477000000000002,1.4929000000000001
3.4812000000000003,2.6176000000000004
4.455500000000001,3.0977
2.5123,1.5794000000000001
3.3403,2.7951
3.9992000000000005,3.1131
1.804,1.5984
3.9792000000000005,3.3629000000000002
3.7888,3.3738
1.7587000000000002,1.8698000000000001
3.5155000000000003,4.802300000000001
4.6774,3.1689000000000003
1.6684,1.7543000000000002
4.1761,2.7647
3.8561000000000005,3.3786
1.5152,1.5326
3.4305000000000003,3.1071000000000004
3.7862000000000005,3.2002
4.141900000000001,2.0874
5.4245,2.7661000000000002
6.235,4.9898
1.8494000000000002,2.1498000000000004
3.5914,2.4316000000000004
4.4782,4.302700000000001
2.2525,2.6384000000000003
2.919,2.1179
5.087700000000001,4.1755
1.8582,1.7968000000000002
3.3514,3.1942000000000004
4.848,3.8249000000000004
1.4764000000000002,1.5406
3.4795000000000003,3.1828000000000003
4.0198,3.9640000000000004
1.7702000000000002,1.567
3.281,3.3903000000000003
4.1865000000000006,3.7666
1.4514,1.631
3.6584,2.9851
4.8306,3.4952000000000005
1.6440000000000001,1.5338
3.9794,2.7327000000000004
4.7445,3.1451000000000002
1.7004000000000001,1.5778
3.0207,2.6682
3.8418,3.0276
2.1431,2.1298000000000004
3.7553,2.9630000000000005
4.1908,3.1566
1.7552,1.6469000000000003
3.2457000000000003,2.6861
3.91,3.1737
1.7336,1.7065000000000001
3.7436000000000003,3.9747000000000003
3.6939,3.3188000000000004
1.4960000000000002,1.5164
3.3803,2.9188
4.078,3.2466
1.6763000000000001,1.6023
3.6098000000000003,3.0668
4.496200000000001,3.3764000000000003
3.1055,1.9801000000000002
4.6966,2.6397
4.3826,3.8998
2.0945,1.7271
3.7281000000000004,2.5833000000000004
4.3463,3.8907000000000003
1.7441000000000002,1.7455
3.2093,2.834
4.4594000000000005,3.2332000000000005
1.7992000000000001,1.8020000000000003
3.2916,3.3529000000000004
3.5753000000000004,3.4468
1.3679000000000001,1.7661
3.5001,3.2660000000000005
4.6064,4.2536000000000005
1.4264000000000001,1.9106
2.9862,3.1299
4.8512,3.4413
1.8031000000000001,1.7675000000000003
2.8651,3.0482
4.1812000000000005,3.6602
2.0886,1.8166
2.9637000000000002,3.4371
4.2508,3.2583
1.5623000000000002,1.7209
3.6712000000000002,3.1058000000000003
4.3684,3.2078
1.6962000000000002,1.5397000000000003
3.2348000000000003,2.9175000000000004
4.0166,3.3106000000000004
2.4396,1.6340000000000001
3.3955,2.7260999999999997
3.9510000000000005,3.1199
1.5149,1.5842
2.9466,2.558
3.8157000000000005,3.1107
1.7131,1.5704
3.2411000000000003,3.7051000000000003
4.1919,3.3089
1.7514000000000003,1.7477
3.5625,3.1421
4.792400000000001,3.6667
2.7027,1.5279
6.9853000000000005,3.3221000000000003
7.1645,5.701700000000001
2.3104,2.4270000000000005
5.748600000000001,4.8124
6.3029,5.5815
2.0967,1.8346
5.077300000000001,4.4154
6.223,4.632000000000001
1.6301,1.6716
3.4752000000000005,2.9726000000000004
6.862900000000001,4.767600000000001
2.7009,2.5522
3.4483,2.954
5.338000000000001,3.2311
1.9237000000000002,1.6703
4.7253,2.9226
4.5182,3.6912000000000003
1.6376000000000002,1.6661
4.1393,2.8919
4.7044,3.5120000000000005
1.9797,1.6367
3.4687000000000006,3.0737000000000005
4.2185,3.4308000000000005
1.8828,1.6882000000000001
3.2996000000000003,2.7369
3.9992000000000005,4.4018
2.3829000000000002,1.5378000000000003
3.3442000000000003,2.9823000000000004
6.913200000000001,2.3989000000000003
2.3977,1.4452
3.1601000000000004,2.7724
4.726400000000001,3.4795000000000003
1.5524,1.6232000000000002
4.874600000000001,3.1748000000000003
4.3171,4.8465
2.1097,2.0253
4.669300000000001,2.7179
3.7523,2.9819
1.8604,1.8845
3.3344000000000005,2.9991000000000003
4.9088,3.1007000000000002
1.996,1.3933
3.7553,3.2758000000000003
4.0184,3.0944000000000003
1.3501,1.5481000000000003
3.0473000000000003,3.0184
4.4154,4.3104000000000005
1.8072000000000001,1.5691000000000002
2.6533,3.2773000000000003
4.0021,3.2366
1.2941,1.5271000000000001
3.0781,2.6001000000000003
4.2147,3.1759
1.4926000000000001,1.5035
3.1788000000000003,2.5628
3.6305,3.7072000000000003
2.0976000000000004,1.4945000000000002
2.8125000000000004,2.5567
4.0059000000000005,2.9777
1.5650000000000002,1.5367
2.8733,2.5098
3.9247000000000005,3.02
1.9203000000000001,1.5518
2.9802,2.6217
4.1411,3.0309
2.2632,1.7440000000000002
3.2750000000000004,2.6551
4.8151,3.1376000000000004
1.6233,1.5534000000000001
3.1100000000000003,2.6386000000000003
3.7011000000000003,3.0189000000000004
1.5630000000000002,1.5284
3.0235000000000003,2.7185
4.5058,3.1296000000000004
1.6279000000000001,1.5137000000000003
4.7608,4.041100000000001
4.3881000000000006,2.9768000000000003
1.4146,1.491
4.3917,5.2228
4.8427,4.3017
1.5643,1.6291
3.1686,3.1331
5.2611,4.4118
1.8444000000000003,2.0648000000000004
3.6148000000000002,2.8845000000000005
3.7201,3.2769
1.6918,1.6673
3.4147000000000003,2.8932
4.6229000000000005,3.3504000000000005
1.7133,1.7874
3.6423,3.4345
4.080100000000001,3.3034000000000003
2.0133,2.5186
3.4931,3.2665
4.010300000000001,3.9117000000000006
1.6343000000000003,2.1069
3.4839,2.8521
4.0828,3.866
1.4115,2.0911000000000004
3.4803000000000006,3.7646
3.8853000000000004,3.3379000000000003
1.9227,1.9976
3.0524000000000004,3.0245
4.8793999999999995,3.2005000000000003
1.4140000000000001,1.5216
3.141,2.7886
5.4888,3.4323
1.4688,1.5815
3.0407,2.8166
4.8239,3.1949
1.6799,1.271
3.3439000000000005,3.6802
3.6084000000000005,2.9461
1.9699000000000002,1.1436
4.1205,3.0416000000000003
3.9122000000000003,3.153
1.9389,2.2053000000000003
2.7270000000000003,2.5959000000000003
4.8923000000000005,3.4356
2.2732,1.6664
2.5104,3.1595
4.2526,4.320500000000001
1.1132000000000002,1.7617000000000003
3.6737,3.2704
4.873,3.3629000000000002
1.9765,1.6529
3.3508,2.879
4.922000000000001,3.3467000000000002
1.4574000000000003,1.8184000000000002
3.4085,2.7885
3.8235,3.0329
1.5815,1.5614000000000001
4.6088000000000005,3.4849000000000006
3.7458,3.0309
1.8851,1.7510000000000001
3.9225000000000008,2.6468000000000003
4.1085,3.4932000000000003
1.9058,1.5716
3.4727,2.8096
4.1073,3.0701
1.4802000000000002,1.5170000000000001
4.3331,2.9168000000000003
3.8595,5.1723
1.6913000000000002,1.5274
2.9739000000000004,2.9347000000000003
5.1506,3.2525000000000004
1.7111,1.5812000000000002
3.0548,2.8898
3.6808,3.0268
1.8573000000000002,1.5035
3.4730000000000003,2.3889
3.7514000000000003,3.7851000000000004
2.1869000000000005,1.7274
3.0719000000000003,2.4761
4.6575,3.3511
1.7959,2.1094
3.7016,3.3949000000000003
3.8513,3.3311
1.6704,1.7708000000000002
3.3273,3.5730000000000004
4.008400000000001,3.2436000000000003
1.7083000000000002,1.8413000000000002
3.9049,2.6845000000000003
4.3291,3.7576
1.6881000000000002,1.6499000000000001
3.4586,2.9883
4.3654,3.4491
2.1242,1.7935
3.2772,2.3080000000000003
4.4001,3.4725
1.7399000000000002,1.2823000000000002
3.5138000000000003,3.506
4.498100000000001,2.9813
1.688,1.2896
3.4115,2.6139
4.2277000000000005,2.7954
5.922000000000001,3.0352
3.7033,3.8185000000000002
5.1336,3.3973000000000004
2.1330000000000005,1.3100000000000003
6.329700000000001,3.7720000000000002
4.8627,4.922700000000001
2.0173,1.2939000000000003
3.8823000000000003,2.6560000000000006
4.0282,3.3463000000000003
1.4804,1.6824000000000001
2.9182,3.0519000000000003
3.8251,3.1272
1.7444000000000002,1.7867
3.6467,3.0500000000000003
3.6390000000000002,3.3572
1.7176,1.4409
3.0307000000000004,2.4936000000000003
3.9872000000000005,4.1395
2.8219,2.5906000000000002
3.1771000000000003,2.9431000000000003
3.6163000000000003,3.4243000000000006
1.6862000000000001,1.6581000000000001
3.3970000000000002,3.2990000000000004
4.9832,2.4573000000000005
2.4568000000000003,1.9639000000000002
3.6627,2.478
4.8428,3.1531000000000002
1.3145000000000002,2.0001
4.2668,3.0766
4.1919,3.8905000000000003
1.5686,1.6981000000000002
3.3791,3.3988
3.9787,3.5843000000000003
2.1128,1.9879
3.2944000000000004,3.1188000000000002
4.1919,4.1215
1.7483000000000002,1.6121000000000003
2.8754,2.7012
3.9979000000000005,3.0641000000000003
1.1129,1.9078000000000002
5.1668,3.4337
5.1528,3.9890000000000003
2.0314,2.4978000000000002
5.047700000000001,5.0203
5.6005,4.4043
1.9315,1.7417
3.9960000000000004,3.3751
5.9446,4.736800000000001
1.9974000000000003,1.9274000000000002
5.369000000000001,3.6725000000000003
6.645900000000001,4.692
2.3528,2.7583
5.2077,4.832000000000001
5.4025,4.9824
2.0117,1.6417000000000002
3.5858,2.411
3.8715,3.3030000000000004
1.4377,1.6506
5.7589,3.0979
4.434400000000001,3.3677000000000006
3.0343,2.0949000000000004
4.8608,3.6151000000000004
45.2699,4.4511
42.201,2.7554000000000003
4.2065,4.6316999999999995
5.5344,4.5086
2.2396,2.0466
4.5947000000000005,2.8066000000000004
4.4103,4.404800000000001
3.8977,1.5407000000000002
4.3002,4.426100000000001
5.327800000000001,4.4872000000000005
2.5479000000000003,1.9691999999999998
4.1134,6.032500000000001
4.4889,3.8592
1.6710000000000003,1.7236
3.3558000000000003,4.0957
4.4173,3.4024
1.7718,1.7892000000000001
3.4028,3.2424000000000004
4.0837,3.9749
2.2471,1.6322
3.2283000000000004,2.8485000000000005
4.404100000000001,3.3534
1.6983,1.6423
3.5123,2.8880000000000003
4.0158,3.3871
1.3774,1.6073000000000002
3.9910000000000005,2.5300000000000002
3.7462000000000004,3.2541
1.7924000000000002,1.568
4.905400000000001,2.8287
5.3787,4.0502
2.2425,4.0919
35.6914,3.4880000000000004
19.210500000000003,5.179400000000001
2.7351,1.9031
3.7205000000000004,3.2134000000000005
5.5167,4.8893
2.1008000000000004,1.8873000000000002
4.2496,3.2110000000000003
4.8965000000000005,3.6219000000000006
2.4868,2.0722
4.3426,2.8861000000000003
4.662700000000001,5.1806
1.8616000000000001,1.8409000000000002
3.1596,2.9416
4.1051,3.9123000000000006
1.7144000000000001,1.6149
3.1411000000000002,3.2258
4.5046,3.979
1.9989000000000001,1.5682
3.0305000000000004,2.6874000000000002
4.150500000000001,3.0194
1.4558000000000002,1.5953
2.7466,2.5604
6.764900000000001,3.1971
1.8001,1.8668
3.6236,3.359
5.443600000000001,3.8847
2.6271000000000004,2.2201
4.3966,3.2886
5.4933000000000005,3.9606
1.8758000000000001,1.9048
4.1527,3.419
5.442000000000001,4.1636
2.0587999999999997,2.1715000000000004
3.8209000000000004,3.3724000000000003
5.1475,3.8431
1.1309,1.2180000000000002
3.7017,3.3473
5.5163,161.24280000000002
38.6753,1.9835
3.6409000000000002,2.0956
4.6218,4.7015
1.6821000000000002,1.9485000000000001
4.4539,3.5963000000000003
3.5422000000000002,2.8104
1.2555,1.2014
2.5403000000000002,2.0681000000000003
3.761,3.0171
2.1103,1.1339
2.3667000000000002,2.6141
3.019,2.3554
1.3433000000000002,1.2197
2.7251000000000003,2.1921000000000004
3.5391000000000004,2.2149
1.3385,1.2201
2.7259,2.0265
3.3801,2.3361
1.1698000000000002,1.1663000000000001
1.9798000000000002,1.9603000000000004
2.9739000000000004,3.7202
1.1558,1.0867000000000002
2.0963000000000003,1.9547
3.0968000000000004,2.9014
2.1713999999999998,1.4471
2.3927,1.9951999999999999
3.3505000000000003,2.3106000000000004
1.3761,1.7353
2.5982000000000003,3.7866000000000004
3.8307,2.8695
1.9638,1.1400000000000001
2.1761000000000004,1.9271000000000003
4.1764,3.3252000000000006
1.3201,1.8251000000000002
2.6411,4.0095
4.8414,4.4994000000000005
2.0842,1.4249
3.2762000000000002,2.0486000000000004
3.3539000000000003,2.3165
1.659,1.8106000000000002
2.3629000000000002,2.1769000000000003
3.1111000000000004,2.2991
1.1103,1.0659
2.1549,2.0385
2.7546000000000004,2.2251000000000003
1.1495000000000002,1.1424
2.2379000000000002,1.9215
2.9924,2.1869000000000005
0.9999,1.0844
2.8179000000000003,2.9533000000000005
2.9221000000000004,2.1976
1.2722,1.1545
4.769900000000001,1.9717000000000002
3.1490000000000005,3.2871
1.3359,1.1663000000000001
2.1510000000000002,2.0106
4.248,3.5353000000000003
1.9876,1.7721000000000002
2.4875000000000003,2.1016000000000004
2.4697,2.099
1.2454,1.1293
2.4687,2.3737000000000004
3.0513000000000003,2.2152000000000003
1.1603,1.104
2.361,1.8539
3.8432000000000004,2.2085
1.2237,1.5148000000000001
2.0902,1.8918000000000001
3.1248,2.2663
1.1073000000000002,1.0864000000000003
2.5342000000000002,1.9851
2.8164000000000002,2.2096
1.1192000000000002,1.0977000000000001
2.2790000000000004,1.8736000000000002
2.7426,2.3423000000000003
1.179,1.1058000000000001
2.1659,1.8873000000000002
2.9604000000000004,2.1742000000000004
1.1717000000000002,1.1581
2.7251000000000003,1.8704
2.9573000000000005,2.1597
1.1323,1.0683
2.0382,1.8418
2.9984,2.2282
1.1619,1.1669
2.3464,1.8481
3.0213,2.3199
1.1316,1.0481000000000003
2.2002,1.8732000000000002
2.8157,2.4536000000000002
1.0265,1.0415
2.1007000000000002,2.0056000000000003
3.1126,2.3651
1.1618000000000002,1.1133
3.4308000000000005,2.5573
2.9362000000000004,2.7630000000000003
1.0038,1.0487
2.1839000000000004,2.0139000000000005
3.1079000000000003,2.1861
1.391,1.1173000000000002
2.8454,1.9776
2.758,2.1372
2.4674,1.1852
2.3841,3.402
2.9936000000000003,2.13
1.1447,1.0809000000000002
3.0288000000000004,1.8968
2.7358000000000002,2.4046000000000003
1.0105000000000002,1.0784
2.1914000000000002,1.8855
2.9152,2.8375000000000004
1.1431,1.0763
2.1034,2.1907
3.2305,2.2508000000000004
1.1113,1.1589
2.5341,1.8629
2.7201,2.4437
1.2023000000000001,1.1139999999999999
2.0838,1.8426
2.9339,2.3823
1.0872,1.2108
2.5713000000000004,2.5278
4.3695,2.1835999999999998
1.0718,1.1736000000000002
2.3035,2.3903000000000003
3.1887,2.1335
1.3823,1.1086000000000003
3.2338,1.8612000000000002
3.1163000000000003,2.2128
1.6118000000000001,1.145
2.2867,1.8767
3.1590000000000003,3.5138000000000003
1.4709,1.2265000000000001
2.2745,2.3769
4.5807,2.1874
1.3371000000000002,1.1382
2.1976,1.8716000000000002
2.4329,2.1057
1.7132,1.0748000000000002
2.2721,2.6491000000000002
2.7144,2.2224000000000004
1.0862,1.7147000000000001
3.0488000000000004,2.7129000000000003
2.9107,2.21
1.2751000000000001,1.1216000000000002
2.6074,1.9016
2.5771,2.1276
1.3275000000000001,1.1715
2.5795000000000003,1.9527
2.8049000000000004,2.2253
1.3548000000000002,1.3138
3.0642,2.0315000000000003
2.672,2.2899000000000003
1.1874000000000002,1.1358000000000001
2.4178,1.9448000000000003
2.8695,2.2227
1.2048,1.1564
2.0781,1.8396000000000001
2.5840000000000005,2.1590000000000003
1.1777,1.1067000000000002
2.1899,1.9097000000000002
3.0654000000000003,2.2236000000000002
1.4225,1.1966
2.0728999999999997,1.9156000000000002
2.9373000000000005,2.2168
1.2221,1.1443
2.1766000000000005,1.9413000000000002
2.8515,3.1392
1.1090000000000002,1.1045
2.2534,1.9441
2.7058,2.1274
1.1154000000000002,1.0987
2.3847,2.3585000000000003
2.9894000000000003,2.2243000000000004
1.1962000000000002,1.0833000000000002
2.4186000000000005,1.8701
2.644,2.9675000000000002
1.1552,1.1083
2.2031,1.8803
2.6330000000000005,2.1814
1.1411000000000002,1.1668000000000003
2.2605000000000004,1.8957000000000002
2.5957000000000003,2.1754000000000002
1.3832,1.3146000000000002
2.209,1.9060000000000001
2.6926,2.1941
1.0208000000000002,1.0816000000000001
2.1616,1.8479
3.6947000000000005,2.2303
0.9978,1.0509
2.3348,1.9206
2.6138000000000003,2.1511
1.2199000000000002,1.1305
2.4617000000000004,1.9301000000000001
2.8807000000000005,2.2291000000000003
1.1191,1.1174000000000002
2.2284,1.8612000000000002
2.7543,2.3582
1.3409000000000002,1.1405
2.2648,3.2133000000000003
3.1068000000000002,2.1783
1.1473,1.119
2.3811999999999998,2.3566000000000003
2.6873,2.4383
1.1515000000000002,1.0885
2.2302000000000004,1.8885000000000003
2.9219000000000004,2.2772
1.2611,1.1278
2.4463000000000004,2.2236000000000002
2.6475,2.1415
1.2493,1.1116000000000001
2.3024,1.8851
3.1175,2.1638
1.8375000000000001,1.1427
2.5863,1.8854000000000002
3.1420000000000003,2.2523
1.1598000000000002,1.0990000000000002
2.3363000000000005,1.9537
2.5799,2.237
1.0792,1.0957000000000001
2.3999,1.9512
2.8711,2.1977
1.7857,1.1044000000000003
2.0439,2.7193
3.0139000000000005,2.2348000000000003
1.6137000000000001,1.1133
2.4178,1.8107000000000002
2.9442,2.2085
1.4107000000000003,1.1181
2.1147,1.8447
3.1083,2.3417
1.3425000000000002,1.1266000000000003
2.2538,1.9807000000000001
4.1335,3.4894000000000003
1.2166,1.3585
3.6308000000000002,3.0399000000000003
3.027,2.4753000000000003
2.1364,1.8064
2.3373,2.1224
2.8558000000000003,2.2990000000000004
1.1732,1.0909000000000002
2.3879,1.9374000000000002
2.9134,2.3326000000000002
0.9863000000000001,1.4298000000000002
2.2183,2.4816000000000003
3.3567,2.1648
1.1569,1.2744000000000002
2.1393000000000004,1.8548000000000002
2.6883000000000004,2.2236000000000002
1.0714000000000001,1.0721
2.2607,1.9419000000000002
2.7611000000000003,2.1659
1.2394,1.1107
2.2554000000000003,1.8877000000000002
2.6674,2.1389
1.2262,1.1041
2.7964,1.8955
3.4889,2.7576
1.1313,1.1264
2.3157,1.9296
3.0129,2.4637000000000002
1.0858,1.1103
2.3797,1.9489
3.1622,2.1380000000000003
1.1493,1.1070000000000002
2.4924,1.9684
3.0343,2.1616
1.2850000000000001,1.106
2.5283,1.9199000000000002
2.6647000000000003,2.1218
1.1673,1.1286
2.242,1.8789000000000002
2.8488,2.1971
1.0910000000000002,1.1098
2.1212,1.9171000000000002
2.9833000000000003,2.2185
1.142,1.0924
1.9848000000000001,1.8809
2.6523000000000003,2.6866000000000003
1.1277000000000001,1.087
2.4267,2.1969000000000003
2.8835,2.363
1.0584000000000002,1.082
2.0973,1.9235
2.798,2.7506000000000004
1.0508000000000002,1.078
2.3163000000000005,1.8587
2.8620000000000005,2.4016
1.3113000000000001,1.1494
2.0698000000000003,2.095
3.7235,2.2201
1.165,1.1053
2.5934,1.8901000000000001
3.0672000000000006,2.2456
1.1913000000000002,1.155
2.2726,1.8475000000000001
2.9431000000000003,2.6882
1.3002,1.1253000000000002
3.2883,2.2712000000000003
4.225700000000001,2.8753
1.1151000000000002,1.5038
2.0097,1.8221
4.2749,3.4057000000000004
1.2505000000000002,1.6535
2.3167999999999997,1.9722
4.3099,3.4027000000000003
1.624,1.5488000000000002
3.1963,2.6695
2.8032,2.236
1.6114,1.5715000000000001
2.2990000000000004,2.0386
3.0246,2.2702
1.6997000000000002,1.6107
2.4436,1.9266
2.785,2.2175000000000002
1.6838,1.8151000000000002
2.4195,1.9635
2.7806,2.2407
1.0246000000000002,1.0358
2.1917,1.8914000000000002
2.66,2.262
1.0841,1.0807
2.0707,1.917
5.281200000000001,2.2133000000000003
1.1914,1.1938
3.572,2.6916
4.8697,3.3775000000000004
1.7769000000000001,1.6254000000000002
2.1638,1.8605000000000003
2.9259000000000004,2.2917
1.1433,1.1122
2.294,1.9387
2.8548,2.2841000000000005
1.1819,1.1377000000000002
2.5340000000000003,2.1037
2.7594,2.3286000000000002
1.6026,1.1542
2.327,1.9667000000000001
4.5525,3.4751
1.7321000000000002,1.6664
3.5737000000000005,2.9204
4.4910000000000005,3.6562
1.8879000000000001,1.741
3.5436,2.9793000000000003
4.1622,3.4305000000000003
1.8024,1.7776
2.7525000000000004,3.1262
3.0982000000000003,2.7384000000000004
1.2914,1.4991
5.5188,2.8381000000000003
5.240900000000001,4.0016
2.3395,1.9531
2.6710000000000003,2.0745
2.8433,2.269
1.1928,1.1786
2.213,2.0084
2.6946000000000003,2.2612
1.1324,1.102
3.4672,2.922
2.8669000000000002,2.2423
1.1368,1.1829
2.2266,2.1074
2.9822,2.4214
1.2362,1.3925
1.9821000000000002,1.9209
2.8037,2.423
1.1898,1.1194
2.4372000000000003,1.9658000000000002
2.9459,2.2374
1.3563,1.1413
2.2326,1.9125
2.882,2.2008
1.5431000000000001,1.4197000000000002
2.4106,1.9905000000000002
2.7741000000000002,2.2297000000000002
1.1746,1.0951000000000002
2.4920000000000004,1.9466
2.5068,2.1598
1.2268000000000001,1.1676
2.0667000000000004,1.8245000000000002
2.583,2.1641
1.0773,1.1268
2.1759,1.8523
3.6432,2.2578000000000005
1.1171,1.1581
2.4311000000000003,1.9575
2.8901,2.1734000000000004
1.1453000000000002,1.1263
2.5102,2.0932
3.0096000000000003,2.2131
0.8878,1.0297
2.2698,2.1004
2.9546000000000006,2.1726
1.2507,1.1552
2.1276,1.8889000000000002
5.5192000000000005,3.3665000000000003
1.243,1.1958000000000002
2.4355,3.3942
2.8892,2.2862
1.6396000000000002,1.2022000000000002
2.1183,1.8849
2.5604,2.1058000000000003
1.0311000000000001,1.0612
2.3102,1.9023000000000003
2.7988,3.0508
1.0507000000000002,1.0865
3.8135,3.3030000000000004
2.6152,2.1649
1.0416,1.0998
2.3195,1.9683000000000002
2.9553000000000003,2.3023000000000002
1.2677,1.084
2.6597,2.0333
2.9079,2.4219000000000004
1.0922,1.103
2.7693000000000003,1.9125
3.0605,2.5736
1.1,1.204
2.2422,2.1302
3.3980000000000006,2.2298999999999998
1.2733,1.0563
2.0562,2.0519000000000003
2.6628000000000003,2.1504000000000003
2.0046,1.105
2.2236000000000002,1.9165
2.7222,2.4202
0.9108,1.6019
2.137,1.8599
2.8699000000000003,2.153
1.2419,1.3652
2.3738,1.9966000000000004
3.1486,2.1326
1.1184,1.0513000000000001
2.1513999999999998,1.9695000000000003
2.6259,2.3662
1.1693,1.1196000000000002
2.4368000000000003,3.7916000000000003
3.3539000000000003,2.2106
1.7114,1.1069
2.4200000000000004,2.3047000000000004
3.5634000000000006,2.2416000000000005
1.4609,1.0861
2.2337000000000002,1.9902000000000002
2.8158000000000003,2.2098
1.2584,1.0998
2.7823,1.8299
2.8761000000000005,2.3738
1.2831000000000001,1.1829
2.2043000000000004,4.0552
3.5481000000000003,2.2520000000000002
1.1132000000000002,1.0926
2.9453,1.9222000000000001
2.8677000000000006,2.1988000000000003
1.2764,1.3621
2.2586,1.8723
3.0372000000000003,2.24
1.062,1.4225
2.1102,1.8871
2.8299000000000003,2.2356000000000003
1.112,1.0963
3.1303000000000005,3.7632000000000003
2.8719,2.1153999999999997
1.3650000000000002,1.1458
3.0517,1.9297000000000002
2.5924000000000005,2.1421
1.0755000000000001,1.0695999999999999
2.5476,1.9628000000000003
3.2873000000000006,2.1775
1.3216,1.1425
2.4393000000000002,1.9333000000000002
2.8358000000000003,2.1292
1.1665,1.101
3.5737000000000005,1.9057000000000002
2.7748,2.1807000000000003
1.0917000000000001,1.0524
2.6691000000000003,1.9136000000000002
2.7604,2.1933
1.2346,1.2755
2.2473,1.8416000000000001
3.0140000000000002,2.1837000000000004
1.4323000000000001,1.118
3.3752,1.9653
3.2704,2.236
0.9822000000000002,1.0384
2.2016,1.9006
2.9614000000000003,2.2002
1.0527000000000002,1.0478
2.1344000000000003,1.8673000000000002
2.7593,2.1527
1.0963,1.0915
2.367,1.9412
2.8776,2.361
1.1589,1.1193000000000002
2.0472,2.0711000000000004
3.0,2.1757
1.1166,1.0858
2.3299000000000003,1.9184000000000003
2.8441,2.2006
0.9904000000000001,1.0638
2.0524000000000004,1.8049000000000002
3.843,3.2627
1.1456000000000002,1.1126
2.2281000000000004,1.8714
2.8687,2.2104
1.2305000000000001,1.1312000000000002
2.3064,1.9348000000000003
2.7099,2.1850000000000005
1.8229000000000002,1.0899
2.5205,1.9649000000000003
2.8119,2.1895000000000002
1.1485,1.3152000000000001
2.1192,1.9633000000000003
2.9568000000000003,2.1934000000000005
1.0906000000000002,1.0526000000000002
2.2306,1.9355000000000002
2.6049,2.2255000000000003
1.3066,1.1055000000000001
2.3022000000000005,1.9805000000000001
3.0682,2.5116
1.1748,1.1041
2.0552,1.8661
2.9530000000000003,2.9117
1.1620000000000001,1.1422
2.1052000000000004,1.8755000000000002
3.4270000000000005,2.3420000000000005
1.3015,1.147
2.003,1.9174
2.8174,2.2224000000000004
1.1382,1.116
2.6490000000000005,1.8888000000000003
2.7475000000000005,2.2001
1.0155,1.0807
2.1941,1.9112
2.6261,2.1529000000000003
1.2379000000000002,1.2670000000000001
2.3517,1.8934000000000002
2.8758,2.2263
1.2228,1.1171
2.0938000000000003,1.8541
3.0176,2.2853
1.084,1.0917000000000001
2.3870000000000005,1.8944
2.9342,2.2028
1.0823,1.0833000000000002
2.4929,1.9557000000000002
2.6833,2.1992000000000003
1.1199000000000001,1.1309
2.3851000000000004,1.9976
2.8185000000000002,2.1935000000000002
1.181,1.0839
2.3199,1.9256000000000002
3.2391000000000005,2.1823
0.9109,1.0796000000000001
2.3443,1.9131
2.8016,2.2151
1.1811,1.0978
2.1101,3.3622
2.7085,2.1396
1.1205,1.086
2.3319,1.872
2.8693,2.2
1.0098000000000003,1.0567
2.1179,1.8669
2.7932,2.1896000000000004
1.044,1.8174000000000001
3.255,1.8459
2.8665000000000003,2.2346000000000004
1.0646,1.0732000000000002
2.1001000000000003,1.8172000000000001
2.7591,2.2014
1.4862,1.1077000000000001
2.3621000000000003,1.9372
2.6793000000000005,2.0822000000000003
1.5653000000000001,1.0835000000000001
2.0264,2.4891
2.9082,2.1701
2.2491,1.1002
2.2488,1.8421
2.8417000000000003,2.1726
1.2843000000000002,1.1142
2.3758,1.9005
2.5159000000000002,2.242
1.2102,1.076
2.2726,1.9474000000000002
2.7822000000000005,2.2649000000000004
1.06,1.1008
2.1812000000000005,2.0085
2.8168,2.1854
1.0381,1.0596
2.3324000000000003,2.4333
2.6397,2.4631000000000003
1.161,1.0654
2.3942,1.9017000000000002
3.0054000000000003,2.1391999999999998
1.1094,1.0927
2.2937000000000003,2.8772
3.2096000000000005,2.3179000000000003
1.0884,1.0826
2.6185,1.8194000000000001
3.5426,3.2676000000000003
1.2460000000000002,1.5768000000000002
2.2779000000000003,1.8481
2.7045000000000003,2.1505
1.1731,1.0941
2.02,1.8144
2.6152,2.4266
1.3195999999999999,1.3259
2.1975000000000002,1.881
3.0291,2.1182000000000003
1.141,1.087
2.3761000000000005,1.9355000000000002
2.5934,2.1525000000000003
1.3010000000000002,1.1275
2.1405,1.8696000000000002
2.8373,2.4535
1.2835,1.1545
2.0228,1.8661
2.9861000000000004,2.1654
1.1237000000000001,1.1145
2.4082,1.8859000000000001
2.865,2.6054000000000004
1.3207000000000002,1.1406
2.1187000000000005,2.7102000000000004
3.0801000000000003,2.143
1.1455,1.1019
2.3005,2.1593000000000004
2.6625000000000005,2.1655
1.1170000000000002,1.1825
2.7374,1.8434
2.9028,2.1982
1.6835,2.2335000000000003
2.3303,1.8594000000000002
2.6295,2.1999000000000004
1.2410999999999999,1.8987
3.0338000000000003,1.9764000000000002
2.7057,2.2128
1.322,1.6764000000000001
2.4186000000000005,2.004
3.0823,2.1391
1.151,2.023
2.3191,1.9580000000000002
2.85,2.1297
1.2939000000000003,1.1497
2.9047,2.0022
3.2085000000000004,2.2715
1.1521000000000001,1.0726000000000002
2.8895,1.9029
2.9382,2.2235
1.0653000000000001,1.0851000000000002
2.0540000000000003,1.8215000000000001
2.9304,2.2625
1.0910000000000002,1.0641
2.3167,1.9021000000000001
2.6101,2.0957000000000003
0.9669,1.0356
2.2165000000000004,1.9203000000000001
2.9247,2.2006
1.0015,1.0461
2.3117,1.9418
3.3889000000000005,2.3965
1.3404,1.2139000000000002
2.3179000000000003,2.4434
3.2739000000000003,2.2245000000000004
1.1712,1.068
2.8420000000000005,1.8576000000000001
2.6879,2.1305
1.0775000000000001,1.0908
3.3341,1.8948
2.939,2.2543
1.2099,1.139
2.1674,1.8678000000000001
2.931,2.2289000000000003
0.9620000000000001,1.2533
2.1395000000000004,1.8555000000000001
3.0959000000000003,2.3605
1.4701,1.0566
2.1446,1.8291000000000002
3.1645000000000003,2.1815
1.2228,1.0861
2.4065000000000003,1.9516000000000002
2.7239,2.2672
1.249,1.1058000000000001
2.2874000000000003,1.8652
2.6867,2.2065
1.3639999999999999,1.1365
2.0717000000000003,1.8605000000000003
2.5775000000000006,2.2615
1.0801,1.0707000000000002
2.4641,1.9522000000000002
2.8849,2.4041
1.0012,1.0491000000000001
2.1423,3.0574
2.959,2.246
1.1167,1.0899
2.1532,1.9481000000000002
3.0548,2.2647
1.3057,1.1654
2.0854000000000004,1.8251000000000002
2.3801,2.1707
1.2747000000000002,1.1368
2.2601,1.8732000000000002
3.0262000000000002,2.2769
1.0829000000000002,1.734
2.4071000000000002,1.8979000000000001
2.9207,2.2141
1.2746000000000002,1.0788
2.2112,1.9483000000000001
2.8473,2.1947
1.2020000000000002,1.0939
2.4388,1.9068
2.7803000000000004,2.2183
1.0649000000000002,1.0505
2.2776,1.9080000000000001
2.7552000000000003,2.5332000000000003
1.0403,1.0413
1.9766000000000001,4.123500000000001
2.6945,2.1917
1.0413,1.1128000000000002
2.4306,2.8810000000000002
3.5128000000000004,2.6130000000000004
1.149,1.0790000000000002
2.3161,2.0879000000000003
2.6597,2.1454
1.1486,1.0794000000000001
2.3559,1.9249000000000003
2.866,2.1561000000000003
1.2347000000000001,1.1397
2.0921,1.8928
2.8220000000000005,2.2615
1.5212,1.8568
2.982,1.9808000000000001
2.9879000000000002,2.2896
1.0833000000000002,1.1252
2.4671000000000003,1.8687
2.9121000000000006,2.271
1.317,1.2024000000000001
2.3783000000000003,1.9106
3.2635000000000005,2.3203
1.1096000000000001,1.1234000000000002
4.3886,1.9919
2.9569,2.3185000000000002
1.4372,1.2064000000000001
2.3658,1.9356000000000002
2.6406000000000005,2.3134
1.2179,1.1350000000000002
2.2031,2.8033
2.612,2.1121
1.1689,1.0699
2.3157,1.8189
3.2779000000000003,2.2905
1.219,1.1811
2.9776000000000002,2.4347000000000003
2.9083000000000006,2.6343
1.0788,1.095
2.1884,1.9720000000000002
2.5511000000000004,2.1820000000000004
1.1985999999999999,1.1742000000000001
2.2643000000000004,1.9296
2.9097000000000004,2.2036
1.2325000000000002,1.1353000000000002
3.4579000000000004,1.9165
2.7727000000000004,2.2508000000000004
1.2448000000000001,1.1617000000000002
2.222,1.9015000000000002
4.1362000000000005,3.3506
1.0398,1.1053
3.1526,1.9415
3.0409,2.2087
0.8994000000000001,1.0989
2.5718,1.9416000000000002
2.596,2.346
1.0098000000000003,1.0609
3.2247,2.6466000000000003
3.0345000000000004,2.2613
1.1078000000000001,1.1091
2.3604000000000003,1.9504000000000001
2.8129,2.2048
1.6127,1.6289000000000002
3.5948,3.2331
3.8288,3.1157000000000004
1.2469,1.1438000000000001
2.4371,2.088
3.1647000000000003,2.2418
1.072,1.0914
3.1579000000000006,2.031
3.2656,2.2653
1.108,1.1346
2.6559,1.9831000000000003
2.6733,2.1721000000000004
1.1683000000000001,1.6283
2.3119,1.9354
2.657,2.1852
1.1113,1.0702
3.0628,1.9513000000000003
2.6719,2.2874000000000003
0.9551000000000001,1.0207
2.2147,2.5050000000000003
2.9545,2.2041
0.9823,1.0658
2.3701,1.8681
2.9129000000000005,2.3241
1.3167,1.1193000000000002
2.2103,1.9065000000000003
3.7004000000000006,2.2032000000000003
1.1605,1.2920000000000003
2.2499,1.8723
2.5823,2.2167000000000003
0.9146,1.0547
2.0727,1.9411
2.6818000000000004,2.164
1.1363,1.2531
2.3811999999999998,1.858
2.7765000000000004,2.1647000000000003
1.1945000000000001,1.1014
2.1581,1.8692000000000002
3.1863,2.2723
1.0430000000000001,1.0612
2.2143,1.9688
2.5099,2.3766
1.083,1.1325
2.4857,2.5782000000000003
3.0862000000000003,2.2107000000000006
1.0846,1.0974000000000002
2.3774,1.9176000000000002
2.9247,2.2225
1.3199,1.1377000000000002
2.2629,1.9175000000000002
2.6385,2.1694
1.0677,1.1904000000000001
2.3299000000000003,1.915
2.6490000000000005,2.2994
1.0907,1.2435
1.9859,1.8441000000000003
3.1000000000000005,2.2707
1.2192,1.1156
2.1359,1.8937000000000002
2.9836000000000005,2.2225
1.1355,1.1083
2.0474,1.8485
2.8057000000000003,3.196
1.2729,1.1568
2.4172,1.9083
2.8401000000000005,2.6954000000000002
1.2581,1.1095
2.3497000000000003,2.9124000000000003
3.2179,2.219
1.1353000000000002,1.0690000000000002
2.347,1.915
3.2453,2.241
1.0952000000000002,1.1225
2.4773,1.9192
2.8981000000000003,2.1515000000000004
1.0909000000000002,1.7333
2.5546,1.8606
2.6092000000000004,2.1644000000000005
1.2379000000000002,1.1083
2.2414,1.8448000000000002
2.6724,2.1657
1.0756000000000001,1.2009
2.2025,1.8736000000000002
2.8635,2.202
1.3623,1.0909000000000002
2.5095,1.9768
2.7030000000000003,2.1613
0.9137000000000001,1.0402
2.3125000000000004,1.9079000000000002
2.7838000000000003,2.5282
1.1173000000000002,1.1004
2.3415000000000004,1.9317000000000002
2.6390000000000002,2.2316000000000003
1.0956000000000001,1.0777
2.1332,2.0674
3.2886,2.5516
1.0263000000000002,1.065
2.1053,2.0236
5.0396,2.242
1.3234000000000001,1.2080000000000002
2.9018000000000006,1.9588999999999999
2.8165,2.1809
1.2851000000000001,1.1495000000000002
2.5352,1.9638
2.9455,2.2351
1.2482000000000002,1.1558
2.0462000000000002,1.8269
2.5818,2.1927000000000003
1.0756999999999999,1.0473999999999999
2.0329,1.8068000000000002
2.4055,2.2757000000000005
1.2984000000000002,1.1309
3.0042000000000004,2.7481000000000004
2.6217,2.143
1.3838000000000001,1.0601
2.398,1.9486
2.8048,2.1729000000000003
1.3195000000000001,1.0832000000000002
2.2733000000000003,1.9147
3.1315,2.2487000000000004
1.203,1.0998
2.1831000000000005,1.8815000000000002
2.3604000000000003,2.1535
1.2092,1.1272
2.5285,1.9753
2.6824000000000003,3.0342000000000002
1.2973000000000001,1.1758
2.2088000000000005,1.9245000000000003
2.7355,2.3372
1.2479000000000002,1.1562000000000001
2.0893,2.1
3.1096,2.2693000000000003
1.2273000000000003,1.1258000000000001
2.4495000000000005,1.9453
2.9240000000000004,2.1903
0.9535,1.0724
2.1144000000000003,1.8656
2.744,2.2246
1.2358,1.1552
2.2478000000000002,1.8964
2.7223,2.1983
1.1695,1.4223000000000001
2.2577000000000003,1.9294000000000002
3.0616000000000003,2.2918000000000003
1.6566,1.0998
2.0492000000000004,1.8209000000000002
2.6994000000000002,2.9442
1.4021000000000001,1.2883
2.9366000000000003,1.8934000000000002
2.7026000000000003,2.1386
1.1357000000000002,1.0890000000000002
2.2094000000000005,1.8566
4.4951,2.1748000000000003
1.1522999999999999,1.0984
2.3880000000000003,2.3682
2.2283000000000004,2.5175
1.1712,1.1082
2.4207,1.9025
2.6537,2.1388000000000003
1.1838,2.0156
2.1102,1.8239
2.8908,2.2366
1.0862,1.1032000000000002
2.3343000000000003,1.8764
2.8249,2.6021
1.0263000000000002,1.0502
2.173,1.8626
3.5624000000000002,2.2794
1.1484,1.0998
2.1743,2.4471000000000003
3.2457000000000003,2.2195
1.2152,1.1169
2.3904,1.8626
2.5276,2.1625
1.1866,1.0882
2.1211,1.8907
2.6207000000000003,2.1372
1.2979,1.1473
2.1973000000000003,1.8817
2.6181000000000005,2.0943000000000005
1.0103,1.0181
2.8893,1.9767000000000001
2.567,2.177
1.0691000000000002,1.1642
2.3166,1.8884
2.4874000000000005,2.1124
1.2316,1.0997000000000001
2.4742,1.9320000000000002
2.8437,2.2574
1.2551,1.0861
2.2732,1.9086
2.8382000000000005,2.7519000000000005
1.1773,1.0426
2.5072,1.9667000000000001
3.069,2.2168
1.3078,1.1699
2.8041000000000005,1.9058
2.6016000000000004,2.3009000000000004
1.0415,1.0856000000000001
2.1101,2.3943000000000003
3.0131,2.2363
1.1421000000000001,1.1487
2.3323,1.9229000000000003
2.932,2.1457
1.1747,1.0988
2.1254,1.8274000000000001
2.8669000000000002,2.17
1.3913,1.1170000000000002
2.2511,1.8809
4.531000000000001,3.2918000000000003
1.2752,1.1227
2.4855000000000005,1.9122000000000001
2.6625000000000005,2.1688
1.179,1.1483
1.9186,1.7807000000000002
3.0592,2.2520000000000002
1.2566000000000002,1.0996000000000001
2.2499,1.9281000000000001
2.7699000000000003,2.1758
1.2389000000000001,1.1261
2.4541000000000004,1.9300000000000002
2.6183,2.1565
2.0389000000000004,1.0265
2.2425,1.8931000000000002
2.5682,3.1048
1.3286,1.1476000000000002
2.4653,1.9485000000000001
3.0675000000000003,2.3998
1.1280000000000001,1.0889
2.4574000000000003,2.007
3.7209,2.1123000000000003
1.2686000000000002,1.1278
2.3021000000000003,2.2206
2.6417,2.1249000000000002
1.1342,1.0819
2.4531,1.8971
2.5512,2.1081000000000003
1.1049,1.3606
2.4486,1.9152000000000002
2.5317,2.1703
1.1893,1.1711
2.3527,1.9522000000000002
2.7532000000000005,2.4583
1.5742,1.1052
2.2396,1.9526000000000001
2.7421,2.1293
1.1134000000000002,1.0892
2.2515,1.9358000000000002
2.7086,2.3237
1.0435,1.1161
2.2430000000000003,3.192
2.8970000000000002,2.1612000000000005
1.1024,1.0731
2.2934,1.9371000000000003
2.7967,2.7834000000000003
1.1003,1.0856999999999999
2.2566,1.9761000000000002
2.8875,2.2679
1.0839,1.0792
2.1572,1.9144
3.6461,2.2378000000000005
1.2732,1.3253000000000001
2.3264,1.9029
2.6067,2.4141000000000004
1.0087,1.0483
2.4691,3.0368
4.9908,12.613100000000001
1.3378,1.7149
2.8498,2.3426
2.9117,2.5664000000000002
1.1929,1.1365
2.2206,1.8868
4.782500000000001,2.6857
1.5263000000000002,1.9970999999999999
2.428,2.3369000000000004
2.8039,2.2117
1.2941,1.1215000000000002
2.0055000000000005,1.9612000000000003
2.7907,2.2670000000000003
1.2255,1.0983
2.301,1.9201000000000001
2.7768,2.2182
1.1150000000000002,1.1665
2.3195,1.9562
3.0749000000000004,2.4251000000000005
2.2234,1.1921
2.922,2.1832000000000003
2.4793000000000003,2.1261
1.2100000000000002,1.1504
2.2784000000000004,1.9316000000000002
2.8085000000000004,2.2058
1.1480000000000001,1.0878
2.4758000000000004,1.9563000000000001
3.0,2.2685
1.0399,1.3595
2.0730000000000004,1.8395000000000001
2.8573,2.2308000000000003
1.0649000000000002,1.113
2.3174,1.9526000000000001
3.3002000000000002,2.2294000000000005
1.5537,1.1509
2.1419,1.9431
4.5333000000000006,3.4664
1.2146000000000001,1.0912000000000002
2.3489999999999998,1.8772000000000002
2.6506000000000003,2.1668
1.0477,1.2508000000000001
2.4773,1.9713
2.8592,2.1734000000000004
1.9612000000000003,1.3075
2.0442,1.9343000000000001
2.7465,2.2041
1.2124,2.4572000000000003
2.6173,1.9231
2.6448,2.1208
1.2136,1.0997000000000001
2.1289,1.8716000000000002
3.4194000000000004,2.1538
1.1192000000000002,1.1001
2.6807000000000003,4.7016
4.6008000000000004,2.3185000000000002
1.0057,1.0611000000000002
2.9999000000000002,1.925
2.7822000000000005,2.1372999999999998
1.2537000000000003,1.1418000000000001
2.5258000000000003,1.9086
2.8012,2.2327000000000004
0.9942,1.044
2.3375000000000004,1.9157000000000002
2.8207,2.2022
2.1434,1.1295000000000002
2.003,1.8464000000000003
2.8566000000000003,2.1868
1.0996000000000001,1.0657
2.2941000000000003,2.7586000000000004
2.7066,3.0356
1.0741,1.1054000000000002
3.0938000000000003,2.6522
2.8375000000000004,2.9265000000000003
1.0868,1.0655000000000001
2.1462,2.619
3.0769,2.2104
1.2260000000000002,1.0921
2.1607000000000003,2.1875
2.9858000000000002,2.2578000000000005
1.1645,1.2249
2.3822,2.7868000000000004
3.0249,2.4884
1.1308000000000002,1.271
2.5304,1.9195000000000002
2.6746,2.3707000000000003
1.0481000000000003,1.0718
2.1966,2.0991
3.3031,2.2561
1.3458,1.1417000000000002
2.2752000000000003,2.0897
2.9241,2.1889000000000003
1.2943000000000002,1.1338000000000001
2.9461,1.8119000000000003
3.5582000000000003,2.1872000000000003
1.1232,1.3051
2.5771,1.8801000000000003
2.744,2.1246
1.2758,1.423
2.477,1.9237000000000002
2.8358000000000003,2.1515000000000004
1.3513000000000002,1.0957000000000001
2.8715,2.0380000000000003
3.3692,2.3275
1.1439,1.1284
2.6263,1.9322
3.5128000000000004,2.1996
1.1401000000000001,1.2911000000000001
2.1677000000000004,1.8453
2.5691,2.1233000000000004
1.0961,1.0743
2.0979,1.8359
2.7017,2.193
1.1228,1.0776000000000001
2.9648,1.871
2.8174,2.1925
1.2646,1.1721000000000001
2.6038,3.6537
2.8548,2.6849
1.2475,1.17
2.6696000000000004,2.0587999999999997
3.011,2.2108000000000003
1.2126000000000001,1.1215000000000002
2.2569,2.0092
2.7364,2.14
1.3639000000000001,1.1710000000000003
2.3088,1.9390000000000003
3.2783,2.2405000000000004
1.3053000000000001,1.1388
3.2517,1.8595000000000002
3.055,2.1423
1.1723000000000001,1.2336
2.2597000000000005,1.8797000000000001
2.9326,2.3237
1.0963,1.0658
2.2923,1.8451000000000002
4.0191,2.4254000000000002
1.2454,1.2078
2.12,1.9005
4.925700000000001,2.438
1.2445000000000002,1.155
2.2536,2.0527
2.9050000000000002,2.5962000000000005
1.2618,1.1710000000000003
2.6654,1.9654
2.6906,2.2102000000000004
1.0633000000000001,1.1248
1.9968,1.8651000000000002
2.8620000000000005,2.4462
2.0114,1.1329
2.9344,3.5080000000000005
2.7538000000000005,2.2748
1.1024,1.4841000000000002
2.3558000000000003,2.4656000000000002
2.9387000000000003,2.2608
1.2237,1.1689
2.2447,1.9436000000000002
2.7444,2.2173000000000003
1.2647000000000002,1.1794000000000002
2.321,2.5047
3.4116000000000004,2.1694
1.2387000000000001,1.2104000000000001
2.2217000000000002,1.9334
3.8255000000000003,7.557300000000001
1.8218,1.3751000000000002
2.0813,1.8947
3.0313000000000003,2.3773
1.8383000000000003,1.1654
2.4785000000000004,2.0140000000000002
2.97,2.2858
1.6591000000000002,1.9794999999999998
2.7751,2.0696
2.934,2.4089000000000005
1.1585,1.4515
2.1997,1.9247
3.3042000000000002,3.1661
1.3056,1.4551000000000003
3.0083,2.0002
2.5731,2.2458
1.0475,1.1506
2.4352,2.1253
3.0859000000000005,2.1822
1.0156,1.1116000000000001
2.8323000000000005,2.2860000000000005
3.5812,2.1592000000000002
1.0261,1.0999
2.5212000000000003,1.9429000000000003
2.9742,2.2353
1.1571,1.2814
2.0180000000000002,1.8367000000000002
2.5139000000000005,2.1847
1.2410999999999999,1.1141
2.068,1.8200000000000003
2.9202,2.8535
1.2795,1.3044
2.2728,1.9039000000000001
3.105,2.9892
1.7429000000000001,1.4855
2.4056,2.8976
3.0616000000000003,2.2018000000000004
1.3396000000000001,1.2823000000000002
2.6188000000000002,2.2471
2.9496,3.5525
1.9974000000000003,1.0911
2.2193,1.8562
2.8743000000000003,2.2595
1.3417999999999999,1.4676
2.4456,1.9878
3.395,2.6198
1.2702,1.1692
2.6652000000000005,2.0896
3.3133000000000004,2.3687
1.1794000000000002,1.2133
2.6565,2.3138
4.1188,2.2214
1.0171000000000001,1.2175
2.0022,1.8867
3.2879000000000005,2.193
0.9677,1.0584000000000002
2.0815,1.8490000000000002
3.3069,2.2311
1.2481,1.1288
2.4204,2.0075000000000003
2.6435,2.1753000000000005
1.1837,1.0965
2.1739,1.8886
2.7598000000000003,3.2578000000000005
1.288,1.1467
2.0772,2.6019
3.0947999999999998,2.5325
1.3144,2.0229000000000004
2.2408,2.2599
4.317200000000001,3.3284
1.1958000000000002,1.1217
2.4859,2.0978
2.7522,2.3092
1.2724000000000002,1.0597
2.2711,1.8667000000000002
2.6088,2.2009
1.1755000000000002,1.1709
2.0018000000000002,1.8442
2.978,3.1371
1.8281,1.6238000000000001
2.5153000000000003,2.137
3.0447,2.3998
2.1173,1.0686
2.4999000000000002,1.9609000000000003
2.7883,2.2379000000000002
1.1369000000000002,1.0625
1.9883000000000002,1.8973000000000002
3.1412000000000004,2.3029
1.1007,1.0887000000000002
2.2535000000000003,1.9247
5.3206,3.9323000000000006
1.7087,1.5294
2.5304,2.0355
2.954,2.2643000000000004
1.387,1.1446000000000003
2.3249,2.6374000000000004
2.9566000000000003,2.3045999999999998
0.9232000000000001,1.0621
2.4302,1.8286
2.5741,2.1765
1.2033,1.0965
3.2736,1.8537
2.8619000000000003,2.1998
1.1093000000000002,1.0804
1.9343000000000001,1.822
2.7638000000000003,2.3884000000000003
1.0905,1.4086
2.2097,1.8702
2.8804,2.2083000000000004
1.0450000000000002,1.0412000000000001
2.6385,1.9409
2.7243000000000004,2.1256
1.1474,1.1009000000000002
2.1788000000000003,1.8739000000000001
2.83,2.1826000000000003
1.2033,1.1107
2.4076000000000004,1.901
2.6694,2.0994
1.2549,1.1070000000000002
2.3006,1.872
2.7264000000000004,2.8382000000000005
1.2438,1.1037
2.1757,1.8799000000000001
2.713,2.0904000000000003
1.1478,1.1064
2.4648,1.8391000000000002
2.689,2.1976
0.926,1.0630000000000002
2.4238000000000004,1.9060000000000001
2.8052,2.1583
1.085,1.0805
2.2199000000000004,1.8612000000000002
2.8496,2.2152000000000003
1.1114,1.1343
2.5531,2.0082
2.9496,2.2776
1.2404,1.1128000000000002
2.1535,1.8396000000000001
2.6626000000000003,3.3394000000000004
1.2748,1.1427
3.4154000000000004,3.7
4.5466999999999995,2.2638000000000003
1.1417000000000002,1.1167
2.1835999999999998,1.9586000000000001
2.7442,2.1936
1.1805999999999999,1.0935000000000001
2.2998000000000003,1.9108
3.3944,2.4252000000000002
1.3633,1.2492
4.0821,1.8935000000000002
3.5051,3.0552
1.1413,1.1011
2.4515000000000002,2.2244
3.3474000000000004,2.3032
1.0334,1.0735000000000001
2.3145000000000002,3.2538000000000005
3.5667000000000004,2.6801000000000004
1.7116000000000002,1.1280000000000001
2.5927000000000002,2.036
3.148,2.4753000000000003
1.2815,1.0986000000000002
2.8571,2.0267000000000004
3.0837,2.2814
1.5694000000000001,2.0312
2.9788,2.1153999999999997
3.4116000000000004,2.2241
1.1485,1.6444
3.2501,2.5083
3.5071000000000003,2.2089000000000003
1.6644,1.4361000000000002
2.3508,3.1943
2.9427000000000003,2.7695000000000003
1.2184000000000001,1.7696
2.7793,1.9869
2.7965000000000004,2.2408
1.1085,1.5603000000000002
2.3068000000000004,1.9072000000000002
2.729,2.1665
1.2304,1.1381000000000001
2.9283,1.8929
2.8778,2.2596000000000003
1.0089000000000001,1.0674000000000001
2.2041,1.8806
2.7253000000000003,2.1497
1.1677,1.6573
2.1401000000000003,1.9038000000000002
3.3533,2.2303
1.1525,1.3037
2.3958,1.9691999999999998
3.5743000000000005,3.1007000000000002
1.046,1.0611000000000002
2.549,2.5962000000000005
3.2152000000000003,2.5753
1.1267,1.7967
3.7698,1.9082000000000001
3.1827,2.9508000000000005
1.4458000000000002,1.1041
2.5577,1.9634
2.9904,2.6402
1.2101,1.9169
2.1983,1.9154
3.2979000000000003,2.8354
1.4122000000000001,2.1301
2.4933,1.9642000000000002
3.1432,3.1036
1.1222,1.3423
2.4121000000000006,1.9451000000000003
2.5793,2.2947
1.3615000000000002,1.1205
3.5655,2.4481
3.6391,2.1699
1.4980000000000002,1.3908
2.4204,2.3080000000000003
3.2097,3.0245
2.2328,1.3353
2.1767000000000003,2.1706
3.9432,3.3262
1.5983000000000003,1.2008
2.4161,2.0102
4.0677,2.4451
1.0292000000000001,1.4386
4.2766,1.9400000000000002
4.049600000000001,2.3602000000000003
1.2665,1.4596000000000002
2.6118,2.262
2.9358,2.2623
1.3717,1.3416000000000001
2.3027,2.3481
3.0977,3.1686
1.6779000000000002,1.2652
2.5538000000000003,2.5661
3.4016,2.2309
1.5848000000000002,1.1469000000000003
2.4131,2.7117
2.6913,2.7300000000000004
1.3936,1.8637000000000001
2.3772,1.9436000000000002
2.7132,2.2558000000000002
1.1435,1.3685
2.3787000000000003,1.9618
2.7416000000000005,2.2998000000000003
1.6317,1.1883
2.3423000000000003,2.0989000000000004
3.2812,2.4098
1.2706,1.7066000000000001
2.1173,2.1657
2.9224000000000006,2.2008
1.1824000000000001,1.2404
2.4569,1.8854000000000002
2.821,2.6815
1.0862,1.0963
2.1896000000000004,1.8604
2.809,3.3523000000000005
0.9672000000000001,1.3202
2.3641,2.0787
2.7036000000000002,2.5345000000000004
1.1854,1.0995
2.0865000000000005,2.1426000000000003
3.3708,2.1376
1.1214,1.1232
2.991,2.4577
2.6659,2.132
1.3181,1.111
2.3236000000000003,1.9733000000000003
2.9687,3.7988000000000004
1.2706,1.1361999999999999
2.563,1.9703
2.6655,2.6923000000000004
0.9926000000000001,1.0349000000000002
2.5203,2.2763
2.4978000000000002,2.1375
1.0367,1.0498
2.1293,1.835
2.9598000000000004,2.2039
1.6648,1.3384
2.2716000000000003,1.9336000000000002
2.8639000000000006,2.1954000000000002
1.2756,1.3383000000000003
2.2043000000000004,2.4253
2.8887,2.2053000000000003
1.6687,2.4090000000000003
2.2816,1.9813999999999998
2.9054,2.4143000000000003
1.7165000000000001,1.1181999999999999
2.2682,1.9221000000000001
2.4922,2.2225
1.5282000000000002,1.7998
2.2742999999999998,1.9528
3.3126,2.3138
1.6083,1.3006
2.2484,2.5313000000000003
3.0196000000000005,2.1587
1.3088000000000002,1.2815
2.3307,3.1181000000000005
2.6861,2.6987
1.1311000000000002,1.3828
2.7307,2.0157
3.2108000000000003,3.4321000000000006
1.2453,1.4061000000000001
2.2695000000000003,1.9613
2.809,2.2451000000000003
1.6168,1.1975
2.6147,2.618
4.508300000000001,2.3029
1.1840000000000002,1.2643000000000002
2.1586000000000003,2.4427000000000003
3.4536000000000002,2.2061
1.0673,1.9411
2.2476000000000003,1.8963
2.6448,2.1828
1.374,1.0968
2.0963000000000003,1.8668
2.8053000000000003,3.4471000000000003
2.3319,1.0767
1.9352000000000003,1.8096
2.9636000000000005,2.2523
1.0398,1.0782
2.145,1.8960000000000001
2.8978,3.2653
1.108,1.0752000000000002
2.1531000000000002,1.866
4.0099,2.4265000000000003
0.9366000000000001,1.0868
2.0974,1.8462
4.2315,4.460100000000001
1.5780000000000003,1.5686
2.1229,1.8688
2.9898000000000002,2.2727000000000004
0.8596,1.0611000000000002
2.3169000000000004,1.9428
2.934,2.7276000000000002
1.1113,1.1154000000000002
2.5251,1.9136000000000002
2.8016,2.2576
1.665,1.2584
2.4476000000000004,2.0043
2.7319,2.3122
1.1377000000000002,1.1703
2.226,1.8722
2.5302000000000002,2.5723
1.0969,1.0995
3.1719,1.8484
4.1878,2.2636000000000003
1.1882000000000001,1.4607
3.8704000000000005,1.957
2.9595000000000002,2.8185000000000002
1.2463000000000002,1.3417000000000001
2.3784,1.9893000000000003
2.8916000000000004,2.2173000000000003
1.1361,1.1016000000000001
2.3324000000000003,1.9106
2.8238,2.2920000000000003
1.0676,1.0684000000000002
2.1435,2.1029
2.872,2.3096
1.0404000000000002,1.1189000000000002
2.3409000000000004,1.9309
2.5417,3.2117
1.7677,1.1113
2.5709,2.6541
2.7209,2.3855
1.788,1.5369000000000002
2.6296000000000004,1.9062000000000001
2.7285,2.2384000000000004
1.2476000000000003,1.0933000000000002
3.0464,1.9099000000000002
3.1418,2.2031
1.1945000000000001,1.1563
2.2657000000000003,1.8676000000000001
2.7483,2.1776
1.1273000000000002,1.4415
2.2204,1.9286
3.0886000000000005,2.2354000000000003
1.2854,1.0924
2.2901000000000002,1.9448000000000003
2.8603,2.1923000000000004
2.1901,1.2854
3.1783,1.9507
2.5804,2.2722
1.1557000000000002,1.1278
2.4101,2.007
2.5014,2.5260000000000002
1.4407,1.1973
3.1189000000000004,1.856
2.8750000000000004,2.2003
1.1335000000000002,1.1434000000000002
2.4048000000000003,2.4505
3.6758,2.4846
1.2313,1.1582000000000001
2.1806,1.9571000000000003
3.0737000000000005,2.3451
1.1339,1.0961
2.2053000000000003,2.0170000000000003
2.8215000000000003,2.2098
1.1613,1.1255
2.2287,1.9847000000000004
3.527,2.2553
0.9880000000000002,1.0398
2.6223,2.0184
3.6295,2.2302000000000004
1.1502000000000001,1.2332
2.663,3.1651000000000002
4.481000000000001,2.1698
1.6288,1.2133
2.9258,1.9066
2.8069,3.1835
1.0779,1.0769
2.2884,1.8905
2.8902,2.1408
1.1705,1.1086000000000003
3.1017,1.9324000000000001
3.1107,2.2552000000000003
1.2321,1.1714000000000002
2.0211,1.8644000000000003
2.6366,2.1171
1.1519,1.0541
2.2140000000000004,1.9240000000000002
4.3812,3.3295
1.106,1.1528
2.2988,1.9424000000000001
3.0083,2.4305
1.2670000000000001,1.1720000000000002
2.3066000000000004,1.8646
2.7182,2.3003000000000005
1.3968,1.1535
2.4923,2.0151000000000003
2.9402,2.2534
2.6214000000000004,1.0476
2.3789000000000002,1.9192
3.1651000000000002,2.3127
1.4855,1.0632000000000001
2.2263,1.9482000000000002
2.6375,2.2731000000000003
1.4346,1.1714000000000002
2.3586,2.4619
3.1568000000000005,2.5658
1.7604,1.7414
2.6367000000000003,1.9099000000000002
2.8044000000000002,2.2238
1.1547,1.2816
2.1124,1.873
2.7005000000000003,2.1334
1.0668000000000002,1.2483000000000002
2.4106,1.9821000000000002
2.6178,2.1379
0.9715,1.0298
2.2965,1.8896000000000002
2.906,2.2266
1.1611,1.0867000000000002
2.0634,1.928
4.588500000000001,3.3073
1.9176000000000002,1.6457000000000002
2.3355,1.9790000000000003
3.5057,2.3047000000000004
2.0614000000000003,1.9872
3.6455,3.4716
5.2908,3.5698000000000003
0.9654,1.4397000000000002
3.8505000000000003,2.8032
4.2677000000000005,3.6144000000000003
1.7589000000000001,1.6943000000000001
3.6302000000000003,3.0552
4.8579,3.4573000000000005
1.8378,1.7293
3.462,2.9849000000000006
4.8089,2.6888000000000005
1.5035,1.1472000000000002
3.7718000000000003,3.9440999999999997
4.335100000000001,3.4966000000000004
1.8717,1.7539
3.3842000000000003,3.1079000000000003
2.5598,2.876
1.2533,1.8759000000000001
2.412,2.1432
5.3163,3.6217
1.6677,1.7221
3.7482,3.0553000000000003
4.635700000000001,3.9307000000000003
2.0008,1.7008
2.7145,3.3225000000000002
3.5380000000000003,2.2675
1.1853,1.7549000000000001
3.4886,1.9673
4.9355,3.4949
1.7388000000000001,1.6941
2.1291,1.9339000000000002
5.3039000000000005,3.4647
2.2337000000000002,1.9402000000000001
1.9920000000000002,2.4919000000000002
2.8206,2.6910000000000003
1.5121000000000002,1.1836000000000002
2.1998,1.9757
2.8698,2.2389
1.6383,1.4044
2.109,1.8782000000000003
2.7006,2.2712000000000003
1.1521000000000001,1.1235000000000002
2.3226,1.9733000000000003
2.8823,2.2877
1.059,1.0525
2.0246999999999997,1.9519000000000002
2.8578,2.4951
1.0304000000000002,1.0969
3.0386,2.6257
2.9491,2.5740000000000003
1.1875,1.1104
2.2042,1.9534
2.6220000000000003,2.9039
1.3169000000000002,1.1431
2.3179000000000003,2.2538
2.6257,2.5685000000000002
1.0394,1.0643
1.9978,1.8248000000000002
2.9449000000000005,2.3119
1.1939000000000002,1.0688
2.4076000000000004,2.7909
2.5437000000000003,2.1865
1.2578,1.1098
2.2949,1.8932
2.7669,2.2189
1.1572000000000002,1.1308000000000002
2.2844,1.9075000000000002
3.0434000000000005,2.3808000000000002
0.9673,1.0667
2.6317000000000004,1.9337000000000002
3.1477000000000004,2.9533000000000005
1.2557,1.2024000000000001
2.3274000000000004,3.0335
2.8331000000000004,3.1797
1.2415,1.1331000000000002
2.9298,1.8611
2.8632000000000004,2.2128
1.3171000000000002,1.2020000000000002
4.6126000000000005,1.8714
4.743900000000001,3.6035000000000004
1.0896000000000001,1.092
2.2312,2.6888000000000005
2.6831000000000005,2.5321000000000002
1.0677,1.3522
2.2618,2.2204
2.4486,2.1783
1.1582000000000001,1.1535
2.3268,1.9357
3.2445,2.4232000000000005
1.1321,1.1434000000000002
2.7028,1.9263000000000001
3.9989000000000003,3.7423
1.4060000000000001,1.4733
2.3331000000000004,1.9836000000000003
2.4424,3.2547
1.0893000000000002,1.212
2.0835000000000004,1.9179000000000002
2.9323,2.9126
1.2004000000000001,1.1804000000000001
2.0193,1.8704
3.8520000000000003,2.4167000000000005
1.1299000000000001,1.0901
2.2285,1.9327
2.8936,2.4835
1.095,1.0975000000000001
2.2906000000000004,2.0981000000000005
3.361,2.1356
1.0810000000000002,1.118
2.0740000000000003,5.2344
2.8587000000000002,2.7146000000000003
1.3274000000000001,1.1316
2.1195000000000004,1.9899000000000002
3.5395000000000003,3.1310000000000002
1.832,1.5757
2.4209,1.9036000000000002
2.8218,2.7978
1.0529000000000002,1.0606
2.2509,1.9176000000000002
3.1093,3.1330000000000005
1.1162,1.1662000000000001
2.4569,1.9956
3.8451,2.1848
1.16,1.1199000000000001
2.684,2.0119000000000002
3.5517000000000003,2.2256000000000005
1.1095,1.0984
2.1767000000000003,2.235
3.9986000000000006,2.4490000000000003
1.2349,1.2413
2.2554000000000003,2.2803000000000004
3.394,2.1832000000000003
1.1452,1.1215000000000002
2.5999,1.861
2.8824,2.2003
1.3000000000000003,1.4134
2.0912,1.8667000000000002
2.7489000000000003,2.1783
1.3800000000000001,1.575
1.8731000000000002,1.8438
2.9218,2.1863
1.3967,1.2326000000000001
2.4012000000000002,1.8964
2.8931,2.2950000000000004
1.4398000000000002,1.3404
2.7960000000000003,2.0001
3.327,3.1883000000000004
1.2047,1.2915
2.5885000000000002,2.4493
2.5352,2.4902
1.1525,1.2106000000000001
2.1646,2.4265000000000003
2.8349,2.5282
1.1241,1.7953000000000001
3.4149000000000003,1.8960000000000001
2.67,2.2995000000000005
1.4653,1.6001
2.7699000000000003,2.0078
3.0729,2.2888
1.5418,1.7755
2.4456,1.8836
2.4633000000000003,2.153
2.1390000000000002,1.8509000000000002
3.3101000000000003,1.9848000000000001
2.551,2.1670000000000003
1.0257,1.0945
2.3788000000000005,2.706
2.7175000000000002,2.1457
1.8576000000000001,1.1134000000000002
2.0974,2.0773
2.9302,2.7163
1.1949,1.094
2.2823,1.9787000000000003
2.8951000000000002,2.235
1.8133000000000001,1.0971000000000002
2.4187000000000003,1.9679000000000002
2.6662,2.5505000000000004
1.0509,1.0773
2.551,2.3663
3.3236000000000003,2.3134
1.3950000000000002,1.5868000000000002
2.6788000000000003,2.978
3.6264000000000003,2.7121000000000004
1.2226000000000001,1.3463
3.3400000000000003,2.1278
3.5699000000000005,2.3492
0.9708000000000001,1.084
2.5483000000000002,2.4793000000000003
3.3894,2.209
1.1565,1.1268
2.9475000000000002,1.8961000000000001
2.9586,2.215
1.5744,1.2437000000000002
2.3947,2.0312
3.1407000000000003,3.7117
1.0963,1.0925000000000002
2.5660000000000003,2.0445
2.9539,2.7842000000000002
1.4771,1.1297
2.1672000000000002,2.0915
2.8893,2.7951
1.1053,1.1477
1.9718000000000002,1.9060000000000001
2.8271,2.7395
1.0908,1.0981
1.8418,1.8186
3.7851000000000004,2.1719
1.064,1.1635
2.0263,1.9291000000000003
2.6390000000000002,2.2068
1.1054000000000002,1.0787000000000002
2.3134,1.9341000000000002
2.9661,2.2132
0.9871000000000001,1.0466
2.1123000000000003,1.8452000000000002
3.3445,2.2181
1.0797,1.0921
2.3051,2.9428
4.5183,3.3947000000000003
1.2888000000000002,1.1916000000000002
2.6112,2.8178
3.2154000000000003,3.3432
1.1731,1.1246
2.2999,2.0284999999999997
3.2116000000000002,2.6105
1.7242000000000002,1.0786
2.5513000000000003,1.9938
3.1861,2.7117
1.8496000000000001,1.2362
2.274,2.3374
2.7268000000000003,3.4207
1.2018,1.1626
2.9454000000000002,2.0239
2.9850000000000003,2.2807
1.3305,1.1461000000000001
2.3762000000000003,2.0197000000000003
2.8192,2.2553
1.0109000000000001,1.0923
3.0817,1.9263000000000001
3.0781,2.3437
1.1136,1.7405000000000002
2.6869000000000005,1.9348000000000003
2.6997,2.1968
0.8783000000000001,1.6473000000000002
2.3104,1.853
3.9555,2.3407000000000004
1.4264000000000001,1.1273000000000002
2.4556,2.8515
3.4072000000000005,2.1448
1.1384,1.1147000000000002
2.7485,2.1478
2.6598,2.1933
1.1943000000000001,1.1135000000000002
3.337,1.9156000000000002
3.4703000000000004,2.1733
1.2080000000000002,1.0943
2.8928000000000003,1.8833
2.6740000000000004,2.1498000000000004
1.1141,1.0887000000000002
2.4405,1.9026
2.5714,2.2037000000000004
1.4159000000000002,1.1982000000000002
2.3991000000000002,2.5579
3.2985,2.4582
1.1379000000000001,1.0838
2.2076000000000002,2.1035000000000004
3.0075000000000003,2.2031
1.2262,1.6719
2.3930000000000002,1.9252000000000002
3.3981000000000003,3.0772
1.1817000000000002,1.4977
3.1954000000000002,1.9579000000000002
3.4707000000000003,2.5257
2.0024,1.1277000000000001
2.1974,2.9554000000000005
2.5522,2.9365
1.0883000000000003,1.0649000000000002
2.4601,1.9418
2.6509000000000005,2.5675000000000003
1.1858000000000002,1.0842
2.2218000000000004,2.6932
3.4412000000000003,2.6768
1.5992,1.5393000000000001
2.9452000000000003,2.408
2.8834000000000004,2.2794
1.3406000000000002,1.2323
2.0587999999999997,2.0844
3.9876,2.2697
1.1316,1.0762
3.3139000000000003,2.4450000000000003
3.0373,2.2153000000000005
1.0645000000000002,1.095
2.1364,1.8869000000000002
3.2926,2.4691
1.4793,1.1736000000000002
2.141,1.863
3.2187,3.4623000000000004
1.0259000000000003,1.1007
2.2455000000000003,2.4362000000000004
5.315300000000001,5.6059
1.2910000000000001,1.1058000000000001
2.6304000000000003,1.9578
2.8190000000000004,2.2779000000000003
1.0856000000000001,1.049
1.9989000000000001,1.8784
3.5301000000000005,3.0068
1.1092,1.074
3.1087000000000002,2.9396
2.8403,2.232
1.1001,1.0769
2.4814000000000003,1.9715000000000003
3.6297,2.5512
1.6035000000000001,1.1295000000000002
2.4013000000000004,2.0805000000000002
2.8388000000000004,3.248
1.3815000000000002,1.2774
2.2395,2.2399
2.9478,2.3818
0.9894000000000001,1.4098000000000002
3.0669,2.2074
2.9993000000000003,2.4554
1.0964,1.2052
2.3184,2.2441
3.5908,2.3891000000000004
0.9829000000000001,1.0542000000000002
2.5463,2.9014
2.7032000000000003,2.161
1.1998,1.1029
2.3113,1.8574000000000002
2.7542,2.1883000000000004
1.1187,1.1091
2.2226,1.8749
2.7872,2.1994000000000002
1.1875,1.0283
2.1157000000000004,1.8673000000000002
2.6011,2.1055
1.0917999999999999,1.0928000000000002
2.0898000000000003,1.8367000000000002
2.7313000000000005,2.1252000000000004
0.9864000000000002,1.4659
2.2600000000000002,2.3994000000000004
2.7981,2.4635
1.4403000000000001,1.7294
3.2155,1.9203000000000001
3.6178,2.2142
1.0856000000000001,1.1851
2.3734,2.0371
3.7326000000000006,2.9876
1.0536,1.5268
2.5033,2.0476
2.6989,2.1971
1.1538,1.1226
2.0688,1.8977000000000002
2.7193,2.2070000000000003
0.9903000000000002,1.1341
2.4187000000000003,2.042
3.0551000000000004,2.2171
2.0791,1.3617
2.2353,1.8870000000000002
2.6978,2.3272000000000004
1.2195,1.8637000000000001
2.2042,1.9074
2.9108000000000005,2.3212
1.5241,2.1007000000000002
1.9451000000000003,2.2637
2.9636000000000005,2.4156
1.2722,1.3283
3.2441,2.2131
2.8448,2.2354000000000003
1.1905000000000001,1.3866
2.8246,1.8989
3.1845000000000003,2.2823
1.0305000000000002,1.0723
2.9335000000000004,1.8960000000000001
2.6584,2.1163000000000003
1.4526000000000001,1.0926
2.2441,1.8845
3.0476,2.2083000000000004
1.0693,1.1252
2.2157999999999998,1.9132
3.1088,2.2622000000000004
1.309,1.3913
2.1417,1.953
3.1719,2.3060000000000005
1.1322,1.1564
2.6712000000000002,2.3781000000000003
3.3166,3.0391000000000004
1.1148,1.1398000000000001
3.4778000000000002,1.8704
4.751200000000001,2.2279
0.9773,1.1292000000000002
2.2874000000000003,2.0228
2.7444,2.6389
1.2327,1.1673
2.5008,2.0365
2.7364,2.2177
1.5453000000000001,1.0787000000000002
2.2015000000000002,1.9942000000000002
2.8498,2.5820000000000003
1.1214,2.6561000000000003
2.8374,1.9695000000000003
2.7518,2.2757000000000005
1.2128,1.3966
2.4629,1.9155000000000002
3.8420000000000005,2.264
1.1297,1.0748000000000002
2.0297,2.0059
2.7769,2.2037000000000004
1.1447,1.1076000000000001
2.7124,1.947
3.6878,2.2958000000000003
1.2077000000000002,1.5677
2.3676,2.3214
3.3033,2.6315
1.1754,1.1064
3.1292000000000004,1.8188000000000002
3.0012000000000003,2.4431000000000003
1.2869000000000002,1.5059
2.7409,2.1012
3.7585,2.2014
1.7538,1.6181
3.2734,2.3206
2.8285000000000005,2.3136
1.131,1.0735000000000001
2.5601000000000003,1.8855
3.0102,2.5795000000000003
1.5725,1.1741
2.3472000000000004,2.1496000000000004
3.5857,2.2547
1.7262,1.0733000000000001
2.4250000000000003,3.2198
3.5199000000000003,2.6599000000000004
1.1277000000000001,1.1083
2.1356,1.8999000000000001
3.4742,2.1613
1.3012000000000001,1.1069
2.2595,2.782
3.3828,2.2058
1.3466,1.2910000000000001
2.3391,2.6490000000000005
2.8648000000000002,2.2466
1.0818,1.0925000000000002
2.9335000000000004,1.8902
3.0325,2.6298000000000004
1.1729,1.4616000000000002
2.4718999999999998,1.9732
2.9602,2.2537
1.3118,1.1422
2.1227,1.9122000000000001
2.6271000000000004,2.5074000000000005
1.1298000000000001,1.0711
2.4430000000000005,1.8906
3.4483,2.4787000000000003
1.145,1.0852000000000002
3.181,2.4838
3.0535,2.9918
1.0692,1.0639
2.0457,3.5469000000000004
5.0092,2.2056000000000004
1.1814,1.1703
2.4274999999999998,3.3695
3.2574,2.1364
1.0863,1.0562
3.7403000000000004,2.3291000000000004
3.3824,3.1847000000000003
1.3313000000000001,1.4225
2.6565,2.8350000000000004
3.0816000000000003,3.2846
1.5706000000000002,1.1185
2.6685000000000003,1.9099000000000002
3.7578000000000005,2.5009000000000006
1.6886,1.2211
2.0544000000000002,2.3759
3.3529000000000004,2.4821
1.1534000000000002,1.2568
2.2807,1.9906
3.6842,2.4032000000000004
1.4316000000000002,1.2057
2.3383000000000003,2.1503
2.7672,2.3342
1.1552,1.4811
2.4076000000000004,2.2659
3.5119000000000002,2.3281
1.4498,1.2458
3.6019000000000005,3.9277
3.2285,2.4302
1.0983,1.2171
3.1489000000000003,2.1685000000000003
3.8422,2.8518000000000003
1.0132999999999999,1.1705
2.5613,2.3249
3.0521000000000003,2.5892000000000004
1.2177000000000002,1.2725
2.0495,1.9631
3.3805,2.6792000000000002
1.3226000000000002,1.2570000000000001
2.5694000000000004,1.9872
2.8359,2.6940000000000004
0.9246,1.6418000000000001
2.9857,1.9161000000000001
2.609,2.4785000000000004
1.3193000000000001,2.3614
2.5559000000000003,2.6589
3.4712,2.2109
1.3767,1.7834
2.5232,2.2697
2.6608,2.2917
1.0794000000000001,1.1627
2.8641,2.7357
2.8150000000000004,2.1014000000000004
1.3206000000000002,1.1168
2.0497,1.9340000000000002
2.6265000000000005,2.2122
1.1991,1.7041
2.2975,1.9689
2.8372,2.2242
1.2728000000000002,1.1073000000000002
3.2026000000000003,1.8755000000000002
2.9105000000000003,2.2451000000000003
1.5728,1.7538
2.2348000000000003,2.0434000000000005
2.7172000000000005,2.1545
1.1762000000000001,1.1155000000000002
3.2456000000000005,1.9189
3.5339000000000005,2.4048000000000003
1.1407,1.2514
2.2572,1.8934000000000002
3.1545,3.4472
1.1394,1.0756000000000001
2.3846000000000003,2.2880000000000003
2.6472,2.5409
1.1518000000000002,1.0975000000000001
2.6231,2.1432
3.0546,2.1339
1.9821000000000002,1.2931000000000001
2.3543000000000003,2.4646
3.2743,2.5102
1.2507,1.3299
2.236,2.3910000000000005
3.2233,2.2189
1.2796,1.1907
2.0517,2.6957
2.6858000000000004,2.558
1.183,1.1004
2.3113,3.0954
