seed,abstraction_vertices_count,n_wings,n_supplies,salient_vertices,solution_len,solution_cost,solution_len_unweighted,solution_cost_unweighted,runtime
0,79,3,5,16,195,379,195,385,2.1643
1,97,4,5,20,203,476,203,476,2.0921
2,55,2,4,11,108,162,108,162,1.1248
3,74,3,5,16,249,421,249,422,1.7781
4,98,4,5,20,234,523,234,523,2.1588000000000003
5,46,2,4,11,125,203,125,203,1.0937
6,73,3,5,16,229,492,229,492,1.8362
7,95,4,5,20,225,440,225,440,3.1616
8,51,2,4,11,141,244,141,244,1.163
9,62,3,5,16,251,523,251,524,1.8314000000000001
10,107,4,5,20,249,537,249,537,2.2742
11,50,2,4,11,185,309,185,309,1.693
12,73,3,5,16,186,299,186,299,1.8077
13,105,4,5,20,246,520,246,520,2.1237
14,49,2,4,11,153,243,153,243,1.1174000000000002
15,65,3,5,16,135,238,135,238,1.7551
16,100,4,5,20,238,489,238,493,2.1290000000000004
17,47,2,4,11,123,224,123,224,1.2799
18,76,3,5,16,205,344,205,344,1.8527
19,106,4,5,20,218,485,218,485,2.1255
20,45,2,4,11,128,155,128,155,1.1213
21,71,3,5,16,142,250,142,250,1.8456000000000001
22,99,4,5,20,252,492,252,492,2.0957000000000003
23,42,2,4,11,149,266,149,266,1.0838
24,65,3,5,16,207,415,207,420,1.8402000000000003
25,94,4,5,20,278,622,278,622,2.1756
26,43,2,4,11,185,318,185,318,1.1095
27,72,3,5,16,124,269,124,269,1.7908000000000002
28,96,4,5,20,302,642,302,642,2.4558
29,46,2,4,11,103,148,103,148,1.1274
30,67,3,5,16,253,462,247,478,1.7877
31,91,4,5,20,202,399,202,399,2.1181
32,42,2,4,11,177,289,177,289,1.3766000000000003
33,71,3,5,16,184,419,184,419,1.8147
34,88,4,5,20,232,521,232,521,2.0385
35,46,2,4,11,182,263,182,263,1.4493000000000003
36,64,3,5,16,261,465,261,465,1.7727000000000002
37,103,4,5,20,164,312,164,312,2.3623000000000003
38,49,2,4,11,179,285,179,285,1.1665
39,80,3,5,16,225,513,225,513,1.8670000000000002
40,103,4,5,20,221,496,221,506,2.1499
41,41,2,4,11,159,281,159,281,1.1508
42,79,3,5,16,175,321,175,321,1.8195000000000001
43,94,4,5,20,260,555,260,561,2.1955
44,43,2,4,11,150,184,150,184,1.1184
45,79,3,5,16,146,327,146,327,1.8372000000000002
46,111,4,5,20,148,311,146,312,2.9308000000000005
47,49,2,4,11,208,292,208,292,1.1395000000000002
48,70,3,5,16,235,456,235,456,1.8625000000000003
49,108,4,5,20,261,514,255,517,2.3491000000000004
50,47,2,4,11,182,244,182,244,1.1534000000000002
51,82,3,5,16,157,316,157,316,1.8434
52,90,4,5,20,239,469,239,469,2.0606
53,38,2,4,11,99,151,99,151,1.1012000000000002
54,67,3,5,16,227,493,227,493,1.8208
55,97,4,5,20,232,461,232,461,2.144
56,45,2,4,11,91,114,91,114,1.5852000000000002
57,65,3,5,16,201,353,197,360,1.7972000000000001
58,92,4,5,20,272,527,272,527,2.0706
59,48,2,4,11,193,323,193,323,1.1300000000000001
60,67,3,5,16,252,460,252,467,1.8102
61,94,4,5,20,260,650,260,650,2.1103
62,56,2,4,11,155,239,155,239,1.1547
63,65,3,5,16,187,391,187,391,1.7414
64,92,4,5,20,232,474,231,474,2.0921
65,48,2,4,11,141,254,141,254,1.1056
66,68,3,5,16,183,418,183,418,1.7788000000000002
67,101,4,5,20,253,584,251,587,2.0606
68,51,2,4,11,209,324,209,324,1.8408
69,56,3,5,16,258,467,258,467,1.7447000000000001
70,94,4,5,20,230,508,230,508,2.0028
71,48,2,4,11,113,221,113,221,1.1212000000000002
72,71,3,5,16,193,383,193,383,2.3472000000000004
73,85,4,5,20,263,516,263,516,2.0460000000000003
74,49,2,4,11,116,206,116,206,1.1286
75,78,3,5,16,199,363,199,369,1.8053000000000001
76,93,4,5,20,250,583,250,583,2.0688
77,55,2,4,11,170,264,170,264,1.1563
78,63,3,5,16,265,560,265,560,1.7921
79,102,4,5,20,282,569,282,569,2.072
80,49,2,4,11,141,233,141,233,1.1386
81,74,3,5,16,207,368,207,368,1.7367000000000001
82,109,4,5,20,252,493,252,493,2.2774
83,41,2,4,11,141,234,141,234,1.1028000000000002
84,70,3,5,16,208,431,208,431,1.7688000000000001
85,101,4,5,20,173,366,173,366,2.0615
86,50,2,4,11,169,301,169,301,1.1155000000000002
87,78,3,5,16,214,373,214,373,1.8994000000000002
88,104,4,5,20,192,435,192,436,2.1486
89,55,2,4,11,145,189,145,189,1.1899
90,72,3,5,16,225,464,225,464,1.9674000000000003
91,102,4,5,20,212,412,212,412,2.1926
92,54,2,4,11,179,317,179,317,1.1738
93,82,3,5,16,168,344,168,344,1.8522
94,109,4,5,20,251,531,251,531,3.3575000000000004
95,54,2,4,11,207,301,207,301,1.749
96,73,3,5,16,191,403,191,409,1.8764
97,95,4,5,20,247,491,247,508,2.0716
98,52,2,4,11,200,255,200,255,1.6378
99,76,3,5,16,230,429,230,429,1.8724000000000003
100,95,4,5,20,264,512,264,512,2.0509
101,46,2,4,11,205,349,205,349,1.1088
102,80,3,5,16,196,282,196,282,1.8849
103,99,4,5,20,240,421,240,421,2.0577
104,52,2,4,11,190,264,190,264,1.1278
105,69,3,5,16,241,479,241,479,1.8031000000000001
106,93,4,5,20,248,467,248,467,2.0446
107,45,2,4,11,167,250,163,256,1.6835
108,70,3,5,16,172,307,171,311,2.3871
109,90,4,5,20,250,452,250,452,2.7935
110,51,2,4,11,166,207,160,230,1.2148
111,71,3,5,16,190,289,190,289,1.9062000000000001
112,91,4,5,20,234,469,234,469,2.1106000000000003
113,46,2,4,11,192,280,192,280,1.1865
114,76,3,5,16,224,402,224,402,1.9312
115,94,4,5,20,229,456,229,456,2.154
116,44,2,4,11,173,266,173,266,1.1856
117,76,3,5,16,182,360,182,360,1.9759
118,100,4,5,20,256,526,256,526,2.1765
119,49,2,4,11,105,183,105,183,1.205
120,73,3,5,16,223,386,223,386,1.9239000000000002
121,98,4,5,20,262,493,262,493,2.1605000000000003
122,48,2,4,11,170,226,170,226,1.1713
123,72,3,5,16,154,304,154,306,1.9186
124,101,4,5,20,238,519,238,519,2.2838000000000003
125,41,2,4,11,161,225,161,225,1.1147000000000002
126,78,3,5,16,181,393,181,393,1.8622
127,97,4,5,20,175,394,175,394,2.1144000000000003
128,46,2,4,11,166,231,166,231,1.1699
129,66,3,5,16,212,425,212,432,1.8091000000000002
130,83,4,5,20,289,597,289,597,2.0603000000000002
131,56,2,4,11,96,137,96,137,1.2014
132,69,3,5,16,231,431,231,431,1.8348000000000002
133,105,4,5,20,172,340,172,341,2.2880000000000003
134,47,2,4,11,117,204,117,204,1.1643000000000001
135,73,3,5,16,187,348,187,348,1.9277
136,100,4,5,20,266,515,266,515,2.1453
137,44,2,4,11,167,286,167,286,1.2976
138,84,3,5,16,236,412,236,412,2.1258000000000004
139,93,4,5,20,238,503,234,506,2.1638
140,44,2,4,11,170,244,170,244,1.1224000000000003
141,64,3,5,16,246,438,246,446,1.9319000000000002
142,93,4,5,20,315,694,315,694,2.6027000000000005
143,46,2,4,11,156,187,156,187,1.1859000000000002
144,69,3,5,16,175,353,175,353,1.7998
145,99,4,5,20,253,527,253,527,2.0562
146,53,2,4,11,148,213,148,213,1.1878000000000002
147,73,3,5,16,178,347,178,347,1.7866000000000002
148,103,4,5,20,322,679,322,680,2.5119000000000002
149,44,2,4,11,147,240,147,240,1.1052
150,72,3,5,16,199,371,199,371,2.0594
151,89,4,5,20,272,545,270,548,2.9682000000000004
152,49,2,4,11,119,205,119,205,2.0013
153,66,3,5,16,213,396,213,396,2.0528
154,100,4,5,20,237,461,237,461,2.1426000000000003
155,47,2,4,11,169,310,169,310,1.0912000000000002
156,82,3,5,16,127,220,127,220,1.7750000000000001
157,97,4,5,20,202,409,202,409,2.1513
158,41,2,4,11,134,193,134,193,1.1022
159,70,3,5,16,212,374,212,374,1.8425000000000002
160,103,4,5,20,250,475,250,475,2.1968
161,42,2,4,11,128,151,128,151,1.3511
162,73,3,5,16,168,340,168,340,1.7833
163,88,4,5,20,193,373,190,382,2.1443
164,51,2,4,11,184,305,184,305,1.1358000000000001
165,87,3,5,16,254,446,254,446,1.8708000000000002
166,99,4,5,20,231,422,231,422,2.1293
167,50,2,4,11,141,242,141,242,1.1292000000000002
168,72,3,5,16,183,358,183,358,2.0224
169,95,4,5,20,235,469,235,469,2.049
170,48,2,4,11,142,181,142,181,1.2260000000000002
171,71,3,5,16,345,686,345,696,1.8874
172,98,4,5,20,230,452,230,452,2.2349
173,42,2,4,11,106,148,106,148,1.0911
174,66,3,5,16,179,335,179,335,2.2872
175,93,4,5,20,152,315,152,315,2.2191000000000005
176,45,2,4,11,155,274,155,274,1.1156
177,67,3,5,16,211,355,211,355,2.0374
178,97,4,5,20,189,389,189,389,2.0508
179,53,2,4,11,167,283,167,283,1.1522999999999999
180,78,3,5,16,206,435,206,435,1.9329000000000003
181,99,4,5,20,261,528,260,538,2.6119000000000003
182,44,2,4,11,139,272,139,272,1.6487
183,72,3,5,16,229,528,229,529,1.9003
184,100,4,5,20,273,521,269,523,2.2224000000000004
185,50,2,4,11,179,317,179,317,1.8022
186,68,3,5,16,243,473,239,473,1.8473000000000002
187,99,4,5,20,264,538,264,538,2.1460000000000004
188,53,2,4,11,130,148,130,148,1.2224
189,65,3,5,16,175,397,175,397,1.8768
190,96,4,5,20,205,451,205,451,2.1019
191,48,2,4,11,146,256,146,256,1.1335000000000002
192,81,3,5,16,161,312,161,312,3.8143000000000002
193,89,4,5,20,219,377,219,377,2.2697
194,57,2,4,11,158,195,158,195,1.1896
195,71,3,5,16,237,531,237,531,1.8192000000000002
196,85,4,5,20,252,464,252,464,2.0475000000000003
197,45,2,4,11,239,357,239,357,1.3883
198,65,3,5,16,156,301,156,301,1.7905000000000002
199,97,4,5,20,290,541,290,541,2.0792
200,48,2,4,11,112,194,112,194,1.1439
201,67,3,5,16,123,248,123,248,1.7725000000000002
202,93,4,5,20,184,349,184,349,2.0493
203,46,2,4,11,207,300,207,300,1.1710000000000003
204,76,3,5,16,195,364,195,364,1.8221
205,98,4,5,20,222,462,222,462,2.1446
206,48,2,4,11,143,224,143,224,1.1297
207,69,3,5,16,221,449,221,449,1.9323000000000001
208,99,4,5,20,233,504,233,504,2.1415
209,51,2,4,11,226,367,226,367,1.1948
210,77,3,5,16,207,360,207,360,1.8427
211,83,4,5,20,211,506,211,506,2.0886
212,44,2,4,11,189,269,189,269,1.1526
213,87,3,5,16,186,395,186,395,1.9894
214,100,4,5,20,221,532,221,532,3.2581
215,52,2,4,11,148,255,148,255,1.2690000000000001
216,70,3,5,16,229,438,229,438,1.9331
217,96,4,5,20,292,641,291,648,2.1343
218,50,2,4,11,177,286,177,286,1.5191000000000001
219,79,3,5,16,209,410,208,420,1.8759000000000001
220,91,4,5,20,288,528,288,528,2.1708000000000003
221,38,2,4,11,195,287,195,287,1.3146000000000002
222,66,3,5,16,283,533,283,533,1.9625000000000004
223,108,4,5,20,224,464,224,467,2.2006
224,53,2,4,11,151,262,151,262,1.1516
225,71,3,5,16,180,265,180,265,1.8114000000000001
226,114,4,5,20,252,499,252,499,2.2162
227,48,2,4,11,130,203,130,203,1.2161000000000002
228,73,3,5,16,216,378,216,378,1.7779
229,101,4,5,20,245,455,245,455,2.284
230,38,2,4,11,176,232,176,232,1.0834
231,64,3,5,16,232,419,232,419,1.8547000000000002
232,90,4,5,20,224,410,224,410,2.2174
233,44,2,4,11,193,311,193,311,1.1551
234,82,3,5,16,187,341,187,341,1.8857000000000002
235,98,4,5,20,230,530,230,530,2.1292
236,54,2,4,11,177,269,177,269,1.1763000000000001
237,75,3,5,16,236,462,236,462,1.8867
238,91,4,5,20,228,384,228,384,2.1067
239,46,2,4,11,134,153,134,153,1.1583999999999999
240,66,3,5,16,214,399,214,399,1.9233000000000002
241,102,4,5,20,216,372,216,372,2.0815
242,50,2,4,11,179,332,179,332,1.1627
243,73,3,5,16,189,323,189,323,1.8974
244,92,4,5,20,235,475,234,481,2.0724000000000005
245,47,2,4,11,124,195,124,195,1.1292000000000002
246,75,3,5,16,214,403,214,403,1.8482
247,100,4,5,20,272,586,272,586,2.172
248,52,2,4,11,136,193,136,193,1.2168
249,78,3,5,16,130,248,130,248,1.753
250,93,4,5,20,284,590,284,590,2.2839
251,53,2,4,11,99,179,99,179,1.0963
252,67,3,5,16,208,405,208,405,1.7833
253,111,4,5,20,248,518,248,518,2.1634
254,45,2,4,11,153,262,153,262,1.6195000000000002
255,77,3,5,16,184,359,184,359,1.9036000000000002
256,96,4,5,20,240,539,240,542,2.1406000000000005
257,50,2,4,11,150,219,150,219,1.1348
258,71,3,5,16,229,449,229,449,1.8035
259,104,4,5,20,245,487,245,487,2.1330000000000005
260,46,2,4,11,175,284,175,284,1.1605
261,75,3,5,16,230,389,226,391,3.1905
262,101,4,5,20,195,444,195,444,2.2191000000000005
263,46,2,4,11,125,203,125,203,1.1475000000000002
264,74,3,5,16,204,364,204,366,2.7560000000000002
265,97,4,5,20,199,412,193,415,2.2004
266,55,2,4,11,150,227,150,227,1.1765
267,75,3,5,16,249,557,247,558,1.9147
268,85,4,5,20,232,507,229,509,2.0658
269,40,2,4,11,116,147,116,147,1.1109000000000002
270,73,3,5,16,170,302,168,303,1.9494000000000002
271,102,4,5,20,274,504,274,504,2.1634
272,45,2,4,11,137,198,137,198,1.1016000000000001
273,58,3,5,16,189,344,189,344,1.7752000000000001
274,91,4,5,20,292,576,292,576,2.0757000000000003
275,53,2,4,11,150,217,150,217,1.2091
276,69,3,5,16,233,459,233,459,1.7945
277,114,4,5,20,284,598,284,598,2.4771000000000005
278,32,2,4,11,138,189,138,189,1.0775000000000001
279,75,3,5,16,224,421,224,421,1.7782000000000002
280,95,4,5,20,307,694,307,694,2.1506000000000003
281,52,2,4,11,153,256,153,256,1.1804000000000001
282,73,3,5,16,190,386,190,386,1.8606
283,99,4,5,20,223,433,223,440,2.1635
284,52,2,4,11,206,337,206,337,1.122
285,80,3,5,16,215,462,209,464,1.874
286,97,4,5,20,329,808,329,808,2.1802
287,50,2,4,11,209,356,209,356,1.1576000000000002
288,71,3,5,16,194,341,194,341,1.8094000000000001
289,105,4,5,20,198,424,198,424,2.1475999999999997
290,39,2,4,11,139,200,139,200,1.104
291,79,3,5,16,202,448,202,448,1.8086
292,91,4,5,20,240,396,240,400,2.451
293,47,2,4,11,183,301,183,301,1.3219
294,74,3,5,16,253,493,249,495,1.8689000000000002
295,87,4,5,20,243,538,243,538,2.0690999999999997
296,56,2,4,11,127,224,127,224,1.1466
297,68,3,5,16,162,289,162,289,1.8509000000000002
298,106,4,5,20,233,500,233,500,2.1941
299,49,2,4,11,112,135,112,135,1.1671
300,76,3,5,16,204,446,204,446,1.8322000000000003
301,97,4,5,20,286,617,286,618,2.1152
302,54,2,4,11,159,219,159,219,1.1706
303,80,3,5,16,195,357,195,357,1.8082
304,88,4,5,20,190,382,190,385,2.0576000000000003
305,50,2,4,11,145,237,145,237,1.1388
306,59,3,5,16,222,341,222,341,1.7692
307,89,4,5,20,257,568,257,568,2.0894
308,44,2,4,11,140,195,139,197,1.1274
309,75,3,5,16,228,451,226,451,1.8663000000000003
310,86,4,5,20,301,692,301,693,2.3275
311,44,2,4,11,158,201,158,201,1.2341000000000002
312,64,3,5,16,182,321,182,321,1.7851000000000001
313,103,4,5,20,323,742,323,746,2.2227
314,49,2,4,11,175,325,175,325,1.1070000000000002
315,78,3,5,16,201,360,201,360,1.8122
316,108,4,5,20,269,492,269,492,2.1302
317,51,2,4,11,176,301,175,304,1.1596
318,62,3,5,16,215,426,215,426,1.9402000000000001
319,99,4,5,20,270,600,270,600,2.1305
320,49,2,4,11,132,181,132,181,1.124
321,64,3,5,16,203,390,203,390,1.7773
322,102,4,5,20,216,486,216,486,2.1235
323,40,2,4,11,131,217,131,217,1.0722
324,75,3,5,16,189,378,188,386,1.8067
325,99,4,5,20,198,373,196,374,2.1039000000000003
326,49,2,4,11,156,190,156,190,1.8571000000000002
327,69,3,5,16,184,373,184,373,1.8142000000000003
328,85,4,5,20,197,440,197,440,2.0665
329,43,2,4,11,164,204,164,204,1.1219000000000001
330,61,3,5,16,144,257,144,257,1.8479
331,109,4,5,20,235,523,235,523,2.1506000000000003
332,58,2,4,11,140,200,140,200,1.1674
333,69,3,5,16,158,303,158,303,1.7479000000000002
334,97,4,5,20,260,537,260,537,2.1390000000000002
335,47,2,4,11,202,312,202,312,1.1613
336,73,3,5,16,182,319,182,319,1.8164000000000002
337,99,4,5,20,245,494,245,494,2.1511
338,49,2,4,11,139,255,139,255,1.1262
339,77,3,5,16,226,470,226,470,1.8233000000000001
340,86,4,5,20,216,463,216,463,2.0586
341,46,2,4,11,213,355,213,355,1.1656000000000002
342,69,3,5,16,254,526,252,527,1.7932000000000001
343,88,4,5,20,228,478,226,482,2.1019
344,47,2,4,11,135,219,135,219,1.1743000000000001
345,66,3,5,16,206,401,206,401,1.7934
346,97,4,5,20,259,527,259,527,2.0806
347,48,2,4,11,152,273,152,273,1.1153
348,74,3,5,16,201,403,201,404,1.8092000000000001
349,97,4,5,20,226,521,226,521,2.0625
350,48,2,4,11,207,285,207,285,1.1400000000000001
351,72,3,5,16,197,388,197,388,1.8552000000000002
352,79,4,5,20,215,449,215,449,2.0492000000000004
353,41,2,4,11,181,274,181,274,1.101
354,74,3,5,16,204,351,204,351,1.8266
355,97,4,5,20,214,478,214,478,2.1649
356,47,2,4,11,101,154,101,154,1.1539
357,79,3,5,16,181,317,181,317,1.8757000000000001
358,105,4,5,20,180,355,180,355,2.1502000000000003
359,45,2,4,11,116,146,116,146,1.1635
360,62,3,5,16,252,505,252,505,1.7455
361,95,4,5,20,205,450,205,450,2.0509
362,44,2,4,11,189,312,189,312,1.1315000000000002
363,69,3,5,16,162,284,162,289,1.7999
364,103,4,5,20,173,346,173,346,2.1512000000000002
365,49,2,4,11,156,206,156,206,1.1444
366,74,3,5,16,229,473,229,473,1.7356
367,90,4,5,20,305,605,305,606,2.1163000000000003
368,49,2,4,11,133,229,133,229,1.0964
369,65,3,5,16,231,437,229,438,1.7867
370,84,4,5,20,293,646,291,647,2.2403000000000004
371,48,2,4,11,168,257,168,257,1.1409
372,71,3,5,16,170,277,170,277,1.7859000000000003
373,96,4,5,20,205,416,205,416,2.1311
374,53,2,4,11,150,203,150,203,1.2578
375,75,3,5,16,188,297,185,300,1.7993000000000001
376,106,4,5,20,245,544,245,544,2.1651000000000002
377,48,2,4,11,209,338,209,338,1.131
378,76,3,5,16,210,399,210,399,1.8748
379,107,4,5,20,347,715,347,718,2.1550000000000002
380,49,2,4,11,159,281,159,281,1.1141
381,74,3,5,16,138,260,138,260,1.758
382,100,4,5,20,210,397,209,410,2.13
383,48,2,4,11,140,241,140,241,1.1283
384,79,3,5,16,186,369,186,369,1.8457000000000001
385,102,4,5,20,305,718,303,719,2.2232000000000003
386,44,2,4,11,136,220,134,221,1.2012
387,72,3,5,16,184,357,184,357,1.8362
388,108,4,5,20,201,458,201,458,2.1312
389,40,2,4,11,156,230,156,230,1.1145
390,71,3,5,16,213,397,213,397,1.8064
391,85,4,5,20,200,403,200,403,2.019
392,50,2,4,11,131,192,131,192,1.1396000000000002
393,71,3,5,16,170,327,170,327,1.7979
394,90,4,5,20,322,731,322,740,2.2496
395,47,2,4,11,175,314,175,314,1.1233
396,73,3,5,16,243,430,243,430,1.7515
397,87,4,5,20,177,327,176,331,2.0484
398,47,2,4,11,119,185,119,185,1.159
399,69,3,5,16,249,483,249,483,1.8529000000000002
400,87,4,5,20,216,402,216,402,2.1692
401,50,2,4,11,180,243,173,253,1.1419000000000001
402,68,3,5,16,294,645,294,649,1.8650000000000002
403,94,4,5,20,221,510,221,516,2.0576000000000003
404,49,2,4,11,160,224,159,242,1.1705
405,74,3,5,16,194,364,194,364,1.7830000000000001
406,90,4,5,20,275,631,275,631,2.1395000000000004
407,47,2,4,11,159,273,159,273,1.1396000000000002
408,72,3,5,16,239,441,239,441,1.8193000000000001
409,93,4,5,20,198,447,198,447,2.0999
410,58,2,4,11,103,151,103,151,1.1836000000000002
411,73,3,5,16,206,408,204,409,1.8675
412,88,4,5,20,334,694,334,694,2.0625
413,42,2,4,11,140,180,140,180,1.102
414,83,3,5,16,203,416,203,416,1.8589000000000002
415,90,4,5,20,286,677,286,688,2.2224000000000004
416,44,2,4,11,161,247,161,247,1.1278
417,81,3,5,16,257,531,257,531,1.8249000000000002
418,101,4,5,20,203,428,203,428,3.1411000000000002
419,39,2,4,11,145,214,145,214,1.0919
420,77,3,5,16,268,550,266,551,1.8928
421,115,4,5,20,233,561,233,563,2.1655
422,43,2,4,11,173,276,173,276,1.1416
423,67,3,5,16,199,360,199,360,1.7363000000000002
424,87,4,5,20,281,652,281,652,2.1139
425,47,2,4,11,169,236,165,249,1.1518000000000002
426,78,3,5,16,224,446,224,446,1.8631000000000002
427,89,4,5,20,349,819,349,819,2.1085000000000003
428,48,2,4,11,209,308,209,308,1.1541000000000001
429,76,3,5,16,183,392,183,392,1.8156
430,90,4,5,20,200,386,200,386,2.0786000000000002
431,44,2,4,11,213,354,213,354,1.1300000000000001
432,66,3,5,16,244,448,242,449,1.8105
433,90,4,5,20,225,497,225,497,2.039
434,50,2,4,11,169,269,169,269,1.1614000000000002
435,75,3,5,16,172,324,172,324,1.8385
436,97,4,5,20,200,399,200,399,2.1104000000000003
437,41,2,4,11,97,138,97,138,1.1076000000000001
438,73,3,5,16,196,344,196,344,1.8169000000000002
439,99,4,5,20,177,354,177,359,2.1043
440,44,2,4,11,116,131,116,131,1.0905
441,69,3,5,16,254,500,254,500,1.9448000000000003
442,107,4,5,20,185,355,185,356,2.1306000000000003
443,48,2,4,11,170,224,170,224,1.1599000000000002
444,79,3,5,16,222,436,222,436,1.8884
445,102,4,5,20,235,466,235,466,2.2245000000000004
446,50,2,4,11,168,283,168,283,1.1319000000000001
447,71,3,5,16,257,458,257,458,1.8210000000000002
448,98,4,5,20,224,441,224,441,2.1112
449,52,2,4,11,133,274,133,274,1.1133
450,77,3,5,16,144,297,144,297,1.8131000000000002
451,109,4,5,20,284,545,284,545,2.1274
452,50,2,4,11,129,183,129,183,1.169
453,68,3,5,16,120,234,120,234,1.7763000000000002
454,89,4,5,20,211,426,209,433,2.0792
455,52,2,4,11,129,255,129,255,1.1763000000000001
456,68,3,5,16,163,318,163,318,1.8364000000000003
457,94,4,5,20,230,452,228,454,2.1295
458,40,2,4,11,167,262,161,272,1.1437000000000002
459,74,3,5,16,210,460,210,460,1.7973000000000001
460,105,4,5,20,180,369,180,369,2.1605000000000003
461,55,2,4,11,151,251,150,260,1.1771000000000003
462,58,3,5,16,173,344,169,345,1.8718000000000001
463,93,4,5,20,293,638,291,639,2.1139
464,49,2,4,11,125,184,125,184,1.1736000000000002
465,66,3,5,16,162,240,162,240,1.7224
466,80,4,5,20,156,293,156,293,2.0334000000000003
467,48,2,4,11,171,308,171,308,1.1316
468,69,3,5,16,216,387,216,387,1.7871
469,102,4,5,20,217,384,217,384,2.1137
470,48,2,4,11,199,326,197,327,1.2254
471,74,3,5,16,168,274,168,274,1.7712
472,81,4,5,20,267,557,267,557,2.0577
473,52,2,4,11,146,175,146,175,1.1486
474,67,3,5,16,190,340,190,340,1.8159
475,110,4,5,20,188,416,188,416,2.2167000000000003
476,53,2,4,11,125,213,125,213,1.1207
477,62,3,5,16,191,308,191,308,1.7775000000000003
478,95,4,5,20,235,524,235,524,2.1409000000000002
479,50,2,4,11,172,238,172,238,1.2027
480,84,3,5,16,194,330,194,330,1.9164
481,102,4,5,20,248,504,248,504,2.1114
482,49,2,4,11,171,288,171,288,1.1131000000000002
483,73,3,5,16,145,239,131,240,1.8315
484,100,4,5,20,262,539,260,543,2.166
485,53,2,4,11,143,228,141,230,1.1853
486,68,3,5,16,234,409,232,411,1.7966000000000002
487,105,4,5,20,210,383,210,383,2.1028000000000002
488,50,2,4,11,139,225,139,225,1.1476000000000002
489,68,3,5,16,188,372,188,372,1.7767000000000002
490,102,4,5,20,256,571,256,571,2.1594
491,41,2,4,11,159,266,159,266,1.1181999999999999
492,86,3,5,16,162,303,162,303,1.8459
493,90,4,5,20,258,578,258,578,2.0284999999999997
494,43,2,4,11,109,153,109,153,1.1184
495,74,3,5,16,194,340,194,340,1.8203000000000003
496,99,4,5,20,195,461,195,461,2.1484
497,47,2,4,11,151,197,151,197,1.1492000000000002
498,79,3,5,16,206,441,206,441,1.8682000000000003
499,97,4,5,20,224,450,224,450,2.1651000000000002
500,50,2,4,11,217,350,217,350,1.2049
501,70,3,5,16,182,332,182,332,2.7055
502,89,4,5,20,272,602,272,602,2.1438
503,46,2,4,11,139,231,139,231,1.1229
504,72,3,5,16,205,417,205,417,1.8638000000000001
505,106,4,5,20,182,366,182,368,2.1420000000000003
506,44,2,4,11,135,167,135,167,1.1589
507,80,3,5,16,224,470,224,470,1.7924000000000002
508,101,4,5,20,291,613,291,613,2.2133000000000003
509,52,2,4,11,103,167,103,167,1.1354000000000002
510,70,3,5,16,203,436,203,436,1.8466
511,103,4,5,20,233,505,233,505,2.1098000000000003
512,49,2,4,11,184,300,184,300,1.0969
513,74,3,5,16,179,359,179,359,1.7742
514,96,4,5,20,230,446,230,446,2.0985
515,41,2,4,11,173,339,173,339,1.0909000000000002
516,81,3,5,16,176,312,176,312,1.8985
517,103,4,5,20,197,363,197,363,2.0610000000000004
518,54,2,4,11,143,237,143,237,1.177
519,65,3,5,16,230,403,230,403,1.7222000000000002
520,96,4,5,20,292,676,289,686,2.1708000000000003
521,46,2,4,11,151,239,151,239,1.0961
522,76,3,5,16,184,409,184,409,1.8235000000000001
523,110,4,5,20,236,503,236,503,2.1515000000000004
524,46,2,4,11,158,211,158,211,1.1696
525,76,3,5,16,166,297,166,297,1.7931000000000001
526,98,4,5,20,222,433,222,433,2.1358
527,49,2,4,11,146,191,146,191,1.1511000000000002
528,71,3,5,16,186,381,186,381,1.817
529,110,4,5,20,194,321,194,321,2.4808
530,42,2,4,11,163,266,163,266,1.1660000000000001
531,75,3,5,16,152,266,152,266,1.7967
532,93,4,5,20,235,510,235,514,2.1612000000000005
533,52,2,4,11,154,246,154,246,1.1689
534,73,3,5,16,174,321,174,321,1.7998
535,104,4,5,20,246,549,246,549,2.1398
536,52,2,4,11,155,205,153,225,1.1791
537,74,3,5,16,261,498,261,498,1.8315
538,92,4,5,20,273,599,273,599,2.0785
539,47,2,4,11,128,166,128,166,1.1452
540,75,3,5,16,179,383,179,383,1.7605000000000002
541,103,4,5,20,223,403,223,404,3.0460000000000003
542,55,2,4,11,114,140,114,140,1.1403
543,69,3,5,16,142,300,142,306,1.8008000000000002
544,106,4,5,20,130,283,130,283,2.0978
545,48,2,4,11,150,211,150,211,1.1155000000000002
546,72,3,5,16,130,236,130,236,1.7957
547,105,4,5,20,211,456,211,456,2.1128
548,42,2,4,11,158,269,158,269,1.1176000000000001
549,77,3,5,16,197,375,197,375,1.8169000000000002
550,103,4,5,20,253,567,253,567,2.1723000000000003
551,41,2,4,11,204,282,204,282,1.0952000000000002
552,77,3,5,16,227,471,227,471,1.8407
553,91,4,5,20,197,430,197,439,2.1274
554,51,2,4,11,96,175,95,175,1.105
555,68,3,5,16,200,370,200,370,1.7748000000000002
556,98,4,5,20,264,523,264,523,2.1378
557,55,2,4,11,130,159,130,159,1.1710000000000003
558,65,3,5,16,243,486,243,486,1.8409000000000002
559,91,4,5,20,237,456,237,459,2.1215
560,50,2,4,11,102,128,102,128,1.1405
561,82,3,5,16,188,370,188,370,1.8669
562,101,4,5,20,272,573,272,574,2.1641
563,50,2,4,11,121,197,121,197,1.1520000000000001
564,71,3,5,16,246,527,246,527,1.8013000000000001
565,91,4,5,20,288,599,288,601,2.0895
566,50,2,4,11,100,132,100,132,1.1311000000000002
567,70,3,5,16,211,421,211,421,1.7996
568,83,4,5,20,271,635,271,635,2.0479000000000003
569,54,2,4,11,159,253,159,253,1.3175000000000001
570,77,3,5,16,209,365,209,365,1.8481
571,97,4,5,20,234,436,234,436,2.1071000000000004
572,61,2,4,11,135,225,135,225,1.2057
573,77,3,5,16,250,427,246,433,1.9200000000000002
574,84,4,5,20,266,539,256,553,2.0505000000000004
575,55,2,4,11,150,221,150,221,1.1775000000000002
576,76,3,5,16,157,282,157,282,1.7933000000000001
577,99,4,5,20,209,416,209,416,2.1124
578,52,2,4,11,154,210,154,210,1.1905000000000001
579,76,3,5,16,233,408,233,408,1.8190000000000002
580,92,4,5,20,227,443,222,445,2.0970000000000004
581,49,2,4,11,138,183,138,183,1.1774
582,91,3,5,16,173,321,173,321,1.8979000000000001
583,105,4,5,20,195,368,195,368,2.0949000000000004
584,51,2,4,11,124,178,124,178,1.1474
585,75,3,5,16,238,447,238,447,1.8573000000000002
586,100,4,5,20,199,397,199,397,2.0431
587,35,2,4,11,102,143,102,143,1.1441000000000001
588,51,3,5,16,204,369,204,369,1.7120000000000002
589,93,4,5,20,261,564,259,565,2.0829
590,50,2,4,11,117,219,117,219,1.1300000000000001
591,64,3,5,16,202,364,202,364,1.8113000000000001
592,91,4,5,20,172,371,172,371,2.0841000000000003
593,54,2,4,11,103,195,103,195,1.1287
594,60,3,5,16,228,397,228,397,1.8214000000000001
595,85,4,5,20,250,517,250,517,2.0631
596,41,2,4,11,149,249,149,249,1.1298000000000001
597,82,3,5,16,215,425,215,425,1.8198
598,86,4,5,20,319,705,317,706,2.0704000000000002
599,54,2,4,11,155,294,155,294,1.1972
600,64,3,5,16,259,482,259,482,1.7514000000000003
601,95,4,5,20,275,656,275,656,2.1681
602,45,2,4,11,137,215,137,215,1.1006
603,73,3,5,16,265,520,265,520,1.8208
604,100,4,5,20,218,481,218,481,2.1255
605,46,2,4,11,159,244,159,244,1.1167
606,76,3,5,16,156,293,156,293,2.2645
607,92,4,5,20,208,422,208,422,2.0651
608,59,2,4,11,105,164,105,164,1.2098
609,81,3,5,16,172,307,172,307,1.8215000000000001
610,99,4,5,20,289,650,289,650,2.1719
611,47,2,4,11,165,273,165,273,1.1231000000000002
612,73,3,5,16,186,343,186,343,1.8412000000000002
613,95,4,5,20,144,270,144,270,2.0359000000000003
614,38,2,4,11,187,321,187,321,1.1288
615,61,3,5,16,254,488,254,488,1.7519
616,97,4,5,20,250,469,250,469,2.1012
617,43,2,4,11,144,169,144,169,1.1418000000000001
618,63,3,5,16,192,343,192,343,1.7423
619,94,4,5,20,272,536,266,541,2.1204
620,39,2,4,11,208,334,208,334,1.1356000000000002
621,72,3,5,16,206,328,206,328,1.8061000000000003
622,87,4,5,20,215,477,215,477,2.0914
623,43,2,4,11,126,186,126,186,1.2338000000000002
624,73,3,5,16,270,506,270,506,1.9365
625,84,4,5,20,231,515,231,515,2.0732000000000004
626,42,2,4,11,192,311,192,311,1.1418000000000001
627,67,3,5,16,202,391,202,391,1.7947000000000002
628,104,4,5,20,240,491,240,491,2.1778
629,56,2,4,11,146,255,146,255,1.2077000000000002
630,74,3,5,16,246,552,246,552,1.9001000000000001
631,95,4,5,20,246,452,246,452,2.1469
632,42,2,4,11,170,268,170,268,1.1266000000000003
633,68,3,5,16,263,538,263,538,1.8178
634,103,4,5,20,283,593,283,598,2.3830999999999998
635,47,2,4,11,196,292,196,292,1.1783000000000001
636,66,3,5,16,189,300,189,300,1.7786000000000002
637,94,4,5,20,275,564,275,564,2.0463
638,49,2,4,11,132,195,132,195,1.1305
639,80,3,5,16,217,402,217,402,1.8341000000000003
640,96,4,5,20,269,602,269,606,2.1763
641,48,2,4,11,92,127,92,127,1.1886
642,62,3,5,16,135,224,135,224,2.174
643,91,4,5,20,270,591,270,591,2.1023
644,49,2,4,11,191,302,191,302,1.1503
645,76,3,5,16,190,307,190,307,1.8255000000000001
646,89,4,5,20,221,474,221,474,2.0757000000000003
647,42,2,4,11,149,235,149,235,1.0991
648,78,3,5,16,172,356,172,356,1.9418
649,93,4,5,20,247,578,247,579,2.067
650,49,2,4,11,183,293,183,293,1.2059
651,77,3,5,16,228,455,228,455,1.794
652,99,4,5,20,241,517,241,517,2.1204
653,55,2,4,11,146,225,146,225,1.1578000000000002
654,65,3,5,16,172,323,172,323,1.7699
655,99,4,5,20,238,453,238,453,2.1322000000000005
656,46,2,4,11,158,231,158,231,1.1104
657,73,3,5,16,140,205,140,205,1.7647000000000002
658,91,4,5,20,238,527,238,527,2.854
659,43,2,4,11,104,124,104,124,1.1903000000000001
660,83,3,5,16,214,395,214,395,1.8271000000000002
661,98,4,5,20,250,505,247,505,2.1223
662,54,2,4,11,162,195,162,195,1.1962000000000002
663,62,3,5,16,202,337,202,337,1.8092000000000001
664,107,4,5,20,311,708,311,721,2.1857
665,55,2,4,11,167,251,167,251,1.1505
666,70,3,5,16,186,356,186,356,1.8461
667,106,4,5,20,205,387,205,387,3.1617
668,50,2,4,11,165,290,165,290,1.1941
669,74,3,5,16,216,456,216,456,1.8191000000000002
670,97,4,5,20,259,531,259,531,2.345
671,48,2,4,11,138,182,138,182,1.1311000000000002
672,71,3,5,16,176,272,176,272,1.8214000000000001
673,102,4,5,20,124,236,124,236,2.1127000000000002
674,47,2,4,11,173,259,173,259,1.1169
675,72,3,5,16,160,357,160,357,1.7537000000000003
676,83,4,5,20,342,720,342,720,2.0876
677,50,2,4,11,177,276,177,276,1.2094
678,73,3,5,16,210,434,210,434,1.7785000000000002
679,92,4,5,20,174,357,174,357,2.0995000000000004
680,48,2,4,11,196,327,196,327,1.1728
681,70,3,5,16,168,349,168,349,1.9012
682,106,4,5,20,256,531,252,532,2.1883000000000004
683,39,2,4,11,103,165,103,165,1.1223
684,61,3,5,16,201,428,201,428,1.7978
685,101,4,5,20,216,508,216,508,2.1258000000000004
686,55,2,4,11,104,150,104,150,1.1652000000000002
687,61,3,5,16,223,404,223,404,1.7705000000000002
688,86,4,5,20,225,499,225,499,2.1021
689,54,2,4,11,109,191,109,191,1.1633000000000002
690,66,3,5,16,188,320,188,320,1.8319
691,90,4,5,20,260,500,260,500,2.1239000000000003
692,54,2,4,11,149,230,149,230,1.1416
693,76,3,5,16,202,392,202,392,1.8757000000000001
694,98,4,5,20,171,326,171,326,2.1592000000000002
695,55,2,4,11,116,149,116,149,1.1498000000000002
696,78,3,5,16,251,423,247,434,1.8631000000000002
697,100,4,5,20,235,509,235,509,2.1276
698,42,2,4,11,131,189,131,189,1.0916000000000001
699,74,3,5,16,208,381,208,386,1.8021
700,97,4,5,20,256,594,256,594,2.4545
701,47,2,4,11,153,273,153,273,1.1143
702,80,3,5,16,214,375,214,375,1.8778000000000001
703,82,4,5,20,212,475,212,475,2.0046
704,49,2,4,11,150,239,150,239,1.1071
705,61,3,5,16,192,339,192,339,1.7794000000000003
706,93,4,5,20,266,593,266,593,2.1318
707,44,2,4,11,122,153,122,153,1.1155000000000002
708,73,3,5,16,189,312,189,312,1.8083
709,98,4,5,20,176,363,176,363,2.0568
710,42,2,4,11,169,240,169,240,1.1121
711,76,3,5,16,188,347,188,348,1.8381
712,108,4,5,20,277,680,275,683,2.2084
713,48,2,4,11,155,226,155,226,1.179
714,79,3,5,16,212,354,212,355,1.915
715,82,4,5,20,291,529,291,530,2.1249000000000002
716,51,2,4,11,159,218,159,218,1.1542
717,76,3,5,16,199,359,199,359,1.7850000000000001
718,88,4,5,20,232,444,232,444,2.0845
719,46,2,4,11,176,291,176,291,1.1339
720,81,3,5,16,190,349,188,349,1.9480000000000002
721,90,4,5,20,187,366,187,366,2.0832
722,55,2,4,11,160,265,160,265,1.1557000000000002
723,75,3,5,16,176,302,176,302,1.8987
724,95,4,5,20,151,295,151,295,2.1523000000000003
725,52,2,4,11,130,172,130,172,1.2003000000000001
726,76,3,5,16,136,244,136,244,1.8403
727,104,4,5,20,248,495,246,499,2.5443000000000002
728,43,2,4,11,132,185,132,185,1.1035000000000001
729,83,3,5,16,184,334,184,334,1.9007000000000003
730,105,4,5,20,239,495,238,504,2.1353
731,47,2,4,11,117,219,117,219,1.1627
732,64,3,5,16,273,515,273,516,1.7905000000000002
733,91,4,5,20,172,359,172,359,2.1754000000000002
734,53,2,4,11,133,187,133,187,1.1076000000000001
735,71,3,5,16,225,415,225,415,1.8419
736,120,4,5,20,213,436,209,442,2.1927000000000003
737,55,2,4,11,126,154,126,154,1.1331000000000002
738,66,3,5,16,222,426,222,426,1.8281
739,95,4,5,20,291,677,291,677,2.0949000000000004
740,39,2,4,11,165,235,165,235,1.2025
741,80,3,5,16,187,403,187,403,1.8198
742,88,4,5,20,257,538,255,540,2.1098000000000003
743,56,2,4,11,120,152,120,152,1.1818
744,81,3,5,16,156,292,156,292,1.8841
745,91,4,5,20,209,405,209,405,2.0988
746,49,2,4,11,108,159,108,159,1.1391
747,78,3,5,16,208,361,208,361,2.2826
748,108,4,5,20,277,622,277,622,2.2653
749,49,2,4,11,157,272,157,272,1.1363
750,66,3,5,16,154,236,154,236,2.6336000000000004
751,101,4,5,20,269,586,269,586,2.0318000000000005
752,59,2,4,11,163,240,163,240,1.223
753,79,3,5,16,212,433,212,433,1.9285
754,79,4,5,20,262,498,262,498,2.0112
755,54,2,4,11,135,159,135,159,1.1597
756,71,3,5,16,231,466,231,473,1.866
757,98,4,5,20,278,614,278,614,2.1622
758,47,2,4,11,215,332,215,332,1.1984000000000001
759,76,3,5,16,188,341,188,341,1.9593000000000003
760,98,4,5,20,243,521,243,521,2.0886
761,42,2,4,11,161,274,161,274,1.1179000000000001
762,66,3,5,16,132,215,132,215,1.7602000000000002
763,101,4,5,20,188,353,188,353,2.1601000000000004
764,43,2,4,11,134,190,134,190,1.1067000000000002
765,77,3,5,16,206,434,206,441,1.8968
766,114,4,5,20,291,609,291,609,2.2248
767,50,2,4,11,88,188,88,188,1.2297
768,81,3,5,16,153,269,153,269,1.8348000000000002
769,99,4,5,20,174,334,173,339,2.0577
770,42,2,4,11,153,265,153,265,1.0914
771,79,3,5,16,182,355,180,358,1.8489000000000002
772,100,4,5,20,311,736,311,736,2.1755000000000004
773,54,2,4,11,141,263,141,263,1.1833
774,77,3,5,16,192,322,192,322,1.8539
775,101,4,5,20,181,408,181,409,2.1164
776,41,2,4,11,126,162,126,162,1.1261
777,70,3,5,16,218,435,218,435,1.8669
778,114,4,5,20,232,424,232,425,2.2104
779,49,2,4,11,125,215,125,215,1.11
780,85,3,5,16,196,390,196,390,1.9086
781,92,4,5,20,224,431,224,431,2.1073000000000004
782,50,2,4,11,138,210,138,210,1.1024
783,70,3,5,16,234,442,234,442,1.7560000000000002
784,97,4,5,20,220,451,220,451,2.1994000000000002
785,58,2,4,11,223,352,223,352,1.2001000000000002
786,83,3,5,16,155,295,155,295,1.8811000000000002
787,99,4,5,20,228,485,228,485,2.1206000000000005
788,43,2,4,11,134,174,134,174,1.1016000000000001
789,69,3,5,16,186,291,185,292,1.8472
790,94,4,5,20,271,599,271,599,2.0685000000000002
791,44,2,4,11,156,205,156,205,1.1111
792,64,3,5,16,191,343,191,343,1.7693
793,99,4,5,20,247,517,247,522,2.1174000000000004
794,48,2,4,11,151,203,151,203,1.124
795,70,3,5,16,261,510,261,510,1.8862
796,102,4,5,20,230,511,226,513,2.1577
797,43,2,4,11,147,229,147,229,1.1157000000000001
798,75,3,5,16,169,284,169,284,1.8219000000000003
799,88,4,5,20,225,387,225,387,2.0784000000000002
800,42,2,4,11,169,233,169,233,1.0954000000000002
801,73,3,5,16,174,277,170,283,1.9063
802,106,4,5,20,241,510,241,510,2.2425
803,46,2,4,11,182,291,182,291,1.1476000000000002
804,69,3,5,16,320,701,320,701,1.7898
805,84,4,5,20,318,701,318,701,2.1498000000000004
806,52,2,4,11,99,133,99,133,1.1485
807,66,3,5,16,251,502,251,502,1.7460000000000002
808,96,4,5,20,210,424,210,424,2.1087000000000002
809,43,2,4,11,153,267,153,267,1.0997000000000001
810,74,3,5,16,217,416,217,416,1.8584
811,98,4,5,20,244,529,244,529,2.2065
812,44,2,4,11,204,342,204,342,1.1467
813,78,3,5,16,204,338,204,338,1.8428000000000002
814,101,4,5,20,245,503,245,503,2.1652
815,49,2,4,11,197,302,197,302,1.1621000000000001
816,71,3,5,16,214,454,214,454,1.7572000000000003
817,81,4,5,20,224,489,224,489,2.6018
818,41,2,4,11,189,231,189,231,1.1127
819,69,3,5,16,179,412,179,412,1.8210000000000002
820,86,4,5,20,274,567,274,567,2.0656000000000003
821,46,2,4,11,193,311,193,311,1.1340000000000001
822,76,3,5,16,230,458,230,458,1.8186
823,103,4,5,20,270,527,270,529,2.1469
824,48,2,4,11,137,213,137,213,1.1196000000000002
825,81,3,5,16,243,498,243,498,1.8267000000000002
826,94,4,5,20,176,355,176,355,2.0711000000000004
827,55,2,4,11,123,221,123,221,1.1423
828,79,3,5,16,184,393,184,395,1.8084000000000002
829,105,4,5,20,226,503,219,512,2.1759
830,43,2,4,11,194,284,194,284,1.1493
831,64,3,5,16,201,388,201,388,2.9917000000000002
832,114,4,5,20,282,552,280,553,2.4188
833,52,2,4,11,166,210,161,226,1.2051000000000003
834,64,3,5,16,260,509,260,510,1.8596000000000001
835,92,4,5,20,222,425,222,425,2.0791
836,48,2,4,11,175,300,175,300,1.1764
837,69,3,5,16,209,370,209,370,1.7898
838,104,4,5,20,274,665,274,666,2.1688
839,47,2,4,11,125,193,125,193,1.1608
840,82,3,5,16,198,354,198,354,2.0788
841,88,4,5,20,259,501,259,501,2.0881000000000003
842,48,2,4,11,167,235,157,250,1.1236
843,67,3,5,16,225,489,225,489,1.7941
844,98,4,5,20,169,361,169,361,2.069
845,44,2,4,11,189,317,189,317,1.1449
846,72,3,5,16,237,421,237,425,1.8567000000000002
847,101,4,5,20,246,460,246,460,2.1816
848,45,2,4,11,175,264,175,264,1.1533000000000002
849,76,3,5,16,238,491,238,491,1.8559
850,88,4,5,20,174,347,174,347,2.0118
851,47,2,4,11,163,265,163,265,1.2167000000000001
852,87,3,5,16,153,296,153,303,1.8822
853,91,4,5,20,277,574,277,574,2.1504000000000003
854,44,2,4,11,158,207,158,207,1.1265
855,66,3,5,16,176,346,176,346,1.7987000000000002
856,85,4,5,20,202,428,202,428,2.1055
857,51,2,4,11,153,249,153,249,1.5452000000000001
858,76,3,5,16,170,295,170,295,1.8316000000000001
859,92,4,5,20,200,405,200,405,2.0698000000000003
860,48,2,4,11,138,264,138,264,1.1356000000000002
861,60,3,5,16,192,381,192,381,1.7912000000000001
862,97,4,5,20,238,480,228,518,2.1249000000000002
863,49,2,4,11,132,167,132,167,1.1714000000000002
864,65,3,5,16,164,269,164,280,1.778
865,94,4,5,20,182,400,182,400,2.0251
866,51,2,4,11,98,134,98,134,1.1992
867,63,3,5,16,172,295,172,295,1.7843000000000002
868,99,4,5,20,218,401,218,402,2.1046000000000005
869,55,2,4,11,132,211,132,211,1.1648
870,77,3,5,16,254,434,254,434,1.8210000000000002
871,109,4,5,20,201,410,201,410,2.1788000000000003
872,59,2,4,11,150,197,150,197,1.1937
873,79,3,5,16,196,309,196,309,1.8539
874,99,4,5,20,296,574,294,584,2.1438
875,51,2,4,11,157,279,157,279,1.2831000000000001
876,80,3,5,16,170,365,170,365,1.8448000000000002
877,121,4,5,20,212,484,212,484,2.2157999999999998
878,47,2,4,11,130,142,130,142,1.1976
879,75,3,5,16,189,349,189,349,1.8113000000000001
880,94,4,5,20,194,400,194,400,2.1335
881,55,2,4,11,138,171,138,171,1.209
882,76,3,5,16,202,461,202,461,1.9000000000000001
883,102,4,5,20,230,456,230,456,2.1292
884,49,2,4,11,137,220,137,220,1.1608
885,74,3,5,16,269,551,269,551,1.8916000000000002
886,100,4,5,20,258,502,258,502,2.1594
887,47,2,4,11,187,336,187,336,1.1639000000000002
888,67,3,5,16,217,375,217,375,1.7707000000000002
889,101,4,5,20,252,480,252,480,2.0872
890,45,2,4,11,203,362,203,362,1.1082
891,64,3,5,16,203,423,203,423,1.8296000000000001
892,90,4,5,20,321,668,321,668,2.047
893,51,2,4,11,124,157,124,157,1.1668000000000003
894,72,3,5,16,201,372,195,375,1.9908000000000001
895,96,4,5,20,241,474,241,474,2.1117000000000004
896,49,2,4,11,199,330,199,330,1.1393
897,60,3,5,16,226,440,226,440,1.7437000000000002
898,105,4,5,20,174,342,174,342,2.0770000000000004
899,52,2,4,11,152,193,152,193,1.1748
900,67,3,5,16,179,332,179,332,1.7776
901,101,4,5,20,199,424,199,427,2.807
902,46,2,4,11,95,135,95,135,1.1963
903,64,3,5,16,220,410,220,410,1.7518000000000002
904,100,4,5,20,329,709,329,709,2.2095000000000002
905,44,2,4,11,130,154,130,154,1.1497
906,71,3,5,16,265,488,265,488,1.8069000000000002
907,88,4,5,20,261,648,261,648,2.1001000000000003
908,48,2,4,11,140,222,140,222,1.1036000000000001
909,75,3,5,16,231,487,231,487,1.7968000000000002
910,98,4,5,20,222,469,222,488,2.1608
911,56,2,4,11,192,246,186,256,1.1991
912,70,3,5,16,181,445,179,446,1.8458
913,99,4,5,20,243,552,243,552,2.1598
914,38,2,4,11,141,217,141,217,1.0973000000000002
915,70,3,5,16,215,436,213,437,1.8698000000000001
916,99,4,5,20,250,583,250,583,2.1551
917,50,2,4,11,163,284,163,284,1.1673
918,74,3,5,16,239,443,239,443,1.8166
919,88,4,5,20,190,349,190,349,2.0915
920,53,2,4,11,128,166,128,166,1.1575000000000002
921,63,3,5,16,184,296,184,296,1.7654
922,102,4,5,20,182,351,182,351,2.3088
923,48,2,4,11,153,287,153,287,1.1508
924,65,3,5,16,204,461,204,461,1.77
925,88,4,5,20,254,500,254,505,2.0921
926,49,2,4,11,191,279,191,279,1.1255
927,70,3,5,16,182,327,182,327,1.7949000000000002
928,94,4,5,20,226,476,226,476,2.0457
929,49,2,4,11,120,162,120,162,1.6475000000000002
930,78,3,5,16,180,368,180,380,1.836
931,92,4,5,20,248,538,248,538,2.0937
932,50,2,4,11,156,262,156,262,1.1465
933,74,3,5,16,240,456,240,457,1.9401000000000002
934,96,4,5,20,216,493,216,493,2.236
935,46,2,4,11,101,199,101,199,1.7218000000000002
936,69,3,5,16,194,348,194,348,1.8961000000000001
937,96,4,5,20,217,449,217,450,2.0905000000000005
938,48,2,4,11,88,100,88,100,1.157
939,72,3,5,16,200,466,200,466,1.9606000000000003
940,89,4,5,20,203,423,203,423,2.0654000000000003
941,45,2,4,11,169,264,169,264,1.1144
942,66,3,5,16,232,419,232,419,1.8150000000000002
943,93,4,5,20,212,473,212,473,2.1139
944,62,2,4,11,128,195,127,200,1.222
945,70,3,5,16,203,355,203,355,2.0152
946,96,4,5,20,259,590,259,590,2.174
947,43,2,4,11,135,232,133,236,1.1401000000000001
948,67,3,5,16,164,329,164,337,1.7832000000000001
949,104,4,5,20,246,503,244,505,2.1408
950,49,2,4,11,148,183,148,183,1.2512
951,81,3,5,16,203,372,203,372,1.8756000000000002
952,98,4,5,20,244,561,244,561,2.1361000000000003
953,50,2,4,11,155,226,155,226,1.1739000000000002
954,70,3,5,16,171,292,171,292,1.7508000000000001
955,111,4,5,20,258,487,258,487,2.2331
956,50,2,4,11,139,196,139,196,1.1710000000000003
957,85,3,5,16,161,313,141,314,1.9362000000000001
958,95,4,5,20,219,442,219,442,2.2661000000000002
959,44,2,4,11,196,312,196,312,1.1143
960,71,3,5,16,148,300,148,300,1.8168000000000002
961,100,4,5,20,228,533,226,535,2.1414000000000004
962,52,2,4,11,178,332,178,332,1.1932000000000003
963,70,3,5,16,249,482,249,482,1.8385
964,106,4,5,20,220,416,220,416,2.9028
965,54,2,4,11,182,246,182,246,1.1501000000000001
966,78,3,5,16,142,318,140,323,1.8933000000000002
967,97,4,5,20,271,545,271,545,2.1146000000000003
968,41,2,4,11,187,268,185,272,1.178
969,69,3,5,16,167,327,167,327,1.7913000000000001
970,91,4,5,20,290,668,290,668,2.0967
971,54,2,4,11,105,218,105,218,1.1902
972,62,3,5,16,178,315,178,315,1.7936
973,104,4,5,20,289,610,289,611,2.2227
974,52,2,4,11,122,218,122,218,1.1506
975,80,3,5,16,205,372,205,372,1.9017000000000002
976,108,4,5,20,223,456,223,456,2.2030000000000003
977,44,2,4,11,153,230,153,230,1.1074000000000002
978,84,3,5,16,173,320,173,320,1.9183000000000001
979,94,4,5,20,280,629,280,629,2.1485000000000003
980,45,2,4,11,147,247,147,247,1.1122
981,71,3,5,16,290,632,288,634,1.8558000000000001
982,96,4,5,20,269,574,269,574,2.0672
983,48,2,4,11,135,206,135,206,1.1237000000000001
984,72,3,5,16,182,376,182,376,1.8439
985,99,4,5,20,263,595,263,595,2.1754000000000002
986,52,2,4,11,124,199,124,199,1.1904000000000001
987,66,3,5,16,223,472,223,472,1.7513
988,103,4,5,20,210,421,209,425,2.1103
989,46,2,4,11,130,215,129,215,1.1096000000000001
990,74,3,5,16,259,496,259,496,1.8123000000000002
991,99,4,5,20,280,573,280,573,2.1243
992,46,2,4,11,99,156,99,156,1.1988
993,70,3,5,16,240,522,240,522,1.7649
994,108,4,5,20,219,454,219,454,2.1384
995,47,2,4,11,173,298,173,298,1.1037
996,72,3,5,16,182,328,182,328,1.8102
997,105,4,5,20,184,353,184,353,2.1196
998,50,2,4,11,171,232,167,242,1.1767
999,78,3,5,16,246,510,246,510,1.9088000000000003
1000,100,4,5,20,296,590,295,604,3.1963
1001,49,2,4,11,144,260,144,260,1.1417000000000002
1002,79,3,5,16,261,499,259,501,1.9756
1003,95,4,5,20,330,668,328,682,2.1107
1004,47,2,4,11,211,327,211,327,1.1403
1005,72,3,5,16,196,421,196,421,1.7993000000000001
1006,91,4,5,20,263,568,263,568,2.0976000000000004
1007,40,2,4,11,164,252,164,252,1.0987
1008,88,3,5,16,184,307,184,307,1.8963
1009,94,4,5,20,232,462,232,462,2.0998
1010,36,2,4,11,214,291,214,291,1.0957000000000001
1011,66,3,5,16,218,394,216,395,1.8472
1012,96,4,5,20,251,544,251,544,2.1739
1013,53,2,4,11,111,196,111,196,1.1688
1014,72,3,5,16,192,341,192,341,1.8114000000000001
1015,92,4,5,20,317,667,317,667,2.1481
1016,46,2,4,11,140,252,140,252,1.1239000000000001
1017,68,3,5,16,271,561,271,561,1.8475000000000001
1018,91,4,5,20,225,503,225,503,2.1854
1019,42,2,4,11,213,334,213,334,1.0932000000000002
1020,67,3,5,16,158,320,158,320,1.852
1021,89,4,5,20,273,598,273,598,2.0937
1022,49,2,4,11,173,308,173,308,1.1507
1023,71,3,5,16,194,377,194,377,1.826
1024,102,4,5,20,287,685,287,685,2.2361
1025,40,2,4,11,207,267,207,267,1.0963
1026,72,3,5,16,205,414,205,414,1.8705000000000003
1027,97,4,5,20,215,420,215,420,2.2212
1028,48,2,4,11,145,251,145,251,1.1332
1029,74,3,5,16,171,313,169,318,1.8672
1030,100,4,5,20,223,478,223,478,2.0735
1031,53,2,4,11,163,301,163,301,1.1652000000000002
1032,72,3,5,16,168,260,168,260,1.8049000000000002
1033,97,4,5,20,265,572,263,574,2.1777
1034,48,2,4,11,167,277,167,277,1.1411000000000002
1035,77,3,5,16,134,231,134,231,1.8358
1036,99,4,5,20,182,361,182,361,2.1295
1037,52,2,4,11,101,188,101,188,1.1149
1038,74,3,5,16,152,238,140,247,1.8157
1039,87,4,5,20,220,497,220,497,2.0776000000000003
1040,46,2,4,11,83,131,83,131,1.1148
1041,66,3,5,16,231,519,231,519,1.8315
1042,99,4,5,20,223,394,223,394,2.0921
1043,41,2,4,11,120,160,120,160,1.0526000000000002
1044,73,3,5,16,232,425,232,425,1.8144
1045,99,4,5,20,158,351,158,351,2.0938000000000003
1046,56,2,4,11,148,167,148,167,1.1722
1047,73,3,5,16,194,330,194,330,1.8509000000000002
1048,88,4,5,20,254,519,254,520,2.0704000000000002
1049,51,2,4,11,162,192,162,192,1.1916000000000002
1050,68,3,5,16,236,548,236,548,1.7465
1051,105,4,5,20,218,441,218,441,2.1489
1052,43,2,4,11,150,208,150,208,1.0955000000000001
1053,77,3,5,16,214,429,214,429,1.7949000000000002
1054,85,4,5,20,292,639,290,643,2.0751000000000004
1055,55,2,4,11,102,167,102,167,1.2054
1056,74,3,5,16,194,369,194,369,1.7991000000000001
1057,98,4,5,20,230,422,225,425,2.1343
1058,42,2,4,11,144,223,144,223,1.0939
1059,71,3,5,16,158,349,158,349,1.78
1060,103,4,5,20,242,546,242,546,2.9115
1061,56,2,4,11,144,202,144,202,1.2074000000000003
1062,83,3,5,16,190,338,190,338,1.8407
1063,92,4,5,20,234,487,234,487,2.0632
1064,44,2,4,11,171,270,171,270,1.112
1065,65,3,5,16,210,392,206,394,1.7764
1066,93,4,5,20,267,535,267,535,2.2103
1067,52,2,4,11,171,307,171,307,1.2819
1068,67,3,5,16,227,409,227,409,1.8202
1069,89,4,5,20,225,431,225,431,2.0690999999999997
1070,43,2,4,11,178,254,178,254,1.0959
1071,77,3,5,16,280,603,280,603,1.8585
1072,97,4,5,20,252,515,250,517,2.076
1073,46,2,4,11,142,208,142,208,1.1529
1074,74,3,5,16,203,432,203,432,1.8384
1075,85,4,5,20,231,436,231,436,2.1302
1076,52,2,4,11,170,281,170,281,1.1255
1077,75,3,5,16,172,301,172,301,1.8038
1078,91,4,5,20,248,527,248,527,2.0484
1079,47,2,4,11,191,308,191,308,1.1300999999999999
1080,70,3,5,16,211,398,211,398,1.7970000000000002
1081,96,4,5,20,198,434,198,434,2.0871
1082,40,2,4,11,131,195,131,195,1.1388
1083,82,3,5,16,168,315,168,315,1.8445000000000003
1084,103,4,5,20,238,474,238,476,2.2125
1085,41,2,4,11,150,257,150,257,1.1106
1086,76,3,5,16,205,342,205,342,1.8175000000000001
1087,100,4,5,20,295,604,295,604,2.1484
1088,49,2,4,11,219,361,219,361,1.2039000000000002
1089,68,3,5,16,177,346,177,346,1.8327
1090,100,4,5,20,238,444,238,444,2.1339
1091,47,2,4,11,185,289,185,289,1.1543
1092,71,3,5,16,152,256,152,256,1.8107000000000002
1093,98,4,5,20,275,628,275,629,2.0973
1094,42,2,4,11,132,174,130,175,1.1388
1095,69,3,5,16,233,535,233,535,1.8193000000000001
1096,97,4,5,20,312,722,312,722,2.0593
1097,51,2,4,11,153,258,153,258,1.1393
1098,81,3,5,16,200,409,200,409,1.8541
1099,95,4,5,20,220,468,220,468,2.1105
1100,50,2,4,11,105,168,105,168,1.1092
1101,89,3,5,16,214,398,214,398,1.9076000000000002
1102,106,4,5,20,188,369,188,371,2.1904000000000003
1103,42,2,4,11,104,166,104,166,1.122
1104,79,3,5,16,179,349,179,350,1.9068
1105,82,4,5,20,245,530,245,530,2.0554
1106,44,2,4,11,132,196,132,196,1.1159
1107,77,3,5,16,170,305,170,305,1.7796
1108,98,4,5,20,221,523,221,523,2.3621000000000003
1109,45,2,4,11,116,143,116,143,1.1109000000000002
1110,70,3,5,16,216,438,216,447,1.8392
1111,92,4,5,20,246,510,245,522,2.0559000000000003
1112,39,2,4,11,189,303,189,303,1.0888
1113,73,3,5,16,185,407,185,407,1.7462
1114,95,4,5,20,205,433,205,434,2.0694000000000004
1115,49,2,4,11,165,199,165,199,1.1360000000000001
1116,75,3,5,16,216,351,216,398,1.826
1117,99,4,5,20,213,386,213,386,2.1196
1118,51,2,4,11,155,283,155,283,1.2091
1119,64,3,5,16,266,481,266,481,1.8513000000000002
1120,102,4,5,20,206,416,206,416,2.1085000000000003
1121,49,2,4,11,114,161,114,161,1.1351
1122,79,3,5,16,176,244,176,244,1.8868
1123,90,4,5,20,204,376,204,376,2.0587999999999997
1124,50,2,4,11,118,150,118,150,1.1846
1125,69,3,5,16,218,460,216,461,1.8712000000000002
1126,99,4,5,20,222,504,222,505,2.1877000000000004
1127,54,2,4,11,112,237,112,237,1.2007
1128,78,3,5,16,190,407,190,407,2.5992
1129,90,4,5,20,257,583,257,585,2.2609000000000004
1130,52,2,4,11,145,212,145,212,1.1824000000000001
1131,70,3,5,16,194,372,194,372,1.8647000000000002
1132,111,4,5,20,230,474,230,474,2.1989
1133,42,2,4,11,141,232,141,232,1.1008
1134,79,3,5,16,184,355,184,355,1.8917000000000002
1135,87,4,5,20,233,481,233,481,2.1205
1136,44,2,4,11,133,224,133,224,1.2024000000000001
1137,67,3,5,16,178,309,178,309,1.7795
1138,93,4,5,20,272,531,272,531,2.1082
1139,51,2,4,11,189,336,189,336,1.1505
1140,75,3,5,16,240,413,240,413,1.8590000000000002
1141,98,4,5,20,276,623,274,623,2.2282
1142,44,2,4,11,125,205,125,205,1.1194
1143,54,3,5,16,233,410,233,410,1.6949
1144,99,4,5,20,246,478,245,485,2.1491000000000002
1145,53,2,4,11,173,301,173,301,1.1505
1146,87,3,5,16,205,401,201,403,1.8982
1147,91,4,5,20,248,562,248,562,2.1146000000000003
1148,53,2,4,11,124,166,124,166,1.2454
1149,77,3,5,16,209,374,209,374,1.7923000000000002
1150,97,4,5,20,190,442,190,442,2.0809
1151,43,2,4,11,184,309,184,309,1.1359
1152,72,3,5,16,204,359,204,359,1.7731000000000001
1153,103,4,5,20,286,663,286,663,2.0808000000000004
1154,49,2,4,11,157,255,157,255,1.1355
1155,74,3,5,16,167,298,167,298,1.768
1156,105,4,5,20,275,561,275,561,2.1984
1157,50,2,4,11,175,300,175,300,1.1735
1158,61,3,5,16,249,544,249,544,1.7231000000000003
1159,101,4,5,20,217,447,217,453,2.1013
1160,45,2,4,11,111,141,111,141,1.0942
1161,70,3,5,16,181,362,181,362,1.7883
1162,104,4,5,20,232,405,232,405,2.1419
1163,53,2,4,11,200,289,200,289,1.2244000000000002
1164,66,3,5,16,185,342,183,343,1.8461
1165,91,4,5,20,263,548,263,548,2.1088999999999998
1166,44,2,4,11,154,244,154,244,1.0858
1167,73,3,5,16,211,414,211,414,2.6921000000000004
1168,100,4,5,20,210,387,210,387,2.1021
1169,42,2,4,11,138,174,138,174,1.0988
1170,70,3,5,16,219,446,219,446,1.8222000000000003
1171,99,4,5,20,289,610,289,611,2.2357
1172,58,2,4,11,120,227,120,227,1.1865
1173,63,3,5,16,241,464,241,465,1.7921
1174,98,4,5,20,229,490,229,492,2.1469
1175,46,2,4,11,142,183,142,183,1.1526
1176,71,3,5,16,210,396,210,396,1.7977
1177,91,4,5,20,263,616,263,616,2.052
1178,49,2,4,11,153,222,153,222,1.1532
1179,66,3,5,16,231,418,231,418,1.8012000000000001
1180,102,4,5,20,252,531,252,531,2.1124
1181,42,2,4,11,141,206,141,206,1.1594000000000002
1182,68,3,5,16,218,413,218,413,1.7891000000000001
1183,92,4,5,20,196,434,196,434,2.1142000000000003
1184,50,2,4,11,142,232,142,232,1.2185000000000001
1185,84,3,5,16,159,297,159,297,1.788
1186,89,4,5,20,224,558,224,558,2.0891
1187,37,2,4,11,187,284,187,284,1.0829000000000002
1188,70,3,5,16,166,322,166,322,1.7690000000000001
1189,95,4,5,20,259,563,259,563,2.1297
1190,49,2,4,11,222,336,222,336,1.3534
1191,74,3,5,16,190,417,190,417,1.8588
1192,97,4,5,20,298,641,298,643,2.2336
1193,53,2,4,11,106,138,106,138,1.1440000000000001
1194,82,3,5,16,188,347,188,347,1.9373
1195,103,4,5,20,218,478,218,478,2.1427
1196,61,2,4,11,114,200,114,200,1.1413
1197,74,3,5,16,244,456,244,456,1.8352000000000002
1198,102,4,5,20,242,542,242,542,2.1581
1199,49,2,4,11,124,215,124,215,1.1678000000000002
1200,75,3,5,16,249,448,249,449,1.8501
1201,93,4,5,20,273,620,273,620,2.2037000000000004
1202,53,2,4,11,122,168,122,168,1.1889
1203,69,3,5,16,170,287,170,287,1.7830000000000001
1204,93,4,5,20,214,405,212,411,2.0936000000000003
1205,42,2,4,11,164,239,164,239,1.1421000000000001
1206,71,3,5,16,185,363,185,363,1.7446
1207,99,4,5,20,245,569,245,576,2.1485000000000003
1208,46,2,4,11,194,302,194,302,1.1451
1209,69,3,5,16,194,336,194,336,1.7755
1210,88,4,5,20,176,367,176,367,2.1287000000000003
1211,50,2,4,11,147,207,147,207,1.111
1212,82,3,5,16,155,325,155,325,1.8688
1213,105,4,5,20,246,487,246,487,2.1687
1214,53,2,4,11,176,266,176,266,1.1679000000000002
1215,75,3,5,16,229,454,229,454,1.7856
1216,105,4,5,20,195,378,193,381,2.2126
1217,51,2,4,11,138,242,138,242,1.1834
1218,69,3,5,16,167,319,167,319,1.8219000000000003
1219,100,4,5,20,210,367,202,379,2.1071000000000004
1220,49,2,4,11,158,215,158,215,1.1738
1221,64,3,5,16,228,455,228,455,1.7705000000000002
1222,90,4,5,20,264,619,264,619,2.1306000000000003
1223,47,2,4,11,195,274,187,288,1.1562000000000001
1224,79,3,5,16,134,230,134,230,1.8206000000000002
1225,95,4,5,20,224,419,224,421,2.1811000000000003
1226,47,2,4,11,209,365,209,365,1.1458
1227,67,3,5,16,190,368,190,368,1.7917
1228,108,4,5,20,235,501,235,501,2.1632000000000002
1229,49,2,4,11,210,340,210,340,1.1486
1230,85,3,5,16,234,431,234,431,1.9201000000000001
1231,103,4,5,20,292,635,292,635,2.1485000000000003
1232,53,2,4,11,139,215,139,215,1.1779000000000002
1233,67,3,5,16,329,615,329,615,1.8023000000000002
1234,95,4,5,20,176,387,176,387,2.0427
1235,46,2,4,11,147,211,147,211,1.1231000000000002
1236,66,3,5,16,214,522,214,522,1.7534
1237,98,4,5,20,226,484,226,484,2.0966
1238,45,2,4,11,134,217,134,217,1.1151000000000002
1239,77,3,5,16,233,445,233,445,1.836
1240,107,4,5,20,246,481,246,481,2.1795
1241,36,2,4,11,142,202,142,202,1.0899
1242,67,3,5,16,222,428,222,428,1.8458
1243,107,4,5,20,225,492,225,492,2.16
1244,59,2,4,11,141,225,141,225,1.2467000000000001
1245,77,3,5,16,148,268,148,268,1.9987
1246,92,4,5,20,243,537,243,537,2.0533
1247,45,2,4,11,171,266,171,266,1.1205
1248,66,3,5,16,170,348,170,348,1.8043000000000002
1249,96,4,5,20,259,539,259,539,3.0138000000000003
1250,46,2,4,11,159,228,159,228,1.1015000000000001
1251,78,3,5,16,216,376,216,376,1.827
1252,99,4,5,20,220,394,220,394,2.2151
1253,40,2,4,11,140,166,140,166,1.1278
1254,78,3,5,16,200,349,200,349,1.8523
1255,92,4,5,20,244,597,244,601,2.1071000000000004
1256,42,2,4,11,123,162,123,162,1.0834
1257,72,3,5,16,182,303,182,303,1.8196
1258,98,4,5,20,164,304,164,304,2.1045
1259,39,2,4,11,155,251,153,252,1.1104
1260,67,3,5,16,140,255,140,255,1.7829
1261,109,4,5,20,202,407,202,407,2.2109
1262,47,2,4,11,148,203,148,203,1.1486
1263,63,3,5,16,229,456,227,460,2.0035000000000003
1264,87,4,5,20,266,553,266,553,2.1194
1265,45,2,4,11,149,197,149,197,1.1499000000000001
1266,74,3,5,16,188,370,188,370,1.8562
1267,103,4,5,20,238,480,238,480,2.1559
1268,45,2,4,11,193,289,193,289,1.6523
1269,77,3,5,16,281,534,281,534,1.8877000000000002
1270,92,4,5,20,303,646,303,646,2.1639000000000004
1271,64,2,4,11,161,283,161,283,1.2975
1272,77,3,5,16,266,473,266,473,2.1156
1273,106,4,5,20,232,480,232,480,2.1311
1274,53,2,4,11,147,227,147,227,1.1663000000000001
1275,65,3,5,16,205,365,205,365,1.7599
1276,101,4,5,20,221,543,221,543,2.1039000000000003
1277,52,2,4,11,124,166,124,166,1.122
1278,70,3,5,16,202,369,202,369,1.8189
1279,93,4,5,20,296,606,296,609,2.1263
1280,50,2,4,11,149,266,149,266,1.1559000000000001
1281,77,3,5,16,227,426,227,426,1.8419
1282,93,4,5,20,238,506,232,509,2.1931000000000003
1283,47,2,4,11,195,319,195,319,1.1489
1284,76,3,5,16,219,406,219,406,1.8889000000000002
1285,96,4,5,20,220,450,220,450,2.1322000000000005
1286,42,2,4,11,106,136,106,136,1.0929000000000002
1287,69,3,5,16,138,227,138,227,1.8027000000000002
1288,106,4,5,20,223,405,223,405,2.1203000000000003
1289,43,2,4,11,82,142,82,142,1.0559
1290,69,3,5,16,183,297,177,304,2.5212000000000003
1291,108,4,5,20,202,448,202,448,2.1786000000000003
1292,50,2,4,11,154,254,154,254,1.1703
1293,76,3,5,16,193,340,193,347,1.8515000000000001
1294,92,4,5,20,264,555,264,555,2.0848
1295,40,2,4,11,202,317,202,317,1.068
1296,75,3,5,16,171,294,171,294,1.752
1297,91,4,5,20,255,530,253,533,2.1466000000000003
1298,49,2,4,11,188,237,188,237,1.1304
1299,72,3,5,16,227,424,227,424,1.8258
1300,100,4,5,20,224,433,224,433,2.1027000000000005
1301,47,2,4,11,128,250,128,250,1.1146
1302,71,3,5,16,298,573,298,573,1.8151000000000002
1303,81,4,5,20,261,507,261,507,1.9975
1304,43,2,4,11,195,307,195,307,1.1061
1305,71,3,5,16,191,367,183,371,1.7726
1306,99,4,5,20,238,533,236,533,2.1034
1307,41,2,4,11,158,190,158,190,1.9176000000000002
1308,81,3,5,16,236,433,236,433,1.8523
1309,102,4,5,20,230,460,228,465,3.1983
1310,49,2,4,11,141,218,141,218,1.1631
1311,78,3,5,16,208,407,208,408,1.8517000000000001
1312,98,4,5,20,333,679,333,679,2.2077
1313,48,2,4,11,140,245,140,245,1.1512
1314,76,3,5,16,252,486,252,486,1.8860000000000001
1315,93,4,5,20,164,379,162,382,2.0627000000000004
1316,54,2,4,11,129,210,129,210,1.3078
1317,79,3,5,16,160,252,160,252,1.8105
1318,92,4,5,20,213,419,213,419,2.0753
1319,48,2,4,11,163,245,163,245,1.1031000000000002
1320,76,3,5,16,222,458,222,458,1.8494000000000002
1321,83,4,5,20,222,443,222,443,2.0727
1322,48,2,4,11,175,283,175,283,1.1221
1323,66,3,5,16,235,384,235,384,1.7494
1324,94,4,5,20,225,518,225,518,2.3977
1325,45,2,4,11,157,203,154,215,1.1776
1326,81,3,5,16,104,185,104,185,1.8429000000000002
1327,97,4,5,20,316,795,316,796,2.1165000000000003
1328,43,2,4,11,171,274,169,275,1.1887
1329,74,3,5,16,158,273,158,273,2.1891000000000003
1330,102,4,5,20,333,628,333,628,3.2235
1331,53,2,4,11,86,121,86,121,1.1461000000000001
1332,61,3,5,16,186,362,186,362,2.6076
1333,109,4,5,20,236,502,236,502,2.2019
1334,44,2,4,11,151,203,151,203,1.1091
1335,78,3,5,16,203,443,203,443,1.8433000000000002
1336,108,4,5,20,186,379,186,379,2.1398
1337,48,2,4,11,122,160,122,160,1.1722
1338,72,3,5,16,188,326,188,326,1.7832000000000001
1339,115,4,5,20,210,439,210,439,2.208
1340,57,2,4,11,157,276,157,276,1.1993000000000003
1341,67,3,5,16,180,357,180,357,1.771
1342,94,4,5,20,281,592,281,592,2.1072
1343,47,2,4,11,121,229,121,229,1.0829000000000002
1344,76,3,5,16,178,350,178,350,1.8334000000000001
1345,107,4,5,20,150,326,150,326,2.085
1346,52,2,4,11,180,299,180,299,1.1534000000000002
1347,67,3,5,16,215,465,215,465,1.7658
1348,90,4,5,20,246,533,246,533,2.0593
1349,39,2,4,11,175,282,175,282,1.0741
1350,71,3,5,16,154,300,154,300,1.7512
1351,86,4,5,20,191,396,191,396,2.0026
1352,43,2,4,11,124,198,124,198,1.1449
1353,68,3,5,16,177,380,177,380,1.8129000000000002
1354,87,4,5,20,327,747,327,747,2.0947
1355,55,2,4,11,202,314,202,314,1.1545
1356,67,3,5,16,179,373,179,373,1.7406000000000001
1357,100,4,5,20,215,417,215,417,2.181
1358,42,2,4,11,169,237,169,237,1.1151000000000002
1359,81,3,5,16,207,441,207,446,1.8944
1360,90,4,5,20,184,379,183,379,2.0718
1361,52,2,4,11,156,196,156,196,1.1872
1362,85,3,5,16,160,321,160,321,1.8707
1363,94,4,5,20,295,590,295,590,2.0669
1364,55,2,4,11,167,257,167,257,1.1853
1365,83,3,5,16,145,252,142,256,1.996
1366,96,4,5,20,234,551,234,551,2.0717000000000003
1367,48,2,4,11,181,277,181,277,1.1527
1368,87,3,5,16,164,228,164,228,1.8354000000000001
1369,104,4,5,20,247,492,247,492,2.5745
1370,48,2,4,11,116,147,116,147,1.1169
1371,70,3,5,16,184,344,184,344,1.8385
1372,90,4,5,20,248,413,246,417,2.1095
1373,46,2,4,11,115,165,115,165,1.1196000000000002
1374,72,3,5,16,258,556,258,556,1.7351
1375,91,4,5,20,331,677,331,677,2.0644
1376,43,2,4,11,165,256,165,256,1.1406
1377,76,3,5,16,168,335,168,335,1.8756000000000002
1378,88,4,5,20,236,518,236,518,2.0403000000000002
1379,37,2,4,11,142,185,138,188,1.0975000000000001
1380,81,3,5,16,244,450,244,450,1.8664
1381,99,4,5,20,187,452,187,452,2.0541
1382,51,2,4,11,151,210,151,210,1.1613
1383,77,3,5,16,248,443,248,443,1.7824000000000002
1384,102,4,5,20,242,462,242,462,2.1538
1385,49,2,4,11,228,358,228,358,1.1546
1386,76,3,5,16,169,363,169,363,1.8164000000000002
1387,92,4,5,20,236,591,236,591,2.0657
1388,40,2,4,11,191,289,191,289,1.1292000000000002
1389,80,3,5,16,214,412,214,412,1.8489000000000002
1390,107,4,5,20,221,409,221,409,2.1816
1391,49,2,4,11,164,280,164,280,1.0908
1392,74,3,5,16,147,225,147,225,1.8031000000000001
1393,101,4,5,20,220,470,220,470,2.1962
1394,48,2,4,11,166,276,166,276,1.1414000000000002
1395,72,3,5,16,180,334,180,334,1.786
1396,89,4,5,20,226,411,226,411,2.0522
1397,52,2,4,11,180,272,180,272,1.1714000000000002
1398,79,3,5,16,227,404,222,407,2.6952
1399,90,4,5,20,294,606,294,606,2.0984000000000003
1400,41,2,4,11,164,228,164,228,1.1226
1401,68,3,5,16,178,316,178,316,1.8607
1402,87,4,5,20,242,526,242,526,2.0665
1403,46,2,4,11,154,208,154,208,1.1022
1404,67,3,5,16,141,259,141,259,1.7474
1405,96,4,5,20,188,415,188,415,2.0979
1406,47,2,4,11,96,163,96,163,1.1156
1407,62,3,5,16,246,410,246,410,1.8079
1408,97,4,5,20,220,470,220,470,2.1932
1409,50,2,4,11,182,305,182,305,1.1524
1410,78,3,5,16,234,432,234,432,2.8095000000000003
1411,112,4,5,20,206,457,206,457,2.1954000000000002
1412,45,2,4,11,118,201,118,201,1.1363
1413,73,3,5,16,203,437,203,439,1.8818000000000001
1414,102,4,5,20,192,391,192,391,2.1146000000000003
1415,49,2,4,11,202,310,202,310,1.1311000000000002
1416,69,3,5,16,150,251,150,251,1.8606
1417,98,4,5,20,202,391,202,391,2.1055
1418,52,2,4,11,150,194,150,194,1.1258000000000001
1419,75,3,5,16,194,388,192,392,1.8701
1420,100,4,5,20,146,257,146,257,2.0169
1421,45,2,4,11,155,242,155,242,1.1025
1422,67,3,5,16,200,389,200,389,1.7685000000000002
1423,106,4,5,20,254,524,254,524,2.0888
1424,46,2,4,11,157,226,157,226,1.1297
1425,80,3,5,16,218,328,210,366,1.9041000000000001
1426,96,4,5,20,164,306,164,306,2.1645000000000003
1427,50,2,4,11,74,121,74,121,1.0739
1428,75,3,5,16,209,410,207,411,1.8723
1429,100,4,5,20,196,417,196,417,2.2177
1430,49,2,4,11,109,175,109,175,1.1185
1431,84,3,5,16,175,350,175,350,1.8262
1432,109,4,5,20,232,493,232,495,2.2183
1433,50,2,4,11,192,339,192,339,1.2123000000000002
1434,78,3,5,16,208,351,208,351,1.8558000000000001
1435,112,4,5,20,299,655,299,658,2.2338
1436,45,2,4,11,160,254,158,255,1.1472000000000002
1437,64,3,5,16,175,353,175,353,1.7257000000000002
1438,101,4,5,20,220,427,217,430,2.1645000000000003
1439,45,2,4,11,159,269,159,269,1.1446000000000003
1440,80,3,5,16,243,445,243,446,1.9791
1441,102,4,5,20,239,503,239,504,2.2184
1442,47,2,4,11,149,244,149,244,1.127
1443,83,3,5,16,158,240,158,240,1.8423
1444,97,4,5,20,252,518,252,524,2.0661
1445,43,2,4,11,152,187,152,187,1.1804000000000001
1446,81,3,5,16,172,335,172,335,1.9031
1447,94,4,5,20,215,379,215,379,2.105
1448,49,2,4,11,122,203,122,203,1.2057
1449,77,3,5,16,251,458,251,458,1.8718000000000001
1450,92,4,5,20,233,470,231,470,2.1017
1451,46,2,4,11,185,260,185,260,1.1212000000000002
1452,79,3,5,16,190,368,190,368,1.9541000000000004
1453,102,4,5,20,218,447,218,448,2.1782
1454,49,2,4,11,153,201,153,201,1.1280000000000001
1455,74,3,5,16,206,376,206,376,1.8812000000000002
1456,107,4,5,20,184,392,184,392,2.0478
1457,40,2,4,11,176,255,176,255,1.1218000000000001
1458,62,3,5,16,231,441,231,441,1.7455
1459,85,4,5,20,288,654,288,654,2.1178
1460,43,2,4,11,227,367,227,367,1.1554
1461,74,3,5,16,180,345,180,345,1.8198
1462,97,4,5,20,240,528,240,528,2.2501
1463,45,2,4,11,172,258,172,258,1.1732
1464,73,3,5,16,160,250,160,250,1.8087000000000002
1465,106,4,5,20,220,420,220,420,2.0814000000000004
1466,47,2,4,11,114,157,114,157,1.1392000000000002
1467,69,3,5,16,213,404,213,404,1.8023000000000002
1468,92,4,5,20,214,469,211,486,2.0029000000000003
1469,45,2,4,11,158,211,158,211,1.1269
1470,74,3,5,16,222,381,222,381,1.8595000000000002
1471,95,4,5,20,247,483,247,506,2.0687
1472,46,2,4,11,184,299,184,299,1.1187
1473,76,3,5,16,185,357,185,357,1.7829
1474,99,4,5,20,194,352,194,352,2.0702000000000003
1475,48,2,4,11,205,331,205,331,1.1621000000000001
1476,85,3,5,16,201,378,201,378,1.8722
1477,93,4,5,20,216,468,216,468,2.0833000000000004
1478,50,2,4,11,128,144,128,144,1.2276
1479,64,3,5,16,168,295,168,295,1.812
1480,90,4,5,20,246,512,246,512,2.1653000000000002
1481,50,2,4,11,169,287,169,287,1.1892
1482,81,3,5,16,194,324,194,324,1.8897
1483,95,4,5,20,251,499,251,499,2.1157000000000004
1484,46,2,4,11,162,259,162,259,1.1689
1485,66,3,5,16,259,534,259,534,1.7788000000000002
1486,93,4,5,20,262,552,262,552,2.084
1487,48,2,4,11,140,156,140,156,1.1434000000000002
1488,55,3,5,16,257,428,257,428,1.6985000000000001
1489,111,4,5,20,241,489,239,491,2.2096
1490,47,2,4,11,189,292,189,292,1.309
1491,72,3,5,16,168,394,166,395,1.8801000000000003
1492,96,4,5,20,244,529,244,529,2.169
1493,48,2,4,11,198,334,198,334,1.1666
1494,69,3,5,16,162,310,162,318,1.7924000000000002
1495,108,4,5,20,259,528,259,530,2.1529000000000003
1496,45,2,4,11,148,250,148,250,1.1488000000000003
1497,80,3,5,16,176,369,170,373,1.9317000000000002
1498,88,4,5,20,263,588,263,588,2.0878000000000005
1499,50,2,4,11,144,206,144,206,1.1458
1500,69,3,5,16,176,311,176,311,2.5805000000000002
1501,104,4,5,20,250,465,250,465,2.1806
1502,47,2,4,11,140,261,140,261,1.1392000000000002
1503,65,3,5,16,217,403,217,403,1.7938
1504,109,4,5,20,267,531,267,531,2.2590000000000003
1505,48,2,4,11,148,220,148,220,1.2077000000000002
1506,65,3,5,16,206,385,206,385,1.7664000000000002
1507,93,4,5,20,219,417,219,417,2.1185
1508,53,2,4,11,134,234,134,234,1.1577
1509,57,3,5,16,150,273,148,273,1.7193000000000003
1510,96,4,5,20,172,356,172,356,2.0968000000000004
1511,45,2,4,11,156,195,156,195,1.1508
1512,80,3,5,16,166,311,166,311,2.1221
1513,103,4,5,20,272,541,272,541,2.2513000000000005
1514,49,2,4,11,197,278,197,278,1.1530000000000002
1515,53,3,5,16,196,314,196,314,1.6777
1516,92,4,5,20,297,760,295,761,2.3816
1517,47,2,4,11,108,170,108,170,1.1167
1518,60,3,5,16,250,513,250,513,1.8412000000000002
1519,98,4,5,20,209,419,209,419,2.1141
1520,47,2,4,11,140,200,140,200,1.1867
1521,69,3,5,16,196,355,196,356,1.8529000000000002
1522,89,4,5,20,273,534,273,534,2.0788
1523,45,2,4,11,174,314,174,314,1.1282
1524,70,3,5,16,199,413,199,413,2.6518
1525,87,4,5,20,194,370,194,370,2.0843000000000003
1526,49,2,4,11,105,157,105,157,1.1425
1527,78,3,5,16,237,415,237,415,1.8966
1528,85,4,5,20,241,553,241,553,2.0357000000000003
1529,48,2,4,11,157,243,157,243,1.1048
1530,83,3,5,16,250,405,250,405,1.9217000000000002
1531,104,4,5,20,260,558,258,559,2.1661
1532,49,2,4,11,163,265,163,265,1.1714000000000002
1533,70,3,5,16,194,414,194,414,1.7745
1534,93,4,5,20,202,385,202,385,2.0772
1535,48,2,4,11,120,171,120,171,1.1272
1536,73,3,5,16,140,256,140,257,1.771
1537,90,4,5,20,172,339,172,341,2.0946000000000002
1538,52,2,4,11,121,203,121,203,1.1573
1539,65,3,5,16,233,479,233,479,2.5004000000000004
1540,101,4,5,20,188,355,188,355,2.1601000000000004
1541,49,2,4,11,86,119,86,119,1.1693
1542,75,3,5,16,178,323,178,323,1.7921
1543,93,4,5,20,202,434,202,434,2.0752
1544,55,2,4,11,202,348,202,348,1.1344
1545,62,3,5,16,239,463,239,465,1.8125
1546,112,4,5,20,269,549,267,555,2.1910000000000003
1547,51,2,4,11,165,302,165,302,1.2046000000000001
1548,70,3,5,16,252,456,252,456,1.7493
1549,95,4,5,20,293,615,293,615,2.1382000000000003
1550,54,2,4,11,158,268,158,268,1.1316
1551,65,3,5,16,187,369,187,369,1.8534000000000002
1552,114,4,5,20,221,443,221,443,2.255
1553,51,2,4,11,122,151,122,151,1.1272
1554,77,3,5,16,184,363,184,363,1.8282
1555,89,4,5,20,199,357,199,357,2.0821
1556,38,2,4,11,179,284,179,284,1.0486
1557,74,3,5,16,224,413,224,413,1.8088000000000002
1558,90,4,5,20,208,442,206,446,2.0756
1559,55,2,4,11,167,243,167,243,1.2252
1560,75,3,5,16,218,383,218,389,1.8190000000000002
1561,101,4,5,20,223,443,223,443,2.2047
1562,47,2,4,11,122,146,122,146,1.1155000000000002
1563,74,3,5,16,213,400,213,400,1.8169000000000002
1564,102,4,5,20,244,524,244,524,2.0968000000000004
1565,44,2,4,11,150,260,150,260,1.1654
1566,74,3,5,16,196,342,196,342,1.8092000000000001
1567,91,4,5,20,229,425,229,426,2.0581
1568,57,2,4,11,120,196,120,196,1.332
1569,81,3,5,16,270,495,268,498,2.1738
1570,87,4,5,20,249,511,249,511,2.1002
1571,46,2,4,11,162,265,162,265,1.1559000000000001
1572,77,3,5,16,224,411,224,418,1.8692000000000002
1573,102,4,5,20,241,450,239,454,2.1628000000000003
1574,55,2,4,11,171,321,171,321,1.1714000000000002
1575,74,3,5,16,214,375,210,377,1.8891
1576,101,4,5,20,282,591,282,591,2.1905
1577,48,2,4,11,210,332,210,332,1.204
1578,70,3,5,16,122,180,122,180,1.8509000000000002
1579,102,4,5,20,235,495,235,495,2.1819
1580,50,2,4,11,122,189,122,189,1.1217
1581,79,3,5,16,239,486,239,486,1.8655000000000002
1582,98,4,5,20,286,603,286,611,2.1818000000000004
1583,38,2,4,11,203,303,203,303,1.1239000000000001
1584,81,3,5,16,164,347,164,347,1.8385
1585,103,4,5,20,166,298,166,298,2.1531000000000002
1586,48,2,4,11,169,273,169,273,1.1831
1587,64,3,5,16,212,437,212,437,1.7043000000000001
1588,101,4,5,20,222,476,222,476,2.1759
1589,47,2,4,11,143,236,143,236,1.1276000000000002
1590,74,3,5,16,209,443,209,443,1.8617000000000001
1591,95,4,5,20,233,441,233,442,2.1609000000000003
1592,54,2,4,11,144,227,144,227,1.1471
1593,72,3,5,16,195,398,195,398,1.8277
1594,95,4,5,20,308,631,308,636,2.1866000000000003
1595,46,2,4,11,169,288,169,288,1.1409
1596,69,3,5,16,170,287,168,288,1.7786000000000002
1597,92,4,5,20,279,592,279,592,2.1136000000000004
1598,53,2,4,11,148,191,148,191,1.1856
1599,80,3,5,16,170,286,170,286,1.8616000000000001
1600,93,4,5,20,253,472,251,474,2.1598
1601,43,2,4,11,147,254,147,254,1.1145
1602,71,3,5,16,243,502,243,502,1.7894
1603,103,4,5,20,281,610,279,611,2.1883000000000004
1604,39,2,4,11,202,331,202,331,1.0659
1605,68,3,5,16,216,422,216,422,1.7635
1606,105,4,5,20,230,489,230,492,2.1432
1607,46,2,4,11,185,344,185,344,1.1424
1608,65,3,5,16,154,264,154,264,1.7740000000000002
1609,93,4,5,20,213,447,213,447,2.0751000000000004
1610,52,2,4,11,147,279,147,279,1.1676
1611,75,3,5,16,226,411,226,411,1.8342
1612,95,4,5,20,278,622,278,622,2.1095
1613,46,2,4,11,134,169,134,169,1.1312000000000002
1614,68,3,5,16,178,336,178,336,2.0406
1615,106,4,5,20,248,529,248,529,2.398
1616,50,2,4,11,170,248,170,248,1.1214
1617,71,3,5,16,180,336,180,336,1.8395000000000001
1618,97,4,5,20,244,491,244,494,2.6098000000000003
1619,50,2,4,11,102,185,102,185,1.2177000000000002
1620,67,3,5,16,200,368,200,369,1.8209000000000002
1621,119,4,5,20,207,437,207,439,2.1802
1622,50,2,4,11,127,169,127,169,1.1639000000000002
1623,75,3,5,16,237,466,237,466,2.1466000000000003
1624,99,4,5,20,237,498,237,498,2.1452000000000004
1625,56,2,4,11,153,238,153,238,1.1805
1626,59,3,5,16,193,409,193,409,1.8127000000000002
1627,102,4,5,20,234,527,234,527,2.1016000000000004
1628,30,2,4,11,172,275,172,275,1.1014
1629,78,3,5,16,198,350,198,350,1.8567000000000002
1630,89,4,5,20,203,469,203,469,2.1295
1631,48,2,4,11,143,229,143,229,1.1645
1632,71,3,5,16,220,439,220,439,1.8358
1633,106,4,5,20,190,404,190,404,2.14
1634,47,2,4,11,177,287,177,287,1.157
1635,76,3,5,16,192,374,192,374,1.7713
1636,97,4,5,20,276,565,276,566,2.1914000000000002
1637,42,2,4,11,145,258,145,258,1.1574
1638,74,3,5,16,249,516,249,516,1.7884000000000002
1639,87,4,5,20,315,687,315,687,2.0833000000000004
1640,48,2,4,11,151,231,151,231,1.1753
1641,72,3,5,16,166,238,165,241,1.8544000000000003
1642,93,4,5,20,142,344,142,344,2.1282
1643,45,2,4,11,161,262,161,262,1.3052000000000001
1644,75,3,5,16,206,391,206,391,1.8265000000000002
1645,111,4,5,20,276,494,276,494,2.225
1646,43,2,4,11,213,354,213,354,1.1396000000000002
1647,82,3,5,16,196,343,196,343,1.85
1648,81,4,5,20,257,576,257,576,2.0897
1649,57,2,4,11,108,161,108,161,1.2077000000000002
1650,74,3,5,16,243,509,243,509,1.9021000000000001
1651,93,4,5,20,274,595,274,596,2.088
1652,48,2,4,11,157,238,157,238,1.1421000000000001
1653,65,3,5,16,197,329,197,329,1.8050000000000002
1654,103,4,5,20,203,393,203,393,2.1453
1655,48,2,4,11,201,340,201,340,1.1260000000000001
1656,67,3,5,16,215,403,215,403,1.8550000000000002
1657,98,4,5,20,212,451,212,451,2.1475999999999997
1658,48,2,4,11,143,210,143,210,1.1419000000000001
1659,67,3,5,16,176,322,176,322,1.8257
1660,101,4,5,20,206,449,206,450,2.1653000000000002
1661,57,2,4,11,137,236,137,236,1.1892
1662,82,3,5,16,182,351,182,351,1.8384
1663,79,4,5,20,277,598,269,601,2.0475000000000003
1664,48,2,4,11,124,145,124,145,1.1186
1665,77,3,5,16,231,467,231,467,1.7788000000000002
1666,101,4,5,20,264,604,264,604,2.1615
1667,40,2,4,11,207,372,207,372,1.1029
1668,78,3,5,16,199,354,199,354,1.8581
1669,102,4,5,20,241,489,241,489,3.408
1670,51,2,4,11,104,126,104,126,1.1213
1671,82,3,5,16,190,310,190,310,1.8447
1672,81,4,5,20,314,693,312,696,2.0191000000000003
1673,50,2,4,11,131,227,131,227,1.1451
1674,82,3,5,16,199,353,199,353,1.8714
1675,88,4,5,20,236,449,236,449,2.0379
1676,50,2,4,11,116,202,116,202,1.1351
1677,66,3,5,16,252,479,252,485,1.8337
1678,90,4,5,20,283,541,283,541,2.1528000000000005
1679,42,2,4,11,165,221,165,221,1.1288
1680,81,3,5,16,155,263,155,263,1.8238000000000003
1681,103,4,5,20,214,431,214,431,2.1625
1682,36,2,4,11,125,195,125,195,1.0907
1683,71,3,5,16,194,359,194,359,1.8095
1684,96,4,5,20,195,362,195,362,2.0824000000000003
1685,58,2,4,11,150,205,150,205,1.2458
1686,75,3,5,16,202,382,202,382,1.8349000000000002
1687,95,4,5,20,231,500,231,500,2.1502000000000003
1688,50,2,4,11,136,188,136,188,1.1615
1689,73,3,5,16,156,308,156,308,1.8497000000000001
1690,105,4,5,20,230,506,230,506,2.2711
1691,50,2,4,11,107,210,107,210,1.1073000000000002
1692,75,3,5,16,142,257,142,257,1.7650000000000001
1693,100,4,5,20,241,495,240,497,2.2043000000000004
1694,56,2,4,11,158,290,158,290,1.1856
1695,79,3,5,16,222,406,222,414,1.8881000000000001
1696,87,4,5,20,238,512,238,512,2.1555000000000004
1697,49,2,4,11,173,281,173,281,1.1748
1698,60,3,5,16,269,520,269,520,1.7961
1699,92,4,5,20,188,404,188,404,2.134
1700,45,2,4,11,107,131,107,131,1.1382
1701,56,3,5,16,232,379,232,379,1.7533
1702,94,4,5,20,226,453,226,453,2.0635000000000003
1703,53,2,4,11,119,178,119,178,1.2065000000000001
1704,71,3,5,16,235,420,235,420,1.8117
1705,99,4,5,20,260,583,260,588,2.1252000000000004
1706,51,2,4,11,149,220,149,220,1.1376000000000002
1707,72,3,5,16,232,453,232,453,1.7924000000000002
1708,102,4,5,20,303,683,303,683,2.109
1709,47,2,4,11,127,188,127,188,1.1458
1710,76,3,5,16,228,380,228,381,1.8004000000000002
1711,91,4,5,20,218,436,218,436,2.072
1712,44,2,4,11,149,252,149,252,1.1088
1713,72,3,5,16,207,399,207,399,1.8538000000000001
1714,106,4,5,20,208,360,208,360,2.0769
1715,48,2,4,11,156,233,156,233,1.1652000000000002
1716,65,3,5,16,166,400,166,400,1.8274000000000001
1717,104,4,5,20,227,504,227,506,2.1406000000000005
1718,49,2,4,11,112,160,112,160,1.1248
1719,65,3,5,16,203,380,203,380,1.7739
1720,107,4,5,20,214,422,214,422,2.1141
1721,57,2,4,11,134,213,134,213,1.1728
1722,67,3,5,16,210,405,210,405,1.8104000000000002
1723,106,4,5,20,320,674,320,682,2.1927000000000003
1724,47,2,4,11,160,313,159,316,1.1514000000000002
1725,77,3,5,16,173,312,173,312,1.7916
1726,99,4,5,20,244,497,244,497,2.1561000000000003
1727,49,2,4,11,117,189,117,189,1.1818
1728,84,3,5,16,200,322,198,383,1.8575000000000002
1729,102,4,5,20,261,545,261,545,3.1068000000000002
1730,50,2,4,11,158,224,158,224,1.1496
1731,70,3,5,16,214,346,214,346,1.7731000000000001
1732,90,4,5,20,238,467,238,467,2.0799
1733,57,2,4,11,169,269,169,269,1.1785
1734,75,3,5,16,204,382,204,382,1.8403
1735,95,4,5,20,265,550,265,551,2.1710000000000003
1736,45,2,4,11,173,266,173,266,1.111
1737,75,3,5,16,158,308,158,308,1.8045000000000002
1738,110,4,5,20,210,383,210,383,2.1678
1739,61,2,4,11,166,266,166,266,1.1595000000000002
1740,80,3,5,16,160,280,160,280,1.8161000000000003
1741,88,4,5,20,256,509,249,512,2.0900000000000003
1742,40,2,4,11,158,207,158,207,1.1306
1743,72,3,5,16,172,315,172,315,1.8108000000000002
1744,95,4,5,20,251,510,249,518,2.0756
1745,54,2,4,11,149,233,149,233,1.2126000000000001
1746,74,3,5,16,197,413,197,413,1.8174000000000001
1747,98,4,5,20,198,412,198,412,2.0638
1748,44,2,4,11,97,170,97,170,1.1117
1749,71,3,5,16,171,382,171,382,1.8490000000000002
1750,97,4,5,20,179,380,179,380,3.0878000000000005
1751,44,2,4,11,165,264,165,264,1.149
1752,68,3,5,16,187,350,187,350,1.7705000000000002
1753,98,4,5,20,233,509,233,509,2.1311
1754,51,2,4,11,171,255,171,255,1.1588
1755,75,3,5,16,228,451,228,451,1.8176
1756,96,4,5,20,284,571,284,571,2.0974
1757,43,2,4,11,119,169,119,169,1.0906000000000002
1758,78,3,5,16,138,342,138,342,1.8775
1759,96,4,5,20,253,488,253,488,2.1515000000000004
1760,52,2,4,11,125,229,125,229,1.1591000000000002
1761,70,3,5,16,213,415,213,415,1.7745
1762,84,4,5,20,214,385,214,385,2.0268
1763,45,2,4,11,183,289,183,289,1.1002
1764,72,3,5,16,197,367,197,367,1.7894
1765,98,4,5,20,217,468,217,468,2.0985
1766,41,2,4,11,143,252,143,252,1.1139999999999999
1767,75,3,5,16,184,339,184,339,1.8746
1768,101,4,5,20,299,646,299,646,2.2414
1769,42,2,4,11,193,287,191,288,1.1251
1770,66,3,5,16,221,461,221,461,2.0241000000000002
1771,94,4,5,20,243,624,243,624,2.1203000000000003
1772,46,2,4,11,151,240,151,240,1.1017000000000001
1773,73,3,5,16,151,292,151,292,1.7713
1774,93,4,5,20,248,461,248,461,2.0943000000000005
1775,52,2,4,11,102,172,102,172,1.1285
1776,68,3,5,16,192,345,192,345,1.8035
1777,88,4,5,20,228,514,228,514,2.0483000000000002
1778,58,2,4,11,98,136,98,136,1.1751
1779,64,3,5,16,222,405,222,405,1.84
1780,106,4,5,20,214,466,214,466,2.1118
1781,50,2,4,11,100,128,100,128,1.1532
1782,52,3,5,16,277,532,277,532,1.6789
1783,103,4,5,20,238,422,238,422,2.1369000000000002
1784,53,2,4,11,147,205,147,205,1.211
1785,69,3,5,16,167,349,167,349,1.7440000000000002
1786,96,4,5,20,252,560,252,560,2.1445000000000003
1787,38,2,4,11,180,280,180,280,1.1122
1788,66,3,5,16,297,547,295,549,1.8311000000000002
1789,109,4,5,20,232,459,232,459,2.1613
1790,48,2,4,11,148,181,148,181,1.1188
1791,80,3,5,16,263,489,263,489,1.9356000000000002
1792,104,4,5,20,211,423,211,423,2.1088999999999998
1793,45,2,4,11,188,266,188,266,1.1225
1794,71,3,5,16,191,371,191,371,1.848
1795,104,4,5,20,174,412,174,416,2.1842
1796,45,2,4,11,124,166,117,171,1.1445
1797,82,3,5,16,226,357,224,373,2.7635000000000005
1798,98,4,5,20,223,511,213,512,2.1688
1799,46,2,4,11,168,205,168,205,1.1466
1800,63,3,5,16,212,327,212,327,1.7608000000000001
1801,101,4,5,20,210,435,210,435,2.0683
1802,57,2,4,11,141,226,141,226,1.2229
1803,85,3,5,16,195,346,195,346,1.842
1804,95,4,5,20,212,464,212,467,2.1416
1805,44,2,4,11,106,182,106,182,1.1116000000000001
1806,75,3,5,16,170,330,170,332,2.4496
1807,111,4,5,20,208,419,208,419,2.1428000000000003
1808,44,2,4,11,124,149,124,149,1.1505
1809,70,3,5,16,228,399,228,399,1.836
1810,95,4,5,20,216,460,216,461,2.0526000000000004
1811,53,2,4,11,128,170,128,170,1.1992
1812,77,3,5,16,176,329,176,329,1.7972000000000001
1813,85,4,5,20,236,521,236,521,2.0601
1814,56,2,4,11,147,190,147,190,1.1329
1815,71,3,5,16,208,403,208,403,1.8027000000000002
1816,92,4,5,20,309,718,305,721,2.1755000000000004
1817,45,2,4,11,223,338,223,338,1.1386
1818,73,3,5,16,232,442,232,442,1.8615000000000002
1819,99,4,5,20,204,421,204,421,2.1265
1820,45,2,4,11,139,199,139,199,1.1424
1821,61,3,5,16,240,473,240,473,1.7840000000000003
1822,84,4,5,20,224,468,221,468,2.0854000000000004
1823,47,2,4,11,196,294,196,294,1.1872
1824,55,3,5,16,170,308,170,308,1.8062000000000002
1825,105,4,5,20,316,717,314,718,2.1453
1826,51,2,4,11,147,209,147,209,1.1511000000000002
1827,67,3,5,16,224,502,224,502,1.7587000000000002
1828,109,4,5,20,210,455,210,455,2.1130000000000004
1829,49,2,4,11,114,155,114,155,1.1407
1830,67,3,5,16,198,419,196,419,1.7912000000000001
1831,95,4,5,20,281,648,281,648,2.0977
1832,35,2,4,11,115,164,115,164,1.0909000000000002
1833,73,3,5,16,187,288,187,288,1.8061000000000003
1834,92,4,5,20,186,407,186,409,2.1771
1835,48,2,4,11,215,328,215,328,1.1327000000000003
1836,78,3,5,16,154,305,154,307,2.8712
1837,87,4,5,20,243,532,243,534,3.4693
1838,54,2,4,11,168,262,168,262,1.2577
1839,64,3,5,16,242,469,242,469,1.8194000000000001
1840,90,4,5,20,241,502,241,502,2.1211
1841,42,2,4,11,194,371,194,371,1.0969
1842,62,3,5,16,218,332,218,332,1.7879
1843,92,4,5,20,216,448,216,448,2.1015
1844,42,2,4,11,155,274,155,274,1.1529
1845,69,3,5,16,196,413,196,413,1.7523
1846,106,4,5,20,248,455,246,456,2.1999000000000004
1847,46,2,4,11,170,229,170,229,1.1757
1848,78,3,5,16,234,459,234,459,1.7972000000000001
1849,94,4,5,20,233,477,233,477,2.1528000000000005
1850,53,2,4,11,193,336,193,336,1.1487
1851,68,3,5,16,214,391,214,397,1.8366
1852,96,4,5,20,285,614,285,615,2.1504000000000003
1853,44,2,4,11,131,188,131,188,1.3743
1854,70,3,5,16,146,227,146,227,1.8855
1855,97,4,5,20,292,661,292,667,2.119
1856,51,2,4,11,137,216,137,216,1.1640000000000001
1857,64,3,5,16,258,530,258,530,1.7593
1858,111,4,5,20,243,489,243,489,2.1428000000000003
1859,43,2,4,11,171,289,171,289,1.0615
1860,79,3,5,16,182,351,182,351,1.8799000000000001
1861,110,4,5,20,217,398,217,398,2.1056
1862,43,2,4,11,169,295,169,295,1.1031000000000002
1863,70,3,5,16,144,289,144,289,1.7928000000000002
1864,89,4,5,20,260,540,260,540,2.1
1865,45,2,4,11,201,371,201,371,1.1255
1866,73,3,5,16,243,493,243,493,1.8014000000000001
1867,94,4,5,20,244,517,244,517,2.1401000000000003
1868,46,2,4,11,138,179,138,179,1.1216000000000002
1869,72,3,5,16,213,466,213,466,1.8914000000000002
1870,100,4,5,20,228,475,226,476,2.6628000000000003
1871,46,2,4,11,108,165,108,165,1.0916000000000001
1872,62,3,5,16,284,507,284,507,1.7565
1873,82,4,5,20,316,717,316,721,2.1338
1874,48,2,4,11,134,208,134,208,1.1713
1875,61,3,5,16,179,309,179,309,1.7852000000000001
1876,107,4,5,20,256,572,256,572,2.3733
1877,51,2,4,11,168,197,168,197,1.1832
1878,76,3,5,16,196,357,196,357,1.8061000000000003
1879,99,4,5,20,198,370,198,370,2.1304000000000003
1880,43,2,4,11,149,258,149,258,1.1016000000000001
1881,83,3,5,16,239,450,238,450,1.8213000000000001
1882,88,4,5,20,235,464,235,464,2.1044
1883,46,2,4,11,151,292,151,292,1.1311000000000002
1884,72,3,5,16,239,448,239,448,2.3419
1885,88,4,5,20,238,492,238,492,2.0841000000000003
1886,44,2,4,11,163,270,163,270,1.1566
1887,74,3,5,16,212,505,212,505,1.7750000000000001
1888,92,4,5,20,241,533,241,533,2.0847
1889,49,2,4,11,154,272,154,272,1.1269
1890,64,3,5,16,202,374,202,374,1.7776
1891,115,4,5,20,282,521,280,529,2.1547
1892,41,2,4,11,193,326,193,326,1.0944
1893,64,3,5,16,156,297,156,297,1.8309000000000002
1894,111,4,5,20,210,405,210,405,2.2311
1895,49,2,4,11,150,304,150,304,1.1248
1896,76,3,5,16,188,369,188,369,1.8179
1897,91,4,5,20,276,527,276,527,2.0820000000000003
1898,45,2,4,11,142,208,142,208,1.1540000000000001
1899,88,3,5,16,198,338,198,338,1.8879000000000001
1900,78,4,5,20,205,426,205,426,2.0273000000000003
1901,52,2,4,11,105,171,105,171,1.1136
1902,65,3,5,16,134,248,134,248,1.8066000000000002
1903,105,4,5,20,183,347,183,347,2.1302
1904,51,2,4,11,114,152,114,152,1.1419000000000001
1905,70,3,5,16,290,578,290,578,1.9331
1906,93,4,5,20,265,562,265,562,2.0757000000000003
1907,47,2,4,11,167,281,167,281,1.1212000000000002
1908,68,3,5,16,265,511,263,520,1.7985000000000002
1909,81,4,5,20,235,478,235,487,2.1413
1910,45,2,4,11,127,238,127,238,1.1611
1911,70,3,5,16,240,499,240,499,1.7895
1912,101,4,5,20,186,385,186,385,2.1069999999999998
1913,53,2,4,11,150,176,150,176,1.1635
1914,69,3,5,16,159,275,159,275,1.8227
1915,104,4,5,20,260,515,260,515,2.1121
1916,54,2,4,11,120,137,114,139,1.7003000000000001
1917,71,3,5,16,214,335,214,335,1.8201
1918,93,4,5,20,198,359,196,365,2.0589000000000004
1919,40,2,4,11,133,178,133,178,1.0645000000000002
1920,83,3,5,16,135,304,135,304,1.8959000000000001
1921,96,4,5,20,237,556,237,556,2.0876
1922,47,2,4,11,151,219,151,219,1.1058000000000001
1923,81,3,5,16,207,431,207,437,1.8829
1924,106,4,5,20,216,500,216,500,2.2017
1925,48,2,4,11,188,287,188,287,1.1543
1926,71,3,5,16,231,443,231,443,1.8457000000000001
1927,105,4,5,20,213,457,213,457,2.2630000000000003
1928,43,2,4,11,124,165,124,165,1.1219000000000001
1929,84,3,5,16,221,443,221,443,1.9408
1930,96,4,5,20,216,455,216,455,2.0888
1931,48,2,4,11,146,177,146,177,1.1502000000000001
1932,71,3,5,16,168,257,168,257,1.923
1933,95,4,5,20,225,433,225,433,2.1261
1934,43,2,4,11,149,230,149,230,1.1142
1935,72,3,5,16,263,498,263,498,1.8100000000000003
1936,96,4,5,20,292,662,292,662,2.3465000000000003
1937,51,2,4,11,126,179,126,179,1.1603
1938,78,3,5,16,231,379,231,379,1.8459
1939,99,4,5,20,228,439,228,439,2.1656
1940,46,2,4,11,140,223,140,223,1.1599000000000002
1941,75,3,5,16,211,395,211,395,1.8773000000000002
1942,95,4,5,20,287,624,287,624,2.2049000000000003
1943,56,2,4,11,134,216,134,216,1.2893000000000001
1944,82,3,5,16,204,350,204,350,1.8238000000000003
1945,94,4,5,20,229,423,229,423,2.0744000000000002
1946,42,2,4,11,135,189,135,189,1.1275
1947,64,3,5,16,243,419,243,419,2.507
1948,102,4,5,20,187,414,187,414,2.8605
1949,40,2,4,11,139,226,139,226,1.1075
1950,58,3,5,16,177,354,177,354,1.7181000000000002
1951,100,4,5,20,226,490,226,490,2.1153
1952,52,2,4,11,147,253,147,253,1.1241
1953,76,3,5,16,249,445,249,445,1.8488
1954,96,4,5,20,189,376,189,378,2.0912
1955,46,2,4,11,199,291,199,291,1.1536
1956,73,3,5,16,207,389,207,389,1.9221000000000001
1957,97,4,5,20,264,508,264,508,2.092
1958,49,2,4,11,186,278,186,278,1.1403
1959,71,3,5,16,205,422,205,422,1.8011000000000001
1960,96,4,5,20,218,520,218,521,2.067
1961,48,2,4,11,125,186,125,186,1.1057000000000001
1962,94,3,5,16,226,421,225,423,1.9217000000000002
1963,97,4,5,20,142,254,136,270,2.0252
1964,56,2,4,11,195,314,195,314,1.2062000000000002
1965,76,3,5,16,176,244,176,244,2.2726
1966,88,4,5,20,248,532,248,532,2.1055
1967,46,2,4,11,133,198,132,199,1.1332
1968,81,3,5,16,255,466,255,466,1.9013
1969,96,4,5,20,198,427,198,427,2.1494999999999997
1970,43,2,4,11,173,265,173,265,1.1211
1971,71,3,5,16,158,304,158,312,1.8117
1972,108,4,5,20,202,412,202,412,2.1358
1973,42,2,4,11,142,218,142,218,1.1431
1974,71,3,5,16,190,363,190,363,1.9027000000000003
1975,89,4,5,20,228,368,228,369,2.3851000000000004
1976,53,2,4,11,165,227,165,227,1.1273000000000002
1977,67,3,5,16,213,400,213,400,1.7617000000000003
1978,97,4,5,20,250,559,250,559,2.0832
1979,45,2,4,11,142,205,142,205,1.1101
1980,63,3,5,16,212,407,212,407,1.7489000000000001
1981,98,4,5,20,216,465,216,465,2.2324
1982,45,2,4,11,138,218,138,218,1.1357000000000002
1983,75,3,5,16,225,522,223,526,1.8930000000000002
1984,107,4,5,20,248,525,248,525,2.1153999999999997
1985,49,2,4,11,177,307,177,307,1.1369000000000002
1986,77,3,5,16,194,363,194,363,1.7951000000000001
1987,84,4,5,20,220,392,220,392,2.1238
1988,51,2,4,11,108,141,108,141,1.116
1989,68,3,5,16,186,355,186,355,1.7951000000000001
1990,95,4,5,20,194,337,194,339,2.0735
1991,48,2,4,11,130,173,130,173,1.4119
1992,71,3,5,16,214,369,212,370,2.4685
1993,101,4,5,20,227,469,227,469,2.1618000000000004
1994,40,2,4,11,136,233,136,233,1.0539
1995,75,3,5,16,212,394,212,394,1.7905000000000002
1996,105,4,5,20,262,650,262,651,2.1662
1997,45,2,4,11,165,206,165,206,1.1425
1998,65,3,5,16,198,342,198,342,1.7622
1999,99,4,5,20,318,629,318,629,2.1157000000000004
2000,43,2,4,11,133,207,133,207,1.0796000000000001
2001,75,3,5,16,154,287,154,287,1.8816000000000002
2002,94,4,5,20,297,557,297,557,2.7141
2003,47,2,4,11,133,251,133,251,1.1644
2004,76,3,5,16,156,272,156,272,1.8510000000000002
2005,99,4,5,20,240,455,240,455,2.2089000000000003
2006,50,2,4,11,118,223,118,223,1.1634
2007,80,3,5,16,221,438,221,438,1.7853
2008,96,4,5,20,259,617,259,617,2.0788
2009,42,2,4,11,160,208,160,208,1.1225
2010,78,3,5,16,174,289,174,289,1.8210000000000002
2011,107,4,5,20,198,400,198,403,2.2461
2012,44,2,4,11,148,257,148,257,1.1066
2013,58,3,5,16,290,631,290,631,2.9238000000000004
2014,78,4,5,20,224,511,224,511,1.9805000000000001
2015,58,2,4,11,112,178,112,178,1.1985000000000001
2016,69,3,5,16,208,390,208,390,1.7440000000000002
2017,96,4,5,20,222,434,222,434,2.109
2018,49,2,4,11,223,336,223,336,1.1784000000000001
2019,52,3,5,16,181,365,181,365,1.7923000000000002
2020,91,4,5,20,242,526,242,526,2.1308
2021,41,2,4,11,114,153,114,153,1.1179000000000001
2022,68,3,5,16,203,460,203,466,1.8379
2023,89,4,5,20,236,538,236,539,2.0625999999999998
2024,52,2,4,11,194,297,194,297,1.2553
2025,70,3,5,16,252,557,252,557,1.7419
2026,103,4,5,20,234,443,234,443,2.1819
2027,56,2,4,11,111,177,111,177,1.1710000000000003
2028,68,3,5,16,194,358,194,358,1.8036
2029,100,4,5,20,203,370,203,370,2.1819
2030,45,2,4,11,141,254,141,254,1.1699
2031,63,3,5,16,178,326,178,326,1.8472
2032,106,4,5,20,260,483,260,483,2.161
2033,48,2,4,11,132,164,132,164,1.1386
2034,79,3,5,16,150,273,150,273,1.8416000000000001
2035,100,4,5,20,259,588,259,588,2.1179
2036,50,2,4,11,131,213,131,213,1.1815
2037,76,3,5,16,158,265,158,265,1.8326000000000002
2038,99,4,5,20,269,612,269,612,2.0860000000000003
2039,56,2,4,11,105,158,105,158,1.1464
2040,67,3,5,16,238,521,238,521,1.8823
2041,88,4,5,20,200,431,200,431,2.0728999999999997
2042,49,2,4,11,132,187,132,187,1.7281000000000002
2043,74,3,5,16,173,397,173,397,1.7941
2044,89,4,5,20,239,538,239,538,2.1055
2045,48,2,4,11,167,268,167,268,1.1435
2046,82,3,5,16,174,294,174,294,1.8602000000000003
2047,105,4,5,20,273,570,273,570,2.1448
2048,49,2,4,11,109,148,109,148,1.1385
2049,77,3,5,16,212,335,212,335,1.8725
2050,106,4,5,20,233,603,233,603,2.1735
2051,37,2,4,11,197,339,197,339,1.0455
2052,77,3,5,16,209,462,209,462,1.8386000000000002
2053,105,4,5,20,242,518,242,518,2.1744
2054,42,2,4,11,124,189,124,189,1.155
2055,71,3,5,16,239,459,239,460,1.8371000000000002
2056,84,4,5,20,268,555,268,555,2.075
2057,53,2,4,11,165,267,165,267,1.1733000000000002
2058,76,3,5,16,229,461,229,461,1.8835000000000002
2059,90,4,5,20,280,573,279,585,2.019
2060,48,2,4,11,149,253,149,253,1.1561
2061,81,3,5,16,126,258,126,258,1.8382
2062,99,4,5,20,256,568,256,568,2.1176000000000004
2063,49,2,4,11,151,192,151,192,1.2067
2064,75,3,5,16,276,556,276,556,1.9379000000000002
2065,94,4,5,20,228,472,228,473,2.2681000000000004
2066,45,2,4,11,190,301,190,301,1.1235000000000002
2067,66,3,5,16,195,380,194,383,1.7526000000000002
2068,91,4,5,20,194,413,194,413,2.0162
2069,41,2,4,11,109,136,109,136,1.087
2070,79,3,5,16,183,314,183,314,1.8728000000000002
2071,96,4,5,20,214,483,212,484,2.1451000000000002
2072,52,2,4,11,178,310,178,310,1.3969000000000003
2073,72,3,5,16,165,294,165,294,1.7414
2074,97,4,5,20,247,535,247,535,2.0973
2075,46,2,4,11,126,198,126,198,1.1398000000000001
2076,72,3,5,16,239,471,239,471,1.8033000000000001
2077,96,4,5,20,234,489,230,492,2.1684
2078,39,2,4,11,187,281,187,281,1.1106
2079,69,3,5,16,191,383,191,383,1.8052000000000001
2080,97,4,5,20,199,474,199,481,2.1797
2081,50,2,4,11,174,294,174,294,1.6335000000000002
2082,62,3,5,16,229,443,227,456,1.7821
2083,96,4,5,20,242,487,242,489,2.1275
2084,53,2,4,11,172,240,172,240,1.1834
2085,66,3,5,16,244,428,244,428,1.9776
2086,94,4,5,20,260,625,260,625,2.1281
2087,50,2,4,11,180,308,180,308,1.1497
2088,72,3,5,16,182,290,182,290,1.8536000000000001
2089,99,4,5,20,242,583,242,583,2.1377
2090,53,2,4,11,151,224,151,224,1.1842000000000001
2091,73,3,5,16,178,344,178,344,1.8195000000000001
2092,111,4,5,20,194,371,194,371,2.1231
2093,45,2,4,11,178,290,178,290,1.1183
2094,72,3,5,16,219,424,219,424,1.8938000000000001
2095,103,4,5,20,247,540,247,542,2.189
2096,44,2,4,11,174,233,174,233,1.1038000000000001
2097,73,3,5,16,142,318,142,318,1.8255000000000001
2098,106,4,5,20,208,394,208,394,2.1052000000000004
2099,46,2,4,11,171,248,171,248,1.1296000000000002
2100,75,3,5,16,182,330,182,330,1.8353000000000002
2101,96,4,5,20,233,443,233,443,2.0911000000000004
2102,49,2,4,11,89,132,89,132,1.1499000000000001
2103,67,3,5,16,219,391,219,391,1.8615000000000002
2104,87,4,5,20,201,360,201,360,1.9998
2105,47,2,4,11,153,246,153,246,1.1118000000000001
2106,69,3,5,16,213,360,213,360,1.762
2107,97,4,5,20,244,441,244,441,2.1315
2108,45,2,4,11,129,159,129,159,1.1241
2109,70,3,5,16,176,356,176,356,1.7192
2110,101,4,5,20,216,549,216,549,2.1922
2111,49,2,4,11,162,261,162,261,1.1696
2112,75,3,5,16,195,502,193,505,1.7811000000000001
2113,110,4,5,20,164,353,164,361,2.0747
2114,51,2,4,11,154,207,154,207,1.1536
2115,61,3,5,16,232,463,230,465,1.8104000000000002
2116,107,4,5,20,256,518,256,518,2.2053000000000003
2117,45,2,4,11,153,220,153,220,1.1454
2118,72,3,5,16,242,496,240,497,1.8285
2119,91,4,5,20,181,390,181,390,2.0636
2120,48,2,4,11,147,219,147,219,1.1197000000000001
2121,65,3,5,16,183,318,183,320,1.7438000000000002
2122,97,4,5,20,288,564,288,572,2.1528000000000005
2123,49,2,4,11,191,289,191,289,1.1774
2124,83,3,5,16,263,488,263,488,1.87
2125,97,4,5,20,289,584,288,611,2.1183
2126,54,2,4,11,159,251,159,251,1.1766
2127,68,3,5,16,178,320,178,320,1.8453
2128,94,4,5,20,319,672,319,672,2.161
2129,58,2,4,11,137,228,137,228,1.1884000000000001
2130,69,3,5,16,230,461,230,461,1.8296000000000001
2131,100,4,5,20,250,562,250,564,2.1309000000000005
2132,47,2,4,11,205,354,205,354,1.1252
2133,69,3,5,16,203,349,203,349,1.7598000000000003
2134,93,4,5,20,263,546,263,546,2.1168000000000005
2135,40,2,4,11,179,326,179,326,1.2082
2136,70,3,5,16,212,383,212,383,1.8753000000000002
2137,108,4,5,20,210,377,210,377,2.2117
2138,51,2,4,11,138,178,138,178,1.141
2139,71,3,5,16,198,372,198,372,1.8339
2140,97,4,5,20,220,407,220,407,2.1886
2141,44,2,4,11,100,132,100,132,1.1659000000000002
2142,56,3,5,16,244,494,244,494,1.7092
2143,94,4,5,20,293,593,293,593,2.1081000000000003
2144,48,2,4,11,151,268,151,268,1.1805
2145,81,3,5,16,238,473,238,473,1.7932000000000001
2146,93,4,5,20,244,521,242,522,2.1346
2147,55,2,4,11,153,252,153,252,1.2228
2148,78,3,5,16,182,362,182,362,1.7904000000000002
2149,88,4,5,20,241,527,241,527,2.0716
2150,43,2,4,11,147,262,147,262,1.1413
2151,69,3,5,16,198,394,198,394,1.732
2152,91,4,5,20,244,445,244,445,2.1203000000000003
2153,42,2,4,11,218,332,218,332,1.4420000000000002
2154,73,3,5,16,271,603,270,604,1.8920000000000001
2155,99,4,5,20,196,371,196,371,2.1581
2156,55,2,4,11,211,307,211,307,1.204
2157,67,3,5,16,294,583,294,583,1.7677
2158,103,4,5,20,241,448,241,448,2.112
2159,48,2,4,11,144,235,144,235,1.1139999999999999
2160,66,3,5,16,158,247,157,248,1.7643000000000002
2161,92,4,5,20,126,281,126,281,2.1257
2162,52,2,4,11,117,134,117,134,1.1883
2163,72,3,5,16,246,493,246,493,1.8189
2164,101,4,5,20,246,445,246,445,2.1419
2165,49,2,4,11,126,180,126,180,1.1171
2166,72,3,5,16,223,478,223,478,2.6075
2167,104,4,5,20,188,357,188,357,2.1232
2168,32,2,4,11,183,229,150,266,1.0845
2169,73,3,5,16,230,400,226,408,1.8084000000000002
2170,94,4,5,20,244,423,244,423,2.1018
2171,53,2,4,11,181,281,181,281,1.1625
2172,75,3,5,16,212,349,210,359,1.8029000000000002
2173,103,4,5,20,226,487,226,489,2.1307
2174,61,2,4,11,166,263,166,263,1.2643000000000002
2175,53,3,5,16,214,412,214,412,1.6610000000000003
2176,99,4,5,20,234,462,234,462,2.084
2177,49,2,4,11,136,192,136,192,1.1483
2178,67,3,5,16,193,427,193,427,1.7859000000000003
2179,84,4,5,20,266,496,266,496,2.0412
2180,45,2,4,11,198,363,198,363,1.1154000000000002
2181,77,3,5,16,208,425,208,425,1.8577000000000001
2182,95,4,5,20,270,518,270,518,2.1561000000000003
2183,55,2,4,11,199,328,199,331,1.1932000000000003
2184,91,3,5,16,176,303,176,303,1.8588
2185,97,4,5,20,244,475,244,475,2.0903
2186,59,2,4,11,143,229,143,229,1.2344000000000002
2187,64,3,5,16,202,444,199,447,1.7938
2188,86,4,5,20,192,338,192,338,2.1097
2189,48,2,4,11,125,178,111,215,1.9014000000000002
2190,62,3,5,16,219,406,219,406,1.8206000000000002
2191,107,4,5,20,236,492,236,492,2.1266000000000003
2192,55,2,4,11,119,210,119,210,1.1482
2193,81,3,5,16,149,274,149,274,1.8015
2194,96,4,5,20,287,638,287,638,2.1060000000000003
2195,50,2,4,11,177,249,177,249,1.1899
2196,81,3,5,16,200,426,200,426,1.8718000000000001
2197,101,4,5,20,231,460,231,460,2.1367000000000003
2198,56,2,4,11,160,201,160,201,1.1885000000000001
2199,68,3,5,16,242,370,242,370,1.7535
2200,89,4,5,20,265,604,265,604,2.103
2201,49,2,4,11,189,295,189,295,1.1800000000000002
2202,57,3,5,16,186,345,186,345,1.8151000000000002
2203,94,4,5,20,205,420,205,420,2.1127000000000002
2204,47,2,4,11,127,235,127,235,1.1078999999999999
2205,72,3,5,16,220,431,220,431,1.7767000000000002
2206,89,4,5,20,181,406,181,406,2.0283
2207,55,2,4,11,155,232,155,232,1.1996
2208,64,3,5,16,243,553,243,553,1.7876
2209,96,4,5,20,248,581,248,582,2.1293
2210,54,2,4,11,125,166,125,166,1.2846000000000002
2211,57,3,5,16,240,419,240,419,1.7267000000000001
2212,99,4,5,20,194,393,194,393,2.1491000000000002
2213,44,2,4,11,228,354,228,354,1.1480000000000001
2214,83,3,5,16,233,412,233,415,1.87
2215,96,4,5,20,258,500,258,500,2.12
2216,41,2,4,11,146,246,146,246,1.0974000000000002
2217,72,3,5,16,201,446,199,446,1.8323
2218,105,4,5,20,217,426,217,426,3.0100000000000002
2219,57,2,4,11,136,248,136,248,1.1528
2220,85,3,5,16,234,439,234,439,1.8404
2221,91,4,5,20,293,631,293,631,2.1420000000000003
2222,50,2,4,11,139,219,137,220,1.1651
2223,71,3,5,16,183,353,183,376,1.7699
2224,86,4,5,20,197,394,197,398,2.0684
2225,45,2,4,11,178,294,178,294,1.1527
2226,73,3,5,16,195,375,195,375,1.8111000000000002
2227,94,4,5,20,232,486,232,486,2.0663
2228,53,2,4,11,99,157,99,157,1.1034
2229,79,3,5,16,165,304,165,304,1.8226000000000002
2230,102,4,5,20,192,423,192,423,2.0872
2231,51,2,4,11,122,139,122,139,1.1819
2232,60,3,5,16,164,275,164,275,1.814
2233,91,4,5,20,246,448,246,448,2.1222000000000003
2234,45,2,4,11,183,261,183,261,1.1710000000000003
2235,71,3,5,16,223,463,223,463,1.8141
2236,106,4,5,20,223,565,223,568,2.1479000000000004
2237,48,2,4,11,209,322,209,322,1.1374
2238,78,3,5,16,208,424,208,424,1.8674000000000002
2239,99,4,5,20,232,430,232,430,2.0904000000000003
2240,50,2,4,11,156,257,156,257,1.1734
2241,63,3,5,16,173,288,173,288,1.733
2242,101,4,5,20,221,481,221,481,2.1433000000000004
2243,46,2,4,11,137,201,137,201,1.1006
2244,77,3,5,16,180,401,180,401,1.8332000000000002
2245,101,4,5,20,269,532,269,532,2.1508
2246,47,2,4,11,179,293,179,293,1.2124
2247,72,3,5,16,192,315,190,316,1.8761
2248,90,4,5,20,308,600,308,603,2.117
2249,38,2,4,11,138,162,138,162,1.5585
2250,63,3,5,16,207,413,207,413,1.7735
2251,95,4,5,20,254,484,252,485,3.4843
2252,46,2,4,11,184,248,184,248,1.7851000000000001
2253,72,3,5,16,203,379,202,380,2.964
2254,95,4,5,20,286,540,286,540,2.7688
2255,46,2,4,11,207,322,207,322,1.1411000000000002
2256,74,3,5,16,222,434,222,434,1.897
2257,105,4,5,20,233,504,233,504,2.1987
2258,50,2,4,11,197,292,197,292,1.1601000000000001
2259,78,3,5,16,188,370,188,371,1.8428000000000002
2260,105,4,5,20,256,540,254,542,2.2041
2261,52,2,4,11,136,193,136,193,1.2104000000000001
2262,82,3,5,16,213,454,213,454,1.8668
2263,94,4,5,20,199,438,199,438,2.1901
2264,35,2,4,11,166,232,166,232,1.0505
2265,77,3,5,16,256,477,256,477,1.8036
2266,99,4,5,20,293,613,293,613,2.1358
2267,56,2,4,11,120,199,119,199,1.2017
2268,77,3,5,16,165,353,165,353,1.8594000000000002
2269,94,4,5,20,223,518,223,518,2.0637000000000003
2270,45,2,4,11,176,231,176,231,1.1715
2271,73,3,5,16,170,348,170,354,2.0386
2272,86,4,5,20,299,594,299,594,2.0523
2273,42,2,4,11,139,225,139,225,1.0851000000000002
2274,78,3,5,16,211,376,211,376,1.8798000000000001
2275,93,4,5,20,235,420,233,421,2.1911
2276,54,2,4,11,183,261,183,261,1.1760000000000002
2277,68,3,5,16,220,464,220,464,2.0402000000000005
2278,79,4,5,20,223,534,223,534,2.1018
2279,40,2,4,11,201,337,201,337,1.1069
2280,65,3,5,16,183,367,183,367,1.7415000000000003
2281,94,4,5,20,264,549,264,550,2.1309000000000005
2282,51,2,4,11,131,206,131,206,1.1540000000000001
2283,74,3,5,16,245,474,245,474,1.8366
2284,90,4,5,20,193,372,193,372,2.0269000000000004
2285,52,2,4,11,200,285,199,292,1.1661
2286,75,3,5,16,153,275,153,275,1.7908000000000002
2287,101,4,5,20,202,351,202,351,2.1221
2288,52,2,4,11,148,189,148,189,1.1645
2289,61,3,5,16,222,404,222,404,1.7331
2290,101,4,5,20,303,599,303,600,2.1608
2291,51,2,4,11,133,163,133,163,1.1153
2292,74,3,5,16,264,599,264,605,1.9026
2293,105,4,5,20,193,433,193,433,2.1279000000000003
2294,51,2,4,11,133,182,133,182,1.1617000000000002
2295,83,3,5,16,179,363,179,363,1.9285
2296,85,4,5,20,278,538,278,539,2.0965000000000003
2297,47,2,4,11,159,260,159,260,1.1004
2298,65,3,5,16,172,337,172,337,1.7491
2299,101,4,5,20,247,464,247,470,2.154
2300,45,2,4,11,124,155,124,155,1.1297
2301,76,3,5,16,190,388,190,388,1.7970000000000002
2302,96,4,5,20,184,359,184,359,2.0957000000000003
2303,61,2,4,11,163,244,163,244,1.1922
2304,63,3,5,16,234,448,234,448,1.7538
2305,90,4,5,20,231,547,231,547,2.1046000000000005
2306,42,2,4,11,145,237,145,237,1.1734
2307,82,3,5,16,234,429,230,449,1.8651000000000002
2308,93,4,5,20,240,446,240,446,2.2626
2309,42,2,4,11,205,336,205,336,1.1035000000000001
2310,75,3,5,16,194,320,194,320,1.7944
2311,97,4,5,20,174,344,174,344,2.084
2312,46,2,4,11,146,180,146,180,1.111
2313,89,3,5,16,191,334,191,334,1.8943
2314,102,4,5,20,237,557,237,557,2.1813000000000002
2315,49,2,4,11,124,243,124,243,1.1768
2316,74,3,5,16,245,441,243,442,1.844
2317,100,4,5,20,183,356,183,356,2.1218
2318,53,2,4,11,181,311,181,311,1.1791
2319,78,3,5,16,212,407,212,407,1.8343
2320,102,4,5,20,233,505,233,505,2.1326
2321,53,2,4,11,78,131,78,131,1.1276000000000002
2322,82,3,5,16,154,256,154,262,1.8991000000000002
2323,93,4,5,20,269,541,269,541,2.0852
2324,46,2,4,11,86,113,86,113,1.1245
2325,65,3,5,16,182,370,182,370,1.8030000000000002
2326,87,4,5,20,207,388,207,391,2.0909
2327,45,2,4,11,137,207,137,207,1.1474
2328,67,3,5,16,262,456,262,468,1.8677000000000001
2329,98,4,5,20,194,337,194,337,2.0753
2330,40,2,4,11,163,283,163,283,1.5708
2331,69,3,5,16,177,377,177,377,2.3714
2332,93,4,5,20,206,367,206,371,2.0886
2333,44,2,4,11,120,175,120,175,1.1033
2334,71,3,5,16,166,345,166,345,1.8795000000000002
2335,106,4,5,20,277,501,277,501,2.188
2336,50,2,4,11,122,147,122,147,1.1355
2337,71,3,5,16,209,406,209,406,1.8693000000000002
2338,94,4,5,20,193,440,193,440,2.0937
2339,47,2,4,11,138,180,138,180,1.1722
2340,76,3,5,16,150,308,150,308,1.8056
2341,101,4,5,20,231,548,229,550,2.0909
2342,52,2,4,11,159,261,159,261,1.1862000000000001
2343,72,3,5,16,262,501,262,501,2.1492
2344,91,4,5,20,233,467,233,467,2.0416000000000003
2345,47,2,4,11,212,304,212,304,1.1612
2346,75,3,5,16,213,425,213,425,1.7738
2347,101,4,5,20,351,750,351,750,2.1330000000000005
2348,49,2,4,11,188,294,186,296,1.1558
2349,90,3,5,16,224,473,224,473,1.9024
2350,86,4,5,20,236,524,236,525,2.0770000000000004
2351,56,2,4,11,111,189,111,189,1.1711
2352,74,3,5,16,236,479,236,479,1.8231
2353,94,4,5,20,237,533,237,533,2.1446
2354,50,2,4,11,135,214,135,214,1.1217
2355,63,3,5,16,210,357,210,357,1.7747000000000002
2356,94,4,5,20,219,441,219,441,2.1033000000000004
2357,45,2,4,11,182,266,182,266,1.1197000000000001
2358,63,3,5,16,170,267,170,267,1.7324
2359,91,4,5,20,182,388,180,405,2.1151
2360,51,2,4,11,149,252,149,252,1.3103000000000002
2361,65,3,5,16,220,417,220,417,1.7835
2362,106,4,5,20,273,621,273,621,2.1806
2363,57,2,4,11,165,258,165,258,1.221
2364,66,3,5,16,213,397,213,397,1.8374000000000001
2365,102,4,5,20,223,496,221,498,2.1844
2366,45,2,4,11,140,184,140,184,1.1813000000000002
2367,62,3,5,16,205,368,205,368,1.7864
2368,95,4,5,20,176,396,176,396,2.0905000000000005
2369,48,2,4,11,187,275,186,280,1.1217
2370,69,3,5,16,178,350,176,354,1.8322000000000003
2371,92,4,5,20,208,360,208,360,2.096
2372,51,2,4,11,186,235,186,235,1.1706
2373,77,3,5,16,201,389,201,390,1.8197
2374,89,4,5,20,248,472,246,472,2.0511
2375,45,2,4,11,139,207,139,207,1.1267
2376,83,3,5,16,227,471,227,471,1.8761
2377,98,4,5,20,233,450,233,450,2.1647000000000003
2378,46,2,4,11,158,236,158,236,1.1406
2379,75,3,5,16,182,355,182,355,1.8791
2380,95,4,5,20,243,579,243,588,2.5867000000000004
2381,56,2,4,11,179,280,179,280,1.1734
2382,81,3,5,16,162,328,162,328,1.8432000000000002
2383,101,4,5,20,297,657,297,659,2.2127000000000003
2384,39,2,4,11,164,204,164,204,1.0695999999999999
2385,78,3,5,16,180,338,180,338,1.848
2386,105,4,5,20,208,426,208,426,2.1806
2387,46,2,4,11,181,275,181,275,1.1191
2388,69,3,5,16,184,342,184,342,1.7725000000000002
2389,88,4,5,20,320,760,320,760,2.0728
2390,58,2,4,11,143,207,143,207,1.1532
2391,84,3,5,16,229,459,229,459,1.8765
2392,93,4,5,20,224,467,224,467,2.0989000000000004
2393,54,2,4,11,198,326,198,326,1.1648
2394,83,3,5,16,174,354,174,354,1.9009
2395,98,4,5,20,283,566,283,566,2.1502000000000003
2396,50,2,4,11,144,196,142,211,1.2019000000000002
2397,81,3,5,16,200,403,200,403,1.8157
2398,110,4,5,20,175,360,175,360,2.1521
2399,48,2,4,11,139,218,139,218,1.1124
2400,75,3,5,16,241,508,241,508,1.8439
2401,113,4,5,20,214,441,214,443,2.2609000000000004
2402,51,2,4,11,112,143,112,143,1.1107
2403,70,3,5,16,205,418,205,418,1.8058000000000003
2404,102,4,5,20,261,540,261,541,2.2054
2405,55,2,4,11,137,236,137,236,1.2113
2406,82,3,5,16,198,368,198,368,1.8383000000000003
2407,108,4,5,20,219,467,219,467,2.1564
2408,43,2,4,11,187,313,187,313,1.1406
2409,71,3,5,16,257,509,257,509,1.7786000000000002
2410,99,4,5,20,216,397,216,397,2.0970000000000004
2411,47,2,4,11,134,189,134,189,1.1451
2412,74,3,5,16,127,268,127,268,1.7663000000000002
2413,97,4,5,20,253,509,253,509,2.145
2414,30,2,4,11,163,236,163,236,1.1109000000000002
2415,73,3,5,16,182,301,182,301,1.804
2416,91,4,5,20,229,515,229,515,2.1153999999999997
2417,44,2,4,11,162,203,162,203,1.1107
2418,63,3,5,16,198,373,198,373,1.8358
2419,102,4,5,20,161,331,161,331,2.0908
2420,56,2,4,11,108,146,108,146,1.7295
2421,75,3,5,16,150,244,150,244,1.7870000000000001
2422,96,4,5,20,246,533,243,534,2.1464000000000003
2423,46,2,4,11,154,241,154,241,1.1557000000000002
2424,72,3,5,16,184,330,184,330,1.7964
2425,98,4,5,20,207,427,205,428,2.2041
2426,49,2,4,11,141,226,141,226,1.1093000000000002
2427,73,3,5,16,253,459,253,459,2.5181999999999998
2428,107,4,5,20,252,507,252,507,2.1784
2429,55,2,4,11,160,210,160,210,1.1273000000000002
2430,82,3,5,16,232,439,232,439,1.8299
2431,99,4,5,20,241,494,241,494,2.1046000000000005
2432,41,2,4,11,136,218,136,218,1.1062
2433,80,3,5,16,201,367,201,367,1.8906
2434,108,4,5,20,204,468,204,468,2.1312
2435,55,2,4,11,144,171,144,171,1.2099
2436,76,3,5,16,277,513,277,513,1.9025
2437,114,4,5,20,208,470,208,470,2.1606
2438,52,2,4,11,155,272,155,272,1.1966999999999999
2439,69,3,5,16,194,339,194,339,1.7640000000000002
2440,101,4,5,20,225,466,225,466,2.0932
2441,52,2,4,11,136,219,136,219,1.1535
2442,73,3,5,16,235,437,235,437,1.9587000000000003
2443,87,4,5,20,184,371,184,371,2.0687
2444,46,2,4,11,165,277,165,277,1.1127
2445,81,3,5,16,145,256,145,256,1.8182
2446,101,4,5,20,186,341,186,341,2.1279000000000003
2447,48,2,4,11,118,173,118,173,1.1072
2448,72,3,5,16,140,264,140,264,1.7538
2449,111,4,5,20,279,666,279,666,2.1778
2450,47,2,4,11,131,196,131,196,1.1239000000000001
2451,76,3,5,16,142,295,142,295,1.7931000000000001
2452,99,4,5,20,232,494,232,500,2.1048
2453,46,2,4,11,128,169,128,169,1.1022
2454,76,3,5,16,204,348,204,348,1.8926
2455,95,4,5,20,219,460,219,460,2.1393000000000004
2456,45,2,4,11,125,187,125,187,1.0945
2457,70,3,5,16,246,482,246,482,1.8483000000000003
2458,103,4,5,20,327,662,327,662,2.179
2459,42,2,4,11,187,317,187,317,1.1359
2460,69,3,5,16,243,487,243,487,1.7965000000000002
2461,83,4,5,20,218,416,218,417,2.0672
2462,46,2,4,11,135,217,135,217,1.1122
2463,70,3,5,16,188,368,188,368,1.8063
2464,82,4,5,20,238,490,234,493,2.1235
2465,40,2,4,11,106,169,106,169,1.0906000000000002
2466,63,3,5,16,221,485,221,485,1.7552
2467,98,4,5,20,146,332,146,332,2.0334000000000003
2468,61,2,4,11,102,116,102,116,1.1748
2469,61,3,5,16,151,247,151,247,2.3688000000000002
2470,103,4,5,20,212,433,212,433,2.156
2471,44,2,4,11,171,307,171,307,1.103
2472,62,3,5,16,233,424,232,432,1.7685000000000002
2473,100,4,5,20,174,354,174,354,2.1182000000000003
2474,47,2,4,11,138,173,138,173,1.1132000000000002
2475,65,3,5,16,162,212,162,212,1.7704000000000002
2476,90,4,5,20,212,548,212,548,2.1191
2477,50,2,4,11,138,156,138,156,1.1521000000000001
2478,73,3,5,16,210,439,210,439,1.8686000000000003
2479,81,4,5,20,275,528,275,528,2.0837
2480,57,2,4,11,123,224,123,224,1.1552
2481,72,3,5,16,226,411,226,411,1.8158
2482,89,4,5,20,255,565,255,565,2.1472
2483,52,2,4,11,154,269,154,269,1.1601000000000001
2484,76,3,5,16,188,323,188,323,1.8048
2485,90,4,5,20,246,504,246,504,2.1042
2486,53,2,4,11,158,258,158,258,1.1335000000000002
2487,73,3,5,16,140,233,140,233,1.9061000000000001
2488,98,4,5,20,211,464,211,464,2.1543
2489,53,2,4,11,136,208,136,208,1.1392000000000002
2490,71,3,5,16,185,383,185,383,1.7610000000000001
2491,108,4,5,20,212,454,212,454,2.1792000000000002
2492,48,2,4,11,203,326,203,326,1.1435
2493,66,3,5,16,187,324,187,324,1.8499
2494,88,4,5,20,243,502,243,507,2.1343
2495,45,2,4,11,136,227,136,227,1.1275
2496,69,3,5,16,174,294,166,310,1.8125
2497,98,4,5,20,219,436,219,436,2.1249000000000002
2498,50,2,4,11,162,209,162,209,1.1360000000000001
2499,66,3,5,16,229,478,229,478,2.5581
2500,103,4,5,20,190,443,190,443,2.1314
2501,47,2,4,11,173,298,173,298,1.1187
2502,65,3,5,16,175,334,175,334,1.7457000000000003
2503,102,4,5,20,277,574,277,574,2.1942000000000004
2504,45,2,4,11,169,291,169,291,1.1478
2505,76,3,5,16,197,380,197,380,1.8506000000000002
2506,93,4,5,20,166,335,166,335,2.0170000000000003
2507,47,2,4,11,199,315,199,315,1.1211
2508,72,3,5,16,201,415,201,415,1.7495000000000003
2509,94,4,5,20,257,575,257,575,2.1021
2510,44,2,4,11,125,164,125,164,1.0736
2511,68,3,5,16,246,433,246,433,1.8198
2512,106,4,5,20,215,509,215,509,2.1063
2513,54,2,4,11,85,110,85,110,1.188
2514,75,3,5,16,261,585,261,585,1.8668
2515,94,4,5,20,323,670,323,682,2.2336
2516,57,2,4,11,166,218,166,218,1.1764
2517,70,3,5,16,172,391,172,391,1.7769000000000001
2518,96,4,5,20,274,513,274,513,2.1462
2519,34,2,4,11,137,191,137,191,1.0729000000000002
2520,76,3,5,16,212,375,212,376,1.8116
2521,85,4,5,20,224,409,224,409,2.0869
2522,51,2,4,11,161,263,161,263,1.1617000000000002
2523,71,3,5,16,281,498,281,498,1.7984000000000002
2524,95,4,5,20,247,516,247,516,2.0683
2525,52,2,4,11,121,190,121,190,1.198
2526,71,3,5,16,196,426,196,426,1.8088000000000002
2527,99,4,5,20,262,534,262,539,2.1111000000000004
2528,45,2,4,11,148,197,148,197,1.1094
2529,62,3,5,16,214,370,214,370,1.7665
2530,95,4,5,20,279,559,279,559,2.1517000000000004
2531,50,2,4,11,220,330,220,330,1.9842000000000002
2532,46,3,5,16,224,424,224,424,1.6535
2533,97,4,5,20,312,656,312,659,2.1827
2534,42,2,4,11,142,247,142,247,1.0926
2535,73,3,5,16,182,322,182,322,1.7425000000000002
2536,97,4,5,20,289,604,289,604,2.1315
2537,50,2,4,11,153,258,153,258,1.1224000000000003
2538,83,3,5,16,144,286,142,291,1.8903
2539,110,4,5,20,228,491,228,493,2.168
2540,51,2,4,11,176,266,176,266,1.1685
2541,64,3,5,16,162,315,162,315,1.7543000000000002
2542,93,4,5,20,292,600,292,600,2.1581
2543,43,2,4,11,157,232,157,232,1.1263
2544,82,3,5,16,215,436,215,436,1.8464000000000003
2545,107,4,5,20,246,475,246,476,2.0957000000000003
2546,50,2,4,11,142,167,142,167,1.1656000000000002
2547,79,3,5,16,222,453,222,453,1.9741000000000004
2548,99,4,5,20,154,299,154,299,2.0374
2549,50,2,4,11,148,224,148,224,1.1771000000000003
2550,67,3,5,16,175,264,175,264,1.8038
2551,104,4,5,20,244,502,244,502,2.0565
2552,41,2,4,11,182,274,182,274,1.0817
2553,66,3,5,16,232,402,232,402,1.798
2554,106,4,5,20,199,440,199,440,2.1012
2555,44,2,4,11,161,262,161,262,1.1466
2556,68,3,5,16,198,326,188,373,1.8072000000000001
2557,98,4,5,20,268,559,268,559,2.1259
2558,45,2,4,11,175,277,175,277,1.1198
2559,70,3,5,16,162,237,162,237,1.7750000000000001
2560,97,4,5,20,227,507,227,511,2.2139
2561,45,2,4,11,184,288,184,288,1.0987
2562,76,3,5,16,150,218,150,218,1.8286
2563,102,4,5,20,244,536,244,539,2.0862000000000003
2564,50,2,4,11,126,166,126,166,1.1953
2565,74,3,5,16,185,310,185,310,1.8327
2566,107,4,5,20,268,505,268,505,2.2017
2567,48,2,4,11,214,300,184,308,1.5972
2568,71,3,5,16,150,234,148,243,1.8043000000000002
2569,91,4,5,20,232,501,232,501,2.114
2570,52,2,4,11,118,170,118,170,1.1499000000000001
2571,68,3,5,16,257,492,257,492,1.8271000000000002
2572,88,4,5,20,173,336,173,336,2.0096000000000003
2573,47,2,4,11,138,218,138,218,1.1761
2574,66,3,5,16,201,415,201,415,1.9115000000000002
2575,93,4,5,20,283,599,283,599,2.1587
2576,38,2,4,11,134,209,134,209,1.067
2577,78,3,5,16,184,402,184,402,1.8876000000000002
2578,97,4,5,20,243,513,243,513,2.1957999999999998
2579,54,2,4,11,145,199,145,199,1.1762000000000001
2580,73,3,5,16,173,335,173,335,1.8055
2581,92,4,5,20,182,292,182,293,2.0469
2582,45,2,4,11,130,170,130,170,1.5378000000000003
2583,78,3,5,16,144,225,144,235,1.8804
2584,96,4,5,20,278,627,276,631,2.2307
2585,36,2,4,11,154,198,154,198,1.0762
2586,76,3,5,16,273,528,273,528,2.1525000000000003
2587,94,4,5,20,248,555,246,561,2.1461
2588,44,2,4,11,98,136,98,136,1.1483
2589,74,3,5,16,180,362,180,362,1.7887
2590,94,4,5,20,241,463,241,463,2.0371
2591,54,2,4,11,169,249,169,249,1.1716
2592,62,3,5,16,203,296,203,296,1.7245000000000001
2593,100,4,5,20,298,644,298,644,2.0902
2594,43,2,4,11,96,131,96,131,1.2157
2595,73,3,5,16,161,288,161,288,1.7570000000000001
2596,99,4,5,20,314,643,314,643,2.0966
2597,44,2,4,11,132,187,132,187,1.1368
2598,71,3,5,16,186,365,186,365,1.7766000000000002
2599,91,4,5,20,313,674,313,674,2.0876
2600,47,2,4,11,148,186,148,186,1.1473
2601,70,3,5,16,274,501,274,501,1.8535000000000001
2602,84,4,5,20,228,491,228,496,2.0892000000000004
2603,46,2,4,11,138,182,138,182,1.1621000000000001
2604,65,3,5,16,239,437,239,437,1.8688
2605,98,4,5,20,164,363,164,363,2.0473000000000003
2606,45,2,4,11,120,158,120,158,1.1272
2607,75,3,5,16,209,435,209,435,1.8691
2608,95,4,5,20,254,440,254,440,2.1639000000000004
2609,53,2,4,11,140,176,140,176,1.1567
2610,75,3,5,16,184,369,184,369,1.909
2611,102,4,5,20,212,462,212,462,2.1298000000000004
2612,50,2,4,11,141,242,141,242,1.1236
2613,62,3,5,16,148,254,148,254,1.7843000000000002
2614,84,4,5,20,252,519,252,519,2.1172
2615,54,2,4,11,157,242,157,242,1.1836000000000002
2616,81,3,5,16,208,420,208,420,1.8693000000000002
2617,95,4,5,20,216,436,216,436,2.067
2618,47,2,4,11,132,234,132,234,1.1195000000000002
2619,77,3,5,16,247,511,247,511,1.907
2620,102,4,5,20,243,560,243,560,2.1583
2621,46,2,4,11,204,335,204,335,1.1689
2622,77,3,5,16,211,438,211,438,1.8037
2623,103,4,5,20,242,522,242,522,2.111
2624,36,2,4,11,189,283,189,283,1.1342
2625,72,3,5,16,251,517,251,520,1.8085000000000002
2626,86,4,5,20,246,485,243,495,2.1043
2627,52,2,4,11,170,248,170,248,1.122
2628,69,3,5,16,144,258,144,258,1.7402000000000002
2629,107,4,5,20,240,448,237,448,2.1221
2630,46,2,4,11,147,223,147,223,1.118
2631,75,3,5,16,204,381,204,381,1.7685000000000002
2632,95,4,5,20,197,420,183,425,2.0412
2633,42,2,4,11,183,269,183,269,1.1172
2634,76,3,5,16,171,325,171,325,1.7991000000000001
2635,97,4,5,20,246,573,246,573,2.4256
2636,42,2,4,11,166,194,166,194,1.1346
2637,76,3,5,16,150,254,150,254,1.8467000000000002
2638,93,4,5,20,308,750,308,750,2.0896
2639,41,2,4,11,209,295,209,295,1.0987
2640,80,3,5,16,254,470,254,470,1.943
2641,96,4,5,20,201,430,201,430,2.1350000000000002
2642,43,2,4,11,152,190,152,190,1.1455
2643,74,3,5,16,197,373,197,373,1.7872000000000001
2644,100,4,5,20,268,550,266,560,2.0873000000000004
2645,46,2,4,11,135,213,135,213,1.1239000000000001
2646,77,3,5,16,237,427,237,427,1.854
2647,91,4,5,20,232,455,232,455,2.0932
2648,46,2,4,11,124,171,124,171,1.1228
2649,74,3,5,16,173,343,173,343,2.0135
2650,101,4,5,20,298,676,296,680,2.1927000000000003
2651,44,2,4,11,215,358,215,358,1.1593
2652,80,3,5,16,245,445,245,445,2.745
2653,94,4,5,20,196,402,196,405,2.1098000000000003
2654,45,2,4,11,134,170,134,170,1.1052
2655,81,3,5,16,195,340,194,342,1.8599
2656,101,4,5,20,184,340,184,340,2.0801000000000003
2657,56,2,4,11,105,162,105,162,1.1478
2658,70,3,5,16,220,377,220,378,1.8615000000000002
2659,103,4,5,20,252,551,252,551,2.1795
2660,54,2,4,11,104,211,104,211,1.1016000000000001
2661,71,3,5,16,218,471,218,471,1.8472
2662,109,4,5,20,245,568,245,568,2.1692
2663,60,2,4,11,122,143,122,143,1.1691000000000003
2664,69,3,5,16,179,362,179,362,1.7612
2665,96,4,5,20,230,489,230,491,2.8266000000000004
2666,44,2,4,11,138,191,138,191,1.1132000000000002
2667,71,3,5,16,270,488,270,488,1.7919
2668,94,4,5,20,335,743,335,743,2.1568
2669,45,2,4,11,118,177,118,177,1.1876
2670,75,3,5,16,194,341,194,341,1.8649
2671,96,4,5,20,312,593,312,593,2.1329000000000002
2672,47,2,4,11,78,115,78,115,1.1256
2673,73,3,5,16,180,372,180,372,1.7828000000000002
2674,81,4,5,20,238,553,238,553,1.9515
2675,45,2,4,11,124,215,124,215,1.149
2676,74,3,5,16,194,305,194,305,1.8516000000000001
2677,97,4,5,20,216,485,214,487,2.1306000000000003
2678,50,2,4,11,199,320,199,320,1.1661
2679,67,3,5,16,191,339,191,339,1.7254000000000003
2680,96,4,5,20,304,609,304,609,2.0755
2681,44,2,4,11,167,320,167,320,1.2194
2682,68,3,5,16,217,413,217,413,1.7822
2683,107,4,5,20,194,388,194,388,2.1103
2684,45,2,4,11,127,230,123,238,1.2809000000000001
2685,68,3,5,16,223,394,220,396,1.8445000000000003
2686,105,4,5,20,281,574,275,578,2.201
2687,39,2,4,11,155,220,155,220,1.0970000000000002
2688,65,3,5,16,172,330,172,330,1.7479000000000002
2689,97,4,5,20,284,584,279,584,2.1336000000000004
2690,49,2,4,11,145,226,145,226,1.167
2691,69,3,5,16,133,266,133,266,1.7551
2692,99,4,5,20,260,462,260,462,2.1227
2693,49,2,4,11,118,182,118,182,1.1378
2694,80,3,5,16,177,350,176,351,2.6049
2695,108,4,5,20,232,456,232,456,2.9040000000000004
2696,46,2,4,11,152,216,152,216,1.1494
2697,74,3,5,16,166,322,166,322,1.8423
2698,98,4,5,20,282,623,282,623,2.1613
2699,39,2,4,11,139,196,139,196,1.0990000000000002
2700,71,3,5,16,220,446,218,447,1.8672
2701,88,4,5,20,276,632,276,632,2.1003000000000003
2702,46,2,4,11,134,216,134,216,1.1264
2703,67,3,5,16,248,442,248,443,1.8156
2704,92,4,5,20,185,385,185,385,2.0499000000000005
2705,50,2,4,11,122,181,122,181,1.3404
2706,88,3,5,16,220,430,220,430,1.8442
2707,97,4,5,20,208,427,208,427,2.1597
2708,48,2,4,11,207,330,207,330,1.1007
2709,76,3,5,16,230,440,230,440,1.7701000000000002
2710,95,4,5,20,258,508,258,508,2.6303000000000005
2711,49,2,4,11,121,246,121,246,1.1460000000000001
2712,70,3,5,16,208,444,208,444,1.7742
2713,105,4,5,20,256,517,256,517,2.3522
2714,44,2,4,11,123,174,123,174,1.2268000000000001
2715,72,3,5,16,192,327,192,327,1.7840000000000003
2716,92,4,5,20,187,383,179,387,2.1227
2717,48,2,4,11,134,196,134,196,1.1205
2718,71,3,5,16,194,396,194,396,1.8151000000000002
2719,92,4,5,20,193,453,191,455,2.4745
2720,47,2,4,11,103,167,103,175,1.1204
2721,77,3,5,16,237,500,237,504,1.9042000000000001
2722,88,4,5,20,316,607,316,607,2.1274
2723,45,2,4,11,152,220,152,220,1.124
2724,68,3,5,16,219,433,219,433,1.7756
2725,97,4,5,20,222,476,220,476,2.1064
2726,51,2,4,11,179,296,179,296,1.1492000000000002
2727,75,3,5,16,127,248,127,248,1.8659000000000001
2728,104,4,5,20,232,492,232,492,2.1554
2729,46,2,4,11,100,121,100,121,1.1280000000000001
2730,70,3,5,16,227,454,227,454,1.7957
2731,110,4,5,20,206,504,206,504,2.1841
2732,51,2,4,11,100,171,100,171,1.1426
2733,77,3,5,16,222,383,222,383,1.8593000000000002
2734,104,4,5,20,248,482,248,482,2.2379000000000002
2735,45,2,4,11,148,213,148,213,1.1183
2736,60,3,5,16,257,477,257,477,1.838
2737,91,4,5,20,272,545,272,545,2.0638
2738,52,2,4,11,169,285,169,285,1.2273000000000003
2739,66,3,5,16,261,475,261,475,1.7870000000000001
2740,92,4,5,20,238,498,238,498,2.0597000000000003
2741,50,2,4,11,136,187,136,187,1.1535
2742,81,3,5,16,240,469,240,469,1.8629
2743,97,4,5,20,214,455,214,455,2.0640000000000005
2744,46,2,4,11,163,235,163,235,1.0986000000000002
2745,73,3,5,16,202,397,202,397,1.8056
2746,96,4,5,20,233,476,233,476,2.1963
2747,43,2,4,11,114,157,114,157,1.1163
2748,77,3,5,16,238,471,238,471,1.8451000000000002
2749,96,4,5,20,208,486,208,486,2.3655
2750,48,2,4,11,171,274,171,274,1.1302
2751,81,3,5,16,176,286,176,286,1.8738000000000001
2752,98,4,5,20,203,375,203,375,2.1338
2753,49,2,4,11,127,218,127,218,1.1134000000000002
2754,65,3,5,16,240,466,240,466,1.8427
2755,94,4,5,20,263,496,263,496,2.0983
2756,46,2,4,11,164,217,164,217,1.1687
2757,72,3,5,16,210,436,210,436,1.8637000000000001
2758,92,4,5,20,211,402,211,402,2.1102
2759,46,2,4,11,112,144,112,144,1.1258000000000001
2760,65,3,5,16,220,359,220,359,1.8098
2761,113,4,5,20,235,549,235,549,2.1664000000000003
2762,44,2,4,11,106,154,106,154,1.0935000000000001
2763,70,3,5,16,160,302,160,302,1.8152000000000001
2764,100,4,5,20,282,641,282,641,2.166
2765,51,2,4,11,168,260,168,266,1.1658
2766,69,3,5,16,228,394,228,394,2.1915000000000004
2767,98,4,5,20,262,539,262,539,2.114
2768,47,2,4,11,155,266,155,266,1.1172
2769,70,3,5,16,196,316,196,316,1.8010000000000002
2770,91,4,5,20,310,621,310,621,2.0752
2771,47,2,4,11,173,296,173,296,1.1219000000000001
2772,69,3,5,16,242,476,240,477,1.889
2773,105,4,5,20,263,599,263,599,2.2285
2774,50,2,4,11,133,224,133,224,1.1184
2775,75,3,5,16,185,348,185,348,1.7884000000000002
2776,99,4,5,20,220,414,220,414,2.1501
2777,48,2,4,11,142,250,142,250,1.2287000000000001
2778,74,3,5,16,279,536,279,536,1.9601000000000002
2779,98,4,5,20,218,403,218,403,2.1077
2780,40,2,4,11,175,264,175,264,1.0875000000000001
2781,59,3,5,16,255,449,255,449,1.7898
2782,100,4,5,20,213,419,213,419,2.3589
2783,51,2,4,11,179,273,179,273,1.1489
2784,69,3,5,16,247,400,247,400,2.3407000000000004
2785,107,4,5,20,213,525,213,525,2.1697
2786,53,2,4,11,189,306,189,306,1.1965000000000001
2787,73,3,5,16,207,374,207,374,1.824
2788,95,4,5,20,249,535,249,535,2.0858
2789,54,2,4,11,158,225,158,225,1.1782000000000001
2790,75,3,5,16,156,324,150,324,1.7733
2791,92,4,5,20,228,466,228,466,2.0568
2792,39,2,4,11,165,300,165,300,1.1023
2793,59,3,5,16,188,319,188,319,1.7196000000000002
2794,95,4,5,20,213,459,213,459,2.2586
2795,48,2,4,11,126,163,126,163,1.1173000000000002
2796,70,3,5,16,195,364,193,368,1.8048
2797,91,4,5,20,247,544,247,548,2.0699
2798,39,2,4,11,185,311,185,311,1.0726000000000002
2799,64,3,5,16,193,375,193,375,1.7777
2800,101,4,5,20,248,517,248,517,2.1232
2801,40,2,4,11,155,257,155,257,1.0856999999999999
2802,80,3,5,16,199,394,197,400,1.9533000000000003
2803,86,4,5,20,261,585,261,593,3.354
2804,56,2,4,11,169,259,169,261,1.1871000000000003
2805,71,3,5,16,191,364,191,364,1.7639
2806,98,4,5,20,238,567,238,567,2.0675000000000003
2807,48,2,4,11,133,223,133,223,1.1231000000000002
2808,68,3,5,16,181,341,179,342,1.9098000000000002
2809,101,4,5,20,252,458,252,458,2.1324
2810,45,2,4,11,170,264,170,264,1.1551
2811,83,3,5,16,206,369,194,384,1.9302000000000001
2812,100,4,5,20,313,687,313,687,2.2186000000000003
2813,41,2,4,11,189,271,189,271,1.0915
2814,69,3,5,16,215,389,215,389,1.7692
2815,112,4,5,20,169,335,169,335,2.1223
2816,50,2,4,11,102,122,102,122,1.0939
2817,82,3,5,16,114,217,114,217,1.8776000000000002
2818,96,4,5,20,267,601,267,601,2.0566
2819,39,2,4,11,197,285,197,285,1.1066
2820,70,3,5,16,252,491,252,499,1.9087
2821,98,4,5,20,261,606,261,606,2.1582000000000003
2822,52,2,4,11,139,220,139,220,1.2316
2823,79,3,5,16,213,410,213,410,1.7865000000000002
2824,101,4,5,20,187,341,187,341,2.1375
2825,49,2,4,11,125,221,125,221,1.1346
2826,82,3,5,16,218,365,218,365,1.8391000000000002
2827,93,4,5,20,254,471,254,471,2.0807
2828,54,2,4,11,171,298,171,298,1.178
2829,71,3,5,16,211,396,211,396,1.8192000000000002
2830,105,4,5,20,216,370,216,370,2.1713
2831,52,2,4,11,98,159,98,159,1.1474
2832,69,3,5,16,218,444,218,444,1.7868000000000002
2833,92,4,5,20,249,547,249,547,1.9895
2834,46,2,4,11,154,203,154,203,1.1023
2835,72,3,5,16,247,477,247,477,1.7635
2836,97,4,5,20,184,360,184,360,2.0759000000000003
2837,47,2,4,11,109,183,109,183,1.1219000000000001
2838,72,3,5,16,216,413,216,413,1.8744
2839,109,4,5,20,175,339,165,363,2.1845000000000003
2840,46,2,4,11,164,294,164,294,1.1540000000000001
2841,78,3,5,16,177,332,177,332,1.8463
2842,103,4,5,20,276,558,276,559,2.1678
2843,51,2,4,11,184,252,184,252,1.1418000000000001
2844,76,3,5,16,154,253,154,253,1.7927000000000002
2845,105,4,5,20,210,398,207,401,2.1153999999999997
2846,42,2,4,11,112,161,112,161,1.1093000000000002
2847,65,3,5,16,217,376,217,377,1.8570000000000002
2848,94,4,5,20,253,578,253,578,2.0873000000000004
2849,48,2,4,11,100,127,100,127,1.1588
2850,89,3,5,16,192,358,190,360,1.8952
2851,92,4,5,20,170,365,170,365,2.0981000000000005
2852,40,2,4,11,133,217,133,217,1.0897000000000001
2853,74,3,5,16,221,478,221,478,1.7682000000000002
2854,100,4,5,20,203,413,201,415,2.1244
2855,50,2,4,11,140,188,131,191,1.1406
2856,78,3,5,16,249,472,249,472,1.8635000000000002
2857,104,4,5,20,229,510,229,510,2.132
2858,51,2,4,11,166,198,166,198,1.1689
2859,68,3,5,16,198,347,198,347,1.7344000000000002
2860,99,4,5,20,256,531,256,533,2.1213
2861,50,2,4,11,203,327,203,327,1.1340000000000001
2862,69,3,5,16,188,361,188,361,1.8089
2863,111,4,5,20,225,452,225,452,2.2319
2864,53,2,4,11,122,188,122,188,1.1379000000000001
2865,72,3,5,16,239,540,239,540,2.0212000000000003
2866,91,4,5,20,249,522,249,522,2.1318
2867,44,2,4,11,153,272,153,272,1.1114
2868,74,3,5,16,148,286,148,286,1.8550000000000002
2869,94,4,5,20,261,544,261,544,2.1077
2870,52,2,4,11,179,272,179,276,1.1718
2871,69,3,5,16,186,388,186,388,1.7735
2872,100,4,5,20,229,509,229,525,2.0730000000000004
2873,44,2,4,11,144,252,144,252,1.1171
2874,65,3,5,16,200,394,200,394,1.8426
2875,94,4,5,20,290,638,290,642,2.104
2876,48,2,4,11,169,236,169,236,1.1388
2877,71,3,5,16,160,297,159,311,1.8042000000000002
2878,93,4,5,20,267,556,265,557,2.0891
2879,48,2,4,11,191,295,191,295,1.1561
2880,72,3,5,16,190,357,190,357,1.8401
2881,91,4,5,20,168,393,168,396,2.1007000000000002
2882,51,2,4,11,250,367,250,367,1.2092
2883,70,3,5,16,221,493,221,494,1.8402000000000003
2884,99,4,5,20,210,427,208,428,2.1001000000000003
2885,43,2,4,11,162,228,162,228,1.1527
2886,64,3,5,16,193,344,193,344,1.799
2887,98,4,5,20,256,539,256,539,2.1523000000000003
2888,39,2,4,11,124,161,124,161,1.0732000000000002
2889,79,3,5,16,166,285,166,285,1.8229000000000002
2890,105,4,5,20,236,396,236,396,2.1626000000000003
2891,44,2,4,11,159,226,159,226,2.0016000000000003
2892,76,3,5,16,276,529,276,529,1.8048
2893,103,4,5,20,273,534,273,534,2.1398
2894,52,2,4,11,97,182,97,182,1.1664
2895,74,3,5,16,197,418,197,418,1.7910000000000001
2896,96,4,5,20,257,616,257,616,2.6043000000000003
2897,43,2,4,11,151,262,151,262,1.111
2898,79,3,5,16,196,345,194,348,1.8732000000000002
2899,112,4,5,20,200,352,200,352,2.2008
2900,53,2,4,11,138,178,138,178,1.1334000000000002
2901,68,3,5,16,168,314,168,314,1.8761
2902,100,4,5,20,278,582,278,583,2.0984000000000003
2903,46,2,4,11,180,277,180,277,1.1625
2904,71,3,5,16,172,290,172,290,1.7872000000000001
2905,105,4,5,20,282,611,282,611,2.1623
2906,52,2,4,11,179,291,179,291,1.1300000000000001
2907,72,3,5,16,220,432,220,432,1.814
2908,99,4,5,20,217,502,215,504,2.0865000000000005
2909,47,2,4,11,106,197,106,197,1.1021
2910,81,3,5,16,179,369,179,369,1.8639000000000001
2911,89,4,5,20,210,456,210,456,2.1537
2912,52,2,4,11,119,231,119,231,1.1199000000000001
2913,77,3,5,16,203,334,203,335,1.8433000000000002
2914,89,4,5,20,204,430,202,433,2.0516
2915,51,2,4,11,115,200,115,200,1.1389
2916,71,3,5,16,193,343,193,343,1.8769000000000002
2917,93,4,5,20,246,557,246,557,2.3756000000000004
2918,50,2,4,11,151,220,151,220,1.1512
2919,70,3,5,16,213,389,213,389,1.8106000000000002
2920,92,4,5,20,198,451,198,451,2.0528
2921,49,2,4,11,173,330,173,330,1.1907
2922,72,3,5,16,218,406,218,406,1.8282
2923,82,4,5,20,196,400,195,400,1.984
2924,49,2,4,11,162,207,162,207,1.1627
2925,73,3,5,16,188,339,188,339,1.8659000000000001
2926,89,4,5,20,255,503,255,503,2.2104
2927,50,2,4,11,171,279,171,279,1.1695
2928,73,3,5,16,162,360,162,360,1.826
2929,102,4,5,20,303,667,303,667,2.3652
2930,37,2,4,11,176,193,176,193,1.0821
2931,75,3,5,16,224,376,224,376,1.8095
2932,99,4,5,20,224,394,224,394,2.1766000000000005
2933,53,2,4,11,135,199,135,199,1.2258
2934,72,3,5,16,177,299,177,299,1.7959
2935,104,4,5,20,268,545,266,546,2.2208
2936,57,2,4,11,157,238,157,238,1.1958000000000002
2937,77,3,5,16,196,384,196,384,1.8233000000000001
2938,85,4,5,20,268,535,268,535,2.4654
2939,42,2,4,11,183,299,183,299,1.1294
2940,78,3,5,16,199,409,199,409,1.8302
2941,95,4,5,20,154,323,154,323,2.0942
2942,54,2,4,11,165,211,165,211,1.1979
2943,70,3,5,16,236,423,236,423,1.8093
2944,86,4,5,20,226,431,226,431,2.1261
2945,48,2,4,11,217,336,217,336,1.193
2946,71,3,5,16,268,563,266,568,2.0050000000000003
2947,114,4,5,20,333,785,333,793,2.2777000000000003
2948,40,2,4,11,152,187,152,187,1.1137
2949,68,3,5,16,154,298,154,298,1.7612
2950,92,4,5,20,230,473,230,473,2.1445000000000003
2951,51,2,4,11,133,196,133,196,1.1920000000000002
2952,78,3,5,16,218,360,218,360,3.2814
2953,100,4,5,20,230,434,230,434,2.1283
2954,45,2,4,11,141,262,141,262,1.1134000000000002
2955,65,3,5,16,242,430,242,430,1.7938
2956,95,4,5,20,211,448,211,448,2.1314
2957,47,2,4,11,134,195,134,195,1.1383
2958,73,3,5,16,204,384,204,384,1.8401
2959,95,4,5,20,255,561,255,561,2.089
2960,49,2,4,11,191,320,191,320,1.1591000000000002
2961,70,3,5,16,224,393,224,393,1.8733
2962,98,4,5,20,250,518,246,525,2.1940000000000004
2963,50,2,4,11,136,210,136,210,1.1296000000000002
2964,62,3,5,16,173,282,173,282,1.9121000000000001
2965,98,4,5,20,255,593,255,593,2.1578999999999997
2966,54,2,4,11,117,164,117,164,1.1831
2967,74,3,5,16,257,501,257,501,1.864
2968,89,4,5,20,289,666,289,667,2.1813000000000002
2969,53,2,4,11,144,167,144,167,1.2821
2970,74,3,5,16,191,330,191,330,1.8573000000000002
2971,101,4,5,20,222,465,222,467,2.1113
2972,50,2,4,11,149,241,149,241,1.1692
2973,77,3,5,16,218,470,218,470,1.9043
2974,114,4,5,20,152,258,152,258,2.5558
2975,48,2,4,11,197,313,197,313,1.1237000000000001
2976,69,3,5,16,212,433,212,433,1.8163
2977,97,4,5,20,236,461,236,461,2.2110000000000003
2978,49,2,4,11,130,162,130,162,1.1025
2979,59,3,5,16,180,330,180,330,1.7323000000000002
2980,89,4,5,20,214,468,214,468,2.0638
2981,44,2,4,11,94,146,94,146,1.1573
2982,71,3,5,16,177,318,177,318,1.8066000000000002
2983,107,4,5,20,263,547,263,547,2.2144
2984,40,2,4,11,150,199,150,199,1.1022
2985,65,3,5,16,213,415,213,415,1.7910000000000001
2986,113,4,5,20,186,420,186,423,2.1219000000000006
2987,49,2,4,11,152,202,152,202,1.1602000000000001
2988,73,3,5,16,173,314,173,314,1.7732
2989,91,4,5,20,251,561,251,561,2.1383
2990,47,2,4,11,105,200,105,200,1.1632
2991,77,3,5,16,150,273,150,273,1.8372000000000002
2992,95,4,5,20,212,400,212,400,2.7743
2993,53,2,4,11,176,273,176,273,1.1542
2994,81,3,5,16,229,526,229,526,1.8411
2995,90,4,5,20,264,561,264,561,2.0865000000000005
2996,46,2,4,11,155,250,155,250,1.1007
2997,76,3,5,16,188,372,188,372,1.8375000000000001
2998,98,4,5,20,209,439,209,443,2.1131
2999,50,2,4,11,125,224,125,224,1.2759000000000003
3000,77,3,5,16,232,441,232,441,1.8291000000000002
3001,100,4,5,20,274,603,274,609,2.2401
3002,45,2,4,11,104,172,104,172,1.1282
3003,73,3,5,16,229,450,229,450,1.8286
3004,98,4,5,20,226,444,226,444,2.0933
3005,46,2,4,11,202,303,202,303,1.2066000000000001
3006,76,3,5,16,209,388,209,388,1.768
3007,94,4,5,20,191,396,191,396,2.0305
3008,56,2,4,11,135,203,135,203,1.1435
3009,71,3,5,16,188,339,188,339,1.8467000000000002
3010,103,4,5,20,238,523,238,523,2.1217
3011,50,2,4,11,145,275,145,275,1.1474
3012,80,3,5,16,154,224,154,224,1.7811000000000001
3013,112,4,5,20,239,536,239,536,2.1693000000000002
3014,55,2,4,11,112,185,112,185,1.1074000000000002
3015,64,3,5,16,240,425,240,425,1.7254000000000003
3016,110,4,5,20,282,555,282,555,2.1429
3017,50,2,4,11,174,292,174,292,1.1622000000000001
3018,71,3,5,16,143,231,143,231,1.7722
3019,95,4,5,20,212,406,212,406,2.1142000000000003
3020,47,2,4,11,150,201,149,206,1.1495000000000002
3021,67,3,5,16,223,374,219,377,2.8056
3022,102,4,5,20,211,488,211,491,2.0918
3023,45,2,4,11,148,217,148,217,1.1868
3024,76,3,5,16,205,352,205,352,1.8288000000000002
3025,99,4,5,20,173,344,171,345,2.0619
3026,62,2,4,11,187,264,187,264,1.2224
3027,71,3,5,16,156,310,154,325,1.8341000000000003
3028,92,4,5,20,243,531,243,531,2.0552
3029,49,2,4,11,186,305,186,305,1.1619
3030,72,3,5,16,203,372,203,372,1.9848999999999999
3031,100,4,5,20,221,421,220,426,2.1386
3032,43,2,4,11,148,228,148,228,1.175
3033,79,3,5,16,201,373,201,373,1.8137
3034,96,4,5,20,197,393,194,394,2.3247000000000004
3035,51,2,4,11,187,299,187,299,1.1689
3036,69,3,5,16,193,422,193,423,1.7252
3037,107,4,5,20,168,350,168,350,2.1536000000000004
3038,49,2,4,11,130,154,130,154,1.1653
3039,68,3,5,16,193,437,193,437,1.7556000000000003
3040,97,4,5,20,203,442,203,442,2.1334
3041,53,2,4,11,191,300,191,300,1.1436
3042,67,3,5,16,200,329,200,329,1.7845
3043,86,4,5,20,273,575,273,575,2.1274
3044,54,2,4,11,134,180,134,180,1.1642
3045,88,3,5,16,144,242,144,242,1.8474000000000002
3046,91,4,5,20,274,557,274,562,2.141
3047,50,2,4,11,150,204,150,204,1.1406
3048,74,3,5,16,128,279,128,279,1.7951000000000001
3049,98,4,5,20,194,401,194,401,2.1087000000000002
3050,46,2,4,11,187,284,187,284,1.1354000000000002
3051,74,3,5,16,188,460,188,462,1.8117
3052,105,4,5,20,152,301,152,301,2.359
3053,46,2,4,11,173,270,173,270,1.1768
3054,66,3,5,16,242,455,242,455,1.7923000000000002
3055,101,4,5,20,271,618,271,618,2.1643
3056,45,2,4,11,164,295,164,295,1.1055000000000001
3057,75,3,5,16,218,426,218,426,1.8690000000000002
3058,101,4,5,20,191,470,191,470,2.1179
3059,45,2,4,11,191,285,191,285,1.1847
3060,57,3,5,16,217,410,217,410,1.7594
3061,98,4,5,20,291,630,291,630,2.0873000000000004
3062,50,2,4,11,129,210,129,210,1.2738
3063,75,3,5,16,266,553,266,553,1.826
3064,92,4,5,20,293,638,293,638,2.0935
3065,56,2,4,11,223,347,223,347,1.1665
3066,69,3,5,16,196,388,196,388,1.8175000000000001
3067,100,4,5,20,298,639,298,639,2.1818000000000004
3068,48,2,4,11,167,249,167,249,1.1653
3069,74,3,5,16,182,384,182,386,1.8116
3070,97,4,5,20,266,560,264,562,2.1374000000000004
3071,47,2,4,11,137,245,137,245,1.1519
3072,80,3,5,16,209,327,209,327,1.9055
3073,100,4,5,20,223,493,223,493,2.1378
3074,47,2,4,11,142,277,142,277,1.1149
3075,61,3,5,16,184,341,184,341,1.6940000000000002
3076,110,4,5,20,210,376,210,376,2.1679
3077,48,2,4,11,186,305,186,305,1.1605
3078,80,3,5,16,275,564,275,564,1.8203000000000003
3079,107,4,5,20,253,546,253,546,2.1605000000000003
3080,56,2,4,11,155,223,155,223,1.2083000000000002
3081,69,3,5,16,185,356,185,356,1.7795
3082,104,4,5,20,268,558,268,561,2.7888
3083,52,2,4,11,116,134,116,134,1.6227
3084,74,3,5,16,128,229,128,229,1.7856
3085,108,4,5,20,224,405,224,405,2.1631000000000005
3086,48,2,4,11,148,198,148,198,1.1673
3087,81,3,5,16,224,481,224,482,1.8811000000000002
3088,92,4,5,20,217,477,217,477,2.1301
3089,52,2,4,11,141,231,141,231,1.3523
3090,59,3,5,16,184,336,184,336,2.4054
3091,99,4,5,20,190,390,190,390,2.0404
3092,42,2,4,11,172,265,172,265,1.1431
3093,87,3,5,16,200,341,200,341,1.8557000000000001
3094,93,4,5,20,245,511,242,512,2.1623
3095,47,2,4,11,142,156,142,156,1.1311000000000002
3096,76,3,5,16,225,503,225,503,1.8571000000000002
3097,93,4,5,20,329,686,326,688,2.0973
3098,48,2,4,11,148,204,148,204,1.1891
3099,80,3,5,16,219,438,219,438,1.9176000000000002
3100,106,4,5,20,274,583,274,586,3.033
3101,46,2,4,11,169,293,169,293,1.1535
3102,76,3,5,16,150,278,150,278,1.8706
3103,81,4,5,20,299,596,299,596,2.0453
3104,55,2,4,11,134,179,134,179,1.1571
3105,74,3,5,16,210,395,210,395,1.8144
3106,98,4,5,20,268,541,268,541,2.1470000000000002
3107,48,2,4,11,126,195,126,195,1.1597
3108,71,3,5,16,254,509,254,509,1.8172000000000001
3109,97,4,5,20,244,486,242,490,2.1558
3110,54,2,4,11,129,178,129,178,1.1966999999999999
3111,71,3,5,16,172,346,172,346,1.7405000000000002
3112,90,4,5,20,222,431,222,431,2.1750000000000003
3113,47,2,4,11,150,185,150,185,1.1004
3114,71,3,5,16,216,333,216,333,1.7885000000000002
3115,103,4,5,20,210,374,210,374,2.1018
3116,53,2,4,11,130,189,130,189,1.2177000000000002
3117,86,3,5,16,263,535,263,535,1.9045
3118,98,4,5,20,252,589,252,590,2.1224
3119,45,2,4,11,112,144,112,144,1.118
3120,76,3,5,16,268,520,268,525,1.8518000000000001
3121,98,4,5,20,243,496,243,496,2.1891000000000003
3122,42,2,4,11,174,219,174,219,1.108
3123,72,3,5,16,216,388,216,388,1.86
3124,91,4,5,20,265,591,265,591,2.08
3125,47,2,4,11,175,292,175,292,1.1667
3126,64,3,5,16,188,328,188,328,1.7181000000000002
3127,87,4,5,20,265,543,265,543,2.0837
3128,54,2,4,11,136,199,136,199,1.1743000000000001
3129,76,3,5,16,231,550,231,550,1.8464000000000003
3130,112,4,5,20,189,434,189,434,2.2218000000000004
3131,38,2,4,11,168,263,168,263,1.0959
3132,74,3,5,16,160,314,160,314,1.8262
3133,100,4,5,20,205,411,205,411,2.0674
3134,49,2,4,11,155,259,155,259,1.1442
3135,71,3,5,16,206,391,206,391,1.7988000000000002
3136,86,4,5,20,254,502,254,502,2.078
3137,39,2,4,11,113,134,113,134,1.1102
3138,68,3,5,16,210,391,210,391,1.7877
3139,103,4,5,20,184,353,182,358,2.0891
3140,49,2,4,11,141,246,141,246,1.12
3141,88,3,5,16,156,240,156,240,1.826
3142,96,4,5,20,207,467,207,467,2.123
3143,51,2,4,11,165,261,165,261,1.1426
3144,76,3,5,16,190,342,190,342,1.8072000000000001
3145,89,4,5,20,236,504,236,504,2.0992
3146,54,2,4,11,155,297,155,297,1.1493
3147,85,3,5,16,187,403,187,403,1.8468000000000002
3148,98,4,5,20,202,447,202,447,2.0835000000000004
3149,51,2,4,11,158,218,158,218,1.17
3150,74,3,5,16,179,371,179,371,1.7961
3151,97,4,5,20,266,561,264,562,2.1578
3152,45,2,4,11,161,306,161,306,1.1145
3153,70,3,5,16,204,400,204,400,1.8623
3154,96,4,5,20,242,467,242,467,2.1345
3155,48,2,4,11,129,253,129,253,1.1181
3156,66,3,5,16,207,370,207,370,1.7457000000000003
3157,92,4,5,20,230,440,230,440,2.1217
3158,41,2,4,11,194,273,177,286,1.1151000000000002
3159,80,3,5,16,154,247,154,247,1.8292
3160,98,4,5,20,229,456,227,458,2.2702
3161,46,2,4,11,131,196,131,196,1.1300999999999999
3162,69,3,5,16,221,396,221,396,1.8284000000000002
3163,100,4,5,20,232,515,232,515,2.2074
3164,41,2,4,11,134,214,134,214,1.1174000000000002
3165,77,3,5,16,210,419,210,420,1.8089
3166,103,4,5,20,254,464,254,464,2.6637000000000004
3167,39,2,4,11,110,144,110,144,1.0626000000000002
3168,81,3,5,16,164,308,161,311,1.8536000000000001
3169,96,4,5,20,238,526,238,527,2.0986
3170,53,2,4,11,136,209,136,209,1.1559000000000001
3171,72,3,5,16,224,388,224,388,2.0375
3172,98,4,5,20,219,464,219,464,2.1151
3173,50,2,4,11,202,276,202,276,1.2138000000000002
3174,61,3,5,16,144,274,144,274,2.1106000000000003
3175,90,4,5,20,276,704,276,704,2.024
3176,55,2,4,11,128,160,128,160,1.1128000000000002
3177,75,3,5,16,214,388,214,388,1.8403
3178,104,4,5,20,252,551,252,552,2.1528000000000005
3179,52,2,4,11,135,243,135,243,1.1267
3180,70,3,5,16,190,406,190,406,1.7606000000000002
3181,94,4,5,20,263,546,263,566,2.1459
3182,47,2,4,11,147,253,146,267,1.1503
3183,66,3,5,16,231,368,231,368,1.8349000000000002
3184,103,4,5,20,236,538,236,538,2.1091
3185,52,2,4,11,123,200,123,200,1.1536
3186,61,3,5,16,219,374,219,374,1.7727000000000002
3187,101,4,5,20,208,414,208,414,2.1247000000000003
3188,41,2,4,11,161,257,161,257,1.118
3189,73,3,5,16,153,303,153,303,2.0639
3190,100,4,5,20,227,491,227,491,2.0925000000000002
3191,46,2,4,11,163,280,163,280,1.1142
3192,71,3,5,16,180,303,180,305,1.7684
3193,104,4,5,20,229,483,229,483,2.1504000000000003
3194,43,2,4,11,154,211,154,211,1.1846
3195,77,3,5,16,161,294,161,294,1.7695
3196,97,4,5,20,204,356,204,357,2.0847
3197,52,2,4,11,171,247,171,247,1.1796
3198,68,3,5,16,175,276,175,276,1.8184000000000002
3199,104,4,5,20,271,516,271,516,2.2479
3200,42,2,4,11,110,141,110,141,1.4182000000000001
3201,73,3,5,16,243,495,243,495,1.8022
3202,100,4,5,20,254,525,254,525,2.1571000000000002
3203,37,2,4,11,153,245,153,245,1.1267
3204,81,3,5,16,202,435,202,443,1.8349000000000002
3205,84,4,5,20,194,410,194,418,2.1031
3206,45,2,4,11,181,284,181,284,1.1279000000000001
3207,68,3,5,16,235,422,235,422,1.8792000000000002
3208,101,4,5,20,233,451,233,453,2.271
3209,40,2,4,11,197,313,197,313,1.1369000000000002
3210,79,3,5,16,144,265,144,265,1.8305
3211,107,4,5,20,200,399,200,399,2.2521
3212,44,2,4,11,151,229,151,229,1.159
3213,76,3,5,16,272,531,272,531,1.8278
3214,96,4,5,20,266,570,264,571,2.2366
3215,45,2,4,11,130,182,130,182,1.1195000000000002
3216,76,3,5,16,183,367,183,367,1.7787
3217,96,4,5,20,267,623,267,623,2.2482
3218,56,2,4,11,143,252,143,252,1.1801000000000001
3219,64,3,5,16,197,355,197,355,1.7652
3220,92,4,5,20,280,574,280,574,2.1021
3221,52,2,4,11,104,158,104,158,1.1683000000000001
3222,69,3,5,16,263,522,263,522,1.7968000000000002
3223,90,4,5,20,270,506,268,509,2.1583
3224,48,2,4,11,217,365,217,365,1.1464
3225,67,3,5,16,126,301,126,301,1.8317
3226,96,4,5,20,268,542,268,542,2.1004
3227,47,2,4,11,183,276,181,290,1.1551
3228,59,3,5,16,258,528,258,528,1.7445000000000002
3229,97,4,5,20,232,500,232,500,2.1024
3230,56,2,4,11,165,243,165,243,1.2197
3231,73,3,5,16,220,379,220,389,1.8512000000000002
3232,105,4,5,20,356,707,356,708,2.201
3233,52,2,4,11,194,241,192,244,1.1845
3234,83,3,5,16,188,325,188,325,1.8531000000000002
3235,97,4,5,20,253,540,253,540,2.0943000000000005
3236,46,2,4,11,178,291,178,291,1.1424
3237,75,3,5,16,230,469,230,469,1.8089
3238,93,4,5,20,286,644,284,649,2.1372
3239,49,2,4,11,109,189,109,189,1.1253000000000002
3240,63,3,5,16,225,398,223,401,1.8056
3241,95,4,5,20,234,488,234,488,2.0531
3242,50,2,4,11,156,245,156,245,1.1472000000000002
3243,66,3,5,16,176,304,176,304,1.9831000000000003
3244,98,4,5,20,276,511,276,511,2.1695
3245,49,2,4,11,151,281,151,281,1.2627000000000002
3246,68,3,5,16,204,334,204,334,1.8364000000000003
3247,88,4,5,20,238,499,238,499,2.0482
3248,48,2,4,11,146,204,146,204,1.6149
3249,83,3,5,16,169,316,169,316,1.8622
3250,105,4,5,20,240,518,238,518,2.1926
3251,41,2,4,11,177,259,177,259,1.1023
3252,59,3,5,16,223,412,223,412,1.6900000000000002
3253,99,4,5,20,249,566,249,566,2.1043
3254,43,2,4,11,152,198,152,198,1.0771000000000002
3255,68,3,5,16,150,315,150,315,1.7517
3256,90,4,5,20,234,573,234,573,2.0345000000000004
3257,40,2,4,11,178,221,178,221,1.1107
3258,73,3,5,16,223,371,223,371,2.0741
3259,90,4,5,20,274,579,274,579,2.0684
3260,54,2,4,11,131,182,131,182,1.2136
3261,76,3,5,16,216,393,216,393,1.8828
3262,105,4,5,20,242,489,242,495,2.1988000000000003
3263,50,2,4,11,120,162,120,162,1.1439
3264,58,3,5,16,275,486,275,486,1.7186000000000001
3265,85,4,5,20,282,537,282,537,2.0398
3266,47,2,4,11,149,252,149,252,1.1221
3267,75,3,5,16,222,389,222,394,1.8283000000000003
3268,107,4,5,20,278,598,278,598,2.1519
3269,55,2,4,11,205,327,205,327,1.1424
3270,73,3,5,16,223,498,221,499,2.0479000000000003
3271,94,4,5,20,246,395,246,395,2.116
3272,49,2,4,11,147,215,147,215,1.2640000000000002
3273,74,3,5,16,204,397,203,401,1.8346
3274,85,4,5,20,319,688,319,688,2.0837
3275,38,2,4,11,139,230,139,230,1.0782
3276,71,3,5,16,162,293,162,293,1.8474000000000002
3277,114,4,5,20,222,406,222,406,2.2055
3278,52,2,4,11,159,268,159,268,1.1898
3279,70,3,5,16,242,478,242,486,1.9004000000000003
3280,96,4,5,20,213,398,213,398,2.1417
3281,47,2,4,11,206,328,206,328,1.1207
3282,72,3,5,16,177,338,177,338,1.7885000000000002
3283,101,4,5,20,216,432,214,436,2.1225
3284,50,2,4,11,156,266,156,266,1.1348
3285,75,3,5,16,154,260,154,260,1.8531000000000002
3286,96,4,5,20,317,707,317,707,2.0964
3287,47,2,4,11,225,332,225,332,1.1752000000000002
3288,71,3,5,16,268,605,268,605,1.9243000000000001
3289,102,4,5,20,214,439,214,443,2.2126
3290,48,2,4,11,132,179,132,179,1.1297
3291,77,3,5,16,162,310,162,310,1.818
3292,107,4,5,20,241,454,241,454,2.2256000000000005
3293,41,2,4,11,171,273,171,273,1.145
3294,69,3,5,16,213,364,213,364,1.8242000000000003
3295,102,4,5,20,205,417,205,418,2.1338
3296,56,2,4,11,127,220,127,220,1.1374
3297,72,3,5,16,215,406,215,406,1.8948
3298,93,4,5,20,185,350,185,352,2.1182000000000003
3299,40,2,4,11,148,194,148,194,1.0957000000000001
3300,73,3,5,16,200,393,198,396,1.8471000000000002
3301,102,4,5,20,216,431,216,432,2.1272
3302,39,2,4,11,142,189,142,189,1.0730000000000002
3303,63,3,5,16,261,553,261,557,1.8493000000000002
3304,94,4,5,20,277,549,275,550,2.0953
3305,54,2,4,11,163,273,163,273,1.1772
3306,71,3,5,16,135,310,135,310,1.7679000000000002
3307,98,4,5,20,282,588,282,588,2.1587
3308,52,2,4,11,153,231,153,231,1.1599000000000002
3309,74,3,5,16,185,350,185,351,1.7445000000000002
3310,90,4,5,20,185,370,185,371,2.0785
3311,54,2,4,11,155,255,155,255,1.1857
3312,68,3,5,16,138,249,138,249,1.7883
3313,98,4,5,20,266,572,263,572,2.1661
3314,52,2,4,11,147,235,147,235,1.2004000000000001
3315,83,3,5,16,219,389,219,389,2.0389000000000004
3316,93,4,5,20,256,562,256,562,2.0841000000000003
3317,42,2,4,11,179,251,178,255,1.1058000000000001
3318,73,3,5,16,127,227,127,227,1.7786000000000002
3319,86,4,5,20,271,550,271,550,2.1213
3320,47,2,4,11,125,205,125,205,1.3254
3321,74,3,5,16,207,391,207,391,1.7792000000000001
3322,90,4,5,20,281,600,281,600,2.1074
3323,57,2,4,11,222,386,222,386,2.0645
3324,74,3,5,16,274,478,274,478,1.8624
3325,86,4,5,20,200,340,199,340,2.0363
3326,50,2,4,11,157,295,157,295,1.1263
3327,72,3,5,16,226,418,226,418,1.8466
3328,90,4,5,20,260,596,260,596,2.0535
3329,51,2,4,11,160,264,160,264,1.1512
3330,69,3,5,16,100,186,100,186,1.7415000000000003
3331,93,4,5,20,273,591,273,591,2.068
3332,46,2,4,11,139,208,139,208,1.1382
3333,59,3,5,16,231,379,231,379,1.7963
3334,98,4,5,20,241,523,240,524,2.0737
3335,50,2,4,11,159,237,159,237,1.1422
3336,67,3,5,16,253,477,253,477,1.7632
3337,88,4,5,20,297,667,297,667,2.0825
3338,39,2,4,11,141,230,141,230,1.0493
3339,75,3,5,16,151,313,151,313,1.8649
3340,94,4,5,20,274,538,274,545,2.1889000000000003
3341,49,2,4,11,138,177,138,177,1.1704
3342,82,3,5,16,160,316,160,316,1.8194000000000001
3343,107,4,5,20,267,535,267,535,2.1684
3344,45,2,4,11,122,160,122,160,1.1821000000000002
3345,84,3,5,16,214,454,214,454,1.8914000000000002
3346,91,4,5,20,267,505,267,505,2.1505
3347,49,2,4,11,156,305,156,305,1.1289000000000002
3348,80,3,5,16,140,217,140,217,1.8547000000000002
3349,108,4,5,20,218,505,218,510,2.1844
3350,60,2,4,11,165,261,165,261,1.3296000000000001
3351,77,3,5,16,146,257,146,257,1.9902000000000002
3352,107,4,5,20,209,442,209,442,2.1157000000000004
3353,43,2,4,11,137,180,137,180,1.1348
3354,62,3,5,16,219,430,213,434,1.7733
3355,95,4,5,20,234,455,230,459,2.2588
3356,45,2,4,11,173,310,173,310,1.1165
3357,78,3,5,16,213,463,213,463,1.8036
3358,91,4,5,20,286,575,286,575,2.0682
3359,48,2,4,11,137,206,137,206,1.1414000000000002
3360,62,3,5,16,237,408,237,408,1.7424000000000002
3361,92,4,5,20,253,593,253,597,2.0919000000000003
3362,45,2,4,11,164,290,164,290,1.1106
3363,80,3,5,16,263,511,263,511,1.9261
3364,96,4,5,20,260,539,260,539,2.0668
3365,54,2,4,11,143,204,143,204,1.2088
3366,74,3,5,16,247,486,247,486,1.9083
3367,105,4,5,20,247,474,243,475,2.1867
3368,46,2,4,11,112,197,112,197,1.1919000000000002
3369,70,3,5,16,248,453,248,453,1.7870000000000001
3370,94,4,5,20,226,393,226,393,2.2121000000000004
3371,48,2,4,11,88,105,88,105,1.1536
3372,66,3,5,16,206,409,206,409,1.8364000000000003
3373,89,4,5,20,227,430,225,431,2.0594
3374,50,2,4,11,184,239,184,239,1.1559000000000001
3375,67,3,5,16,210,409,210,409,1.8187000000000002
3376,97,4,5,20,288,632,288,637,2.2016
3377,44,2,4,11,141,206,141,206,1.1108
3378,84,3,5,16,240,487,240,487,1.9052000000000002
3379,84,4,5,20,194,341,194,342,2.1864000000000003
3380,46,2,4,11,199,292,199,292,1.1521000000000001
3381,76,3,5,16,153,242,153,242,1.8069000000000002
3382,88,4,5,20,247,580,247,580,2.1182000000000003
3383,47,2,4,11,135,208,135,208,1.1562000000000001
3384,64,3,5,16,177,320,177,320,1.8013000000000001
3385,110,4,5,20,301,586,301,586,2.1674
3386,45,2,4,11,108,179,108,179,1.1423
3387,68,3,5,16,196,355,196,355,2.0423
3388,88,4,5,20,297,595,297,595,2.1959000000000004
3389,45,2,4,11,158,229,158,229,1.1171
3390,73,3,5,16,146,251,146,251,1.7711000000000001
3391,108,4,5,20,237,573,237,575,2.2171
3392,45,2,4,11,227,355,227,355,1.0986000000000002
3393,72,3,5,16,202,376,202,376,1.8460000000000003
3394,108,4,5,20,295,613,295,613,2.1301
3395,47,2,4,11,120,192,120,192,1.1873
3396,73,3,5,16,218,442,218,442,1.8588
3397,103,4,5,20,212,397,212,401,2.095
3398,48,2,4,11,126,156,126,156,1.119
3399,67,3,5,16,212,378,212,378,1.8306000000000002
3400,94,4,5,20,141,304,141,304,2.0944000000000003
3401,49,2,4,11,86,107,86,107,1.1615
3402,68,3,5,16,239,517,239,517,1.7615
3403,86,4,5,20,216,459,216,459,2.1185
3404,46,2,4,11,167,241,167,241,1.1206
3405,86,3,5,16,235,483,235,483,1.8495
3406,97,4,5,20,250,517,250,517,2.1523000000000003
3407,50,2,4,11,80,126,80,126,1.1264
3408,86,3,5,16,168,248,168,248,1.8524
3409,89,4,5,20,192,338,192,338,2.0773
3410,42,2,4,11,139,223,139,223,1.0911
3411,61,3,5,16,159,287,159,287,1.7525000000000002
3412,97,4,5,20,168,382,168,382,2.118
3413,36,2,4,11,147,275,147,275,1.0712
3414,79,3,5,16,238,465,238,466,1.9139000000000002
3415,101,4,5,20,232,458,232,458,3.1067
3416,49,2,4,11,146,210,146,210,1.1300000000000001
3417,83,3,5,16,198,348,198,348,1.7994
3418,110,4,5,20,263,562,263,562,2.1633
3419,41,2,4,11,157,261,157,261,1.0956000000000001
3420,65,3,5,16,210,388,210,388,2.0056000000000003
3421,106,4,5,20,215,418,215,418,2.1580000000000004
3422,48,2,4,11,165,310,165,310,1.1669
3423,75,3,5,16,158,357,156,358,1.8009
3424,88,4,5,20,295,525,295,531,2.1367000000000003
3425,50,2,4,11,153,196,153,196,1.1511000000000002
3426,66,3,5,16,190,338,190,338,1.8269
3427,98,4,5,20,260,535,260,535,3.2249000000000003
3428,44,2,4,11,186,285,186,285,1.1257000000000001
3429,77,3,5,16,184,337,184,337,1.8312000000000002
3430,96,4,5,20,204,513,202,515,2.0459
3431,47,2,4,11,159,208,159,208,1.1981000000000002
3432,75,3,5,16,163,286,163,286,1.8577000000000001
3433,100,4,5,20,242,424,242,424,2.2097
3434,49,2,4,11,169,246,169,246,1.1524
3435,76,3,5,16,178,268,178,268,1.7751000000000001
3436,90,4,5,20,284,652,282,653,2.0582000000000003
3437,44,2,4,11,192,279,192,279,1.1325
3438,67,3,5,16,262,485,261,490,1.8077
3439,93,4,5,20,201,413,201,413,2.0789000000000004
3440,46,2,4,11,108,161,108,161,1.1141
3441,77,3,5,16,263,536,261,538,1.9277
3442,110,4,5,20,176,348,176,348,2.1831000000000005
3443,52,2,4,11,140,178,140,178,1.1966
3444,78,3,5,16,204,355,204,355,1.8749
3445,90,4,5,20,227,451,227,451,2.0944000000000003
3446,48,2,4,11,179,272,179,272,1.2027
3447,69,3,5,16,198,351,198,351,1.8126000000000002
3448,101,4,5,20,277,525,277,525,2.0906000000000002
3449,42,2,4,11,176,269,168,275,1.1287
3450,68,3,5,16,188,425,188,425,1.7667000000000002
3451,91,4,5,20,238,487,238,487,2.1728000000000005
3452,42,2,4,11,156,229,156,229,1.1124
3453,61,3,5,16,256,429,256,430,1.7528000000000001
3454,96,4,5,20,212,474,212,474,2.1573
3455,56,2,4,11,112,174,112,174,1.2198
3456,77,3,5,16,173,292,173,292,1.8338
3457,95,4,5,20,234,550,234,550,2.1377
3458,45,2,4,11,172,286,172,286,1.1393
3459,80,3,5,16,155,276,155,276,1.8023000000000002
3460,99,4,5,20,203,397,203,397,2.0883
3461,50,2,4,11,163,279,163,279,1.1867
3462,61,3,5,16,271,559,271,560,1.7761
3463,95,4,5,20,195,352,185,367,2.1578
3464,53,2,4,11,149,242,149,242,1.1530000000000002
3465,72,3,5,16,204,378,204,378,1.8171000000000002
3466,98,4,5,20,253,558,253,558,2.1763
3467,50,2,4,11,122,176,122,176,1.1838
3468,77,3,5,16,149,310,149,310,1.8183
3469,101,4,5,20,303,668,303,668,2.212
3470,56,2,4,11,122,231,122,231,1.1483
3471,68,3,5,16,245,464,243,465,1.8674000000000002
3472,103,4,5,20,159,387,159,387,2.0936000000000003
3473,57,2,4,11,96,144,96,144,1.1897000000000002
3474,72,3,5,16,250,440,250,441,1.8064
3475,106,4,5,20,245,509,243,510,2.2533000000000003
3476,42,2,4,11,128,151,128,151,1.0990000000000002
3477,59,3,5,16,200,354,200,354,1.8188000000000002
3478,100,4,5,20,219,429,219,429,2.1395000000000004
3479,41,2,4,11,126,171,126,171,1.106
3480,74,3,5,16,175,294,175,294,1.8463
3481,97,4,5,20,226,488,226,488,2.0983
3482,50,2,4,11,172,254,172,254,1.1255
3483,69,3,5,16,176,285,176,285,1.8618000000000001
3484,94,4,5,20,238,485,238,489,2.1409000000000002
3485,35,2,4,11,152,168,152,168,1.0971000000000002
3486,60,3,5,16,248,406,246,416,2.867
3487,101,4,5,20,194,351,194,351,2.1153
3488,46,2,4,11,127,214,127,214,1.0669
3489,78,3,5,16,190,373,190,373,1.8557000000000001
3490,97,4,5,20,250,532,250,532,2.1075
3491,52,2,4,11,141,253,141,253,1.1847
3492,81,3,5,16,233,462,233,462,1.8050000000000002
3493,91,4,5,20,188,357,188,357,2.0777
3494,47,2,4,11,216,273,216,273,1.1400000000000001
3495,75,3,5,16,172,340,170,341,1.8492
3496,98,4,5,20,200,486,200,489,2.0736
3497,48,2,4,11,107,199,107,199,1.1816000000000002
3498,80,3,5,16,180,293,180,293,1.8107000000000002
3499,93,4,5,20,265,495,265,495,2.1034
3500,41,2,4,11,164,276,164,276,1.1532
3501,68,3,5,16,192,365,192,365,1.7834
3502,101,4,5,20,215,438,215,438,2.0774
3503,58,2,4,11,138,264,138,264,1.1606
3504,71,3,5,16,166,315,166,315,1.8568
3505,105,4,5,20,206,411,206,411,2.1794000000000002
3506,33,2,4,11,175,279,175,279,1.1285
3507,73,3,5,16,226,374,225,376,1.7663000000000002
3508,99,4,5,20,255,536,255,536,2.1918
3509,50,2,4,11,143,236,143,236,1.1852
3510,76,3,5,16,149,253,149,253,1.7528000000000001
3511,108,4,5,20,196,404,196,404,2.1605000000000003
3512,56,2,4,11,73,156,73,156,1.1738
3513,76,3,5,16,203,428,203,428,1.835
3514,107,4,5,20,324,745,322,748,2.224
3515,47,2,4,11,143,259,143,259,1.1124
3516,75,3,5,16,247,499,244,503,1.8078
3517,105,4,5,20,251,561,251,561,2.1587
3518,43,2,4,11,132,156,132,156,1.1268
3519,80,3,5,16,226,407,226,407,1.8100000000000003
3520,100,4,5,20,199,397,199,397,2.1236
3521,44,2,4,11,200,268,200,268,1.1323
3522,72,3,5,16,195,358,195,358,1.9916
3523,104,4,5,20,257,485,257,487,2.1401000000000003
3524,41,2,4,11,126,153,126,153,1.0828
3525,72,3,5,16,168,311,168,311,1.7783
3526,85,4,5,20,232,453,230,454,2.1187000000000005
3527,51,2,4,11,175,279,175,279,1.2219000000000002
3528,59,3,5,16,224,364,224,364,1.7539
3529,85,4,5,20,248,558,246,562,2.0954
3530,60,2,4,11,159,255,159,255,1.2037
3531,75,3,5,16,265,563,265,563,2.3914
3532,99,4,5,20,188,380,188,380,2.2238
3533,43,2,4,11,175,312,175,312,1.1431
3534,82,3,5,16,218,383,218,383,1.8505000000000003
3535,97,4,5,20,234,436,234,436,2.1228000000000002
3536,54,2,4,11,119,176,115,181,1.1689
3537,72,3,5,16,243,436,243,442,1.8339
3538,94,4,5,20,224,424,224,424,2.1006
3539,57,2,4,11,167,259,167,259,1.2368000000000001
3540,71,3,5,16,290,561,290,561,1.8756000000000002
3541,99,4,5,20,243,485,243,485,2.1954000000000002
3542,47,2,4,11,118,152,118,152,1.1142
3543,75,3,5,16,147,293,147,293,1.7751000000000001
3544,101,4,5,20,218,439,218,439,2.1866000000000003
3545,48,2,4,11,141,264,141,264,1.1351
3546,66,3,5,16,194,402,194,402,1.7841
3547,100,4,5,20,235,476,235,476,2.1479000000000004
3548,46,2,4,11,153,269,153,269,1.1669
3549,67,3,5,16,253,578,253,579,1.8150000000000002
3550,100,4,5,20,296,571,294,574,2.2347
3551,45,2,4,11,140,232,140,232,1.1302
3552,72,3,5,16,192,287,190,290,1.776
3553,98,4,5,20,268,542,268,542,2.1350000000000002
3554,51,2,4,11,146,184,146,184,1.1534000000000002
3555,81,3,5,16,221,509,221,509,1.9488
3556,110,4,5,20,258,582,258,582,2.2725000000000004
3557,48,2,4,11,191,316,191,316,1.1848
3558,78,3,5,16,247,423,247,423,1.9002000000000001
3559,100,4,5,20,273,520,273,520,2.1753000000000005
3560,49,2,4,11,102,139,102,139,1.1093000000000002
3561,76,3,5,16,246,554,246,554,1.8229000000000002
3562,89,4,5,20,186,409,186,409,2.1378
3563,42,2,4,11,143,233,143,233,1.1058000000000001
3564,81,3,5,16,173,337,173,337,1.8645
3565,80,4,5,20,254,487,254,487,2.156
3566,48,2,4,11,131,274,131,274,1.1579000000000002
3567,77,3,5,16,192,370,192,376,1.8418
3568,102,4,5,20,236,418,236,418,2.1
3569,52,2,4,11,141,227,141,227,1.1128000000000002
3570,62,3,5,16,170,337,170,337,1.7509000000000001
3571,104,4,5,20,227,434,227,434,2.174
3572,53,2,4,11,150,221,150,221,1.1773
3573,73,3,5,16,166,314,166,314,1.8918000000000001
3574,86,4,5,20,264,585,264,585,2.1262
3575,55,2,4,11,141,231,141,231,1.2004000000000001
3576,78,3,5,16,229,462,229,462,1.8036
3577,98,4,5,20,196,351,196,351,2.0782000000000003
3578,45,2,4,11,161,266,161,266,1.1145
3579,82,3,5,16,133,268,127,270,1.9012
3580,103,4,5,20,254,472,254,473,2.1071000000000004
3581,46,2,4,11,167,266,167,266,1.094
3582,64,3,5,16,170,321,170,339,2.5995000000000004
3583,101,4,5,20,253,484,253,484,2.1007000000000002
3584,59,2,4,11,131,233,131,233,1.1525
3585,67,3,5,16,226,432,226,432,1.8065000000000002
3586,95,4,5,20,206,459,206,459,2.1057
3587,59,2,4,11,137,248,137,248,1.1481
3588,82,3,5,16,184,334,184,334,1.8650000000000002
3589,104,4,5,20,271,617,271,617,2.1952
3590,38,2,4,11,160,250,160,250,1.1411000000000002
3591,76,3,5,16,188,366,188,366,1.7904000000000002
3592,102,4,5,20,258,609,258,614,2.1069999999999998
3593,44,2,4,11,165,270,165,270,1.1499000000000001
3594,84,3,5,16,200,377,200,377,2.2857000000000003
3595,107,4,5,20,232,404,232,404,2.3096
3596,48,2,4,11,121,175,121,175,1.1278
3597,60,3,5,16,227,428,227,428,1.7277000000000002
3598,95,4,5,20,252,568,252,568,2.1403
3599,47,2,4,11,183,299,183,299,1.1285
3600,56,3,5,16,175,375,173,376,1.7905000000000002
3601,105,4,5,20,186,378,186,378,2.1568
3602,45,2,4,11,212,293,212,293,1.1332
3603,69,3,5,16,146,300,146,300,1.8218
3604,87,4,5,20,250,511,250,511,2.0711000000000004
3605,36,2,4,11,145,270,145,270,1.0989
3606,63,3,5,16,192,349,192,349,1.7375
3607,94,4,5,20,220,446,220,446,2.1165000000000003
3608,53,2,4,11,153,223,141,228,1.1653
3609,71,3,5,16,183,306,183,306,1.8138
3610,98,4,5,20,266,574,266,574,2.2455000000000003
3611,47,2,4,11,173,255,173,255,1.1979
3612,67,3,5,16,247,481,247,481,1.8153000000000001
3613,92,4,5,20,255,472,255,472,2.0762
3614,46,2,4,11,151,241,151,241,2.1933
3615,81,3,5,16,261,566,261,567,1.8623
3616,94,4,5,20,313,713,313,713,2.1369000000000002
3617,54,2,4,11,187,269,187,269,1.1586
3618,67,3,5,16,229,437,229,437,1.8486000000000002
3619,100,4,5,20,212,387,212,398,2.1980000000000004
3620,39,2,4,11,206,327,206,327,1.0922
3621,76,3,5,16,220,407,220,407,1.8904000000000003
3622,86,4,5,20,235,496,235,496,2.0621000000000005
3623,46,2,4,11,172,286,172,286,1.1216000000000002
3624,62,3,5,16,187,293,186,298,1.7394
3625,94,4,5,20,318,639,316,643,2.1688
3626,51,2,4,11,184,348,184,348,1.1734
3627,70,3,5,16,162,272,162,272,1.7548000000000001
3628,89,4,5,20,275,599,275,602,2.2096
3629,46,2,4,11,124,198,124,198,1.1345
3630,70,3,5,16,204,408,204,408,1.8199
3631,98,4,5,20,227,490,227,490,2.1538
3632,58,2,4,11,186,279,186,279,1.2271
3633,69,3,5,16,241,465,241,465,1.7899
3634,94,4,5,20,244,441,244,441,2.0871
3635,45,2,4,11,129,167,129,167,1.0962
3636,67,3,5,16,148,287,148,287,1.7493
3637,103,4,5,20,243,501,243,501,2.123
3638,41,2,4,11,167,264,167,264,1.0929000000000002
3639,72,3,5,16,139,296,139,296,1.7802
3640,97,4,5,20,232,452,232,452,2.2181
3641,47,2,4,11,171,286,171,286,1.1297
3642,76,3,5,16,238,402,238,402,1.8382
3643,107,4,5,20,192,388,192,388,2.1356
3644,50,2,4,11,113,182,113,182,1.1034
3645,76,3,5,16,146,308,146,308,1.778
3646,82,4,5,20,207,512,207,512,2.3858
3647,52,2,4,11,163,258,163,258,2.1113
3648,73,3,5,16,228,381,228,381,1.8453
3649,95,4,5,20,226,458,226,458,2.1256
3650,47,2,4,11,115,200,115,200,1.1231000000000002
3651,69,3,5,16,214,350,212,351,1.9002000000000001
3652,99,4,5,20,237,547,237,547,2.0874
3653,39,2,4,11,165,218,165,218,1.1063
3654,63,3,5,16,165,357,165,357,1.7934
3655,98,4,5,20,196,494,196,494,2.1940000000000004
3656,41,2,4,11,192,326,191,326,1.1834
3657,66,3,5,16,163,263,163,263,1.955
3658,100,4,5,20,184,367,184,367,2.1322000000000005
3659,49,2,4,11,235,363,235,363,1.1694000000000002
3660,63,3,5,16,206,312,206,313,1.7993000000000001
3661,85,4,5,20,212,432,212,432,2.0877
3662,40,2,4,11,90,111,90,111,1.0505
3663,68,3,5,16,189,337,189,337,1.8045000000000002
3664,99,4,5,20,236,440,236,444,2.2363999999999997
3665,45,2,4,11,197,321,197,321,1.1167
3666,79,3,5,16,216,437,216,437,1.8819000000000001
3667,93,4,5,20,249,506,249,506,2.0761
3668,44,2,4,11,239,391,239,391,1.1273000000000002
3669,93,3,5,16,222,377,222,377,1.8659000000000001
3670,91,4,5,20,235,430,235,430,2.1050999999999997
3671,43,2,4,11,124,157,124,157,1.1167
3672,76,3,5,16,198,294,198,294,1.8139
3673,95,4,5,20,325,668,323,669,2.1379
3674,43,2,4,11,194,327,194,327,1.1042
3675,70,3,5,16,176,294,176,294,2.5833000000000004
3676,73,4,5,20,246,519,246,519,2.1565
3677,55,2,4,11,127,265,127,265,1.428
3678,75,3,5,16,180,321,180,321,1.8382
3679,96,4,5,20,186,397,186,397,2.033
3680,44,2,4,11,70,94,70,94,1.078
3681,76,3,5,16,233,439,233,439,1.8467000000000002
3682,100,4,5,20,268,570,268,570,2.2198
3683,44,2,4,11,147,260,147,260,1.1646
3684,86,3,5,16,185,412,185,412,1.8750000000000002
3685,90,4,5,20,237,526,237,526,2.0874
3686,39,2,4,11,188,292,188,292,1.0741
3687,73,3,5,16,193,386,192,391,1.8347
3688,93,4,5,20,217,409,217,409,2.1399
3689,40,2,4,11,186,272,186,272,1.0846
3690,78,3,5,16,282,509,282,509,2.4187000000000003
3691,89,4,5,20,273,523,273,523,2.1772
3692,53,2,4,11,105,174,105,174,1.1349
3693,67,3,5,16,238,431,238,437,1.8550000000000002
3694,102,4,5,20,212,449,212,449,2.1707
3695,52,2,4,11,172,287,172,287,1.1383
3696,80,3,5,16,121,287,121,287,1.8427
3697,98,4,5,20,199,394,199,394,2.1193
3698,46,2,4,11,132,176,132,176,1.1206
3699,74,3,5,16,176,300,176,300,1.7613
3700,98,4,5,20,258,526,256,530,2.1518
3701,47,2,4,11,160,193,160,193,1.2435
3702,79,3,5,16,218,406,218,406,2.3194
3703,90,4,5,20,244,504,244,504,2.1083
3704,49,2,4,11,199,354,199,354,1.1306
3705,74,3,5,16,176,307,176,307,1.8150000000000002
3706,83,4,5,20,282,607,280,608,2.0847
3707,48,2,4,11,129,201,129,201,1.1141
3708,68,3,5,16,186,318,186,318,1.7928000000000002
3709,100,4,5,20,236,489,236,489,2.1378
3710,40,2,4,11,151,198,151,198,1.0983
3711,72,3,5,16,158,312,158,312,1.8333000000000002
3712,105,4,5,20,316,666,316,666,2.152
3713,48,2,4,11,120,189,120,189,1.0912000000000002
3714,71,3,5,16,179,322,179,322,1.7853
3715,84,4,5,20,234,481,234,481,2.0925000000000002
3716,50,2,4,11,152,234,152,234,1.1724
3717,85,3,5,16,173,309,173,309,1.9193
3718,94,4,5,20,240,421,240,421,2.0897
3719,40,2,4,11,165,241,165,241,1.1215000000000002
3720,73,3,5,16,188,325,188,325,1.8343
3721,109,4,5,20,210,425,210,425,2.1655
3722,52,2,4,11,126,184,126,184,1.1587
3723,68,3,5,16,192,352,192,352,1.7909000000000002
3724,105,4,5,20,210,475,210,475,2.0817
3725,46,2,4,11,186,279,186,279,1.1298000000000001
3726,73,3,5,16,243,496,243,496,1.8742
3727,95,4,5,20,220,443,220,443,2.2488
3728,54,2,4,11,132,183,132,183,1.1784000000000001
3729,77,3,5,16,188,342,188,344,1.8547000000000002
3730,91,4,5,20,244,547,244,550,2.1353
3731,37,2,4,11,151,284,151,284,1.1335000000000002
3732,75,3,5,16,206,410,206,411,1.8481
3733,89,4,5,20,255,503,255,505,2.1586000000000003
3734,48,2,4,11,239,330,239,330,1.1489
3735,70,3,5,16,234,406,234,406,1.8132000000000001
3736,90,4,5,20,312,669,312,669,2.1118
3737,48,2,4,11,131,211,131,211,1.1815
3738,67,3,5,16,190,322,190,322,1.7559
3739,108,4,5,20,249,470,249,470,2.1220000000000003
3740,42,2,4,11,177,253,177,253,1.1004
3741,76,3,5,16,192,367,192,368,1.7981000000000003
3742,93,4,5,20,222,405,222,405,2.0482
3743,49,2,4,11,149,266,149,266,1.2067
3744,80,3,5,16,196,408,196,408,1.8488
3745,104,4,5,20,228,483,224,489,2.1814
3746,42,2,4,11,165,285,165,285,1.1227
3747,67,3,5,16,225,435,225,436,1.8386000000000002
3748,100,4,5,20,168,334,168,334,3.164
3749,60,2,4,11,134,196,134,196,1.2515
3750,80,3,5,16,188,332,186,336,1.8015
3751,95,4,5,20,281,608,281,608,2.1184000000000003
3752,50,2,4,11,127,255,127,255,1.1232
3753,64,3,5,16,309,612,309,612,1.8264000000000002
3754,101,4,5,20,158,287,158,287,2.14
3755,45,2,4,11,126,175,126,175,1.1517000000000002
3756,75,3,5,16,193,359,193,359,1.8401
3757,108,4,5,20,168,315,168,315,2.2037000000000004
3758,46,2,4,11,130,200,130,200,1.1129
3759,62,3,5,16,202,340,202,340,1.7811000000000001
3760,85,4,5,20,274,638,274,638,2.1125000000000003
3761,51,2,4,11,159,253,159,253,1.1533000000000002
3762,72,3,5,16,186,331,186,331,1.8329000000000002
3763,103,4,5,20,291,629,291,629,2.1347
3764,48,2,4,11,143,259,143,259,1.6528
3765,72,3,5,16,217,427,217,427,2.627
3766,94,4,5,20,276,592,276,592,2.1292
3767,44,2,4,11,127,169,127,191,1.1355
3768,65,3,5,16,236,451,236,465,1.8257
3769,99,4,5,20,261,601,260,602,2.2091000000000003
3770,43,2,4,11,189,277,173,281,1.1499000000000001
3771,71,3,5,16,206,401,204,402,1.8194000000000001
3772,91,4,5,20,316,764,316,764,2.0997
3773,53,2,4,11,163,255,162,267,1.2428000000000001
3774,75,3,5,16,186,371,186,371,1.8277
3775,94,4,5,20,293,616,293,616,2.0986
3776,43,2,4,11,166,263,166,263,1.1247
3777,62,3,5,16,172,275,172,275,1.8920000000000001
3778,105,4,5,20,226,482,226,482,2.1893
3779,36,2,4,11,189,301,189,301,1.0728
3780,68,3,5,16,261,527,261,527,1.776
3781,90,4,5,20,207,412,205,412,2.0967
3782,48,2,4,11,127,184,127,184,1.1925
3783,75,3,5,16,179,275,179,275,1.8416000000000001
3784,91,4,5,20,292,665,290,667,2.2054
3785,39,2,4,11,185,255,185,255,1.1266000000000003
3786,72,3,5,16,168,312,168,312,1.9980000000000002
3787,91,4,5,20,252,435,244,441,2.1045
3788,44,2,4,11,120,141,120,141,1.1187
3789,65,3,5,16,218,352,218,352,1.7563000000000002
3790,99,4,5,20,256,533,256,534,2.2239
3791,51,2,4,11,119,149,119,149,1.1319000000000001
3792,71,3,5,16,266,538,264,542,1.7954
3793,98,4,5,20,292,638,290,641,2.8351
3794,42,2,4,11,104,172,104,172,1.0752000000000002
3795,76,3,5,16,244,456,244,456,1.7717000000000003
3796,84,4,5,20,249,526,249,529,2.0740000000000003
3797,44,2,4,11,127,195,127,195,1.1371
3798,63,3,5,16,172,286,172,286,1.7756
3799,99,4,5,20,271,571,271,572,2.083
3800,49,2,4,11,193,314,193,314,1.1649000000000003
3801,67,3,5,16,230,417,230,420,1.8174000000000001
3802,92,4,5,20,271,612,271,612,2.1020000000000003
3803,51,2,4,11,155,214,155,214,1.1789
3804,63,3,5,16,249,487,249,487,1.7316
3805,89,4,5,20,251,548,249,551,2.123
3806,48,2,4,11,145,202,145,202,1.1068
3807,69,3,5,16,180,318,180,318,1.7537000000000003
3808,95,4,5,20,225,405,223,411,2.0803000000000003
3809,53,2,4,11,172,272,172,272,1.2125000000000001
3810,74,3,5,16,226,431,226,436,1.9352000000000003
3811,104,4,5,20,244,478,244,478,2.1003000000000003
3812,59,2,4,11,159,275,159,275,1.1636000000000002
3813,76,3,5,16,214,378,214,378,1.8654000000000002
3814,87,4,5,20,234,494,234,494,2.0730000000000004
3815,51,2,4,11,144,197,144,197,2.0501
3816,73,3,5,16,263,485,261,489,1.8702
3817,104,4,5,20,196,449,196,453,2.2112
3818,47,2,4,11,171,256,171,256,1.1328
3819,75,3,5,16,176,342,176,342,1.845
3820,104,4,5,20,194,394,194,394,2.1617
3821,55,2,4,11,140,179,140,179,1.1802000000000001
3822,62,3,5,16,235,485,232,491,1.8373
3823,98,4,5,20,188,373,188,373,2.1163000000000003
3824,48,2,4,11,151,255,151,255,1.1033
3825,77,3,5,16,251,429,251,429,1.8641
3826,101,4,5,20,258,434,258,434,2.1401000000000003
3827,48,2,4,11,126,159,126,159,1.1436
3828,73,3,5,16,252,462,252,462,1.8485
3829,92,4,5,20,243,460,243,460,2.0629000000000004
3830,48,2,4,11,126,161,126,161,1.1347
3831,87,3,5,16,154,274,154,274,1.8347
3832,101,4,5,20,265,513,265,513,2.4658
3833,40,2,4,11,158,193,158,193,1.1006
3834,74,3,5,16,166,281,162,292,1.8384
3835,86,4,5,20,293,637,291,644,2.0554
3836,44,2,4,11,153,243,153,243,1.1222
3837,78,3,5,16,178,328,176,329,1.8553
3838,96,4,5,20,223,496,223,496,2.1137
3839,56,2,4,11,134,200,134,200,1.1756000000000002
3840,77,3,5,16,204,383,204,383,1.7817000000000003
3841,85,4,5,20,283,597,283,598,2.0562
3842,49,2,4,11,118,210,118,210,1.0933000000000002
3843,84,3,5,16,211,352,211,352,1.8298
3844,100,4,5,20,221,480,221,480,2.0992
3845,47,2,4,11,123,213,123,213,1.1976
3846,78,3,5,16,227,429,227,429,1.8294000000000001
3847,99,4,5,20,281,639,281,639,2.1234
3848,45,2,4,11,120,178,120,178,1.1514000000000002
3849,66,3,5,16,171,323,171,323,1.8464000000000003
3850,107,4,5,20,270,502,270,502,2.2382999999999997
3851,41,2,4,11,190,237,190,237,1.1288
3852,68,3,5,16,215,363,197,391,1.8081000000000003
3853,99,4,5,20,207,452,207,452,2.1009
3854,46,2,4,11,160,196,160,196,1.142
3855,79,3,5,16,162,332,162,332,1.8417000000000001
3856,99,4,5,20,299,713,299,713,2.1358
3857,53,2,4,11,153,262,153,262,1.1640000000000001
3858,73,3,5,16,161,364,161,364,1.7792000000000001
3859,95,4,5,20,256,547,256,547,2.0996
3860,46,2,4,11,200,301,200,301,1.2154000000000003
3861,61,3,5,16,250,461,250,461,1.7527000000000001
3862,98,4,5,20,234,466,234,466,2.127
3863,50,2,4,11,122,141,122,141,1.2402000000000002
3864,67,3,5,16,194,399,194,399,1.7983
3865,92,4,5,20,310,667,310,667,2.0671
3866,43,2,4,11,103,172,103,172,1.0876
3867,70,3,5,16,144,234,144,234,1.7853
3868,93,4,5,20,226,415,226,415,2.0763000000000003
3869,42,2,4,11,129,186,129,186,1.1156
3870,71,3,5,16,180,312,180,312,2.0354
3871,107,4,5,20,218,502,218,502,2.1093
3872,52,2,4,11,145,275,145,275,1.1812
3873,77,3,5,16,168,259,168,259,1.8383000000000003
3874,99,4,5,20,216,520,216,520,2.1324
3875,55,2,4,11,119,183,119,183,1.1432
3876,76,3,5,16,205,406,205,406,1.8462
3877,85,4,5,20,300,655,300,657,2.0262000000000002
3878,45,2,4,11,118,138,118,138,1.1731
3879,62,3,5,16,160,299,160,299,1.7596
3880,85,4,5,20,263,553,262,555,2.0886
3881,49,2,4,11,215,375,211,375,1.2119000000000002
3882,76,3,5,16,186,386,186,386,1.8025
3883,98,4,5,20,275,580,273,582,2.1737
3884,47,2,4,11,131,216,131,216,1.1094
3885,86,3,5,16,244,433,244,433,1.9411
3886,101,4,5,20,282,569,280,571,2.6375
3887,45,2,4,11,167,260,167,260,1.1561
3888,62,3,5,16,193,417,190,424,1.7850000000000001
3889,102,4,5,20,299,619,299,622,2.2285
3890,49,2,4,11,159,248,159,248,2.7486
3891,76,3,5,16,187,396,187,396,1.8317
3892,91,4,5,20,217,417,217,417,2.0241000000000002
3893,46,2,4,11,149,244,149,244,1.1036000000000001
3894,75,3,5,16,216,401,216,406,1.8800000000000001
3895,94,4,5,20,212,399,212,399,2.1084000000000005
3896,46,2,4,11,122,191,122,191,1.1822
3897,66,3,5,16,209,422,209,422,1.8005
3898,90,4,5,20,333,693,333,693,2.0956
3899,43,2,4,11,176,256,176,256,1.1684
3900,79,3,5,16,228,470,226,471,1.9025
3901,103,4,5,20,250,488,250,488,2.1593000000000004
3902,52,2,4,11,129,253,129,253,1.1400000000000001
3903,69,3,5,16,154,322,154,322,1.743
3904,86,4,5,20,179,381,179,381,2.4419000000000004
3905,47,2,4,11,189,316,189,316,1.1334000000000002
3906,70,3,5,16,247,448,247,448,1.8123000000000002
3907,94,4,5,20,225,498,225,498,2.0711000000000004
3908,41,2,4,11,148,233,148,233,1.1164
3909,71,3,5,16,178,324,178,329,1.8242000000000003
3910,90,4,5,20,229,488,229,488,2.0837
3911,48,2,4,11,137,177,137,177,1.1338000000000001
3912,76,3,5,16,175,298,175,298,1.8304
3913,101,4,5,20,229,491,229,491,2.1504000000000003
3914,44,2,4,11,199,286,199,286,1.6269000000000002
3915,76,3,5,16,221,384,221,384,1.8196
3916,97,4,5,20,264,583,264,583,2.3756000000000004
3917,49,2,4,11,96,160,96,160,1.1029
3918,78,3,5,16,173,316,173,316,1.7951000000000001
3919,100,4,5,20,206,433,206,433,2.1022000000000003
3920,49,2,4,11,142,215,142,215,1.1588
3921,74,3,5,16,197,356,197,356,1.7726
3922,98,4,5,20,248,507,248,508,2.092
3923,45,2,4,11,174,269,174,269,1.1097000000000001
3924,69,3,5,16,277,480,277,480,1.8704
3925,107,4,5,20,266,557,266,557,2.2727000000000004
3926,47,2,4,11,118,174,118,174,1.1277000000000001
3927,70,3,5,16,192,364,192,364,1.7757
3928,100,4,5,20,224,430,222,444,2.1209000000000002
3929,51,2,4,11,162,252,162,252,1.2396
3930,62,3,5,16,227,437,227,437,1.7274
3931,96,4,5,20,178,376,178,376,2.1239000000000003
3932,50,2,4,11,141,234,141,234,1.1568
3933,80,3,5,16,245,441,245,441,1.8408
3934,84,4,5,20,249,482,249,482,2.1359
3935,52,2,4,11,139,213,139,213,1.1473
3936,71,3,5,16,201,415,201,416,1.8141
3937,96,4,5,20,168,294,168,298,2.1382000000000003
3938,40,2,4,11,161,293,161,293,1.1062
3939,75,3,5,16,274,521,274,521,1.9254
3940,89,4,5,20,244,463,244,463,2.0456000000000003
3941,41,2,4,11,155,206,155,206,1.724
3942,68,3,5,16,213,350,213,350,1.8587
3943,109,4,5,20,206,416,206,416,2.1472
3944,47,2,4,11,174,270,174,270,1.1717000000000002
3945,73,3,5,16,219,453,219,453,1.8977000000000002
3946,92,4,5,20,186,368,186,368,2.1622
3947,38,2,4,11,133,216,133,216,1.0863
3948,71,3,5,16,238,442,238,442,1.7931000000000001
3949,96,4,5,20,207,406,206,411,2.1199
3950,50,2,4,11,123,240,123,240,1.1072
3951,62,3,5,16,212,419,212,420,1.7840000000000003
3952,82,4,5,20,220,396,220,396,2.0625999999999998
3953,54,2,4,11,114,215,114,215,1.2812999999999999
3954,71,3,5,16,171,334,171,334,1.8084000000000002
3955,90,4,5,20,307,655,307,655,2.1763
3956,47,2,4,11,151,240,151,240,1.1528
3957,71,3,5,16,190,342,190,342,1.7560000000000002
3958,99,4,5,20,241,572,241,579,2.1765
3959,50,2,4,11,116,192,116,192,1.1543
3960,73,3,5,16,212,408,212,408,1.8629
3961,96,4,5,20,237,471,237,472,2.2044
3962,41,2,4,11,147,251,147,251,1.5877000000000001
3963,73,3,5,16,153,278,153,278,1.7572000000000003
3964,88,4,5,20,299,619,299,619,2.1097
3965,57,2,4,11,124,196,124,196,1.1653
3966,64,3,5,16,218,395,218,396,1.7643000000000002
3967,83,4,5,20,233,484,233,488,2.0253
3968,51,2,4,11,120,245,120,245,1.1429
3969,79,3,5,16,214,426,214,426,1.8281
3970,95,4,5,20,216,495,216,495,2.1882
3971,47,2,4,11,214,370,214,370,1.1336
3972,69,3,5,16,207,350,207,350,1.8201
3973,100,4,5,20,279,584,279,584,2.1456
3974,45,2,4,11,164,284,164,284,1.108
3975,69,3,5,16,243,399,243,399,1.7649
3976,109,4,5,20,188,343,188,343,2.1659
3977,55,2,4,11,149,255,149,255,1.1594000000000002
3978,60,3,5,16,242,442,242,454,1.7599
3979,96,4,5,20,188,381,188,381,2.051
3980,43,2,4,11,173,267,173,267,1.1111
3981,73,3,5,16,202,404,202,404,1.8330000000000002
3982,91,4,5,20,215,496,215,496,2.0831
3983,43,2,4,11,161,246,161,246,1.0884
3984,76,3,5,16,190,311,190,311,1.7727000000000002
3985,100,4,5,20,256,483,256,483,2.1586000000000003
3986,32,2,4,11,98,124,98,124,1.1548
3987,74,3,5,16,234,468,234,468,1.8207000000000002
3988,95,4,5,20,272,549,272,549,2.1556
3989,42,2,4,11,172,277,172,277,1.1067000000000002
3990,72,3,5,16,238,476,238,476,1.8429000000000002
3991,93,4,5,20,197,456,197,456,2.1130000000000004
3992,50,2,4,11,119,191,119,191,1.2007
3993,62,3,5,16,193,364,193,364,1.7442
3994,109,4,5,20,256,479,253,482,2.2193
3995,49,2,4,11,160,262,160,262,1.1192000000000002
3996,76,3,5,16,237,448,237,448,1.8059
3997,94,4,5,20,252,466,252,466,2.1085000000000003
3998,50,2,4,11,172,311,172,311,1.2074000000000003
3999,79,3,5,16,202,368,202,368,2.2244
4000,106,4,5,20,243,531,243,532,2.1608
4001,49,2,4,11,124,188,124,188,1.1077000000000001
4002,70,3,5,16,163,356,163,356,1.7872000000000001
4003,107,4,5,20,235,527,235,528,2.1898
4004,50,2,4,11,131,224,131,224,1.1209
4005,78,3,5,16,194,311,194,317,1.9111000000000002
4006,92,4,5,20,219,460,215,461,2.1465
4007,45,2,4,11,147,215,147,215,1.1401000000000001
4008,74,3,5,16,202,344,202,344,1.8351000000000002
4009,102,4,5,20,249,523,249,523,2.1389
4010,43,2,4,11,151,245,151,245,1.1772
4011,78,3,5,16,206,348,206,348,1.8590000000000002
4012,98,4,5,20,207,400,207,400,2.056
4013,51,2,4,11,135,193,135,193,1.1116000000000001
4014,70,3,5,16,198,366,198,366,1.7871
4015,97,4,5,20,212,410,212,410,2.1131
4016,42,2,4,11,134,182,134,182,1.1275
4017,77,3,5,16,176,318,176,318,1.8198
4018,96,4,5,20,212,410,212,410,2.1377
4019,44,2,4,11,126,149,126,149,1.1276000000000002
4020,87,3,5,16,219,402,215,405,1.9544000000000001
4021,95,4,5,20,192,373,192,375,2.2146000000000003
4022,44,2,4,11,127,216,127,216,1.1311000000000002
4023,72,3,5,16,180,316,180,316,1.7627000000000002
4024,101,4,5,20,181,407,181,407,2.1354
4025,49,2,4,11,141,258,141,258,1.1709
4026,69,3,5,16,195,381,195,382,1.7274
4027,101,4,5,20,236,494,236,502,2.1330000000000005
4028,49,2,4,11,138,189,138,189,1.122
4029,75,3,5,16,241,456,241,456,1.8414000000000001
4030,92,4,5,20,252,500,252,500,2.1967000000000003
4031,52,2,4,11,98,123,98,123,1.7571
4032,76,3,5,16,199,374,199,374,1.8753000000000002
4033,106,4,5,20,238,464,238,464,3.1112
4034,48,2,4,11,137,247,137,247,1.2750000000000001
4035,80,3,5,16,179,332,179,332,1.8464000000000003
4036,87,4,5,20,195,404,195,404,2.1902000000000004
4037,53,2,4,11,98,112,98,112,1.1461000000000001
4038,74,3,5,16,201,367,201,367,1.835
4039,110,4,5,20,231,479,231,479,2.1546
4040,41,2,4,11,124,208,124,208,1.1338000000000001
4041,65,3,5,16,191,388,191,388,1.7848
4042,97,4,5,20,255,571,255,571,2.1199
4043,42,2,4,11,223,422,223,422,1.1197000000000001
4044,63,3,5,16,266,560,266,560,1.7914
4045,105,4,5,20,285,571,285,571,3.1373
4046,48,2,4,11,123,192,123,192,1.1452
4047,78,3,5,16,171,322,171,322,1.8512000000000002
4048,96,4,5,20,264,587,264,589,2.1661
4049,46,2,4,11,142,202,142,202,1.1715
4050,67,3,5,16,196,316,196,316,1.7817000000000003
4051,96,4,5,20,196,388,194,389,2.1772
4052,52,2,4,11,198,360,198,360,1.1900000000000002
4053,64,3,5,16,177,309,177,309,1.7944
4054,107,4,5,20,193,341,193,341,2.1914000000000002
4055,46,2,4,11,129,196,129,196,1.1430000000000002
4056,70,3,5,16,213,432,213,432,1.7394
4057,105,4,5,20,238,497,236,501,2.1662
4058,40,2,4,11,140,160,140,160,1.1527
4059,80,3,5,16,188,409,188,409,1.8389
4060,91,4,5,20,214,453,212,457,2.1229
4061,32,2,4,11,146,245,146,245,1.0811
4062,75,3,5,16,222,413,222,413,1.9672
4063,103,4,5,20,287,663,287,663,2.1641
4064,50,2,4,11,119,204,119,204,1.1614000000000002
4065,83,3,5,16,158,331,158,331,1.8186
4066,104,4,5,20,279,707,279,707,2.1602
4067,49,2,4,11,133,234,133,234,1.1049
4068,72,3,5,16,240,471,240,471,1.8111000000000002
4069,96,4,5,20,250,491,248,504,2.2835
4070,42,2,4,11,139,225,139,225,1.1429
4071,71,3,5,16,179,317,179,317,1.7339
4072,99,4,5,20,305,702,305,702,2.0804
4073,55,2,4,11,109,176,109,176,1.1347
4074,76,3,5,16,196,359,196,359,1.8619
4075,100,4,5,20,176,301,176,301,2.0757000000000003
4076,53,2,4,11,148,211,148,211,1.1720000000000002
4077,77,3,5,16,235,505,233,506,1.8750000000000002
4078,97,4,5,20,188,338,188,338,2.1176000000000004
4079,45,2,4,11,88,119,88,119,1.1114
4080,71,3,5,16,172,322,170,323,2.7156000000000002
4081,81,4,5,20,219,439,219,441,2.0322
4082,46,2,4,11,131,219,131,219,1.1536
4083,75,3,5,16,319,612,319,618,1.8940000000000001
4084,98,4,5,20,273,508,273,508,2.0978
4085,46,2,4,11,143,225,143,225,1.1249
4086,51,3,5,16,210,429,210,429,1.7232
4087,91,4,5,20,267,612,267,612,3.0657
4088,51,2,4,11,197,321,197,321,1.1766
4089,66,3,5,16,211,446,211,446,1.8021
4090,109,4,5,20,226,475,226,475,2.2071
4091,50,2,4,11,120,150,120,150,1.1257000000000001
4092,65,3,5,16,183,403,183,403,1.7494
4093,92,4,5,20,239,486,239,486,2.1138000000000003
4094,44,2,4,11,132,193,132,193,1.1411000000000002
4095,70,3,5,16,243,521,239,523,1.7858
4096,88,4,5,20,306,557,306,557,2.0576000000000003
4097,40,2,4,11,189,301,189,301,1.142
4098,66,3,5,16,168,383,166,389,1.8611
4099,108,4,5,20,203,499,203,499,2.3035
4100,48,2,4,11,138,174,138,174,1.1013000000000002
4101,67,3,5,16,145,273,145,273,1.7492
4102,95,4,5,20,237,536,237,536,2.1178
4103,48,2,4,11,169,236,169,236,1.1446000000000003
4104,75,3,5,16,196,378,196,378,1.798
4105,96,4,5,20,247,554,247,554,2.0891
4106,49,2,4,11,184,317,184,317,1.196
4107,71,3,5,16,197,318,197,318,1.7665
4108,107,4,5,20,301,645,301,645,2.1636
4109,52,2,4,11,156,200,156,200,1.1845
4110,68,3,5,16,218,364,218,364,1.8161000000000003
4111,115,4,5,20,153,315,153,315,2.2589
4112,50,2,4,11,120,153,120,153,1.1075
4113,70,3,5,16,140,283,140,283,1.7533
4114,96,4,5,20,217,406,217,406,2.068
4115,48,2,4,11,143,220,143,220,1.1221
4116,67,3,5,16,188,321,184,325,1.7908000000000002
4117,103,4,5,20,227,439,227,439,2.148
4118,52,2,4,11,160,212,160,212,1.1727
4119,67,3,5,16,230,466,230,466,1.7817000000000003
4120,102,4,5,20,199,422,197,423,2.1635
4121,48,2,4,11,127,204,127,204,1.1487
4122,71,3,5,16,211,386,211,386,1.8958000000000002
4123,100,4,5,20,158,310,158,310,2.1682
4124,48,2,4,11,144,172,144,172,1.1449
4125,68,3,5,16,213,418,213,418,1.7834
4126,100,4,5,20,260,522,260,522,2.0957000000000003
4127,45,2,4,11,104,138,104,138,1.1185
4128,64,3,5,16,142,283,142,283,1.7846000000000002
4129,88,4,5,20,178,385,178,385,2.1097
4130,44,2,4,11,147,227,147,227,1.1197000000000001
4131,75,3,5,16,212,374,212,374,1.8076
4132,111,4,5,20,230,458,230,458,2.1184000000000003
4133,50,2,4,11,168,277,168,277,1.1537000000000002
4134,72,3,5,16,239,516,239,521,1.8746
4135,97,4,5,20,187,469,185,472,2.1828
4136,45,2,4,11,144,204,144,204,1.1005
4137,76,3,5,16,203,342,203,342,1.7929
4138,106,4,5,20,226,452,226,452,2.1325000000000003
4139,36,2,4,11,213,379,213,379,1.0862
4140,62,3,5,16,221,442,221,442,1.7866000000000002
4141,95,4,5,20,230,457,230,457,2.1377
4142,44,2,4,11,150,178,150,178,1.1384
4143,81,3,5,16,181,355,181,361,1.8754000000000002
4144,85,4,5,20,214,447,214,447,2.0382
4145,47,2,4,11,158,240,158,240,1.1659000000000002
4146,73,3,5,16,188,335,188,335,1.8269
4147,108,4,5,20,259,623,259,627,2.2647
4148,50,2,4,11,186,285,186,285,1.1964000000000001
4149,59,3,5,16,192,373,192,373,3.0532000000000004
4150,92,4,5,20,245,510,245,510,2.1198
4151,49,2,4,11,201,286,201,286,1.1277000000000001
4152,86,3,5,16,136,252,136,252,1.8044
4153,102,4,5,20,153,340,151,345,2.1308
4154,45,2,4,11,154,205,149,228,1.1201
4155,67,3,5,16,189,410,189,410,1.7207000000000001
4156,94,4,5,20,270,493,270,493,2.1130000000000004
4157,39,2,4,11,106,161,106,161,1.1299000000000001
4158,61,3,5,16,227,401,227,401,2.7853
4159,87,4,5,20,259,561,259,561,2.0769
4160,34,2,4,11,143,226,143,226,1.0934
4161,67,3,5,16,202,393,202,394,1.7663000000000002
4162,99,4,5,20,217,455,215,465,2.3093000000000004
4163,47,2,4,11,139,254,139,254,1.2141000000000002
4164,69,3,5,16,281,455,281,455,2.1073000000000004
4165,101,4,5,20,207,419,207,419,2.2021
4166,51,2,4,11,146,257,146,257,1.1217
4167,76,3,5,16,167,353,167,353,1.8671
4168,94,4,5,20,215,426,215,426,2.1232
4169,36,2,4,11,197,375,197,375,1.0849
4170,69,3,5,16,318,635,316,637,1.9794
4171,98,4,5,20,212,414,212,414,2.2239
4172,50,2,4,11,151,297,151,297,1.1771000000000003
4173,61,3,5,16,239,449,239,449,1.8384
4174,96,4,5,20,358,816,358,816,2.1132
4175,52,2,4,11,149,284,149,284,1.1361999999999999
4176,85,3,5,16,164,317,164,319,1.8149000000000002
4177,106,4,5,20,231,416,231,433,2.2221
4178,50,2,4,11,207,316,207,316,1.1857
4179,71,3,5,16,194,385,194,385,1.8135000000000001
4180,103,4,5,20,267,530,267,532,2.1820000000000004
4181,57,2,4,11,135,238,135,238,1.129
4182,73,3,5,16,208,389,208,389,1.8435000000000001
4183,94,4,5,20,165,350,165,350,2.1449
4184,46,2,4,11,154,239,154,239,1.1608
4185,78,3,5,16,193,320,193,320,1.9141000000000001
4186,103,4,5,20,217,449,217,449,2.1441000000000003
4187,55,2,4,11,147,183,147,183,1.1969
4188,63,3,5,16,185,317,183,318,1.7704000000000002
4189,99,4,5,20,232,502,232,503,2.1029
4190,50,2,4,11,188,293,188,293,1.1716
4191,56,3,5,16,221,411,221,411,1.7143000000000002
4192,87,4,5,20,273,578,273,578,2.0942
4193,53,2,4,11,121,162,121,162,1.1717000000000002
4194,62,3,5,16,267,540,267,540,1.7537000000000003
4195,102,4,5,20,223,421,223,421,2.0965000000000003
4196,46,2,4,11,128,166,128,166,1.1671
4197,77,3,5,16,194,319,194,319,2.0435000000000003
4198,101,4,5,20,178,364,178,364,2.1002
4199,41,2,4,11,213,360,213,360,1.1167
4200,75,3,5,16,194,353,194,353,1.8328000000000002
4201,93,4,5,20,259,590,259,590,2.1314
4202,54,2,4,11,191,280,191,280,1.2550000000000001
4203,65,3,5,16,212,382,212,382,1.7962000000000002
4204,96,4,5,20,227,415,227,415,2.0989000000000004
4205,44,2,4,11,164,244,164,244,1.2125000000000001
4206,79,3,5,16,192,336,192,339,1.8393000000000002
4207,88,4,5,20,204,371,204,371,2.0248000000000004
4208,60,2,4,11,144,178,144,178,1.1772
4209,77,3,5,16,204,365,204,365,1.8278
4210,101,4,5,20,268,569,268,574,2.1371
4211,44,2,4,11,165,258,165,258,1.1372000000000002
4212,70,3,5,16,217,448,217,448,1.8093
4213,90,4,5,20,264,535,264,535,2.0557000000000003
4214,51,2,4,11,126,147,126,147,1.1446000000000003
4215,77,3,5,16,176,349,176,349,1.8352000000000002
4216,103,4,5,20,242,543,242,543,2.1197
4217,45,2,4,11,145,231,145,231,1.1908
4218,72,3,5,16,213,488,213,488,1.8330000000000002
4219,109,4,5,20,224,411,224,411,2.6389
4220,48,2,4,11,175,294,175,294,1.1035000000000001
4221,69,3,5,16,202,405,197,410,1.8098
4222,99,4,5,20,193,328,193,328,2.0687
4223,45,2,4,11,158,225,158,225,1.1673
4224,68,3,5,16,198,407,198,407,1.7750000000000001
4225,103,4,5,20,198,399,198,399,2.2252
4226,54,2,4,11,141,230,141,230,1.1971
4227,75,3,5,16,146,264,146,267,1.9537
4228,96,4,5,20,246,512,246,512,3.0176
4229,46,2,4,11,163,301,163,301,1.1056
4230,73,3,5,16,211,404,211,404,1.8263
4231,95,4,5,20,253,531,253,532,2.1469
4232,44,2,4,11,231,369,231,369,1.1744
4233,83,3,5,16,258,472,256,477,2.0379
4234,102,4,5,20,239,542,239,542,2.1251
4235,56,2,4,11,140,243,140,243,1.1528
4236,68,3,5,16,208,362,208,362,1.83
4237,100,4,5,20,169,412,169,412,2.1547
4238,48,2,4,11,150,179,150,179,1.1116000000000001
4239,71,3,5,16,211,416,211,416,1.8293000000000001
4240,100,4,5,20,256,496,256,496,2.0658
4241,45,2,4,11,162,249,162,249,1.1765
4242,72,3,5,16,241,521,241,521,1.8393000000000002
4243,94,4,5,20,195,372,195,372,2.1168000000000005
4244,54,2,4,11,132,176,132,176,1.1243
4245,69,3,5,16,256,507,256,509,1.8702
4246,99,4,5,20,247,528,247,528,2.3759
4247,46,2,4,11,134,197,134,197,1.0789
4248,74,3,5,16,166,335,166,335,1.7669000000000001
4249,103,4,5,20,171,375,171,375,2.0975
4250,39,2,4,11,167,282,167,282,1.1005
4251,56,3,5,16,220,379,220,379,1.7051000000000003
4252,101,4,5,20,275,666,273,671,2.1413
4253,55,2,4,11,156,263,156,263,1.1249
4254,67,3,5,16,189,393,189,393,1.7337
4255,96,4,5,20,233,455,233,455,2.1078
4256,42,2,4,11,180,293,180,293,1.1441000000000001
4257,73,3,5,16,166,302,166,302,1.8081000000000003
4258,98,4,5,20,246,604,244,606,2.2983000000000002
4259,32,2,4,11,198,291,194,308,1.112
4260,70,3,5,16,190,355,190,355,1.8722
4261,93,4,5,20,249,499,249,499,2.0281000000000002
4262,56,2,4,11,112,151,112,151,1.2367000000000001
4263,85,3,5,16,181,397,181,397,1.8590000000000002
4264,103,4,5,20,198,362,198,362,2.1849
4265,59,2,4,11,82,125,81,132,1.1775000000000002
4266,82,3,5,16,285,606,285,606,1.8723
4267,103,4,5,20,247,481,247,506,2.2204
4268,45,2,4,11,180,249,180,249,1.1660000000000001
4269,78,3,5,16,251,560,251,560,1.8506000000000002
4270,98,4,5,20,253,566,251,573,2.1995
4271,40,2,4,11,216,412,216,412,1.1129
4272,63,3,5,16,240,451,240,451,1.7803
4273,94,4,5,20,200,400,200,400,2.1022000000000003
4274,46,2,4,11,160,197,160,197,1.106
4275,69,3,5,16,206,359,206,367,1.8410000000000002
4276,98,4,5,20,229,429,229,429,2.1011
4277,49,2,4,11,238,393,238,393,1.1548
4278,65,3,5,16,159,320,159,320,1.8175000000000001
4279,102,4,5,20,303,646,303,646,2.1426000000000003
4280,47,2,4,11,169,284,169,284,1.1241
4281,68,3,5,16,228,435,228,435,1.8029000000000002
4282,103,4,5,20,204,439,204,439,2.1998
4283,42,2,4,11,157,265,157,265,1.0893000000000002
4284,71,3,5,16,198,360,198,360,1.7790000000000001
4285,93,4,5,20,270,590,270,590,2.6544000000000003
4286,52,2,4,11,148,223,148,223,1.1793
4287,71,3,5,16,163,328,163,328,1.7801000000000002
4288,101,4,5,20,220,469,220,470,2.0991
4289,48,2,4,11,175,303,175,303,1.1535
4290,72,3,5,16,206,346,206,346,1.8352000000000002
4291,99,4,5,20,265,608,265,608,2.1173
4292,45,2,4,11,153,264,151,273,1.1181
4293,66,3,5,16,211,441,211,441,1.7438000000000002
4294,90,4,5,20,235,538,235,541,2.1358
4295,45,2,4,11,198,303,198,303,1.8888000000000003
4296,68,3,5,16,209,398,209,398,1.8084000000000002
4297,114,4,5,20,197,439,197,453,2.2481000000000004
4298,41,2,4,11,96,140,96,140,1.0724
4299,86,3,5,16,188,391,188,391,1.9508
4300,104,4,5,20,282,593,282,593,2.225
4301,51,2,4,11,173,259,173,259,1.1308000000000002
4302,69,3,5,16,189,347,181,357,1.8033000000000001
4303,91,4,5,20,233,539,233,539,2.0721000000000003
4304,42,2,4,11,96,121,96,121,1.1276000000000002
4305,70,3,5,16,166,299,166,299,1.8772000000000002
4306,95,4,5,20,259,535,259,535,2.0853
4307,40,2,4,11,228,370,228,370,1.1300999999999999
4308,66,3,5,16,225,368,225,368,1.7818
4309,93,4,5,20,251,522,251,522,2.0574
4310,48,2,4,11,143,268,143,268,1.1352
4311,73,3,5,16,210,407,210,407,1.8818000000000001
4312,101,4,5,20,210,420,210,420,2.1516
4313,54,2,4,11,160,263,160,263,1.1977000000000002
4314,65,3,5,16,209,395,209,395,1.8329000000000002
4315,88,4,5,20,242,522,242,526,2.141
4316,47,2,4,11,122,166,122,166,1.2173
4317,71,3,5,16,150,265,150,265,1.7833
4318,107,4,5,20,223,486,223,486,2.1773000000000002
4319,51,2,4,11,151,248,151,248,1.1469000000000003
4320,68,3,5,16,178,318,177,321,1.7687
4321,93,4,5,20,238,488,238,491,2.1568
4322,48,2,4,11,160,224,160,224,1.1890000000000003
4323,78,3,5,16,151,316,151,316,1.8218
4324,89,4,5,20,241,498,241,498,2.1626000000000003
4325,40,2,4,11,170,212,170,212,1.1279000000000001
4326,64,3,5,16,188,319,188,319,1.7191
4327,87,4,5,20,245,520,245,520,2.0919000000000003
4328,41,2,4,11,174,280,173,286,1.7022000000000002
4329,85,3,5,16,203,408,203,408,1.8650000000000002
4330,93,4,5,20,228,407,228,407,2.0919000000000003
4331,42,2,4,11,205,322,205,322,1.1343
4332,73,3,5,16,210,348,210,348,1.8193000000000001
4333,104,4,5,20,220,402,220,402,2.1647000000000003
4334,55,2,4,11,191,274,191,274,1.181
4335,70,3,5,16,201,340,201,340,1.7647000000000002
4336,89,4,5,20,316,697,316,697,2.0846000000000005
4337,41,2,4,11,241,355,241,355,1.0959
4338,85,3,5,16,240,474,238,474,1.8827000000000003
4339,100,4,5,20,229,463,229,463,2.1267
4340,36,2,4,11,203,388,203,388,1.0972
4341,73,3,5,16,181,353,181,353,1.7983
4342,91,4,5,20,258,517,258,517,2.0808000000000004
4343,55,2,4,11,146,214,146,214,1.1897000000000002
4344,75,3,5,16,213,354,213,354,1.8493000000000002
4345,91,4,5,20,182,347,182,347,3.1901000000000006
4346,44,2,4,11,155,203,155,203,1.0945
4347,71,3,5,16,216,429,216,429,1.8964
4348,91,4,5,20,282,536,282,536,2.0444
4349,51,2,4,11,157,238,157,238,1.1829
4350,75,3,5,16,170,222,170,222,1.8687
4351,99,4,5,20,242,475,242,476,2.1115
4352,51,2,4,11,151,213,151,213,1.1716
4353,75,3,5,16,168,325,168,325,1.7909000000000002
4354,113,4,5,20,293,545,291,546,2.2126
4355,42,2,4,11,154,211,154,211,1.0834
4356,61,3,5,16,245,425,245,425,1.8022
4357,93,4,5,20,273,533,273,533,2.196
4358,53,2,4,11,171,280,171,280,1.1266000000000003
4359,70,3,5,16,275,550,275,550,1.8254000000000001
4360,93,4,5,20,199,408,197,410,2.3089
4361,58,2,4,11,175,253,175,253,1.1580000000000001
4362,67,3,5,16,198,380,198,380,1.7392000000000003
4363,88,4,5,20,268,493,268,493,2.0835000000000004
4364,48,2,4,11,159,226,159,226,1.1813000000000002
4365,70,3,5,16,146,258,146,258,1.8162
4366,105,4,5,20,291,647,291,647,2.1698
4367,44,2,4,11,123,186,123,186,1.1434000000000002
4368,66,3,5,16,188,349,188,349,1.8311000000000002
4369,103,4,5,20,205,426,205,426,2.1391999999999998
4370,44,2,4,11,150,166,145,171,1.1733000000000002
4371,64,3,5,16,228,429,228,429,1.7706000000000002
4372,101,4,5,20,202,352,202,352,2.2145
4373,51,2,4,11,122,161,122,161,1.1513
4374,75,3,5,16,189,433,189,433,1.8325000000000002
4375,101,4,5,20,232,559,232,565,2.2134000000000005
4376,41,2,4,11,176,256,176,256,1.1395000000000002
4377,66,3,5,16,191,337,191,337,1.7767000000000002
4378,91,4,5,20,210,354,210,354,2.1048
4379,63,2,4,11,159,248,159,248,1.222
4380,70,3,5,16,142,307,142,307,1.8438
4381,89,4,5,20,258,559,258,559,2.1687
4382,46,2,4,11,187,336,184,337,1.1328
4383,78,3,5,16,207,342,207,342,1.8593000000000002
4384,90,4,5,20,271,555,271,555,2.1071000000000004
4385,50,2,4,11,126,160,126,160,1.1841
4386,77,3,5,16,205,402,205,402,1.8267000000000002
4387,109,4,5,20,270,556,270,556,2.1813000000000002
4388,49,2,4,11,141,173,138,185,1.1692
4389,87,3,5,16,173,365,173,365,1.8397000000000001
4390,93,4,5,20,203,429,203,429,2.0586
4391,55,2,4,11,141,219,141,219,1.1711
4392,67,3,5,16,208,405,208,405,1.8056
4393,94,4,5,20,238,460,238,460,2.1582000000000003
4394,52,2,4,11,130,165,130,165,1.2274
4395,60,3,5,16,263,469,235,487,1.8054000000000001
4396,98,4,5,20,247,547,247,548,2.1006
4397,44,2,4,11,169,325,169,325,1.1096000000000001
4398,76,3,5,16,253,560,253,560,1.7967
4399,110,4,5,20,233,506,221,512,2.2146000000000003
4400,46,2,4,11,183,274,183,274,1.1169
4401,79,3,5,16,158,262,158,262,1.7640000000000002
4402,117,4,5,20,213,549,213,554,2.1844
4403,44,2,4,11,121,186,121,186,1.0982
4404,67,3,5,16,226,432,226,432,1.8832
4405,93,4,5,20,303,658,303,658,2.1043
4406,47,2,4,11,136,176,134,177,1.1654
4407,70,3,5,16,203,431,203,431,1.8549
4408,94,4,5,20,183,355,181,355,2.0696
4409,45,2,4,11,166,264,166,264,1.0886
4410,74,3,5,16,226,336,218,337,1.8045000000000002
4411,91,4,5,20,242,570,242,570,2.0587999999999997
4412,44,2,4,11,165,285,165,285,1.6154000000000002
4413,79,3,5,16,188,338,186,340,1.8917000000000002
4414,99,4,5,20,247,514,247,514,2.2116000000000002
4415,40,2,4,11,215,366,215,366,1.1157000000000001
4416,81,3,5,16,159,290,159,290,1.8316000000000001
4417,98,4,5,20,220,423,220,423,2.1072
4418,42,2,4,11,170,303,170,303,1.0929000000000002
4419,63,3,5,16,170,255,170,255,1.7936
4420,94,4,5,20,294,673,294,675,2.1299
4421,50,2,4,11,170,230,170,230,1.1115000000000002
4422,77,3,5,16,220,430,220,430,1.7541000000000002
4423,86,4,5,20,278,571,278,572,2.1671
4424,53,2,4,11,134,158,134,158,1.1653
4425,60,3,5,16,228,457,228,463,1.8029000000000002
4426,107,4,5,20,224,433,224,433,2.1306000000000003
4427,41,2,4,11,130,166,130,166,1.1084
4428,68,3,5,16,196,360,196,360,1.7515
4429,99,4,5,20,273,528,273,528,2.1379
4430,46,2,4,11,175,250,175,250,1.1578000000000002
4431,74,3,5,16,218,333,218,333,1.8744
4432,105,4,5,20,242,540,242,540,2.2824
4433,43,2,4,11,210,306,210,306,1.1354000000000002
4434,79,3,5,16,184,422,182,426,1.8281
4435,94,4,5,20,230,460,230,460,2.1580000000000004
4436,59,2,4,11,161,248,153,253,1.1890000000000003
4437,69,3,5,16,223,421,223,421,1.8457000000000001
4438,91,4,5,20,250,466,250,474,2.1342000000000003
4439,45,2,4,11,176,220,176,220,1.1639000000000002
4440,68,3,5,16,240,424,240,424,1.8592000000000002
4441,100,4,5,20,233,521,233,521,2.3679
4442,41,2,4,11,151,244,151,244,1.0957000000000001
4443,64,3,5,16,219,459,219,465,1.8164000000000002
4444,103,4,5,20,175,390,175,390,2.2463
4445,42,2,4,11,213,366,213,366,1.1184
4446,85,3,5,16,250,459,250,459,1.9142000000000001
4447,95,4,5,20,227,440,227,440,2.1398
4448,46,2,4,11,131,202,131,202,1.1172
4449,69,3,5,16,181,415,181,415,1.7523
4450,101,4,5,20,311,732,311,732,2.2221
4451,56,2,4,11,130,198,130,198,1.1866
4452,66,3,5,16,247,497,247,497,1.7313
4453,80,4,5,20,238,458,238,458,2.0151000000000003
4454,42,2,4,11,160,207,160,207,1.1432
4455,71,3,5,16,149,270,149,270,1.7592
4456,87,4,5,20,292,560,291,567,2.0295
4457,54,2,4,11,180,269,180,269,1.1537000000000002
4458,72,3,5,16,216,374,216,374,1.8069000000000002
4459,94,4,5,20,230,554,228,555,2.1166
4460,44,2,4,11,166,297,166,297,1.1065
4461,67,3,5,16,184,356,184,356,1.7835
4462,96,4,5,20,259,584,259,584,2.1443
4463,46,2,4,11,140,209,140,209,1.1176000000000001
4464,82,3,5,16,215,365,215,365,1.8323
4465,94,4,5,20,192,397,192,397,2.0820000000000003
4466,55,2,4,11,99,177,99,177,1.1608
4467,67,3,5,16,186,375,186,375,2.663
4468,94,4,5,20,216,469,216,469,2.1384
4469,42,2,4,11,144,187,144,187,1.1105000000000003
4470,68,3,5,16,211,476,211,476,1.8072000000000001
4471,94,4,5,20,291,594,291,594,2.1066000000000003
4472,43,2,4,11,154,226,154,226,1.1192000000000002
4473,78,3,5,16,190,355,190,355,1.8749
4474,103,4,5,20,216,447,214,449,2.2025
4475,48,2,4,11,166,207,166,207,1.1719
4476,71,3,5,16,250,515,250,515,1.8883
4477,94,4,5,20,225,428,222,436,2.0911000000000004
4478,45,2,4,11,193,298,193,298,1.119
4479,57,3,5,16,248,432,248,432,1.8179
4480,94,4,5,20,274,536,274,536,2.1385
4481,52,2,4,11,140,230,140,230,1.1665
4482,65,3,5,16,254,537,254,537,1.7958000000000003
4483,103,4,5,20,248,474,248,479,2.3746
4484,46,2,4,11,136,230,136,230,1.1147000000000002
4485,75,3,5,16,187,378,185,380,1.8492
4486,81,4,5,20,261,629,261,629,2.0377
4487,44,2,4,11,183,265,183,265,1.1294
4488,77,3,5,16,216,442,216,442,1.8467000000000002
4489,95,4,5,20,224,449,224,451,2.1502000000000003
4490,53,2,4,11,197,324,194,325,1.1501000000000001
4491,76,3,5,16,196,371,196,371,1.8748
4492,84,4,5,20,152,272,152,272,2.0018000000000002
4493,49,2,4,11,128,193,128,193,1.2361000000000002
4494,64,3,5,16,253,432,251,434,2.6712000000000002
4495,104,4,5,20,219,484,219,488,2.2079
4496,49,2,4,11,149,231,149,231,1.1959000000000002
4497,70,3,5,16,255,520,255,520,1.871
4498,102,4,5,20,254,519,254,520,2.145
4499,46,2,4,11,120,176,120,176,1.131
4500,65,3,5,16,168,251,164,264,1.808
4501,91,4,5,20,240,514,240,514,2.0878000000000005
4502,49,2,4,11,110,156,110,156,1.1221
4503,60,3,5,16,239,503,239,503,1.7886000000000002
4504,105,4,5,20,195,401,195,401,2.2107000000000006
4505,42,2,4,11,139,268,139,268,1.1133
4506,81,3,5,16,186,347,186,353,1.8506000000000002
4507,86,4,5,20,198,426,198,426,2.0577
4508,56,2,4,11,144,222,144,222,1.2198
4509,66,3,5,16,204,324,204,324,1.7874
4510,102,4,5,20,268,603,268,605,2.1596
4511,47,2,4,11,114,174,114,174,1.1294
4512,72,3,5,16,177,307,177,307,1.8166
4513,91,4,5,20,210,429,210,429,2.1874
4514,50,2,4,11,120,140,120,140,1.1302
4515,77,3,5,16,222,381,222,381,1.8123000000000002
4516,102,4,5,20,246,547,242,554,2.3101000000000003
4517,58,2,4,11,127,201,127,201,1.1527
4518,67,3,5,16,168,317,168,317,1.7939000000000003
4519,95,4,5,20,184,422,184,422,2.1245000000000003
4520,57,2,4,11,136,186,136,186,1.2141000000000002
4521,72,3,5,16,229,438,229,447,1.9647000000000001
4522,98,4,5,20,210,414,210,414,2.1192
4523,39,2,4,11,181,335,181,335,1.1336
4524,58,3,5,16,201,380,201,380,1.7852000000000001
4525,98,4,5,20,222,477,222,477,2.1102
4526,41,2,4,11,174,206,174,206,1.0734
4527,73,3,5,16,207,329,207,329,1.8143
4528,92,4,5,20,208,373,208,373,2.0397000000000003
4529,51,2,4,11,153,247,153,247,1.4411
4530,64,3,5,16,151,284,151,284,1.7590000000000001
4531,102,4,5,20,202,396,202,396,2.1981
4532,48,2,4,11,168,226,168,226,1.1993000000000003
4533,70,3,5,16,217,420,217,420,1.7772000000000001
4534,100,4,5,20,262,581,262,581,2.2155
4535,34,2,4,11,183,298,183,298,1.0797
4536,69,3,5,16,148,245,148,245,1.7677
4537,102,4,5,20,259,655,259,655,2.1111000000000004
4538,53,2,4,11,139,225,139,225,1.248
4539,78,3,5,16,135,340,135,340,1.7526000000000002
4540,97,4,5,20,249,572,249,574,2.1609000000000003
4541,46,2,4,11,174,247,174,247,1.0994000000000002
4542,58,3,5,16,258,530,256,533,1.8151000000000002
4543,86,4,5,20,275,633,275,633,2.1971
4544,53,2,4,11,140,202,140,202,1.1628
4545,68,3,5,16,184,392,184,399,1.8049000000000002
4546,96,4,5,20,256,594,256,594,2.1532
4547,46,2,4,11,143,248,143,248,1.1554
4548,72,3,5,16,164,249,164,249,1.8387000000000002
4549,99,4,5,20,272,504,269,505,2.1486
4550,45,2,4,11,130,169,116,206,1.1159
4551,78,3,5,16,197,353,197,353,1.8568
4552,102,4,5,20,217,455,217,455,2.0733
4553,38,2,4,11,94,158,94,158,1.1032000000000002
4554,74,3,5,16,227,464,227,464,1.7982
4555,97,4,5,20,226,446,226,446,2.1617
4556,42,2,4,11,110,191,110,191,1.0958
4557,68,3,5,16,186,341,186,341,1.7570000000000001
4558,95,4,5,20,204,456,204,458,2.1115
4559,38,2,4,11,173,290,173,290,1.0878
4560,77,3,5,16,222,379,222,382,1.8671
4561,106,4,5,20,198,408,198,408,2.1177
4562,48,2,4,11,179,287,179,287,1.1721000000000001
4563,73,3,5,16,225,377,225,377,1.8210000000000002
4564,93,4,5,20,206,372,192,381,2.1186
4565,43,2,4,11,115,147,115,147,1.1221
4566,80,3,5,16,144,288,144,288,1.9713
4567,89,4,5,20,286,554,286,554,2.1584
4568,50,2,4,11,158,205,158,205,1.1402
4569,85,3,5,16,215,404,215,404,1.9258000000000002
4570,83,4,5,20,242,463,242,463,2.0549
4571,40,2,4,11,97,132,97,132,1.0710000000000002
4572,79,3,5,16,285,611,285,611,1.9409
4573,100,4,5,20,192,460,192,460,2.1597
4574,49,2,4,11,133,242,133,242,1.1731
4575,74,3,5,16,189,340,189,340,1.7952000000000001
4576,104,4,5,20,232,534,232,534,2.1214000000000004
4577,50,2,4,11,122,185,122,185,1.0894000000000001
4578,64,3,5,16,173,335,173,335,1.7913000000000001
4579,95,4,5,20,200,402,200,404,3.0810000000000004
4580,39,2,4,11,147,266,147,266,1.0587000000000002
4581,70,3,5,16,217,448,217,448,1.7818
4582,94,4,5,20,121,249,121,249,2.0862000000000003
4583,47,2,4,11,177,306,177,306,1.1141
4584,74,3,5,16,188,342,188,342,1.8403
4585,90,4,5,20,214,468,214,468,2.1632000000000002
4586,43,2,4,11,122,175,122,175,1.1396000000000002
4587,65,3,5,16,203,370,203,370,1.7722
4588,94,4,5,20,128,287,128,287,2.0697
4589,41,2,4,11,144,228,144,228,1.0647
4590,70,3,5,16,235,435,235,444,1.8076
4591,104,4,5,20,203,415,203,415,2.2037000000000004
4592,50,2,4,11,134,207,134,207,1.1477
4593,73,3,5,16,147,303,147,303,1.8912000000000002
4594,91,4,5,20,224,464,224,464,2.0851
4595,43,2,4,11,208,324,208,324,1.0994000000000002
4596,80,3,5,16,208,435,208,435,1.863
4597,102,4,5,20,229,506,229,506,2.1339
4598,55,2,4,11,162,229,162,229,1.1765
4599,70,3,5,16,198,342,198,342,1.7972000000000001
4600,98,4,5,20,274,570,271,572,2.1539
4601,38,2,4,11,205,349,205,349,1.0929000000000002
4602,72,3,5,16,301,571,301,571,1.8200000000000003
4603,88,4,5,20,269,600,269,606,2.1444
4604,50,2,4,11,122,174,122,174,1.1530000000000002
4605,67,3,5,16,149,304,149,304,1.8217
4606,99,4,5,20,303,597,303,597,2.1580000000000004
4607,47,2,4,11,148,183,148,183,1.1186
4608,77,3,5,16,269,484,269,484,1.8237
4609,96,4,5,20,302,556,301,566,2.3983000000000003
4610,42,2,4,11,166,215,166,215,1.1013000000000002
4611,71,3,5,16,170,287,170,287,1.8633
4612,99,4,5,20,239,543,239,543,2.1401000000000003
4613,51,2,4,11,172,287,172,287,1.1532
4614,72,3,5,16,250,444,248,445,1.8509000000000002
4615,97,4,5,20,253,608,253,608,2.1062000000000003
4616,50,2,4,11,161,254,161,254,1.1905999999999999
4617,66,3,5,16,249,490,249,490,1.8906
4618,104,4,5,20,242,523,242,523,2.7185
4619,59,2,4,11,167,280,167,280,1.5623000000000002
4620,74,3,5,16,211,393,211,393,1.9411
4621,99,4,5,20,227,486,227,486,2.1682
4622,41,2,4,11,183,271,183,271,1.1335000000000002
4623,78,3,5,16,215,451,215,451,1.9065000000000003
4624,92,4,5,20,297,607,297,607,2.2027
4625,32,2,4,11,146,242,146,242,1.123
4626,64,3,5,16,207,461,207,461,1.8285
4627,95,4,5,20,273,592,272,603,2.3313
4628,46,2,4,11,177,287,177,287,1.7082000000000002
4629,72,3,5,16,168,269,168,269,1.8281
4630,96,4,5,20,246,501,246,501,2.1716
4631,44,2,4,11,145,215,145,215,1.1478
4632,77,3,5,16,221,446,221,446,1.8752
4633,104,4,5,20,216,415,216,415,2.2215
4634,48,2,4,11,157,265,157,265,2.1469
4635,73,3,5,16,199,319,199,319,1.8345000000000002
4636,89,4,5,20,271,650,271,650,2.0746
4637,53,2,4,11,211,350,211,350,1.1852
4638,70,3,5,16,184,350,184,350,1.7998
4639,100,4,5,20,331,717,331,717,2.2373000000000003
4640,43,2,4,11,184,290,184,290,1.1116000000000001
4641,72,3,5,16,220,434,220,434,1.8275000000000001
4642,109,4,5,20,257,601,257,601,3.3619000000000003
4643,45,2,4,11,197,308,197,308,1.1341
4644,69,3,5,16,218,442,218,442,1.9243000000000001
4645,107,4,5,20,240,480,240,480,2.2277
4646,46,2,4,11,92,139,92,139,1.6217
4647,72,3,5,16,255,512,255,512,1.8538000000000001
4648,101,4,5,20,217,370,217,370,2.3075
4649,42,2,4,11,154,186,154,186,1.2116000000000002
4650,63,3,5,16,264,514,264,514,1.7805000000000002
4651,104,4,5,20,337,682,335,687,2.2079
4652,44,2,4,11,186,294,186,294,1.7309
4653,63,3,5,16,226,449,226,449,2.1387000000000005
4654,89,4,5,20,239,524,239,524,3.2720000000000002
4655,51,2,4,11,143,256,143,256,1.6630000000000003
4656,70,3,5,16,238,465,236,473,2.7566
4657,103,4,5,20,271,620,271,621,2.2322
4658,45,2,4,11,120,151,120,151,1.111
4659,80,3,5,16,201,403,201,403,1.8294000000000001
4660,101,4,5,20,202,472,201,472,2.1519
4661,51,2,4,11,181,320,181,320,1.3467000000000002
4662,73,3,5,16,184,310,184,310,3.0050000000000003
4663,104,4,5,20,220,459,220,459,3.6004
4664,59,2,4,11,144,205,144,205,1.2758
4665,78,3,5,16,167,277,167,277,2.4631000000000003
4666,112,4,5,20,253,507,253,507,2.1705
4667,51,2,4,11,136,236,136,236,1.1562000000000001
4668,69,3,5,16,273,578,273,578,1.9293
4669,102,4,5,20,285,600,285,600,2.2481000000000004
4670,44,2,4,11,136,192,136,192,1.1138000000000001
4671,67,3,5,16,160,290,160,290,1.8361
4672,96,4,5,20,226,356,226,356,2.0733
4673,52,2,4,11,116,154,116,154,1.139
4674,82,3,5,16,208,392,208,392,1.8505000000000003
4675,101,4,5,20,287,681,287,688,2.1731000000000003
4676,51,2,4,11,208,321,208,321,1.1431
4677,72,3,5,16,168,332,168,332,1.9246
4678,98,4,5,20,293,605,293,607,2.9776000000000002
4679,42,2,4,11,165,265,165,265,1.141
4680,80,3,5,16,162,299,162,299,1.8302
4681,95,4,5,20,221,435,221,435,2.0748
4682,63,2,4,11,149,236,149,236,1.2265000000000001
4683,66,3,5,16,266,538,266,538,1.7814
4684,105,4,5,20,189,368,189,372,2.2455000000000003
4685,46,2,4,11,117,181,117,181,1.1213
4686,77,3,5,16,172,349,172,349,1.8574000000000002
4687,89,4,5,20,267,552,267,552,2.2459000000000002
4688,51,2,4,11,149,255,149,255,1.1434000000000002
4689,65,3,5,16,226,380,226,382,1.7596
4690,80,4,5,20,274,548,274,548,1.9993000000000003
4691,44,2,4,11,209,327,209,327,1.1673
4692,63,3,5,16,228,441,226,445,1.7529000000000001
4693,97,4,5,20,239,483,239,483,2.0867
4694,53,2,4,11,169,300,169,300,1.1943000000000001
4695,70,3,5,16,176,332,176,332,2.5343
4696,94,4,5,20,246,389,246,389,2.43
4697,47,2,4,11,163,208,161,219,1.1567
4698,76,3,5,16,146,266,146,266,1.7909000000000002
4699,102,4,5,20,234,519,234,519,2.1671
4700,46,2,4,11,153,238,153,238,1.1497
4701,69,3,5,16,218,459,218,459,1.7508000000000001
4702,87,4,5,20,200,416,200,416,2.0914
4703,46,2,4,11,105,164,105,164,1.234
4704,71,3,5,16,195,376,195,376,1.8266
4705,97,4,5,20,181,427,181,428,2.1024
4706,49,2,4,11,155,225,155,225,1.1316
4707,80,3,5,16,188,398,188,404,1.8741
4708,90,4,5,20,220,431,220,431,2.0693
4709,51,2,4,11,199,346,199,346,1.1511000000000002
4710,65,3,5,16,192,343,192,343,1.7902
4711,112,4,5,20,243,583,242,586,2.1487000000000003
4712,48,2,4,11,187,271,187,271,1.1797000000000002
4713,63,3,5,16,170,332,170,338,1.8266
4714,101,4,5,20,291,671,291,675,2.2142
4715,48,2,4,11,183,258,183,258,1.1786
4716,79,3,5,16,192,405,190,405,1.7477
4717,98,4,5,20,220,400,220,400,2.1502000000000003
4718,45,2,4,11,164,203,164,203,1.118
4719,69,3,5,16,171,345,171,345,1.8166
4720,99,4,5,20,180,384,180,384,2.0982000000000003
4721,48,2,4,11,168,261,168,261,1.1153
4722,84,3,5,16,237,393,237,393,1.9684
4723,107,4,5,20,178,364,178,364,2.1584
4724,44,2,4,11,163,295,163,295,1.1157000000000001
4725,64,3,5,16,188,366,188,366,1.7725000000000002
4726,90,4,5,20,221,428,221,428,2.0564000000000004
4727,42,2,4,11,110,130,110,130,1.1133
4728,64,3,5,16,193,343,193,347,1.8152000000000001
4729,99,4,5,20,198,406,198,406,2.1109
4730,48,2,4,11,176,233,176,233,1.1487
4731,65,3,5,16,215,385,215,386,1.8031000000000001
4732,90,4,5,20,206,388,206,388,2.1644000000000005
4733,44,2,4,11,215,377,215,377,1.1334000000000002
4734,74,3,5,16,166,300,166,300,1.7826
4735,93,4,5,20,169,328,169,328,2.072
4736,54,2,4,11,127,227,127,227,1.1315000000000002
4737,76,3,5,16,236,530,236,530,1.812
4738,102,4,5,20,237,462,237,462,2.2509
4739,43,2,4,11,189,316,189,316,1.1324
4740,74,3,5,16,236,328,236,328,2.1232
4741,107,4,5,20,263,551,263,554,2.1525000000000003
4742,65,2,4,11,138,203,138,203,1.1869
4743,73,3,5,16,180,335,180,335,1.8297
4744,95,4,5,20,206,354,206,354,2.1277000000000004
4745,56,2,4,11,153,262,153,262,1.1835
4746,73,3,5,16,146,296,146,296,1.7364000000000002
4747,101,4,5,20,247,587,247,597,2.2227
4748,43,2,4,11,219,341,219,341,1.1432
4749,76,3,5,16,176,377,176,378,1.8789000000000002
4750,99,4,5,20,233,477,233,478,2.0979
4751,46,2,4,11,193,312,193,312,1.1476000000000002
4752,66,3,5,16,200,360,200,360,1.7739
4753,84,4,5,20,277,639,277,643,2.1435
4754,45,2,4,11,151,224,151,224,2.0348
4755,69,3,5,16,186,434,186,434,1.8181
4756,97,4,5,20,222,426,222,427,2.0733
4757,34,2,4,11,164,269,164,269,1.0513000000000001
4758,79,3,5,16,171,356,171,356,1.7937
4759,94,4,5,20,251,543,251,543,2.0965000000000003
4760,42,2,4,11,152,282,152,282,1.15
4761,66,3,5,16,279,596,279,596,1.9016
4762,96,4,5,20,234,519,234,519,2.4364
4763,46,2,4,11,216,324,216,324,1.1711
4764,80,3,5,16,196,347,196,354,1.8792000000000002
4765,103,4,5,20,150,323,150,323,2.0639
4766,44,2,4,11,88,122,88,122,1.2671000000000001
4767,79,3,5,16,239,457,239,457,1.9239000000000002
4768,86,4,5,20,172,358,172,362,2.0514
4769,42,2,4,11,96,123,96,123,1.0732000000000002
4770,77,3,5,16,184,337,184,337,1.8427
4771,107,4,5,20,242,496,242,499,2.212
4772,50,2,4,11,175,311,175,311,1.1113
4773,61,3,5,16,228,414,228,414,2.1473
4774,106,4,5,20,204,451,204,451,2.1581
4775,47,2,4,11,134,177,134,177,1.2137
4776,65,3,5,16,156,252,156,252,1.8232000000000002
4777,106,4,5,20,249,502,247,505,2.4268
4778,50,2,4,11,124,152,124,152,1.1583999999999999
4779,63,3,5,16,191,402,191,402,1.7874
4780,101,4,5,20,287,655,285,656,2.3234000000000004
4781,49,2,4,11,140,167,140,167,1.1503
4782,75,3,5,16,195,338,195,338,1.8433000000000002
4783,86,4,5,20,240,485,240,485,2.0679000000000003
4784,46,2,4,11,153,245,153,245,1.1415000000000002
4785,74,3,5,16,213,413,213,413,1.8542
4786,98,4,5,20,220,433,220,433,2.0661
4787,41,2,4,11,163,258,163,258,1.1434000000000002
4788,84,3,5,16,190,332,190,332,1.8982
4789,101,4,5,20,254,522,254,522,2.1793000000000005
4790,42,2,4,11,162,211,162,211,1.1015000000000001
4791,76,3,5,16,219,426,219,426,1.8822
4792,93,4,5,20,197,400,197,400,2.0351000000000004
4793,54,2,4,11,156,271,156,271,1.1731
4794,74,3,5,16,182,316,182,316,1.8490000000000002
4795,101,4,5,20,263,547,263,547,2.1773000000000002
4796,46,2,4,11,106,119,106,119,1.1624
4797,85,3,5,16,211,375,211,379,1.9227
4798,98,4,5,20,154,317,154,317,2.1290000000000004
4799,50,2,4,11,186,242,186,242,1.1514000000000002
4800,72,3,5,16,279,498,279,498,1.8051
4801,104,4,5,20,204,461,204,461,2.2013000000000003
4802,51,2,4,11,121,212,121,212,1.1396000000000002
4803,82,3,5,16,158,287,158,287,1.9472
4804,100,4,5,20,247,573,247,573,2.6545
4805,50,2,4,11,172,300,172,300,1.2051000000000003
4806,71,3,5,16,175,275,175,275,1.7634
4807,86,4,5,20,321,660,321,660,2.1027000000000005
4808,53,2,4,11,182,299,182,299,1.2020000000000002
4809,70,3,5,16,179,416,177,422,1.8023000000000002
4810,87,4,5,20,327,618,327,618,2.0932
4811,49,2,4,11,155,242,155,242,1.118
4812,77,3,5,16,208,389,208,389,1.8943
4813,104,4,5,20,273,663,273,663,2.2041
4814,45,2,4,11,150,203,150,203,1.1741
4815,86,3,5,16,144,296,144,298,1.8017
4816,98,4,5,20,153,313,153,319,2.1172
4817,47,2,4,11,179,289,179,289,1.1398000000000001
4818,85,3,5,16,208,422,208,422,1.8508
4819,99,4,5,20,315,744,313,744,2.1165000000000003
4820,51,2,4,11,146,173,146,173,1.1429
4821,68,3,5,16,269,542,269,542,1.7981000000000003
4822,90,4,5,20,265,523,262,526,2.1366
4823,50,2,4,11,177,313,177,313,1.131
4824,75,3,5,16,242,485,242,485,1.8608000000000002
4825,99,4,5,20,286,579,286,589,2.1792000000000002
4826,50,2,4,11,165,281,165,281,1.1302
4827,62,3,5,16,257,492,257,492,1.7557
4828,99,4,5,20,205,473,205,473,2.0978
4829,49,2,4,11,184,334,184,334,1.1511000000000002
4830,71,3,5,16,235,467,235,467,1.9050000000000002
4831,101,4,5,20,217,430,217,430,2.3678000000000003
4832,41,2,4,11,164,290,164,290,1.1016000000000001
4833,72,3,5,16,195,434,195,434,1.7785000000000002
4834,97,4,5,20,201,358,201,358,2.1388000000000003
4835,39,2,4,11,178,312,178,312,1.2460000000000002
4836,71,3,5,16,221,324,221,324,1.7653
4837,93,4,5,20,295,568,295,568,2.6063
4838,34,2,4,11,143,272,143,272,1.0472000000000001
4839,77,3,5,16,233,501,233,501,1.8874
4840,98,4,5,20,219,455,219,455,2.1701
4841,47,2,4,11,119,176,119,176,1.1975
4842,73,3,5,16,181,288,181,288,1.7796
4843,108,4,5,20,166,298,166,298,2.1834000000000002
4844,41,2,4,11,122,209,122,209,1.1640000000000001
4845,68,3,5,16,198,432,198,432,1.7510000000000001
4846,103,4,5,20,253,505,253,505,2.1552000000000002
4847,47,2,4,11,154,253,154,253,1.1316
4848,67,3,5,16,239,513,239,513,1.8303000000000003
4849,90,4,5,20,258,534,258,534,2.0808000000000004
4850,54,2,4,11,174,246,174,246,1.1503
4851,70,3,5,16,184,372,184,373,1.7782000000000002
4852,98,4,5,20,203,400,203,400,2.1197
4853,49,2,4,11,206,333,206,333,1.1128000000000002
4854,65,3,5,16,256,449,256,449,1.7652
4855,100,4,5,20,199,430,197,433,2.2008
4856,43,2,4,11,201,287,201,287,1.1424
4857,61,3,5,16,252,470,252,470,1.7361000000000002
4858,96,4,5,20,214,462,214,462,2.0704000000000002
4859,55,2,4,11,168,207,168,207,1.1575000000000002
4860,77,3,5,16,176,297,176,297,1.8517000000000001
4861,90,4,5,20,157,355,157,355,1.9867000000000001
4862,51,2,4,11,135,212,135,212,1.1269
4863,76,3,5,16,223,428,223,428,1.8065000000000002
4864,100,4,5,20,246,487,246,487,2.3
4865,51,2,4,11,98,153,98,153,1.1319000000000001
4866,74,3,5,16,237,454,237,454,1.8652
4867,95,4,5,20,252,536,252,536,2.0662000000000003
4868,50,2,4,11,177,264,177,264,1.2045000000000001
4869,71,3,5,16,242,418,242,418,1.8246
4870,98,4,5,20,269,614,269,614,2.2048
4871,46,2,4,11,133,209,133,209,1.0954000000000002
4872,71,3,5,16,188,367,188,367,1.834
4873,99,4,5,20,283,647,283,647,2.2292
4874,44,2,4,11,153,192,153,192,1.1141
4875,73,3,5,16,195,388,195,388,1.8711000000000002
4876,108,4,5,20,180,364,180,365,2.1763
4877,46,2,4,11,105,177,105,177,1.104
4878,75,3,5,16,163,337,163,337,1.7631000000000001
4879,97,4,5,20,219,500,219,500,2.0521000000000003
4880,60,2,4,11,161,297,160,301,1.1732
4881,78,3,5,16,178,270,178,270,1.8503
4882,87,4,5,20,284,524,284,524,2.0964
4883,56,2,4,11,186,303,186,303,1.1698000000000002
4884,76,3,5,16,138,228,138,228,2.0202
4885,93,4,5,20,220,434,220,434,2.2057
4886,51,2,4,11,171,273,171,273,1.1531
4887,78,3,5,16,149,274,149,274,1.825
4888,94,4,5,20,253,507,253,508,2.1827
4889,43,2,4,11,113,195,113,195,1.0792
4890,75,3,5,16,204,414,204,414,2.1338
4891,96,4,5,20,264,630,264,630,2.1647000000000003
4892,44,2,4,11,162,276,162,276,1.1228
4893,85,3,5,16,150,271,150,271,1.9598000000000002
4894,105,4,5,20,300,693,300,693,2.2826
4895,47,2,4,11,163,278,163,278,1.1920000000000002
4896,74,3,5,16,278,531,278,535,1.9494000000000002
4897,93,4,5,20,242,534,242,534,2.2318
4898,45,2,4,11,166,230,166,230,1.7813
4899,76,3,5,16,191,345,191,345,1.8483000000000003
4900,91,4,5,20,318,681,318,681,2.1715000000000004
4901,47,2,4,11,187,277,187,277,1.1568
4902,65,3,5,16,227,455,227,455,1.8053000000000001
4903,98,4,5,20,178,384,178,384,2.1804
4904,49,2,4,11,222,348,222,348,1.1474
4905,67,3,5,16,264,528,264,531,1.8677000000000001
4906,94,4,5,20,222,390,222,390,2.1561000000000003
4907,47,2,4,11,189,272,189,272,1.1793
4908,78,3,5,16,223,486,223,486,1.8618000000000001
4909,109,4,5,20,264,523,264,523,2.1889000000000003
4910,52,2,4,11,181,288,181,288,1.2299000000000002
4911,74,3,5,16,199,412,199,412,1.8479
4912,101,4,5,20,238,465,238,465,2.2600000000000002
4913,42,2,4,11,128,218,128,218,1.1082
4914,87,3,5,16,143,226,143,226,1.8207000000000002
4915,93,4,5,20,195,402,194,408,2.0846000000000005
4916,52,2,4,11,156,248,156,248,1.1717000000000002
4917,73,3,5,16,216,335,216,335,1.7628000000000001
4918,96,4,5,20,277,570,277,570,2.1122
4919,44,2,4,11,117,188,117,188,1.1275
4920,78,3,5,16,205,355,205,355,1.8216
4921,92,4,5,20,212,376,212,376,2.0859000000000005
4922,50,2,4,11,205,302,205,302,1.1360000000000001
4923,78,3,5,16,184,372,184,372,1.7830000000000001
4924,106,4,5,20,248,484,248,484,2.1326
4925,42,2,4,11,122,158,122,158,1.111
4926,68,3,5,16,200,353,200,353,1.8568
4927,107,4,5,20,297,624,297,630,2.1127000000000002
4928,49,2,4,11,137,241,137,241,1.1391
4929,78,3,5,16,240,434,240,434,1.9257
4930,84,4,5,20,338,702,336,703,2.0801000000000003
4931,40,2,4,11,149,247,149,247,1.0677
4932,67,3,5,16,213,423,213,423,3.0889
4933,101,4,5,20,227,473,227,473,2.1131
4934,50,2,4,11,139,199,139,199,1.1707
4935,85,3,5,16,259,503,259,503,1.9213000000000002
4936,90,4,5,20,271,569,269,574,2.1097
4937,45,2,4,11,87,163,87,163,1.0998
4938,70,3,5,16,269,503,269,503,1.8744
4939,102,4,5,20,221,477,221,477,2.2094000000000005
4940,47,2,4,11,137,205,137,205,1.1171
4941,75,3,5,16,162,284,162,284,1.8199
4942,87,4,5,20,277,576,277,576,2.1764
4943,44,2,4,11,137,202,137,202,1.1178000000000001
4944,75,3,5,16,231,370,231,370,1.8785000000000003
4945,92,4,5,20,272,651,272,651,2.1953000000000005
4946,51,2,4,11,167,271,167,271,1.1111
4947,66,3,5,16,189,316,189,316,1.6994
4948,107,4,5,20,236,446,236,446,2.2249000000000003
4949,55,2,4,11,187,337,187,337,1.2224
4950,64,3,5,16,191,397,191,397,1.7824000000000002
4951,91,4,5,20,183,391,183,391,2.0399000000000003
4952,45,2,4,11,163,222,163,222,1.102
4953,69,3,5,16,168,325,168,325,1.7424000000000002
4954,96,4,5,20,290,630,290,630,2.1271000000000004
4955,50,2,4,11,210,349,210,349,1.1854
4956,66,3,5,16,140,270,140,270,1.8029000000000002
4957,98,4,5,20,223,462,223,462,2.1375
4958,44,2,4,11,214,308,214,308,1.1218000000000001
4959,80,3,5,16,235,469,235,469,1.8921000000000001
4960,95,4,5,20,203,370,203,370,2.0672
4961,39,2,4,11,193,330,193,330,1.1626
4962,75,3,5,16,248,446,248,446,1.8659000000000001
4963,99,4,5,20,179,392,177,393,2.121
4964,51,2,4,11,114,156,114,156,1.1163
4965,76,3,5,16,148,264,148,269,1.8645
4966,88,4,5,20,214,427,214,429,2.1568
4967,49,2,4,11,167,292,167,295,1.1735
4968,73,3,5,16,176,367,174,370,1.8259
4969,97,4,5,20,277,580,277,580,2.0778000000000003
4970,47,2,4,11,132,194,132,194,1.0910000000000002
4971,63,3,5,16,266,557,266,557,1.7386000000000001
4972,96,4,5,20,158,299,158,299,2.075
4973,50,2,4,11,126,173,126,173,1.1547
4974,77,3,5,16,234,451,234,451,1.8475000000000001
4975,80,4,5,20,236,507,236,507,2.2511
4976,35,2,4,11,177,273,177,273,1.074
4977,68,3,5,16,250,432,242,432,1.8072000000000001
4978,121,4,5,20,204,340,204,340,2.1694
4979,54,2,4,11,185,324,185,324,1.1118000000000001
4980,75,3,5,16,196,416,194,417,1.8396000000000001
4981,97,4,5,20,226,458,226,458,2.1212
4982,37,2,4,11,122,164,122,164,1.08
4983,74,3,5,16,242,514,242,514,1.8948
4984,86,4,5,20,238,461,234,466,2.1488
4985,50,2,4,11,140,182,140,182,0.8097
4986,68,3,5,16,227,443,227,443,1.8189
4987,115,4,5,20,313,665,313,665,2.3397
4988,49,2,4,11,160,245,160,245,1.1504
4989,72,3,5,16,176,320,176,320,1.8290000000000002
4990,88,4,5,20,258,460,258,460,2.0799
4991,57,2,4,11,132,219,132,219,1.2322000000000002
4992,75,3,5,16,181,324,181,324,1.8046000000000002
4993,85,4,5,20,211,451,211,451,2.0392
4994,45,2,4,11,136,205,136,205,1.1414000000000002
4995,73,3,5,16,191,379,191,380,2.0039000000000002
4996,93,4,5,20,251,461,251,461,2.0984000000000003
4997,51,2,4,11,108,131,108,131,2.3227
4998,74,3,5,16,232,420,232,420,1.7775000000000003
4999,91,4,5,20,207,431,207,431,2.1037
5000,44,2,4,11,120,151,120,151,1.1431
5001,67,3,5,16,258,451,258,451,1.7660000000000002
5002,98,4,5,20,289,709,289,711,2.1416
5003,50,2,4,11,125,187,125,187,1.2089
5004,69,3,5,16,248,424,248,424,2.7833
5005,91,4,5,20,252,558,252,558,2.1118
5006,49,2,4,11,158,179,158,179,1.1623
5007,73,3,5,16,233,450,233,450,1.874
5008,104,4,5,20,242,545,242,545,2.1907
5009,56,2,4,11,156,210,156,210,1.1662000000000001
5010,69,3,5,16,265,536,265,536,1.8204
5011,95,4,5,20,240,471,239,473,2.0652
5012,53,2,4,11,170,243,170,243,1.1827
5013,80,3,5,16,203,335,203,335,1.8647000000000002
5014,91,4,5,20,259,631,259,631,2.0931
5015,48,2,4,11,146,216,146,216,1.1058000000000001
5016,68,3,5,16,172,347,172,351,1.8642
5017,97,4,5,20,228,466,228,466,2.1593000000000004
5018,46,2,4,11,177,263,177,263,1.151
5019,82,3,5,16,237,448,237,448,1.8846000000000003
5020,96,4,5,20,286,619,286,619,2.0687
5021,49,2,4,11,175,239,175,239,1.1392000000000002
5022,74,3,5,16,194,352,194,352,1.8448000000000002
5023,89,4,5,20,214,494,214,495,2.0682
5024,52,2,4,11,108,132,108,132,1.1444
5025,69,3,5,16,188,349,188,352,1.8815000000000002
5026,76,4,5,20,226,465,226,466,2.4646
5027,44,2,4,11,138,212,138,212,1.113
5028,78,3,5,16,136,204,136,204,1.8316000000000001
5029,107,4,5,20,186,396,186,396,2.2852
5030,46,2,4,11,164,221,164,221,1.1025
5031,68,3,5,16,142,237,142,237,1.7282
5032,93,4,5,20,196,380,196,380,2.3344
5033,36,2,4,11,139,285,139,285,1.0749000000000002
5034,78,3,5,16,237,448,237,448,1.8236
5035,89,4,5,20,188,446,188,446,2.0564000000000004
5036,46,2,4,11,156,272,156,272,1.1941
5037,83,3,5,16,297,613,297,614,1.8843000000000003
5038,104,4,5,20,217,462,217,462,2.1241000000000003
5039,41,2,4,11,109,205,109,205,1.0825
5040,77,3,5,16,188,373,188,373,1.9006
5041,91,4,5,20,182,376,182,376,2.1012
5042,42,2,4,11,146,257,146,257,1.1572000000000002
5043,72,3,5,16,267,514,267,514,1.8705000000000003
5044,87,4,5,20,214,421,214,421,2.0436
5045,45,2,4,11,165,261,165,261,1.1464
5046,75,3,5,16,221,435,221,435,1.8924
5047,99,4,5,20,240,445,240,445,2.2184
5048,38,2,4,11,113,196,113,196,1.0790000000000002
5049,72,3,5,16,258,450,258,450,1.8765
5050,100,4,5,20,263,567,261,568,2.2665
5051,40,2,4,11,165,287,165,287,1.1313
5052,68,3,5,16,249,473,229,478,1.8515000000000001
5053,109,4,5,20,280,595,280,596,2.1749
5054,58,2,4,11,109,164,109,164,1.1640000000000001
5055,73,3,5,16,189,368,189,369,1.7824000000000002
5056,96,4,5,20,194,366,194,366,2.0987
5057,50,2,4,11,134,154,134,154,1.3807
5058,66,3,5,16,254,588,254,588,1.7664000000000002
5059,105,4,5,20,180,394,180,394,2.1335
5060,40,2,4,11,165,294,165,294,1.0716
5061,71,3,5,16,237,401,237,401,1.7513
5062,99,4,5,20,300,726,298,727,2.163
5063,44,2,4,11,136,181,136,181,1.1124
5064,81,3,5,16,199,370,198,377,1.8432000000000002
5065,94,4,5,20,187,400,187,400,2.1339
5066,46,2,4,11,189,323,189,323,1.1216000000000002
5067,74,3,5,16,192,372,192,372,1.8208
5068,100,4,5,20,178,365,178,365,2.1052000000000004
5069,40,2,4,11,128,223,128,223,1.0744
5070,74,3,5,16,217,411,215,414,1.8432000000000002
5071,104,4,5,20,186,409,186,409,2.1657
5072,43,2,4,11,158,290,158,290,1.0996000000000001
5073,72,3,5,16,278,537,278,537,1.8032000000000001
5074,91,4,5,20,222,438,222,438,2.069
5075,46,2,4,11,140,162,140,162,1.1753
5076,66,3,5,16,209,435,209,435,2.1258000000000004
5077,97,4,5,20,233,432,233,434,2.1582000000000003
5078,46,2,4,11,158,190,158,190,1.1385
5079,75,3,5,16,238,440,238,440,1.919
5080,90,4,5,20,223,478,221,479,2.04
5081,45,2,4,11,177,283,177,283,1.1001
5082,77,3,5,16,202,312,202,312,1.9374000000000002
5083,107,4,5,20,224,484,224,485,2.3986000000000005
5084,42,2,4,11,106,124,106,124,1.1206
5085,65,3,5,16,186,318,186,318,1.8644000000000003
5086,102,4,5,20,261,580,257,581,2.1955
5087,48,2,4,11,179,273,179,273,1.1528
5088,66,3,5,16,181,335,181,335,1.7694
5089,106,4,5,20,243,498,243,498,2.1515000000000004
5090,53,2,4,11,160,252,160,252,1.1495000000000002
5091,66,3,5,16,256,521,255,523,1.7876
5092,93,4,5,20,295,636,293,638,2.1095
5093,50,2,4,11,150,238,150,238,1.4907000000000001
5094,83,3,5,16,217,426,217,426,1.8895000000000002
5095,92,4,5,20,266,541,266,541,2.0897
5096,46,2,4,11,166,201,166,201,1.1383
5097,60,3,5,16,202,357,202,357,1.7245000000000001
5098,99,4,5,20,248,520,248,520,2.1092000000000004
5099,50,2,4,11,127,173,127,173,1.1336
5100,77,3,5,16,235,448,235,449,1.8392
5101,98,4,5,20,247,512,247,518,2.1127000000000002
5102,55,2,4,11,84,111,84,111,1.1350000000000002
5103,78,3,5,16,198,369,198,369,1.9127
5104,92,4,5,20,198,385,198,385,2.1335
5105,56,2,4,11,145,227,145,227,1.1606
5106,73,3,5,16,255,530,255,530,1.8532000000000002
5107,100,4,5,20,170,330,170,330,2.1437
5108,49,2,4,11,96,108,96,108,1.1328
5109,74,3,5,16,166,308,166,308,1.8079
5110,112,4,5,20,187,399,187,399,2.1552000000000002
5111,56,2,4,11,171,233,171,233,1.1779000000000002
5112,68,3,5,16,190,446,190,446,1.7871
5113,102,4,5,20,256,584,256,584,2.1916
5114,49,2,4,11,164,247,158,258,1.1564
5115,74,3,5,16,187,319,187,319,1.7877
5116,101,4,5,20,313,730,311,731,2.1375
5117,46,2,4,11,188,311,188,311,1.1492000000000002
5118,68,3,5,16,182,313,182,313,2.3035
5119,114,4,5,20,202,416,202,419,2.2625
5120,59,2,4,11,168,275,168,275,1.1801000000000001
5121,75,3,5,16,164,375,164,375,1.7947000000000002
5122,87,4,5,20,248,471,248,471,2.1042
5123,41,2,4,11,165,270,165,270,1.116
5124,72,3,5,16,219,427,219,427,1.8824000000000003
5125,100,4,5,20,234,443,234,443,2.1366
5126,46,2,4,11,192,243,192,243,1.1601000000000001
5127,81,3,5,16,164,297,164,304,1.9379000000000002
5128,90,4,5,20,170,328,170,328,2.0969
5129,43,2,4,11,136,199,136,199,1.1067000000000002
5130,77,3,5,16,246,469,246,469,1.8230000000000002
5131,106,4,5,20,264,551,264,551,2.2023
5132,49,2,4,11,142,185,142,185,1.1514000000000002
5133,70,3,5,16,250,553,250,553,1.8018
5134,91,4,5,20,158,341,158,341,2.0622000000000003
5135,49,2,4,11,99,152,99,152,1.1606
5136,62,3,5,16,231,452,231,452,1.8096
5137,98,4,5,20,246,469,246,469,2.2957000000000005
5138,53,2,4,11,94,188,94,188,1.1142
5139,60,3,5,16,251,430,251,430,1.7781
5140,96,4,5,20,189,405,189,405,2.0833000000000004
5141,53,2,4,11,192,242,191,252,1.23
5142,77,3,5,16,270,525,270,525,1.7906
5143,92,4,5,20,229,491,229,515,2.0972
5144,42,2,4,11,151,223,151,223,1.1052
5145,60,3,5,16,285,572,285,572,1.7482000000000002
5146,97,4,5,20,312,672,310,673,2.1986000000000003
5147,44,2,4,11,217,361,217,361,1.1324
5148,70,3,5,16,178,335,178,335,1.7635
5149,100,4,5,20,225,515,225,519,2.0694000000000004
5150,44,2,4,11,150,241,150,241,1.0905
5151,70,3,5,16,183,421,183,421,1.8027000000000002
5152,94,4,5,20,254,548,254,548,2.0744000000000002
5153,39,2,4,11,141,227,141,227,1.5051
5154,67,3,5,16,261,520,261,520,1.7674
5155,99,4,5,20,219,493,219,493,2.1369000000000002
5156,59,2,4,11,114,186,114,186,1.1849
5157,73,3,5,16,220,469,220,469,1.7716
5158,115,4,5,20,174,357,174,357,2.1117000000000004
5159,44,2,4,11,212,299,212,299,1.1397
5160,82,3,5,16,195,381,195,381,1.8546
5161,102,4,5,20,242,463,242,463,2.1857
5162,56,2,4,11,128,187,128,187,1.1814
5163,72,3,5,16,224,420,224,420,1.7756
5164,99,4,5,20,265,528,265,528,2.2115
5165,48,2,4,11,113,198,113,198,1.157
5166,74,3,5,16,233,464,233,464,1.8024
5167,99,4,5,20,198,376,198,376,2.1697
5168,52,2,4,11,157,228,157,228,1.1776
5169,73,3,5,16,227,383,227,383,1.8575000000000002
5170,90,4,5,20,244,532,244,532,2.2167000000000003
5171,49,2,4,11,175,283,175,283,1.1392000000000002
5172,69,3,5,16,263,454,263,454,1.8787
5173,89,4,5,20,245,521,245,521,2.1178
5174,52,2,4,11,197,295,197,295,1.1978000000000002
5175,79,3,5,16,243,443,243,443,1.8616000000000001
5176,94,4,5,20,266,524,266,524,2.1397
5177,53,2,4,11,143,251,143,251,1.1399000000000001
5178,83,3,5,16,172,328,172,328,1.9037000000000002
5179,96,4,5,20,302,545,302,545,2.0375
5180,50,2,4,11,168,246,168,246,1.1305
5181,74,3,5,16,179,398,179,398,2.0401
5182,82,4,5,20,208,407,208,407,2.2432000000000003
5183,53,2,4,11,200,330,200,330,1.1424
5184,84,3,5,16,265,530,265,530,1.8765
5185,111,4,5,20,228,490,228,490,2.2672
5186,57,2,4,11,197,304,197,304,1.1504
5187,69,3,5,16,205,308,205,308,1.8217
5188,105,4,5,20,236,527,236,527,2.1035000000000004
5189,50,2,4,11,190,294,190,294,1.1508
5190,75,3,5,16,253,504,251,505,1.8969000000000003
5191,95,4,5,20,224,408,224,408,2.1478
5192,44,2,4,11,164,245,164,245,1.1501000000000001
5193,74,3,5,16,135,267,135,267,1.8394000000000001
5194,102,4,5,20,254,521,254,521,2.137
5195,51,2,4,11,181,308,181,308,1.1391
5196,64,3,5,16,219,427,218,439,2.1949
5197,90,4,5,20,270,606,270,613,2.1408
5198,42,2,4,11,210,344,210,344,1.1145
5199,69,3,5,16,222,428,222,428,1.8054000000000001
5200,89,4,5,20,255,575,255,575,2.0606999999999998
5201,45,2,4,11,145,217,145,217,1.1251
5202,74,3,5,16,197,407,197,407,1.7518000000000002
5203,100,4,5,20,230,500,230,500,2.0674
5204,53,2,4,11,160,259,160,259,1.1143
5205,63,3,5,16,272,507,272,507,2.8443
5206,98,4,5,20,289,608,287,609,2.104
5207,50,2,4,11,166,241,166,241,1.1444
5208,80,3,5,16,221,442,221,442,1.9809000000000003
5209,96,4,5,20,254,486,252,492,2.1281
5210,47,2,4,11,176,293,176,293,1.1147000000000002
5211,67,3,5,16,184,303,184,303,1.7813
5212,73,4,5,20,297,639,297,639,2.488
5213,45,2,4,11,135,224,135,224,1.0928000000000002
5214,77,3,5,16,214,406,214,413,1.8575000000000002
5215,108,4,5,20,253,492,253,494,2.1538
5216,47,2,4,11,149,238,149,238,1.1236
5217,72,3,5,16,238,442,238,442,1.8758000000000001
5218,105,4,5,20,195,431,191,441,2.0906000000000002
5219,54,2,4,11,114,140,114,140,1.2916
5220,72,3,5,16,264,545,264,546,1.8561
5221,102,4,5,20,162,348,162,348,2.1931000000000003
5222,51,2,4,11,140,232,140,232,1.1158000000000001
5223,69,3,5,16,215,357,215,357,1.8003
5224,85,4,5,20,206,455,206,455,2.0268
5225,48,2,4,11,177,271,177,271,1.1754
5226,65,3,5,16,164,270,164,270,1.818
5227,91,4,5,20,218,436,218,436,2.1977
5228,47,2,4,11,158,221,158,221,1.121
5229,64,3,5,16,191,331,191,331,1.74
5230,105,4,5,20,237,469,237,469,3.4530000000000003
5231,49,2,4,11,125,229,125,229,1.1124
5232,73,3,5,16,154,251,154,251,1.8086
5233,90,4,5,20,228,526,228,527,2.0468
5234,43,2,4,11,151,254,151,254,1.0923
5235,72,3,5,16,252,495,252,495,1.7964
5236,88,4,5,20,220,441,220,441,3.1883000000000004
5237,46,2,4,11,132,172,132,172,1.1378
5238,71,3,5,16,198,403,198,403,1.7567000000000002
5239,94,4,5,20,229,525,227,536,2.0652
5240,52,2,4,11,160,261,160,261,1.1557000000000002
5241,72,3,5,16,260,476,260,476,1.7870000000000001
5242,98,4,5,20,262,580,262,580,2.2368
5243,40,2,4,11,124,189,124,189,1.0807
5244,83,3,5,16,204,388,204,388,1.9583000000000002
5245,79,4,5,20,244,501,244,501,2.036
5246,40,2,4,11,162,227,162,227,1.1363
5247,80,3,5,16,175,325,175,325,1.8124
5248,106,4,5,20,261,546,261,546,2.1236
5249,40,2,4,11,205,301,205,301,1.0955000000000001
5250,74,3,5,16,209,408,209,408,1.7826
5251,94,4,5,20,224,455,224,455,2.1323000000000003
5252,48,2,4,11,195,315,195,315,1.1392000000000002
5253,72,3,5,16,153,340,153,340,1.7640000000000002
5254,100,4,5,20,219,467,219,467,2.1563000000000003
5255,44,2,4,11,190,239,190,239,1.1012000000000002
5256,74,3,5,16,181,326,181,326,1.8029000000000002
5257,98,4,5,20,305,633,305,633,2.1436
5258,50,2,4,11,124,164,124,164,1.1292000000000002
5259,67,3,5,16,245,441,245,441,1.7681
5260,112,4,5,20,221,493,221,493,2.2491
5261,45,2,4,11,170,271,170,271,1.1149
5262,79,3,5,16,187,360,187,360,1.8379
5263,88,4,5,20,196,380,196,380,2.0785
5264,37,2,4,11,134,187,134,187,1.0899
5265,63,3,5,16,188,386,188,386,1.7948
5266,100,4,5,20,244,573,244,573,2.2045000000000003
5267,43,2,4,11,225,360,225,360,1.1118000000000001
5268,78,3,5,16,184,299,184,299,1.9304000000000001
5269,105,4,5,20,240,495,240,495,2.1584
5270,39,2,4,11,163,219,163,219,1.1621000000000001
5271,64,3,5,16,202,412,201,416,1.7483000000000002
5272,90,4,5,20,179,414,179,414,2.1267
5273,47,2,4,11,162,289,162,289,1.1175
5274,76,3,5,16,180,340,180,340,1.7901000000000002
5275,93,4,5,20,239,483,239,483,2.1875
5276,48,2,4,11,160,237,160,237,1.1657
5277,75,3,5,16,261,556,261,556,1.8091000000000002
5278,90,4,5,20,268,573,268,573,2.0865000000000005
5279,46,2,4,11,116,158,116,158,1.2657
5280,77,3,5,16,207,396,207,396,1.7719
5281,105,4,5,20,264,595,264,596,2.1721000000000004
5282,45,2,4,11,203,342,203,342,1.1350000000000002
5283,69,3,5,16,205,417,205,417,1.8208
5284,98,4,5,20,262,611,260,611,2.1726
5285,33,2,4,11,178,230,178,230,1.0595
5286,67,3,5,16,184,313,184,313,1.7595000000000003
5287,95,4,5,20,297,690,297,697,2.1195000000000004
5288,47,2,4,11,189,324,189,324,1.1492000000000002
5289,69,3,5,16,164,366,164,366,1.7553
5290,96,4,5,20,236,479,236,479,2.1297
5291,51,2,4,11,161,300,161,300,1.1129
5292,82,3,5,16,289,592,289,598,1.9585000000000001
5293,96,4,5,20,215,447,215,447,2.1058000000000003
5294,47,2,4,11,167,268,167,268,1.1588
5295,82,3,5,16,176,342,176,348,2.5108
5296,107,4,5,20,200,341,200,341,2.1989
5297,47,2,4,11,108,195,108,195,1.1415000000000002
5298,68,3,5,16,220,554,218,555,1.9142000000000001
5299,96,4,5,20,256,516,254,519,2.2182
5300,50,2,4,11,177,268,177,268,1.2135000000000002
5301,68,3,5,16,183,320,183,320,1.7683000000000002
5302,106,4,5,20,280,558,280,558,2.2082
5303,45,2,4,11,151,273,151,273,1.1757
5304,70,3,5,16,130,214,130,214,1.8267000000000002
5305,94,4,5,20,264,543,264,543,2.0459
5306,50,2,4,11,122,166,122,166,1.0993000000000002
5307,73,3,5,16,180,352,180,359,1.8982
5308,95,4,5,20,229,478,229,478,2.128
5309,45,2,4,11,145,196,145,196,1.1342
5310,76,3,5,16,204,329,204,329,1.8025
5311,100,4,5,20,299,661,299,661,2.1554
5312,46,2,4,11,163,200,163,200,1.1651
5313,70,3,5,16,158,314,158,314,1.7819
5314,110,4,5,20,251,491,251,491,2.1422
5315,55,2,4,11,183,290,183,290,1.1503
5316,81,3,5,16,128,225,128,225,1.8985
5317,98,4,5,20,202,354,202,354,2.1192
5318,46,2,4,11,185,267,185,267,1.3616000000000001
5319,78,3,5,16,304,583,304,584,2.4697
5320,105,4,5,20,300,565,300,565,2.1733
5321,46,2,4,11,157,281,157,281,1.0974000000000002
5322,75,3,5,16,233,441,233,441,1.8445000000000003
5323,98,4,5,20,220,468,218,471,2.3183000000000002
5324,51,2,4,11,181,297,181,297,1.1689
5325,79,3,5,16,198,376,198,382,1.8482
5326,96,4,5,20,231,523,231,523,2.1548000000000003
5327,37,2,4,11,193,340,193,340,1.1491000000000002
5328,71,3,5,16,222,435,222,435,1.7637000000000003
5329,99,4,5,20,302,669,302,669,2.1338
5330,48,2,4,11,183,328,183,328,1.1400000000000001
5331,61,3,5,16,194,397,194,397,1.7721000000000002
5332,121,4,5,20,246,562,246,562,2.2600000000000002
5333,46,2,4,11,123,240,123,240,1.1033
5334,80,3,5,16,205,436,205,436,1.8254000000000001
5335,101,4,5,20,194,338,192,342,2.1372999999999998
5336,45,2,4,11,114,187,114,187,1.0971000000000002
5337,65,3,5,16,190,300,190,300,1.7947000000000002
5338,90,4,5,20,246,640,246,644,2.0529
5339,44,2,4,11,154,222,154,222,1.1296000000000002
5340,77,3,5,16,184,371,184,371,1.8323
5341,103,4,5,20,283,555,279,577,2.1237
5342,52,2,4,11,130,157,130,157,1.1551
5343,78,3,5,16,180,352,180,352,1.9545000000000001
5344,96,4,5,20,235,471,235,471,2.3753
5345,40,2,4,11,132,185,132,185,1.1263
5346,86,3,5,16,198,328,198,328,1.8880000000000001
5347,92,4,5,20,225,495,225,495,2.1356
5348,51,2,4,11,122,159,122,159,1.1875
5349,66,3,5,16,195,384,195,384,1.7693
5350,98,4,5,20,335,723,335,724,2.1925
5351,43,2,4,11,152,197,152,197,1.1232
5352,71,3,5,16,198,314,198,314,3.0043
5353,93,4,5,20,204,437,204,437,2.1451000000000002
5354,51,2,4,11,114,140,114,140,1.1553000000000002
5355,64,3,5,16,269,529,269,529,1.8326000000000002
5356,103,4,5,20,216,530,216,530,2.1173
5357,48,2,4,11,178,293,178,293,1.1440000000000001
5358,62,3,5,16,168,247,168,247,1.7912000000000001
5359,95,4,5,20,233,461,233,461,2.0747
5360,50,2,4,11,121,197,121,197,1.1819
5361,62,3,5,16,192,296,192,296,1.7243
5362,101,4,5,20,231,464,231,464,2.1522
5363,52,2,4,11,186,286,186,286,1.1755000000000002
5364,63,3,5,16,176,364,176,364,2.3056
5365,104,4,5,20,243,492,243,492,2.1556
5366,49,2,4,11,166,280,166,280,1.1608
5367,75,3,5,16,196,371,196,371,1.8354000000000001
5368,97,4,5,20,273,566,273,566,2.3019
5369,58,2,4,11,149,214,149,214,1.1545
5370,71,3,5,16,196,384,196,384,1.8538000000000001
5371,108,4,5,20,250,624,250,624,2.1262
5372,37,2,4,11,138,156,138,156,1.1303
5373,76,3,5,16,296,586,296,586,1.8210000000000002
5374,94,4,5,20,214,390,214,390,2.1025
5375,34,2,4,11,149,278,149,278,1.0695000000000001
5376,74,3,5,16,306,616,306,616,1.9137000000000002
5377,101,4,5,20,274,636,274,636,2.1947
5378,42,2,4,11,150,217,150,217,1.3467000000000002
5379,75,3,5,16,197,398,197,398,1.8255000000000001
5380,96,4,5,20,202,360,202,360,2.0897
5381,46,2,4,11,207,310,207,310,1.1078000000000001
5382,70,3,5,16,243,473,243,473,1.7771000000000001
5383,103,4,5,20,274,627,274,627,2.119
5384,48,2,4,11,208,303,208,303,1.1749
5385,64,3,5,16,212,384,210,386,1.8377000000000001
5386,96,4,5,20,362,816,362,816,2.2252
5387,52,2,4,11,86,127,86,127,1.1795
5388,62,3,5,16,210,391,210,391,1.8001
5389,102,4,5,20,266,546,266,547,2.4456
5390,51,2,4,11,145,234,145,234,1.1518000000000002
5391,76,3,5,16,212,395,212,395,1.7972000000000001
5392,102,4,5,20,181,323,181,323,2.0989000000000004
5393,46,2,4,11,173,285,173,285,1.1798000000000002
5394,66,3,5,16,250,478,250,478,1.8349000000000002
5395,102,4,5,20,197,356,197,356,2.1225
5396,37,2,4,11,130,154,130,154,1.0737
5397,77,3,5,16,202,325,202,325,1.8460000000000003
5398,96,4,5,20,288,549,288,549,2.1594
5399,44,2,4,11,178,293,178,293,1.1329
5400,71,3,5,16,205,346,205,346,1.8361
5401,109,4,5,20,230,462,230,465,3.1621
5402,42,2,4,11,185,262,185,262,1.0904
5403,63,3,5,16,210,376,210,376,1.7991000000000001
5404,91,4,5,20,217,475,217,475,2.1612000000000005
5405,58,2,4,11,141,284,141,284,1.1866
5406,69,3,5,16,146,270,144,271,1.836
5407,95,4,5,20,295,652,295,652,2.1519
5408,47,2,4,11,179,301,179,301,1.1593
5409,77,3,5,16,240,436,240,436,1.8641
5410,96,4,5,20,302,590,294,594,2.1428000000000003
5411,47,2,4,11,134,205,134,205,1.1403
5412,70,3,5,16,190,354,190,354,1.7498000000000002
5413,98,4,5,20,190,351,190,351,2.1249000000000002
5414,39,2,4,11,152,221,152,221,1.0903
5415,84,3,5,16,194,382,194,382,1.8674000000000002
5416,109,4,5,20,207,394,207,394,2.1655
5417,46,2,4,11,150,245,150,245,1.1031000000000002
5418,70,3,5,16,128,207,128,207,1.7926000000000002
5419,93,4,5,20,317,713,317,713,2.1166
5420,48,2,4,11,133,217,133,217,1.1415000000000002
5421,50,3,5,16,192,285,192,285,1.6671
5422,108,4,5,20,247,511,247,511,3.2368
5423,48,2,4,11,154,210,154,210,1.1655
5424,79,3,5,16,176,337,172,347,1.7664000000000002
5425,92,4,5,20,334,814,334,814,2.1572
5426,48,2,4,11,147,205,147,205,1.1644
5427,86,3,5,16,233,384,233,384,1.8329000000000002
5428,93,4,5,20,263,571,263,575,2.1448
5429,52,2,4,11,137,235,137,235,1.1397
5430,69,3,5,16,201,401,201,401,1.9293
5431,99,4,5,20,266,550,266,555,2.1261
5432,50,2,4,11,132,218,132,218,1.1233
5433,66,3,5,16,182,325,182,325,1.7781
5434,88,4,5,20,258,507,258,509,2.0664
5435,50,2,4,11,155,258,155,258,1.1206
5436,70,3,5,16,182,368,182,368,1.786
5437,91,4,5,20,307,622,307,622,2.193
5438,42,2,4,11,178,256,178,256,1.1194
5439,72,3,5,16,246,403,246,403,1.8086
5440,92,4,5,20,292,692,292,692,2.1812000000000005
5441,41,2,4,11,145,201,145,201,1.1601000000000001
5442,77,3,5,16,235,475,235,475,1.8431000000000002
5443,106,4,5,20,240,451,240,451,2.3765
5444,54,2,4,11,174,313,174,313,1.163
5445,79,3,5,16,189,369,189,369,1.8519
5446,89,4,5,20,268,580,268,580,2.0847
5447,55,2,4,11,136,222,136,222,1.1801000000000001
5448,75,3,5,16,231,543,231,555,1.8302
5449,91,4,5,20,232,509,232,510,2.065
5450,54,2,4,11,172,270,172,270,1.2002
5451,65,3,5,16,195,369,195,369,1.7819
5452,104,4,5,20,200,385,200,385,2.2249000000000003
5453,52,2,4,11,177,268,177,268,1.1864
5454,71,3,5,16,179,310,179,310,1.8162
5455,98,4,5,20,177,368,177,368,2.1133
5456,46,2,4,11,138,222,138,222,1.108
5457,75,3,5,16,188,386,188,386,1.8482
5458,90,4,5,20,234,545,232,548,2.2527000000000004
5459,43,2,4,11,124,171,124,171,1.121
5460,82,3,5,16,235,543,235,543,1.91
5461,92,4,5,20,218,464,218,464,2.1086
5462,48,2,4,11,154,252,153,253,1.1512
5463,76,3,5,16,215,440,215,447,1.9088000000000003
5464,92,4,5,20,231,501,231,501,2.065
5465,47,2,4,11,204,252,204,252,1.1644
5466,76,3,5,16,226,473,226,473,1.8665
5467,84,4,5,20,259,493,259,493,2.1251
5468,55,2,4,11,165,255,165,255,1.2034
5469,63,3,5,16,197,407,197,407,1.7436
5470,98,4,5,20,237,522,237,522,2.1017
5471,49,2,4,11,146,295,146,295,1.1272
5472,68,3,5,16,216,395,216,395,1.7633
5473,92,4,5,20,315,596,315,596,3.4347000000000003
5474,47,2,4,11,148,191,148,191,1.1350000000000002
5475,65,3,5,16,258,518,258,518,1.7637000000000003
5476,109,4,5,20,229,428,229,428,2.1129000000000002
5477,42,2,4,11,183,281,183,281,1.0801
5478,74,3,5,16,207,376,207,376,2.1326
5479,99,4,5,20,214,446,214,446,2.1007000000000002
5480,45,2,4,11,127,222,127,222,1.0945
5481,80,3,5,16,173,319,173,320,1.8111000000000002
5482,95,4,5,20,293,555,291,556,2.2357
5483,55,2,4,11,94,110,94,110,1.1839000000000002
5484,75,3,5,16,282,522,282,522,2.7861000000000002
5485,99,4,5,20,248,537,246,538,2.1768
5486,46,2,4,11,142,189,142,189,1.1522000000000001
5487,77,3,5,16,198,393,198,393,1.84
5488,93,4,5,20,267,621,267,621,2.0983
5489,47,2,4,11,162,267,162,267,1.1555
5490,69,3,5,16,170,333,170,333,2.0823
5491,96,4,5,20,248,479,248,483,2.1847
5492,46,2,4,11,115,185,115,185,1.1087
5493,68,3,5,16,210,435,210,435,1.8099
5494,106,4,5,20,268,588,268,588,2.1564
5495,56,2,4,11,129,198,129,198,1.1334000000000002
5496,77,3,5,16,201,406,201,406,1.9116
5497,94,4,5,20,200,419,200,419,2.1289
5498,40,2,4,11,141,209,141,209,1.0787000000000002
5499,76,3,5,16,221,399,221,399,1.8458
5500,94,4,5,20,323,694,323,694,2.0949000000000004
5501,46,2,4,11,126,156,126,156,1.1188
5502,66,3,5,16,221,431,221,431,1.818
5503,89,4,5,20,353,800,353,800,2.1636
5504,40,2,4,11,211,355,211,355,1.0994000000000002
5505,66,3,5,16,255,526,255,526,1.7984000000000002
5506,89,4,5,20,226,428,226,428,2.0385
5507,50,2,4,11,141,194,141,194,1.1767
5508,82,3,5,16,209,348,209,348,1.8283000000000003
5509,103,4,5,20,252,548,250,549,2.1746
5510,49,2,4,11,135,237,135,237,1.1241
5511,79,3,5,16,189,441,189,441,1.8200000000000003
5512,84,4,5,20,195,411,191,419,2.0629000000000004
5513,45,2,4,11,159,255,159,255,1.1231000000000002
5514,65,3,5,16,178,348,178,348,1.8000000000000003
5515,106,4,5,20,329,731,329,731,2.1891000000000003
5516,46,2,4,11,129,210,129,210,1.1053
5517,57,3,5,16,181,305,181,305,1.7239000000000002
5518,96,4,5,20,249,470,249,470,2.0738000000000003
5519,48,2,4,11,137,231,137,231,1.3095
5520,65,3,5,16,213,518,213,518,1.7847000000000002
5521,99,4,5,20,239,521,236,526,2.1923000000000004
5522,47,2,4,11,116,148,116,148,1.1491000000000002
5523,66,3,5,16,331,701,331,701,1.8358
5524,93,4,5,20,199,370,199,370,2.1066000000000003
5525,58,2,4,11,147,209,147,209,1.1975
5526,80,3,5,16,158,322,158,322,1.9276
5527,103,4,5,20,196,417,196,417,2.1910000000000003
5528,52,2,4,11,118,159,118,159,1.1583
5529,77,3,5,16,181,294,181,294,1.8648
5530,88,4,5,20,237,495,237,495,2.0775
5531,49,2,4,11,155,264,155,264,1.1095
5532,70,3,5,16,184,366,184,366,2.2952000000000004
5533,100,4,5,20,270,629,270,633,2.1664000000000003
5534,42,2,4,11,184,342,184,342,1.0810000000000002
5535,84,3,5,16,210,438,210,438,1.861
5536,98,4,5,20,333,834,333,834,2.0774
5537,53,2,4,11,130,178,130,178,1.118
5538,77,3,5,16,231,532,231,533,1.7612
5539,100,4,5,20,295,726,295,726,2.0977
5540,49,2,4,11,156,189,156,189,1.1643000000000001
5541,65,3,5,16,198,399,198,399,1.8212
5542,102,4,5,20,201,397,201,397,2.1033000000000004
5543,44,2,4,11,166,313,166,313,1.1819
5544,65,3,5,16,226,424,226,426,1.8942
5545,87,4,5,20,246,531,246,532,2.1324
5546,46,2,4,11,96,121,96,121,1.1133
5547,81,3,5,16,152,257,152,257,1.7985000000000002
5548,96,4,5,20,170,332,168,333,2.0988
5549,37,2,4,11,176,224,152,228,1.1343
5550,87,3,5,16,234,474,234,480,1.9675
5551,101,4,5,20,214,445,214,445,2.1161000000000003
5552,38,2,4,11,141,235,141,235,1.0737999999999999
5553,72,3,5,16,208,409,208,409,1.8265000000000002
5554,101,4,5,20,242,485,234,486,2.1993
5555,54,2,4,11,166,264,166,264,1.1826
5556,73,3,5,16,183,350,183,350,1.8395000000000001
5557,100,4,5,20,264,562,264,569,2.2186000000000003
5558,45,2,4,11,119,248,119,248,1.1724
5559,73,3,5,16,167,284,167,284,1.8665
5560,110,4,5,20,272,617,272,617,2.2415
5561,48,2,4,11,150,259,150,259,1.1533000000000002
5562,70,3,5,16,184,375,184,375,1.835
5563,95,4,5,20,244,533,244,533,2.1348000000000003
5564,40,2,4,11,143,232,143,232,1.1403999999999999
5565,73,3,5,16,202,391,200,394,1.8697000000000001
5566,101,4,5,20,208,436,208,436,3.0823
5567,49,2,4,11,169,286,169,286,1.5984
5568,66,3,5,16,173,413,173,413,1.8189
5569,97,4,5,20,176,412,176,414,2.1669
5570,51,2,4,11,147,238,147,238,1.1922
5571,82,3,5,16,285,598,284,610,1.8259
5572,114,4,5,20,243,492,243,492,2.1828
5573,48,2,4,11,154,217,154,217,1.1603
5574,65,3,5,16,237,477,237,477,1.7313
5575,95,4,5,20,271,624,271,624,2.1285000000000003
5576,57,2,4,11,171,289,171,289,1.1482
5577,72,3,5,16,218,411,218,411,1.8035
5578,83,4,5,20,301,607,301,607,2.2070000000000003
5579,49,2,4,11,147,214,147,214,1.1495000000000002
5580,70,3,5,16,228,460,228,460,1.7627000000000002
5581,92,4,5,20,198,423,198,423,2.0828
5582,45,2,4,11,136,187,136,187,1.1231000000000002
5583,80,3,5,16,166,319,166,319,1.8223000000000003
5584,89,4,5,20,285,666,285,666,2.0614000000000003
5585,49,2,4,11,128,188,128,188,1.1243
5586,68,3,5,16,178,290,178,290,1.8101
5587,93,4,5,20,287,642,287,642,3.5165
5588,45,2,4,11,130,189,130,189,1.131
5589,71,3,5,16,261,449,261,449,1.7592
5590,99,4,5,20,252,597,250,602,2.1328
5591,44,2,4,11,153,279,153,279,1.1051000000000002
5592,81,3,5,16,231,501,229,505,1.8895000000000002
5593,101,4,5,20,293,598,291,611,2.1743
5594,39,2,4,11,162,287,162,287,1.1666
5595,78,3,5,16,203,362,203,363,1.8036
5596,93,4,5,20,296,666,296,666,2.5211
5597,46,2,4,11,137,215,137,239,1.131
5598,69,3,5,16,207,417,207,423,1.7833
5599,103,4,5,20,222,505,222,506,2.1356
5600,48,2,4,11,142,218,142,218,1.1268
5601,76,3,5,16,181,385,181,385,1.8676000000000001
5602,90,4,5,20,237,500,237,500,2.0662000000000003
5603,53,2,4,11,126,226,126,226,1.1418000000000001
5604,75,3,5,16,224,400,224,400,1.8116
5605,99,4,5,20,188,356,188,356,2.1614
5606,41,2,4,11,142,230,142,230,1.1212000000000002
5607,67,3,5,16,173,365,173,366,1.8009
5608,93,4,5,20,293,621,293,621,2.1384
5609,45,2,4,11,126,202,126,202,1.1122
5610,89,3,5,16,197,401,197,401,1.8878
5611,99,4,5,20,198,392,198,392,2.0879000000000003
5612,47,2,4,11,125,177,125,177,1.1192000000000002
5613,74,3,5,16,190,446,190,446,1.8669
5614,87,4,5,20,246,506,246,506,2.1428000000000003
5615,52,2,4,11,159,211,155,279,1.187
5616,69,3,5,16,174,318,174,318,1.76
5617,92,4,5,20,322,650,322,650,2.8353
5618,40,2,4,11,138,223,137,223,1.0892
5619,71,3,5,16,199,390,199,390,1.8675
5620,103,4,5,20,254,540,254,547,2.2405000000000004
5621,47,2,4,11,101,166,101,166,1.0939
5622,74,3,5,16,198,379,198,379,1.7829
5623,94,4,5,20,276,666,276,666,2.1666000000000003
5624,48,2,4,11,121,174,121,174,1.1649000000000003
5625,79,3,5,16,150,239,150,239,1.8063
5626,95,4,5,20,214,454,214,454,2.1018
5627,42,2,4,11,144,199,144,199,1.111
5628,71,3,5,16,204,465,204,465,1.7970000000000002
5629,91,4,5,20,209,432,209,432,2.1113
5630,41,2,4,11,146,165,146,165,1.1751
5631,73,3,5,16,181,286,181,286,1.8535000000000001
5632,99,4,5,20,224,461,224,461,2.1307
5633,46,2,4,11,140,187,140,187,1.1591000000000002
5634,78,3,5,16,287,545,287,545,1.8944
5635,93,4,5,20,184,351,184,351,2.1287000000000003
5636,51,2,4,11,162,220,162,220,1.1062
5637,69,3,5,16,252,530,250,531,1.8534000000000002
5638,94,4,5,20,227,495,227,495,2.0652
5639,50,2,4,11,143,230,143,230,1.1255
5640,81,3,5,16,170,335,170,335,1.8077
5641,105,4,5,20,249,558,249,558,2.1305
5642,48,2,4,11,142,289,142,289,1.1069
5643,72,3,5,16,192,375,192,375,1.7972000000000001
5644,98,4,5,20,182,429,182,429,2.0783
5645,48,2,4,11,165,229,165,229,1.1070000000000002
5646,68,3,5,16,138,215,138,215,1.7691000000000001
5647,99,4,5,20,245,501,245,501,2.1913
5648,48,2,4,11,106,127,106,127,1.8564
5649,77,3,5,16,218,354,218,354,2.7616000000000005
5650,111,4,5,20,209,468,209,468,2.1686
5651,54,2,4,11,158,213,158,213,1.1348
5652,73,3,5,16,188,308,188,308,1.7878000000000003
5653,99,4,5,20,219,432,219,432,2.1241000000000003
5654,40,2,4,11,172,327,172,327,1.0751000000000002
5655,79,3,5,16,178,343,178,343,1.8352000000000002
5656,94,4,5,20,305,705,305,709,2.2663
5657,50,2,4,11,124,149,124,149,1.1997000000000002
5658,75,3,5,16,245,558,245,558,1.8355000000000001
5659,98,4,5,20,263,511,263,511,2.134
5660,44,2,4,11,168,262,168,262,1.1443
5661,71,3,5,16,213,410,213,410,1.8261000000000003
5662,91,4,5,20,289,627,289,627,2.1166
5663,45,2,4,11,178,262,178,262,1.1307
5664,75,3,5,16,174,385,174,385,1.8469
5665,101,4,5,20,253,485,253,485,2.2180000000000004
5666,44,2,4,11,168,281,168,281,1.1418000000000001
5667,83,3,5,16,189,313,189,313,1.8743
5668,87,4,5,20,270,557,270,559,2.0554
5669,51,2,4,11,124,169,124,169,1.1129
5670,76,3,5,16,231,418,231,418,1.8061000000000003
5671,97,4,5,20,275,646,275,646,2.0914
5672,49,2,4,11,155,250,155,250,1.5159000000000002
5673,78,3,5,16,254,515,254,515,1.91
5674,99,4,5,20,269,542,269,542,2.1027000000000005
5675,48,2,4,11,179,298,179,298,1.1361
5676,66,3,5,16,263,526,263,526,1.7618000000000003
5677,95,4,5,20,196,404,196,404,2.1192
5678,55,2,4,11,180,289,179,292,1.1841
5679,61,3,5,16,172,268,172,268,1.7521000000000002
5680,95,4,5,20,191,342,189,343,2.0888
5681,42,2,4,11,126,164,126,164,1.1181
5682,69,3,5,16,162,316,162,316,1.7352
5683,93,4,5,20,281,590,281,600,2.1003000000000003
5684,46,2,4,11,160,255,160,255,1.1319000000000001
5685,61,3,5,16,198,376,184,376,1.8021
5686,109,4,5,20,272,516,272,518,2.3182000000000005
5687,35,2,4,11,175,302,175,302,1.0742
5688,73,3,5,16,146,289,146,289,1.8016000000000003
5689,109,4,5,20,227,532,227,532,2.2915
5690,46,2,4,11,113,215,113,215,1.1617000000000002
5691,78,3,5,16,185,337,185,337,1.9331
5692,99,4,5,20,216,503,216,503,2.1385
5693,48,2,4,11,121,205,121,205,1.1458
5694,78,3,5,16,176,380,176,380,1.7831000000000001
5695,99,4,5,20,246,553,246,553,2.1615
5696,41,2,4,11,175,281,175,281,1.0938
5697,68,3,5,16,187,423,187,423,1.7743000000000002
5698,112,4,5,20,218,414,218,414,2.2423
5699,40,2,4,11,88,120,88,120,1.0810000000000002
5700,80,3,5,16,231,434,229,438,1.8662
5701,85,4,5,20,237,450,237,450,2.063
5702,51,2,4,11,146,256,146,256,1.1444
5703,79,3,5,16,215,412,215,412,1.8840000000000001
5704,86,4,5,20,209,438,209,438,2.0597000000000003
5705,50,2,4,11,186,299,186,299,1.1401000000000001
5706,72,3,5,16,234,420,234,420,1.8674000000000002
5707,102,4,5,20,227,476,227,476,2.1503
5708,55,2,4,11,120,155,120,155,1.1727
5709,75,3,5,16,178,278,178,278,1.7798000000000003
5710,102,4,5,20,279,655,279,655,2.1517000000000004
5711,49,2,4,11,189,275,189,275,1.1533000000000002
5712,77,3,5,16,195,351,195,351,1.8105
5713,92,4,5,20,223,487,223,487,2.0499000000000005
5714,49,2,4,11,130,157,130,157,1.1423
5715,72,3,5,16,185,349,185,349,1.822
5716,103,4,5,20,255,558,255,558,2.1668
5717,59,2,4,11,130,192,128,197,1.1954
5718,75,3,5,16,186,321,186,321,1.7686000000000002
5719,93,4,5,20,303,607,303,607,2.1865
5720,50,2,4,11,199,335,199,335,1.1594000000000002
5721,74,3,5,16,241,448,241,450,1.9678
5722,84,4,5,20,250,475,250,475,2.0424
5723,53,2,4,11,114,138,114,138,1.1777
5724,65,3,5,16,186,377,186,390,1.7796
5725,96,4,5,20,231,517,228,518,2.0896
5726,43,2,4,11,135,217,135,217,1.1637000000000002
5727,71,3,5,16,182,317,182,317,1.8069000000000002
5728,95,4,5,20,241,551,241,553,2.1722
5729,55,2,4,11,104,173,104,173,1.1471
5730,82,3,5,16,146,243,146,243,1.97
5731,98,4,5,20,288,563,288,563,2.3223000000000003
5732,54,2,4,11,129,209,129,209,1.1827
5733,65,3,5,16,272,510,272,510,2.6483000000000003
5734,95,4,5,20,238,549,238,549,2.111
5735,50,2,4,11,200,340,200,340,1.1574
5736,69,3,5,16,265,479,265,479,1.8507
5737,91,4,5,20,239,581,239,581,2.1161000000000003
5738,53,2,4,11,206,320,206,320,1.1589
5739,66,3,5,16,206,359,206,359,1.7953000000000001
5740,103,4,5,20,244,472,244,472,2.2592000000000003
5741,44,2,4,11,171,271,171,271,1.1556000000000002
5742,73,3,5,16,144,322,144,330,1.7935
5743,99,4,5,20,264,530,264,534,2.1944
5744,46,2,4,11,151,248,151,248,1.1232
5745,84,3,5,16,109,215,109,215,1.7982
5746,111,4,5,20,219,461,219,461,2.1481
5747,56,2,4,11,156,226,156,226,1.1400000000000001
5748,75,3,5,16,202,423,202,423,1.834
5749,94,4,5,20,248,541,248,541,2.1228000000000002
5750,50,2,4,11,146,200,146,200,1.2081000000000002
5751,71,3,5,16,276,651,276,651,1.8751000000000002
5752,91,4,5,20,220,431,220,431,2.0993
5753,47,2,4,11,185,297,185,297,1.0902
5754,73,3,5,16,219,393,219,393,1.8099
5755,115,4,5,20,241,443,241,443,2.1996
5756,58,2,4,11,120,157,120,157,1.173
5757,71,3,5,16,176,300,174,301,1.9285
5758,78,4,5,20,196,312,196,312,2.1548000000000003
5759,54,2,4,11,179,284,179,284,1.196
5760,74,3,5,16,217,359,215,359,1.7763000000000002
5761,89,4,5,20,245,486,245,486,2.0648000000000004
5762,44,2,4,11,142,231,142,231,1.1340000000000001
5763,79,3,5,16,241,483,241,483,1.8741
5764,99,4,5,20,332,748,332,748,2.1641
5765,54,2,4,11,169,280,169,280,1.1783000000000001
5766,75,3,5,16,173,331,173,331,2.2984000000000004
5767,85,4,5,20,246,518,246,518,2.188
5768,42,2,4,11,155,265,155,265,1.1440000000000001
5769,80,3,5,16,194,435,194,435,1.8631000000000002
5770,107,4,5,20,255,517,255,519,2.1794000000000002
5771,54,2,4,11,94,131,94,131,1.1293
5772,75,3,5,16,180,326,180,326,1.8173000000000001
5773,96,4,5,20,211,451,211,451,2.0772
5774,42,2,4,11,156,199,156,199,1.101
5775,70,3,5,16,180,284,180,284,1.7969000000000002
5776,87,4,5,20,247,564,247,564,2.0282
5777,49,2,4,11,158,272,158,272,1.1529
5778,77,3,5,16,203,343,201,345,1.8572
5779,106,4,5,20,249,509,249,509,2.1472
5780,42,2,4,11,117,174,117,174,1.0818
5781,66,3,5,16,291,565,291,565,1.7703
5782,111,4,5,20,255,530,255,530,2.2286
5783,46,2,4,11,186,274,186,274,1.133
5784,77,3,5,16,162,284,162,284,1.8200000000000003
5785,108,4,5,20,211,392,211,392,2.1123000000000003
5786,52,2,4,11,160,198,160,198,1.2173
5787,77,3,5,16,168,290,168,290,1.8147
5788,97,4,5,20,214,386,214,386,2.0768
5789,52,2,4,11,139,218,139,218,1.1415000000000002
5790,76,3,5,16,235,468,235,469,1.825
5791,96,4,5,20,224,393,224,393,2.092
5792,45,2,4,11,151,257,151,257,1.1296000000000002
5793,77,3,5,16,191,341,191,341,2.1451000000000002
5794,89,4,5,20,168,397,168,397,2.0998
5795,54,2,4,11,131,241,131,241,1.1563
5796,62,3,5,16,263,535,263,535,1.7468000000000001
5797,84,4,5,20,284,578,284,578,2.0730000000000004
5798,44,2,4,11,230,338,230,338,1.1191
5799,80,3,5,16,216,403,216,408,1.9259000000000002
5800,89,4,5,20,227,415,227,415,2.0226
5801,44,2,4,11,142,177,142,177,1.0983
5802,72,3,5,16,250,439,248,443,1.8403
5803,99,4,5,20,287,528,287,528,2.0894
5804,43,2,4,11,177,263,177,263,1.1138000000000001
5805,62,3,5,16,188,336,188,336,1.7703
5806,98,4,5,20,267,567,267,567,2.1518
5807,41,2,4,11,157,247,157,247,1.1711
5808,78,3,5,16,187,440,187,441,1.8265000000000002
5809,103,4,5,20,251,509,251,509,2.2016
5810,50,2,4,11,125,197,125,197,1.1215000000000002
5811,65,3,5,16,202,392,202,392,1.8222000000000003
5812,97,4,5,20,333,709,333,709,2.1467
5813,42,2,4,11,153,215,153,215,1.1193000000000002
5814,81,3,5,16,177,365,177,365,1.8227
5815,100,4,5,20,230,462,230,462,2.0700000000000003
5816,49,2,4,11,138,239,138,239,1.1157000000000001
5817,61,3,5,16,255,482,255,482,1.7787
5818,105,4,5,20,217,521,215,523,2.0589000000000004
5819,51,2,4,11,152,214,152,214,1.1324
5820,72,3,5,16,150,307,150,309,1.8086
5821,96,4,5,20,260,524,260,524,2.1421
5822,49,2,4,11,209,350,209,350,1.1744
5823,74,3,5,16,273,496,273,496,1.7953000000000001
5824,94,4,5,20,198,346,198,346,2.1406000000000005
5825,49,2,4,11,138,224,138,224,1.1434000000000002
5826,75,3,5,16,174,369,174,369,1.8637000000000001
5827,105,4,5,20,195,405,195,405,2.1004
5828,52,2,4,11,141,205,141,205,1.1871000000000003
5829,60,3,5,16,229,458,227,458,1.7770000000000001
5830,91,4,5,20,273,607,273,607,2.4654
5831,51,2,4,11,203,307,203,307,1.1378
5832,58,3,5,16,253,486,253,499,1.8081000000000003
5833,97,4,5,20,195,430,195,430,2.1198
5834,47,2,4,11,129,216,129,216,1.0964
5835,77,3,5,16,170,274,168,280,1.9133000000000002
5836,94,4,5,20,254,542,254,542,2.1328
5837,42,2,4,11,160,206,160,206,1.1281
5838,65,3,5,16,207,339,207,341,1.8291000000000002
5839,96,4,5,20,172,395,172,396,2.0988
5840,48,2,4,11,141,233,141,233,1.1576000000000002
5841,61,3,5,16,182,366,180,367,1.8009
5842,99,4,5,20,200,358,200,358,2.1599000000000004
5843,54,2,4,11,135,209,135,209,1.1292000000000002
5844,69,3,5,16,214,389,214,389,1.7665
5845,95,4,5,20,283,612,283,612,2.1293
5846,49,2,4,11,175,226,175,226,1.1849
5847,67,3,5,16,191,369,191,369,1.798
5848,100,4,5,20,208,420,208,420,2.1732
5849,56,2,4,11,122,154,122,154,1.1516
5850,75,3,5,16,244,449,244,449,1.8922
5851,85,4,5,20,227,397,226,408,2.1006
5852,48,2,4,11,143,191,143,191,1.211
5853,87,3,5,16,200,400,200,400,1.8509000000000002
5854,99,4,5,20,219,518,219,518,3.1638
5855,55,2,4,11,170,230,170,230,1.1616
5856,69,3,5,16,223,498,223,498,1.8459
5857,111,4,5,20,246,512,244,513,2.2681000000000004
5858,52,2,4,11,162,202,162,202,1.1817000000000002
5859,79,3,5,16,211,399,211,399,1.8725
5860,90,4,5,20,232,466,232,466,2.1653000000000002
5861,40,2,4,11,211,371,211,371,1.1304
5862,68,3,5,16,227,501,227,501,1.8848
5863,100,4,5,20,223,501,223,501,2.145
5864,48,2,4,11,190,337,190,337,1.1467
5865,83,3,5,16,241,512,241,512,1.8718000000000001
5866,90,4,5,20,207,456,207,456,2.0971
5867,40,2,4,11,128,172,128,172,1.0978999999999999
5868,65,3,5,16,172,312,168,313,1.8101
5869,95,4,5,20,248,535,248,535,2.0808000000000004
5870,48,2,4,11,152,216,152,216,1.1146
5871,68,3,5,16,200,360,200,360,1.7724000000000002
5872,95,4,5,20,240,502,240,502,2.1021
5873,44,2,4,11,110,150,110,150,1.1540000000000001
5874,73,3,5,16,173,290,173,290,2.2234
5875,95,4,5,20,183,423,183,423,2.1621
5876,48,2,4,11,209,324,209,324,1.1472000000000002
5877,74,3,5,16,178,302,178,302,2.0221
5878,114,4,5,20,245,515,245,515,2.2086
5879,48,2,4,11,121,201,121,201,1.1108
5880,77,3,5,16,214,430,214,430,1.7863000000000002
5881,94,4,5,20,272,631,272,631,2.0708
5882,54,2,4,11,171,266,166,276,1.203
5883,68,3,5,16,136,304,136,304,1.7867
5884,97,4,5,20,273,499,273,499,2.1328
5885,42,2,4,11,143,228,143,228,1.1053
5886,64,3,5,16,213,447,213,447,1.7584
5887,93,4,5,20,255,549,252,550,2.0635000000000003
5888,61,2,4,11,195,328,195,328,1.2031
5889,76,3,5,16,229,395,229,395,2.406
5890,98,4,5,20,300,754,300,754,2.2029
5891,43,2,4,11,175,218,175,218,1.2261000000000002
5892,68,3,5,16,183,309,183,309,1.7750000000000001
5893,99,4,5,20,279,587,279,587,2.0978
5894,49,2,4,11,144,230,144,230,1.1387
5895,78,3,5,16,168,323,168,323,1.8292
5896,98,4,5,20,196,364,196,364,2.1345
5897,42,2,4,11,116,172,116,172,1.127
5898,68,3,5,16,202,364,202,364,2.598
5899,102,4,5,20,145,249,145,249,2.0377
5900,50,2,4,11,104,123,104,123,1.1539
5901,63,3,5,16,227,445,227,445,1.7841
5902,107,4,5,20,249,505,249,505,2.2142
5903,56,2,4,11,133,210,133,210,1.1915
5904,75,3,5,16,188,378,188,378,1.7744000000000002
5905,100,4,5,20,188,365,188,365,2.1305
5906,47,2,4,11,88,108,88,108,1.1244
5907,80,3,5,16,221,370,219,370,1.9047
5908,91,4,5,20,244,446,244,446,2.087
5909,43,2,4,11,138,267,138,267,1.0955000000000001
5910,70,3,5,16,221,449,220,449,1.8011000000000001
5911,91,4,5,20,257,545,257,545,2.1276
5912,43,2,4,11,155,288,155,288,1.0756999999999999
5913,74,3,5,16,205,434,205,434,1.7792000000000001
5914,95,4,5,20,278,604,278,604,2.3362000000000003
5915,55,2,4,11,149,214,149,214,1.1636000000000002
5916,73,3,5,16,242,433,242,433,1.8553
5917,95,4,5,20,268,618,266,619,2.1859
5918,50,2,4,11,147,211,147,211,1.1166
5919,73,3,5,16,168,265,168,265,1.8027000000000002
5920,93,4,5,20,306,648,306,648,2.204
5921,51,2,4,11,198,328,198,328,1.1447
5922,71,3,5,16,176,270,176,270,1.9707000000000001
5923,102,4,5,20,182,332,182,332,2.1124
5924,48,2,4,11,177,239,177,239,1.1624
5925,70,3,5,16,199,394,199,394,1.822
5926,96,4,5,20,201,461,201,461,2.2572
5927,50,2,4,11,125,195,125,195,1.1578000000000002
5928,70,3,5,16,197,363,197,363,1.7939000000000003
5929,90,4,5,20,239,519,239,519,2.1206000000000005
5930,57,2,4,11,58,78,58,78,1.1295000000000002
5931,66,3,5,16,172,384,172,384,1.8119000000000003
5932,96,4,5,20,213,432,213,432,2.0781
5933,46,2,4,11,173,276,173,276,1.1089000000000002
5934,85,3,5,16,164,291,163,295,1.8812000000000002
5935,97,4,5,20,254,547,254,548,2.1574000000000004
5936,44,2,4,11,183,310,183,310,1.1579000000000002
5937,78,3,5,16,147,319,147,319,1.8551000000000002
5938,81,4,5,20,257,560,257,560,2.085
5939,41,2,4,11,162,217,162,217,1.0805
5940,72,3,5,16,218,412,218,412,1.8322000000000003
5941,101,4,5,20,237,452,237,452,2.141
5942,41,2,4,11,163,255,163,255,1.1012000000000002
5943,66,3,5,16,165,316,165,316,1.8018
5944,94,4,5,20,238,507,238,515,2.1819
5945,50,2,4,11,174,345,174,345,1.1623
5946,67,3,5,16,235,500,235,500,1.8262
5947,104,4,5,20,257,532,257,532,2.1677000000000004
5948,35,2,4,11,170,199,170,199,1.1036000000000001
5949,76,3,5,16,237,481,234,482,2.7109
5950,98,4,5,20,168,340,168,340,2.0887000000000002
5951,54,2,4,11,179,287,179,287,1.1812
5952,69,3,5,16,106,214,106,214,1.8239
5953,95,4,5,20,271,556,271,556,2.1506000000000003
5954,38,2,4,11,215,332,215,332,1.0751000000000002
5955,75,3,5,16,191,344,191,344,1.8310000000000002
5956,92,4,5,20,293,568,293,568,2.1453
5957,49,2,4,11,145,218,145,218,1.1847
5958,58,3,5,16,218,349,218,349,1.7594
5959,104,4,5,20,195,362,195,362,2.1074
5960,37,2,4,11,173,262,173,262,1.1108
5961,77,3,5,16,202,361,202,361,1.8354000000000001
5962,96,4,5,20,177,357,177,357,2.0981000000000005
5963,48,2,4,11,176,293,176,293,1.1183
5964,73,3,5,16,185,339,185,339,1.825
5965,97,4,5,20,242,520,242,526,2.1445000000000003
5966,46,2,4,11,144,271,144,271,1.1263
5967,72,3,5,16,191,360,191,360,1.7941
5968,93,4,5,20,239,521,239,521,2.0867
5969,44,2,4,11,167,268,167,268,1.0856000000000001
5970,66,3,5,16,229,473,229,473,1.7267000000000001
5971,99,4,5,20,207,460,207,460,2.1151
5972,50,2,4,11,156,224,156,224,1.1845
5973,69,3,5,16,215,431,215,431,1.8332000000000002
5974,106,4,5,20,152,338,152,338,2.0235000000000003
5975,45,2,4,11,150,205,150,205,1.1268
5976,65,3,5,16,187,342,187,342,1.7689000000000001
5977,103,4,5,20,210,389,210,389,2.1694
5978,45,2,4,11,151,244,151,244,1.1800000000000002
5979,63,3,5,16,201,410,201,410,1.7379000000000002
5980,90,4,5,20,272,635,272,635,2.0638
5981,52,2,4,11,168,223,168,223,1.177
5982,81,3,5,16,211,457,211,457,1.9024
5983,98,4,5,20,298,682,298,682,2.1942000000000004
5984,48,2,4,11,172,275,172,275,1.1706
5985,83,3,5,16,176,328,176,328,1.8135000000000001
5986,93,4,5,20,274,584,274,584,2.1631000000000005
5987,39,2,4,11,165,289,165,289,1.1037
5988,72,3,5,16,207,437,207,438,1.8107000000000002
5989,97,4,5,20,232,508,232,509,2.0900000000000003
5990,46,2,4,11,187,289,187,289,1.1873
5991,73,3,5,16,205,335,205,341,1.8509000000000002
5992,96,4,5,20,333,656,333,656,2.1469
5993,48,2,4,11,168,226,168,226,1.832
5994,72,3,5,16,153,260,153,260,1.7986
5995,101,4,5,20,233,551,233,551,2.0996
5996,54,2,4,11,147,222,147,222,1.1236
5997,70,3,5,16,232,469,232,469,1.7790000000000001
5998,107,4,5,20,224,509,224,509,2.1917
5999,47,2,4,11,98,128,98,128,1.0909000000000002
6000,81,3,5,16,183,317,181,318,1.8968
6001,94,4,5,20,194,383,194,383,2.1114
6002,48,2,4,11,154,253,154,253,1.1176000000000001
6003,61,3,5,16,177,287,177,287,1.7296000000000002
6004,86,4,5,20,208,420,207,425,2.0313000000000003
6005,50,2,4,11,175,266,174,268,1.1888
6006,70,3,5,16,262,453,262,453,1.7627000000000002
6007,107,4,5,20,204,411,202,413,2.1743
6008,47,2,4,11,126,190,126,190,1.1173000000000002
6009,69,3,5,16,211,411,211,411,1.7595000000000003
6010,91,4,5,20,215,443,215,443,2.0982000000000003
6011,35,2,4,11,135,205,135,205,1.0805
6012,62,3,5,16,223,462,223,462,1.762
6013,97,4,5,20,238,487,237,487,2.1305
6014,41,2,4,11,149,223,149,223,1.1031000000000002
6015,66,3,5,16,274,595,272,597,1.8231
6016,103,4,5,20,171,369,171,369,2.1329000000000002
6017,48,2,4,11,143,234,143,234,1.1167
6018,71,3,5,16,196,384,196,384,1.8173000000000001
6019,108,4,5,20,255,554,255,554,2.18
6020,45,2,4,11,187,314,187,314,1.1144
6021,75,3,5,16,210,393,210,393,1.9157000000000002
6022,107,4,5,20,289,527,288,532,2.1553
6023,44,2,4,11,153,204,153,204,1.0964
6024,71,3,5,16,254,527,254,527,2.02
6025,98,4,5,20,279,563,279,563,2.2038
6026,42,2,4,11,153,257,153,257,1.2740000000000002
6027,81,3,5,16,167,343,167,343,1.8968
6028,109,4,5,20,234,487,234,487,2.3335
6029,52,2,4,11,173,271,173,271,1.1895
6030,70,3,5,16,190,388,190,388,1.7724000000000002
6031,95,4,5,20,236,526,236,526,2.1489
6032,40,2,4,11,189,269,189,269,1.1111
6033,65,3,5,16,249,507,247,508,1.8426
6034,90,4,5,20,280,604,277,606,2.0300000000000002
6035,42,2,4,11,119,235,119,235,1.0805
6036,76,3,5,16,160,277,160,277,1.8706
6037,104,4,5,20,287,639,287,639,2.1074
6038,59,2,4,11,116,135,116,135,1.1845
6039,79,3,5,16,187,378,184,391,1.8807
6040,88,4,5,20,192,385,192,385,2.0982000000000003
6041,41,2,4,11,193,301,193,301,1.1006
6042,76,3,5,16,129,244,129,244,1.7598000000000003
6043,95,4,5,20,254,542,254,542,2.1147
6044,39,2,4,11,176,273,176,273,1.1379000000000001
6045,76,3,5,16,177,324,177,324,1.9111000000000002
6046,106,4,5,20,160,287,160,287,2.1048
6047,50,2,4,11,122,214,122,214,1.1683000000000001
6048,81,3,5,16,227,450,227,450,1.8801000000000003
6049,96,4,5,20,297,676,297,676,2.1078
6050,41,2,4,11,194,359,194,359,1.1115000000000002
6051,87,3,5,16,192,348,192,348,1.8997
6052,79,4,5,20,246,535,244,538,2.0681000000000003
6053,48,2,4,11,115,203,115,203,1.2011
6054,70,3,5,16,245,469,245,469,1.8163
6055,101,4,5,20,277,589,275,590,2.1538
6056,50,2,4,11,130,165,130,165,1.4297000000000002
6057,76,3,5,16,185,427,185,427,1.8496000000000001
6058,87,4,5,20,212,461,212,461,2.0711000000000004
6059,45,2,4,11,166,292,166,292,1.1537000000000002
6060,73,3,5,16,268,501,268,501,1.8820000000000001
6061,102,4,5,20,326,662,324,663,2.1356
6062,50,2,4,11,154,194,152,203,1.1926
6063,76,3,5,16,192,393,192,393,1.9002000000000001
6064,109,4,5,20,250,563,250,563,2.1849
6065,48,2,4,11,139,214,139,214,1.1161
6066,61,3,5,16,299,628,299,628,2.6178
6067,98,4,5,20,211,469,211,469,2.0770000000000004
6068,50,2,4,11,108,130,108,130,1.1792
6069,63,3,5,16,169,350,169,350,1.737
6070,93,4,5,20,202,401,202,401,2.0501
6071,46,2,4,11,204,348,204,348,1.0994000000000002
6072,63,3,5,16,310,635,310,635,1.8018
6073,94,4,5,20,232,476,232,476,2.1192
6074,45,2,4,11,139,252,139,252,1.1974000000000002
6075,65,3,5,16,194,351,194,351,1.8531000000000002
6076,116,4,5,20,283,534,283,534,2.1936
6077,51,2,4,11,183,315,183,315,1.1386
6078,74,3,5,16,240,501,240,501,1.8852
6079,85,4,5,20,208,361,208,361,2.0451
6080,42,2,4,11,109,198,109,198,1.0865
6081,71,3,5,16,212,379,212,379,1.827
6082,93,4,5,20,189,403,189,403,1.9845000000000002
6083,50,2,4,11,121,183,121,183,1.2186000000000001
6084,69,3,5,16,259,528,259,528,1.7831000000000001
6085,97,4,5,20,316,622,316,622,2.1376
6086,51,2,4,11,181,263,181,263,1.191
6087,65,3,5,16,240,434,240,434,1.7787
6088,93,4,5,20,249,484,249,486,2.1278
6089,35,2,4,11,196,286,196,286,1.0955000000000001
6090,82,3,5,16,219,381,219,381,1.9488
6091,95,4,5,20,196,350,196,350,2.2629
6092,46,2,4,11,139,308,139,308,1.1243
6093,60,3,5,16,198,400,196,401,1.7909000000000002
6094,105,4,5,20,255,532,255,532,2.1691000000000003
6095,42,2,4,11,206,300,206,300,1.131
6096,65,3,5,16,189,358,189,358,1.7413
6097,102,4,5,20,236,507,236,507,2.1009
6098,50,2,4,11,208,342,208,342,1.1399000000000001
6099,73,3,5,16,234,475,234,475,2.6176000000000004
6100,110,4,5,20,234,491,234,491,2.1339
6101,45,2,4,11,194,289,194,289,1.118
6102,65,3,5,16,220,321,220,321,1.7315000000000003
6103,97,4,5,20,229,473,229,473,2.144
6104,44,2,4,11,161,285,161,285,1.1426
6105,71,3,5,16,256,523,256,523,1.9152000000000002
6106,100,4,5,20,223,445,223,445,2.1243
6107,49,2,4,11,157,240,157,240,1.1095
6108,80,3,5,16,175,285,175,285,1.807
6109,91,4,5,20,201,401,201,401,2.1667
6110,52,2,4,11,95,189,95,189,1.1549000000000003
6111,67,3,5,16,206,403,206,403,1.7905000000000002
6112,94,4,5,20,286,611,286,611,2.1345
6113,57,2,4,11,147,222,147,222,1.1965000000000001
6114,72,3,5,16,182,408,182,408,1.8262
6115,99,4,5,20,205,410,205,410,2.0688
6116,60,2,4,11,155,258,155,258,1.1800000000000002
6117,80,3,5,16,185,367,185,389,1.8382
6118,95,4,5,20,195,397,195,397,2.0529
6119,40,2,4,11,111,181,111,181,1.1398000000000001
6120,64,3,5,16,231,479,231,479,1.7502000000000002
6121,92,4,5,20,203,432,203,432,2.1374000000000004
6122,49,2,4,11,136,185,136,185,1.1698000000000002
6123,72,3,5,16,256,535,256,535,1.8337
6124,95,4,5,20,200,436,200,436,2.0697
6125,48,2,4,11,165,239,165,239,1.1443
6126,63,3,5,16,236,421,236,421,1.7707000000000002
6127,89,4,5,20,169,397,169,397,2.0511
6128,39,2,4,11,161,272,161,272,1.0954000000000002
6129,72,3,5,16,198,421,198,421,1.7765000000000002
6130,88,4,5,20,222,407,222,407,2.8391
6131,48,2,4,11,116,163,116,163,1.1641000000000001
6132,71,3,5,16,231,460,231,460,1.838
6133,104,4,5,20,222,499,222,499,2.145
6134,49,2,4,11,179,284,179,284,1.1430000000000002
6135,62,3,5,16,205,370,205,370,1.8483000000000003
6136,101,4,5,20,197,399,197,399,2.1020000000000003
6137,46,2,4,11,108,168,108,168,1.1452
6138,70,3,5,16,266,499,266,499,1.8123000000000002
6139,96,4,5,20,216,379,216,379,2.1291
6140,40,2,4,11,183,284,183,284,1.0995
6141,73,3,5,16,208,441,208,441,1.7825
6142,92,4,5,20,253,570,253,570,2.1118
6143,51,2,4,11,126,152,126,152,1.1381000000000001
6144,69,3,5,16,213,387,212,394,1.8784
6145,103,4,5,20,176,328,176,328,2.2934
6146,49,2,4,11,142,245,142,245,1.1583
6147,71,3,5,16,166,256,166,256,1.8592000000000002
6148,97,4,5,20,186,388,186,390,2.8121
6149,45,2,4,11,140,216,140,216,1.6660000000000001
6150,66,3,5,16,202,281,202,281,1.7427
6151,101,4,5,20,184,357,184,357,2.1405
6152,47,2,4,11,120,157,120,157,1.1582000000000001
6153,81,3,5,16,235,402,235,403,1.9317000000000002
6154,106,4,5,20,227,518,227,518,2.2722
6155,51,2,4,11,160,179,160,179,1.1649000000000003
6156,70,3,5,16,251,477,251,477,1.7948
6157,98,4,5,20,233,508,233,508,2.1122
6158,57,2,4,11,145,273,145,273,1.1735
6159,72,3,5,16,224,438,224,438,1.8925
6160,97,4,5,20,213,501,213,501,2.1133
6161,39,2,4,11,188,362,188,362,1.1343
6162,70,3,5,16,268,505,268,505,1.7793
6163,93,4,5,20,263,633,263,633,2.1676
6164,52,2,4,11,155,249,155,249,1.1954
6165,67,3,5,16,219,378,219,378,1.8642
6166,107,4,5,20,233,546,233,552,2.1559
6167,49,2,4,11,84,122,84,122,1.2091
6168,74,3,5,16,269,550,269,550,1.8794
6169,94,4,5,20,208,416,208,416,2.0464
6170,49,2,4,11,132,174,132,174,1.1379000000000001
6171,68,3,5,16,181,375,181,381,1.8798000000000001
6172,96,4,5,20,221,463,221,463,2.1421
6173,56,2,4,11,151,189,151,189,1.1552
6174,71,3,5,16,254,532,254,532,1.9047
6175,87,4,5,20,269,529,269,529,2.0834
6176,48,2,4,11,116,167,116,167,1.1493
6177,84,3,5,16,184,331,184,331,1.8362
6178,101,4,5,20,210,397,210,398,2.1596
6179,48,2,4,11,139,212,137,223,1.1078000000000001
6180,70,3,5,16,255,419,254,432,1.8107000000000002
6181,106,4,5,20,196,384,196,384,2.1931000000000003
6182,45,2,4,11,162,280,162,280,1.5852000000000002
6183,76,3,5,16,235,390,235,390,1.7999
6184,91,4,5,20,206,426,206,426,2.0893
6185,49,2,4,11,149,224,149,224,1.1547
6186,78,3,5,16,155,317,155,317,1.8089
6187,93,4,5,20,241,535,241,535,2.1039000000000003
6188,45,2,4,11,167,236,167,236,1.1597
6189,71,3,5,16,196,377,196,377,1.7948
6190,88,4,5,20,230,471,230,471,2.1153
6191,56,2,4,11,142,256,142,256,1.2083000000000002
6192,82,3,5,16,212,433,212,433,1.7733
6193,123,4,5,20,152,325,152,332,2.1885000000000003
6194,50,2,4,11,116,168,116,168,1.1244
6195,77,3,5,16,204,364,204,364,1.8523
6196,99,4,5,20,271,599,271,599,2.0682
6197,48,2,4,11,117,174,117,174,1.1267
6198,72,3,5,16,128,194,128,194,1.8295000000000001
6199,99,4,5,20,297,572,297,572,2.1668
6200,60,2,4,11,120,151,116,158,1.4435000000000002
6201,70,3,5,16,182,331,180,332,1.852
6202,96,4,5,20,315,694,315,694,2.1506000000000003
6203,54,2,4,11,200,348,200,348,1.1593
6204,73,3,5,16,180,308,180,308,1.8094000000000001
6205,107,4,5,20,288,559,288,559,2.1435
6206,47,2,4,11,137,237,137,237,1.1096000000000001
6207,76,3,5,16,196,369,196,369,1.8417000000000001
6208,106,4,5,20,253,559,253,559,2.224
6209,44,2,4,11,205,370,198,370,1.1342
6210,77,3,5,16,253,500,253,500,1.7996
6211,94,4,5,20,313,670,313,671,2.1969000000000003
6212,47,2,4,11,124,173,124,173,1.1626
6213,66,3,5,16,215,488,215,488,1.7832000000000001
6214,93,4,5,20,256,568,256,568,2.1113
6215,38,2,4,11,178,222,178,222,1.0989
6216,65,3,5,16,268,536,268,536,2.1528000000000005
6217,77,4,5,20,369,760,369,760,3.0149
6218,47,2,4,11,130,192,130,192,1.1398000000000001
6219,74,3,5,16,261,512,259,513,1.8601
6220,82,4,5,20,252,500,252,500,2.0709999999999997
6221,52,2,4,11,166,208,166,208,1.2242000000000002
6222,68,3,5,16,195,383,195,383,1.7892000000000001
6223,110,4,5,20,190,401,190,401,2.1405
6224,48,2,4,11,133,226,133,226,1.123
6225,74,3,5,16,145,262,145,262,1.8208
6226,98,4,5,20,316,635,316,635,2.1771
6227,56,2,4,11,145,208,145,208,1.4462000000000002
6228,77,3,5,16,264,474,264,474,1.8861
6229,93,4,5,20,220,488,220,488,2.0410000000000004
6230,51,2,4,11,130,173,130,173,1.1128000000000002
6231,75,3,5,16,178,311,178,311,1.7727000000000002
6232,104,4,5,20,202,507,202,509,2.1358
6233,53,2,4,11,137,188,137,188,1.1464
6234,71,3,5,16,288,479,288,479,1.7902
6235,89,4,5,20,249,472,249,472,2.0593
6236,48,2,4,11,203,309,203,309,1.1316
6237,71,3,5,16,217,448,217,448,1.7694
6238,92,4,5,20,210,433,210,433,2.0829
6239,42,2,4,11,169,309,169,309,1.0923
6240,85,3,5,16,190,322,190,322,1.8322000000000003
6241,103,4,5,20,204,424,202,436,2.1561000000000003
6242,48,2,4,11,181,320,181,320,1.1350000000000002
6243,76,3,5,16,212,405,212,405,1.8148000000000002
6244,98,4,5,20,176,364,176,364,2.1027000000000005
6245,50,2,4,11,91,138,91,138,1.1278
6246,76,3,5,16,233,550,231,556,1.8477000000000001
6247,94,4,5,20,302,662,302,662,2.0577
6248,41,2,4,11,156,207,156,207,1.0824
6249,61,3,5,16,231,487,231,487,1.7542
6250,83,4,5,20,198,378,198,378,2.0533
6251,51,2,4,11,103,147,103,147,1.1408
6252,58,3,5,16,196,364,191,372,1.8024
6253,89,4,5,20,307,750,305,756,2.1318
6254,46,2,4,11,121,199,121,199,1.1047000000000002
6255,77,3,5,16,184,305,183,307,1.8058000000000003
6256,103,4,5,20,255,535,255,535,2.1367000000000003
6257,40,2,4,11,191,324,191,324,1.0976
6258,80,3,5,16,265,507,265,507,1.9271000000000003
6259,97,4,5,20,339,683,339,683,2.1164
6260,41,2,4,11,142,200,142,200,1.1312000000000002
6261,66,3,5,16,168,294,168,294,1.7663000000000002
6262,106,4,5,20,202,398,202,398,2.2645
6263,47,2,4,11,186,281,186,281,1.1484
6264,69,3,5,16,150,281,148,284,1.7887
6265,100,4,5,20,197,390,197,390,2.2496
6266,49,2,4,11,161,315,161,315,1.1502000000000001
6267,85,3,5,16,184,347,184,347,1.8042000000000002
6268,93,4,5,20,240,507,240,507,2.0561
6269,44,2,4,11,115,168,115,168,1.1077000000000001
6270,69,3,5,16,176,334,176,334,1.8125
6271,104,4,5,20,236,496,236,496,2.3970000000000002
6272,43,2,4,11,126,177,126,177,1.1701000000000001
6273,65,3,5,16,253,458,253,458,1.7942000000000002
6274,86,4,5,20,166,371,166,372,2.0867
6275,51,2,4,11,122,161,122,161,1.119
6276,78,3,5,16,206,342,206,342,1.8274000000000001
6277,92,4,5,20,215,497,215,497,2.0534
6278,55,2,4,11,146,216,146,216,1.1422
6279,79,3,5,16,232,417,232,417,1.9205
6280,92,4,5,20,291,635,291,635,2.0867
6281,49,2,4,11,149,198,149,198,1.1714000000000002
6282,75,3,5,16,238,451,238,451,1.7587000000000002
6283,99,4,5,20,263,590,263,590,2.1646
6284,49,2,4,11,117,170,117,170,1.1419000000000001
6285,70,3,5,16,221,419,221,419,1.8023000000000002
6286,89,4,5,20,184,444,184,444,2.1711
6287,48,2,4,11,151,222,151,222,1.1337000000000002
6288,83,3,5,16,224,422,224,422,1.8883
6289,117,4,5,20,304,597,304,597,2.1916
6290,52,2,4,11,168,199,168,199,1.28
6291,79,3,5,16,254,471,254,471,1.9085
6292,96,4,5,20,259,494,249,494,2.153
6293,40,2,4,11,209,335,209,335,1.0998
6294,64,3,5,16,164,284,164,284,1.7679000000000002
6295,102,4,5,20,240,505,240,505,2.1237
6296,46,2,4,11,152,208,152,208,1.175
6297,72,3,5,16,166,367,166,371,1.8643
6298,86,4,5,20,240,547,240,547,2.0433
6299,49,2,4,11,144,174,144,174,1.3184000000000002
6300,52,3,5,16,284,516,284,516,1.7049
6301,87,4,5,20,215,419,215,419,2.1004
6302,40,2,4,11,132,196,132,196,1.0933000000000002
6303,71,3,5,16,205,389,205,389,1.7868000000000002
6304,94,4,5,20,182,359,178,360,2.0866000000000002
6305,49,2,4,11,195,333,195,333,1.1326
6306,68,3,5,16,221,450,219,451,1.8408
6307,98,4,5,20,299,671,299,671,2.1239000000000003
6308,47,2,4,11,167,284,167,284,1.1549000000000003
6309,70,3,5,16,175,373,175,373,1.8264000000000002
6310,104,4,5,20,176,446,176,446,2.1580000000000004
6311,50,2,4,11,166,293,166,293,1.1342
6312,68,3,5,16,181,353,181,353,1.7913000000000001
6313,87,4,5,20,243,445,243,445,2.1345
6314,49,2,4,11,128,154,128,154,1.1428
6315,66,3,5,16,203,404,203,404,2.6568
6316,88,4,5,20,261,608,261,608,2.1656
6317,49,2,4,11,130,239,130,239,1.1376000000000002
6318,65,3,5,16,222,383,222,383,1.8571000000000002
6319,99,4,5,20,237,526,237,526,2.1438
6320,43,2,4,11,136,178,136,178,1.1012000000000002
6321,72,3,5,16,159,281,159,281,1.7696
6322,91,4,5,20,277,631,277,631,2.056
6323,51,2,4,11,112,164,112,164,1.1102
6324,74,3,5,16,193,434,193,434,1.7985000000000002
6325,96,4,5,20,319,778,319,779,2.1873
6326,46,2,4,11,208,301,208,301,1.1479000000000001
6327,80,3,5,16,226,484,226,484,1.8813
6328,101,4,5,20,238,460,238,461,2.1239000000000003
6329,51,2,4,11,98,141,98,141,1.0886
6330,78,3,5,16,206,364,206,364,1.8082
6331,110,4,5,20,187,421,187,421,2.1870000000000003
6332,44,2,4,11,168,238,168,238,1.1121
6333,65,3,5,16,248,520,248,520,2.6001000000000003
6334,98,4,5,20,243,508,243,508,2.1213
6335,53,2,4,11,92,136,92,136,1.2093000000000003
6336,78,3,5,16,209,378,209,378,1.7660000000000002
6337,100,4,5,20,215,464,215,464,2.7367000000000004
6338,46,2,4,11,159,253,159,253,1.1202
6339,79,3,5,16,219,469,217,470,1.8952
6340,95,4,5,20,250,453,250,453,2.1029
6341,47,2,4,11,178,256,178,256,1.1273000000000002
6342,81,3,5,16,183,323,183,323,1.8151000000000002
6343,103,4,5,20,239,423,239,423,2.2084
6344,49,2,4,11,84,118,84,118,1.0986000000000002
6345,79,3,5,16,237,417,237,417,1.8657000000000001
6346,90,4,5,20,228,417,228,417,2.0877
6347,41,2,4,11,157,299,157,299,1.1595000000000002
6348,65,3,5,16,140,256,140,256,1.7636
6349,90,4,5,20,214,461,214,461,2.119
6350,48,2,4,11,169,249,169,249,1.141
6351,77,3,5,16,266,548,266,548,1.8426
6352,101,4,5,20,242,425,242,425,2.1
6353,52,2,4,11,157,251,157,251,1.2123000000000002
6354,75,3,5,16,236,400,236,400,1.8312000000000002
6355,90,4,5,20,276,612,276,618,2.1487000000000003
6356,45,2,4,11,141,283,141,283,1.4754000000000003
6357,72,3,5,16,173,396,173,396,1.9371000000000003
6358,96,4,5,20,225,498,225,505,2.1367000000000003
6359,50,2,4,11,137,232,137,232,1.1457000000000002
6360,72,3,5,16,160,343,160,343,1.9457
6361,95,4,5,20,257,500,257,500,2.1778
6362,51,2,4,11,160,286,160,286,1.1382
6363,67,3,5,16,222,391,222,391,1.7915
6364,104,4,5,20,195,378,195,378,2.0653
6365,57,2,4,11,134,261,134,261,1.1999
6366,77,3,5,16,152,274,152,274,1.8632000000000002
6367,92,4,5,20,225,479,225,482,2.1174000000000004
6368,43,2,4,11,189,311,189,311,1.1063
6369,63,3,5,16,158,276,158,276,1.7728000000000002
6370,91,4,5,20,264,521,262,524,2.1266000000000003
6371,40,2,4,11,200,319,200,319,1.0792
6372,75,3,5,16,238,526,238,527,1.8004000000000002
6373,104,4,5,20,210,452,210,452,2.1351
6374,49,2,4,11,165,264,165,264,1.155
6375,71,3,5,16,199,424,199,424,1.8424
6376,100,4,5,20,204,409,204,409,2.2177
6377,49,2,4,11,153,239,153,239,1.1776
6378,73,3,5,16,215,401,215,401,3.1259
6379,104,4,5,20,276,534,276,534,2.2131
6380,39,2,4,11,138,194,138,194,1.1023
6381,75,3,5,16,183,322,183,327,1.8061000000000003
6382,107,4,5,20,235,444,235,444,2.2373000000000003
6383,43,2,4,11,157,258,157,258,1.0774000000000001
6384,67,3,5,16,251,434,251,434,1.7733
6385,92,4,5,20,182,380,182,380,2.013
6386,49,2,4,11,127,203,127,203,1.1051000000000002
6387,70,3,5,16,209,368,209,368,1.79
6388,89,4,5,20,210,353,208,354,2.8675
6389,43,2,4,11,161,279,161,279,1.1454
6390,72,3,5,16,278,505,278,505,1.8479
6391,91,4,5,20,255,499,255,499,2.0704000000000002
6392,41,2,4,11,140,204,140,204,1.1029
6393,66,3,5,16,230,431,230,434,1.8694
6394,87,4,5,20,285,563,285,563,2.0869
6395,52,2,4,11,127,241,126,253,1.1528
6396,74,3,5,16,267,466,267,467,1.8032000000000001
6397,119,4,5,20,215,501,215,501,3.2341
6398,51,2,4,11,118,175,118,175,1.1371
6399,72,3,5,16,253,481,253,481,1.8891
6400,108,4,5,20,209,386,209,386,2.1788000000000003
6401,47,2,4,11,163,263,163,263,1.1647
6402,76,3,5,16,183,395,183,395,1.8131000000000002
6403,92,4,5,20,194,358,194,358,2.0462000000000002
6404,51,2,4,11,165,247,165,247,1.1517000000000002
6405,63,3,5,16,179,391,179,391,1.7523
6406,95,4,5,20,245,562,245,563,2.2132
6407,50,2,4,11,126,185,126,185,1.1433
6408,74,3,5,16,218,401,217,408,1.8239
6409,97,4,5,20,205,442,205,442,2.1405
6410,44,2,4,11,92,129,92,129,1.129
6411,72,3,5,16,180,278,180,278,1.8059
6412,103,4,5,20,254,549,250,549,2.0961
6413,57,2,4,11,146,178,146,178,1.2015
6414,76,3,5,16,223,423,223,423,1.7809000000000001
6415,92,4,5,20,216,459,216,459,2.0919000000000003
6416,50,2,4,11,135,209,135,209,1.1021
6417,77,3,5,16,265,546,265,547,1.9102000000000001
6418,84,4,5,20,366,832,366,832,2.076
6419,53,2,4,11,135,161,135,161,1.2072
6420,73,3,5,16,190,371,188,374,1.822
6421,95,4,5,20,177,377,177,377,2.1061
6422,37,2,4,11,98,117,98,117,1.0773
6423,79,3,5,16,154,310,154,311,1.8701
6424,95,4,5,20,233,497,233,497,3.1541000000000006
6425,45,2,4,11,144,243,144,243,1.1411000000000002
6426,71,3,5,16,203,428,203,428,1.8017
6427,98,4,5,20,212,447,212,450,2.1611
6428,43,2,4,11,149,211,149,211,1.0952000000000002
6429,69,3,5,16,191,339,191,339,1.8103000000000002
6430,102,4,5,20,206,459,206,459,2.1491000000000002
6431,51,2,4,11,144,269,144,269,1.1721000000000001
6432,74,3,5,16,166,295,166,295,1.8484
6433,102,4,5,20,245,553,245,553,2.317
6434,48,2,4,11,141,222,141,222,1.1557000000000002
6435,69,3,5,16,224,366,224,366,1.8375000000000001
6436,101,4,5,20,253,540,253,540,2.1702000000000004
6437,49,2,4,11,195,311,195,311,1.1607
6438,61,3,5,16,248,480,248,480,1.9309
6439,100,4,5,20,187,367,187,367,2.092
6440,51,2,4,11,166,252,166,252,1.1435
6441,72,3,5,16,230,462,230,462,1.8418
6442,98,4,5,20,223,470,223,470,2.1314
6443,48,2,4,11,205,328,205,328,1.145
6444,75,3,5,16,200,447,200,447,1.8459
6445,99,4,5,20,240,485,240,491,2.1428000000000003
6446,49,2,4,11,186,296,186,296,1.1334000000000002
6447,71,3,5,16,191,346,191,346,2.3611999999999997
6448,110,4,5,20,195,470,195,470,2.1510000000000002
6449,41,2,4,11,152,273,152,273,1.0867000000000002
6450,70,3,5,16,227,425,227,425,1.7742
6451,86,4,5,20,199,448,199,448,2.0816000000000003
6452,47,2,4,11,157,272,157,272,1.1693
6453,83,3,5,16,227,467,225,467,1.8504
6454,100,4,5,20,212,437,212,437,2.157
6455,46,2,4,11,108,142,108,142,1.1347
6456,71,3,5,16,232,423,232,424,2.2812
6457,100,4,5,20,252,504,252,504,2.0977
6458,54,2,4,11,143,268,143,268,1.2269
6459,71,3,5,16,188,369,188,369,1.7349
6460,105,4,5,20,227,481,227,486,2.1634
6461,49,2,4,11,185,346,185,346,1.1543
6462,72,3,5,16,206,386,204,387,1.8264000000000002
6463,105,4,5,20,261,547,261,547,2.1534
6464,48,2,4,11,197,254,197,254,1.1845
6465,71,3,5,16,216,382,216,382,1.7989000000000002
6466,98,4,5,20,232,459,232,459,2.2806
6467,45,2,4,11,115,193,115,193,1.072
6468,80,3,5,16,295,608,295,612,1.8888000000000003
6469,100,4,5,20,270,554,270,561,2.2219
6470,43,2,4,11,171,292,171,292,1.1648
6471,72,3,5,16,239,488,237,489,1.8273
6472,85,4,5,20,236,539,236,542,2.0479000000000003
6473,45,2,4,11,136,202,136,202,1.1152
6474,68,3,5,16,204,437,204,437,1.7716
6475,83,4,5,20,187,422,185,424,2.0905000000000005
6476,43,2,4,11,122,210,122,210,1.087
6477,63,3,5,16,233,505,233,505,1.7593
6478,99,4,5,20,325,721,325,721,2.4625000000000004
6479,49,2,4,11,165,241,165,246,1.2076
6480,68,3,5,16,178,365,178,365,2.5218000000000003
6481,100,4,5,20,229,523,229,523,2.0595000000000003
6482,47,2,4,11,147,244,146,252,1.1480000000000001
6483,79,3,5,16,185,395,185,395,1.8010000000000002
6484,101,4,5,20,277,651,277,662,2.1464000000000003
6485,44,2,4,11,108,157,108,157,1.1528
6486,72,3,5,16,208,421,208,421,1.7820000000000003
6487,111,4,5,20,172,376,172,376,2.1324
6488,47,2,4,11,149,186,149,186,1.1879
6489,68,3,5,16,230,474,230,474,2.1299
6490,98,4,5,20,283,655,283,655,2.1201000000000003
6491,49,2,4,11,128,199,128,199,1.1170000000000002
6492,68,3,5,16,201,367,201,367,1.8035
6493,103,4,5,20,291,651,291,651,2.1863
6494,44,2,4,11,180,259,180,259,1.1882000000000001
6495,61,3,5,16,217,372,217,381,1.7916
6496,101,4,5,20,244,412,244,412,2.1709000000000005
6497,53,2,4,11,191,319,191,319,1.1994
6498,72,3,5,16,134,247,134,247,1.8005
6499,94,4,5,20,246,607,246,607,2.072
6500,51,2,4,11,153,240,153,240,1.1561
6501,72,3,5,16,246,527,246,532,1.8466
6502,114,4,5,20,240,522,240,522,2.2781000000000002
6503,50,2,4,11,144,203,144,203,1.1202
6504,73,3,5,16,182,340,182,340,1.826
6505,82,4,5,20,277,579,277,579,2.0816000000000003
6506,51,2,4,11,181,282,181,282,1.1677
6507,70,3,5,16,149,315,149,315,1.7831000000000001
6508,103,4,5,20,208,363,208,363,2.1707
6509,39,2,4,11,117,184,117,184,1.1325
6510,71,3,5,16,213,420,213,420,1.8602000000000003
6511,97,4,5,20,206,395,204,397,2.1631000000000005
6512,43,2,4,11,135,183,135,183,1.1077000000000001
6513,70,3,5,16,162,301,162,301,1.7734
6514,102,4,5,20,188,396,186,401,2.2058
6515,46,2,4,11,159,302,159,302,1.1144
6516,60,3,5,16,244,429,244,429,1.8227
6517,105,4,5,20,208,466,208,466,2.1485000000000003
6518,50,2,4,11,103,159,103,159,1.1065
6519,75,3,5,16,228,428,228,428,1.8504
6520,93,4,5,20,250,578,248,582,2.1982
6521,45,2,4,11,154,252,154,252,1.1522999999999999
6522,77,3,5,16,172,325,172,325,1.8067
6523,102,4,5,20,206,423,206,424,2.0978
6524,45,2,4,11,169,300,169,300,1.1413
6525,79,3,5,16,250,483,250,483,2.4687
6526,104,4,5,20,269,481,269,481,2.1455
6527,47,2,4,11,145,239,145,239,1.1173000000000002
6528,74,3,5,16,175,321,173,322,1.9345
6529,104,4,5,20,164,306,164,306,2.0707
6530,37,2,4,11,126,160,126,160,1.0949
6531,78,3,5,16,212,455,212,460,1.9415
6532,92,4,5,20,205,394,205,394,2.1883000000000004
6533,51,2,4,11,143,232,143,232,1.1698000000000002
6534,70,3,5,16,184,354,184,354,1.7931000000000001
6535,112,4,5,20,203,445,203,445,2.1862
6536,45,2,4,11,209,327,209,327,1.1639000000000002
6537,68,3,5,16,174,292,174,292,1.8275000000000001
6538,88,4,5,20,270,558,270,558,2.0797000000000003
6539,49,2,4,11,149,260,149,260,1.2197
6540,75,3,5,16,192,394,192,394,1.8274000000000001
6541,92,4,5,20,246,520,244,527,2.1818000000000004
6542,54,2,4,11,158,230,157,236,1.2025
6543,78,3,5,16,249,443,249,443,1.8321
6544,93,4,5,20,205,449,205,449,2.1775
6545,52,2,4,11,142,219,142,219,1.1819
6546,76,3,5,16,244,515,244,515,1.8455000000000001
6547,86,4,5,20,210,413,210,413,2.0636
6548,51,2,4,11,169,266,169,266,1.1996
6549,67,3,5,16,231,428,231,428,1.7830000000000001
6550,95,4,5,20,228,466,228,466,2.1472
6551,48,2,4,11,176,257,176,257,1.1598000000000002
6552,76,3,5,16,223,437,223,437,1.789
6553,104,4,5,20,269,568,269,568,2.0963000000000003
6554,40,2,4,11,118,181,118,181,1.0883000000000003
6555,68,3,5,16,246,464,246,464,1.7877
6556,101,4,5,20,247,555,247,555,2.1011
6557,46,2,4,11,177,238,177,238,1.1304
6558,80,3,5,16,276,492,276,492,1.9142000000000001
6559,90,4,5,20,288,651,288,651,2.0858
6560,48,2,4,11,189,285,189,285,1.1441000000000001
6561,74,3,5,16,267,550,267,550,1.7769000000000001
6562,86,4,5,20,222,575,222,575,2.118
6563,45,2,4,11,153,203,153,203,1.1251
6564,69,3,5,16,224,432,224,432,1.8519
6565,95,4,5,20,224,458,224,458,2.0757000000000003
6566,46,2,4,11,142,195,142,195,1.1603
6567,81,3,5,16,159,334,159,334,1.8589000000000002
6568,99,4,5,20,189,465,189,465,2.1553
6569,61,2,4,11,114,138,114,138,1.3366
6570,79,3,5,16,209,424,209,424,1.7834
6571,96,4,5,20,252,565,252,565,2.1365
6572,54,2,4,11,118,181,118,181,1.1179000000000001
6573,62,3,5,16,234,443,234,444,1.7304000000000002
6574,102,4,5,20,218,494,218,494,2.1156
6575,42,2,4,11,184,263,184,263,1.1136
6576,72,3,5,16,217,392,217,392,1.8415000000000001
6577,88,4,5,20,195,433,195,433,2.0722
6578,41,2,4,11,143,228,143,228,1.0848000000000002
6579,62,3,5,16,204,384,204,384,1.7823000000000002
6580,105,4,5,20,219,494,219,494,2.1492
6581,52,2,4,11,165,238,165,238,1.1658
6582,80,3,5,16,201,398,201,398,1.8282
6583,86,4,5,20,254,554,254,554,2.0843000000000003
6584,49,2,4,11,153,208,153,208,1.1530000000000002
6585,60,3,5,16,278,568,278,568,1.7604
6586,98,4,5,20,272,540,264,546,2.2270000000000003
6587,48,2,4,11,161,263,161,263,1.1425
6588,69,3,5,16,163,285,163,285,1.9234
6589,79,4,5,20,200,420,200,431,2.1816999999999998
6590,49,2,4,11,178,295,178,295,1.7818
6591,77,3,5,16,206,348,206,348,1.8957000000000002
6592,102,4,5,20,231,527,231,527,2.1246
6593,43,2,4,11,163,221,163,221,1.1266000000000003
6594,73,3,5,16,203,384,203,384,1.8515000000000001
6595,102,4,5,20,196,369,196,369,2.2783
6596,44,2,4,11,146,196,146,196,1.1465
6597,52,3,5,16,254,506,254,506,1.6995
6598,103,4,5,20,192,435,192,435,2.0876
6599,47,2,4,11,145,259,145,259,1.0914
6600,78,3,5,16,187,340,187,340,1.8591
6601,99,4,5,20,262,529,262,529,2.0827000000000004
6602,43,2,4,11,155,226,155,226,1.101
6603,70,3,5,16,201,412,201,412,1.8173000000000001
6604,107,4,5,20,268,615,268,615,2.1589
6605,46,2,4,11,181,270,181,270,1.1578000000000002
6606,57,3,5,16,195,380,195,380,1.7027
6607,96,4,5,20,258,609,258,609,2.0888
6608,48,2,4,11,167,199,167,199,1.1605
6609,86,3,5,16,158,279,158,279,1.8251000000000002
6610,109,4,5,20,187,426,187,426,2.2473
6611,46,2,4,11,151,213,151,213,1.1315000000000002
6612,64,3,5,16,198,336,194,368,1.8041
6613,95,4,5,20,302,600,302,600,2.222
6614,51,2,4,11,136,200,136,200,1.1646
6615,78,3,5,16,220,405,220,405,1.7935
6616,100,4,5,20,217,427,217,427,2.1244
6617,50,2,4,11,85,143,85,143,1.1447
6618,76,3,5,16,251,508,249,509,2.1258000000000004
6619,90,4,5,20,335,825,335,826,2.1652
6620,46,2,4,11,117,214,117,214,1.2183000000000002
6621,62,3,5,16,272,480,272,480,1.7564000000000002
6622,90,4,5,20,228,473,228,473,2.1941
6623,57,2,4,11,88,157,88,157,1.1988
6624,68,3,5,16,223,454,223,454,1.8011000000000001
6625,97,4,5,20,178,391,178,391,2.1148
6626,51,2,4,11,101,174,101,174,1.1257000000000001
6627,72,3,5,16,239,470,239,470,1.8796000000000002
6628,106,4,5,20,264,549,264,549,2.1263
6629,47,2,4,11,216,300,216,300,1.1216000000000002
6630,72,3,5,16,216,353,214,355,1.825
6631,109,4,5,20,230,445,230,445,3.1372
6632,45,2,4,11,111,134,111,134,1.1072
6633,73,3,5,16,164,342,164,342,2.1545
6634,111,4,5,20,205,368,205,368,2.163
6635,44,2,4,11,199,341,199,341,1.1145
6636,69,3,5,16,196,341,196,341,1.7956
6637,84,4,5,20,226,486,226,486,2.0671
6638,52,2,4,11,158,230,158,230,1.2003000000000001
6639,58,3,5,16,192,365,192,365,1.7443
6640,106,4,5,20,222,428,222,428,2.237
6641,59,2,4,11,122,198,122,198,1.1502000000000001
6642,70,3,5,16,202,439,202,439,1.7994
6643,93,4,5,20,233,497,229,501,2.1211
6644,40,2,4,11,220,381,219,383,1.112
6645,79,3,5,16,199,429,199,429,1.7920000000000003
6646,105,4,5,20,362,784,362,784,3.1121
6647,48,2,4,11,105,152,105,152,1.1078999999999999
6648,77,3,5,16,196,305,196,305,1.7953000000000001
6649,85,4,5,20,239,488,239,498,2.1895000000000002
6650,50,2,4,11,157,266,157,266,1.1429
6651,76,3,5,16,216,423,216,423,2.984
6652,105,4,5,20,256,550,256,550,2.2358000000000002
6653,47,2,4,11,137,209,137,209,1.1193000000000002
6654,64,3,5,16,193,391,193,391,1.778
6655,105,4,5,20,247,526,247,534,2.2353
6656,43,2,4,11,131,205,131,205,1.0749000000000002
6657,66,3,5,16,233,451,233,451,1.7724000000000002
6658,105,4,5,20,239,498,239,498,2.2367000000000004
6659,55,2,4,11,165,279,165,279,1.2528000000000001
6660,73,3,5,16,184,366,184,366,1.7919
6661,88,4,5,20,318,711,318,716,2.229
6662,53,2,4,11,155,243,155,243,1.1601000000000001
6663,82,3,5,16,158,310,158,310,1.8319
6664,81,4,5,20,246,521,240,524,2.0374
6665,46,2,4,11,207,313,207,313,1.1085
6666,79,3,5,16,170,313,170,313,1.9484000000000001
6667,92,4,5,20,252,471,252,471,2.1422
6668,39,2,4,11,147,223,147,223,1.1652000000000002
6669,66,3,5,16,240,488,240,488,1.825
6670,98,4,5,20,286,568,284,572,2.1357
6671,53,2,4,11,130,220,130,220,1.1911
6672,73,3,5,16,167,315,165,344,1.7830000000000001
6673,104,4,5,20,204,335,204,335,2.1251
6674,44,2,4,11,203,307,203,307,1.1073000000000002
6675,84,3,5,16,162,303,162,303,1.8492
6676,90,4,5,20,307,690,307,690,2.0641000000000003
6677,41,2,4,11,138,191,138,191,1.0749000000000002
6678,66,3,5,16,161,342,161,342,1.7836000000000003
6679,86,4,5,20,301,591,301,591,2.0942
6680,43,2,4,11,118,144,118,144,1.1302
6681,72,3,5,16,165,405,165,405,1.7747000000000002
6682,96,4,5,20,275,616,275,616,2.079
6683,42,2,4,11,120,185,120,185,1.0879
6684,77,3,5,16,184,393,184,394,1.8975000000000002
6685,106,4,5,20,218,524,218,524,2.2379000000000002
6686,40,2,4,11,193,337,193,337,1.1105000000000003
6687,63,3,5,16,205,396,205,396,1.7576
6688,102,4,5,20,202,360,202,360,2.1523000000000003
6689,54,2,4,11,165,272,165,272,1.1919000000000002
6690,69,3,5,16,166,319,166,319,1.7888000000000002
6691,91,4,5,20,214,405,214,405,2.101
6692,52,2,4,11,202,303,202,303,1.1928
6693,79,3,5,16,210,416,210,416,1.8166
6694,97,4,5,20,238,474,238,474,2.1184000000000003
6695,50,2,4,11,173,291,173,291,1.1329
6696,70,3,5,16,168,339,168,339,1.8197
6697,85,4,5,20,234,507,234,507,2.0263
6698,42,2,4,11,183,244,183,244,1.1194
6699,85,3,5,16,118,218,118,218,1.9312
6700,103,4,5,20,272,543,272,544,2.1989
6701,34,2,4,11,227,323,227,323,1.0735000000000001
6702,73,3,5,16,153,247,153,247,1.8007000000000002
6703,91,4,5,20,260,537,260,537,2.0985
6704,43,2,4,11,163,258,163,258,1.1423
6705,85,3,5,16,273,495,273,495,1.873
6706,96,4,5,20,227,570,227,570,2.1462
6707,41,2,4,11,136,227,136,227,1.0913000000000002
6708,78,3,5,16,222,433,220,434,1.9392
6709,95,4,5,20,252,526,252,526,2.1265
6710,47,2,4,11,154,232,154,232,1.1293
6711,66,3,5,16,195,345,195,345,1.8590000000000002
6712,89,4,5,20,220,435,220,435,2.0648000000000004
6713,46,2,4,11,176,318,176,318,1.1502000000000001
6714,65,3,5,16,238,432,238,432,1.8867
6715,93,4,5,20,261,584,261,584,2.1104000000000003
6716,48,2,4,11,130,161,130,161,1.1029
6717,82,3,5,16,182,349,182,349,1.8466
6718,92,4,5,20,262,638,262,638,2.1238
6719,52,2,4,11,135,248,135,248,1.1896
6720,67,3,5,16,194,378,194,378,1.8330000000000002
6721,90,4,5,20,213,485,213,485,2.1513999999999998
6722,45,2,4,11,104,141,104,141,1.2645
6723,67,3,5,16,217,399,217,399,1.8523
6724,95,4,5,20,262,465,262,465,2.0738000000000003
6725,41,2,4,11,179,320,179,320,1.1813000000000002
6726,70,3,5,16,164,332,164,332,1.8688
6727,107,4,5,20,270,617,270,617,2.1894
6728,50,2,4,11,168,249,168,249,1.1925
6729,71,3,5,16,229,443,229,443,1.9631
6730,107,4,5,20,198,475,198,475,2.5332000000000003
6731,52,2,4,11,141,243,141,243,1.1678000000000002
6732,71,3,5,16,150,238,150,238,1.7668
6733,95,4,5,20,206,375,206,375,2.1184000000000003
6734,45,2,4,11,184,264,184,264,1.1385
6735,66,3,5,16,166,311,166,313,1.7687
6736,105,4,5,20,189,360,189,360,2.1134
6737,37,2,4,11,144,177,144,177,1.0762
6738,70,3,5,16,138,275,138,275,1.8392
6739,97,4,5,20,175,461,175,461,3.9007000000000005
6740,38,2,4,11,174,234,174,234,1.1154000000000002
6741,72,3,5,16,144,259,144,259,1.8836
6742,93,4,5,20,296,694,296,694,2.161
6743,48,2,4,11,174,217,174,217,1.1359
6744,76,3,5,16,190,359,190,359,1.7925
6745,92,4,5,20,259,541,259,541,2.0767
6746,53,2,4,11,147,221,147,221,1.1692
6747,76,3,5,16,178,330,178,330,1.8657000000000001
6748,97,4,5,20,192,356,192,356,2.1507
6749,49,2,4,11,118,139,118,139,1.1289000000000002
6750,78,3,5,16,190,376,190,376,1.8718000000000001
6751,98,4,5,20,234,458,234,458,2.1670000000000003
6752,50,2,4,11,128,207,128,207,1.1711
6753,76,3,5,16,231,488,229,489,1.8657000000000001
6754,97,4,5,20,196,400,196,400,2.0661
6755,44,2,4,11,126,221,126,221,1.1057000000000001
6756,74,3,5,16,157,343,154,344,1.8678000000000001
6757,87,4,5,20,233,454,233,454,2.0301
6758,53,2,4,11,112,132,112,132,1.1839000000000002
6759,74,3,5,16,198,301,184,306,1.879
6760,103,4,5,20,261,489,261,489,2.1510000000000002
6761,51,2,4,11,161,256,159,278,1.1629
6762,82,3,5,16,166,341,166,341,1.9089
6763,90,4,5,20,249,597,247,600,2.0731
6764,54,2,4,11,186,310,186,310,1.1988
6765,64,3,5,16,254,499,254,499,1.7927000000000002
6766,102,4,5,20,279,623,279,624,2.1251
6767,46,2,4,11,96,134,96,134,1.1746
6768,69,3,5,16,198,324,198,324,1.7657
6769,87,4,5,20,170,416,170,416,2.0581
6770,55,2,4,11,152,247,152,247,1.205
6771,70,3,5,16,131,233,131,233,1.7925
6772,90,4,5,20,300,636,300,636,2.1247000000000003
6773,46,2,4,11,112,172,112,172,1.0778
6774,70,3,5,16,196,347,196,347,1.7868000000000002
6775,112,4,5,20,252,537,252,537,2.2494
6776,52,2,4,11,178,267,178,267,1.1868
6777,70,3,5,16,208,385,208,385,1.822
6778,89,4,5,20,216,454,214,456,2.1153999999999997
6779,48,2,4,11,144,212,144,212,1.2603
6780,74,3,5,16,239,460,239,460,2.5119000000000002
6781,91,4,5,20,196,393,192,393,2.1295
6782,51,2,4,11,164,226,164,226,1.1192000000000002
6783,75,3,5,16,196,339,196,339,1.7851000000000001
6784,92,4,5,20,175,395,175,395,2.0654000000000003
6785,57,2,4,11,149,197,149,197,1.1976
6786,67,3,5,16,183,384,183,384,1.8226000000000002
6787,106,4,5,20,222,458,214,462,2.1263
6788,49,2,4,11,118,194,118,194,1.1184
6789,63,3,5,16,214,414,214,414,1.7518000000000002
6790,100,4,5,20,279,586,277,590,2.0779
6791,52,2,4,11,151,259,151,259,1.1203
6792,64,3,5,16,184,370,184,370,1.7512
6793,85,4,5,20,270,608,270,608,2.0761
6794,44,2,4,11,189,315,189,315,1.1461999999999999
6795,66,3,5,16,280,577,280,577,1.7757
6796,105,4,5,20,177,374,177,379,2.0981000000000005
6797,48,2,4,11,199,340,199,340,1.118
6798,69,3,5,16,232,428,232,428,1.8601
6799,105,4,5,20,176,336,176,336,2.1731000000000003
6800,48,2,4,11,139,233,139,233,1.1702000000000001
6801,65,3,5,16,251,504,251,504,1.8280000000000003
6802,88,4,5,20,254,517,254,517,2.6991000000000005
6803,57,2,4,11,159,275,159,275,1.2432
6804,73,3,5,16,205,411,205,411,1.8504
6805,97,4,5,20,154,308,154,308,2.1059
6806,55,2,4,11,123,207,122,208,1.1536
6807,80,3,5,16,222,397,222,407,1.8731000000000002
6808,98,4,5,20,242,436,242,436,2.1381
6809,44,2,4,11,123,211,123,211,1.0892
6810,84,3,5,16,170,361,170,361,1.8647000000000002
6811,100,4,5,20,182,366,182,366,3.125
6812,51,2,4,11,169,275,169,275,1.1674
6813,68,3,5,16,176,424,176,430,1.7909000000000002
6814,114,4,5,20,271,590,271,590,2.1423
6815,42,2,4,11,164,270,164,270,1.1285
6816,73,3,5,16,196,329,196,329,1.7981000000000003
6817,100,4,5,20,236,453,236,453,2.1325000000000003
6818,50,2,4,11,138,183,138,183,1.1618000000000002
6819,71,3,5,16,217,410,217,410,1.8535000000000001
6820,102,4,5,20,221,488,221,488,2.1641
6821,47,2,4,11,128,199,128,199,1.1121
6822,76,3,5,16,172,304,170,306,1.8446
6823,102,4,5,20,159,340,159,340,2.0724000000000005
6824,52,2,4,11,143,268,143,268,1.1303
6825,58,3,5,16,189,389,189,389,1.7437000000000002
6826,92,4,5,20,231,498,231,498,2.0654000000000003
6827,46,2,4,11,124,177,124,177,1.2117
6828,65,3,5,16,240,485,238,488,1.8295000000000001
6829,94,4,5,20,247,539,247,539,2.2009
6830,50,2,4,11,122,163,122,163,1.1408
6831,58,3,5,16,251,528,251,528,1.7839000000000003
6832,87,4,5,20,282,631,282,639,2.0959
6833,40,2,4,11,138,180,138,180,1.1352
6834,58,3,5,16,222,380,220,383,1.8408
6835,96,4,5,20,196,400,196,400,2.0969
6836,57,2,4,11,120,152,120,152,1.2133
6837,67,3,5,16,208,421,208,421,1.7790000000000001
6838,94,4,5,20,297,573,297,573,2.1768
6839,42,2,4,11,124,171,124,171,1.1874000000000002
6840,77,3,5,16,189,408,189,408,1.9087
6841,84,4,5,20,289,628,289,628,2.1611
6842,42,2,4,11,148,173,148,173,1.1132000000000002
6843,61,3,5,16,274,493,274,493,1.7218000000000002
6844,84,4,5,20,228,546,228,546,2.1279000000000003
6845,55,2,4,11,207,332,207,332,1.1856
6846,69,3,5,16,204,409,204,409,1.7795
6847,98,4,5,20,169,360,169,360,2.0437000000000003
6848,42,2,4,11,176,285,176,285,1.0906000000000002
6849,68,3,5,16,151,245,151,245,1.7294
6850,88,4,5,20,226,490,226,490,2.1191
6851,46,2,4,11,110,156,110,156,2.0099
6852,77,3,5,16,205,372,205,372,1.8148000000000002
6853,98,4,5,20,291,580,291,580,2.0827000000000004
6854,50,2,4,11,149,236,148,242,1.1237000000000001
6855,68,3,5,16,267,516,267,516,1.7951000000000001
6856,88,4,5,20,272,499,272,499,2.0967
6857,49,2,4,11,120,169,120,169,1.1179000000000001
6858,69,3,5,16,201,373,201,373,1.7432
6859,108,4,5,20,206,371,206,371,2.098
6860,51,2,4,11,109,188,109,188,1.2501
6861,64,3,5,16,221,448,221,448,1.8003
6862,104,4,5,20,226,401,226,401,2.0991
6863,52,2,4,11,136,164,135,181,1.2119000000000002
6864,65,3,5,16,185,339,185,339,1.7589000000000001
6865,92,4,5,20,225,511,225,512,2.2208
6866,42,2,4,11,140,230,140,230,1.1825
6867,71,3,5,16,296,515,296,515,1.8414000000000001
6868,88,4,5,20,189,360,189,360,2.0457
6869,47,2,4,11,165,294,165,294,1.2027
6870,73,3,5,16,279,635,279,636,1.8112
6871,101,4,5,20,269,524,269,524,2.157
6872,51,2,4,11,129,229,129,229,1.1373000000000002
6873,70,3,5,16,188,319,188,319,1.7672
6874,96,4,5,20,200,354,200,354,2.0465
6875,44,2,4,11,170,288,170,288,1.1340000000000001
6876,79,3,5,16,168,324,168,324,1.7935
6877,84,4,5,20,234,559,234,559,2.4594
6878,40,2,4,11,157,287,157,287,1.0611000000000002
6879,70,3,5,16,241,454,241,454,1.7533
6880,107,4,5,20,234,508,234,516,3.2032000000000003
6881,52,2,4,11,175,302,175,302,1.1342
6882,78,3,5,16,174,312,174,312,1.7759000000000003
6883,107,4,5,20,278,613,278,613,2.1569000000000003
6884,42,2,4,11,187,296,187,296,1.1512
6885,68,3,5,16,199,389,199,390,1.9003
6886,83,4,5,20,202,455,202,455,2.0569
6887,45,2,4,11,160,228,160,228,1.1291
6888,76,3,5,16,155,328,155,328,1.8224
6889,105,4,5,20,265,542,265,542,2.1685000000000003
6890,43,2,4,11,103,154,103,154,1.1069
6891,70,3,5,16,274,564,274,564,1.8371000000000002
6892,100,4,5,20,255,601,255,601,2.2941000000000003
6893,44,2,4,11,157,255,157,255,1.1520000000000001
6894,76,3,5,16,140,280,140,280,1.8709000000000002
6895,92,4,5,20,276,561,276,561,2.2142
6896,45,2,4,11,140,221,140,221,1.0996000000000001
6897,85,3,5,16,149,276,149,276,1.9219
6898,82,4,5,20,203,405,203,405,2.0728
6899,58,2,4,11,180,298,180,298,1.2149
6900,77,3,5,16,128,221,128,221,1.8156
6901,100,4,5,20,208,482,208,485,2.2279999999999998
6902,49,2,4,11,153,249,153,249,1.1707
6903,73,3,5,16,181,294,181,294,1.8158
6904,103,4,5,20,211,475,211,478,2.1325000000000003
6905,57,2,4,11,139,198,139,198,1.1989
6906,74,3,5,16,148,287,148,287,1.9268000000000003
6907,105,4,5,20,255,539,255,541,2.1451000000000002
6908,47,2,4,11,186,280,186,280,1.1139000000000001
6909,83,3,5,16,224,415,222,415,1.9042000000000001
6910,88,4,5,20,317,634,317,634,2.1031999999999997
6911,42,2,4,11,149,278,149,278,1.0927
6912,77,3,5,16,167,328,167,328,1.8201
6913,94,4,5,20,232,488,232,488,2.0481000000000003
6914,34,2,4,11,174,279,174,279,1.0609
6915,78,3,5,16,226,456,226,460,1.7738
6916,104,4,5,20,238,533,238,533,2.0732000000000004
6917,41,2,4,11,188,283,188,283,1.0946
6918,76,3,5,16,176,335,176,335,1.954
6919,89,4,5,20,235,457,235,457,2.1274
6920,49,2,4,11,108,186,107,186,1.1827
6921,78,3,5,16,140,252,140,252,1.8615000000000002
6922,84,4,5,20,241,582,241,584,2.1005
6923,47,2,4,11,152,276,152,276,1.1297
6924,67,3,5,16,220,454,220,463,1.8014000000000001
6925,99,4,5,20,350,809,348,813,2.1711
6926,55,2,4,11,113,156,113,156,1.1476000000000002
6927,68,3,5,16,156,273,156,273,1.7730000000000001
6928,101,4,5,20,268,625,268,625,2.2118
6929,51,2,4,11,105,221,105,221,1.2151
6930,72,3,5,16,174,313,174,313,1.8088000000000002
6931,94,4,5,20,216,415,216,415,2.0624000000000002
6932,49,2,4,11,147,233,147,233,1.2011
6933,67,3,5,16,152,270,152,270,1.7793
6934,101,4,5,20,287,608,284,610,2.1491000000000002
6935,59,2,4,11,140,200,140,200,1.2183000000000002
6936,66,3,5,16,242,533,242,533,1.7974
6937,85,4,5,20,224,384,223,390,2.0753
6938,51,2,4,11,119,199,119,199,1.1715
6939,69,3,5,16,188,396,188,396,1.8122
6940,109,4,5,20,272,482,270,483,2.0921
6941,47,2,4,11,164,257,164,257,1.1231000000000002
6942,71,3,5,16,146,311,146,311,1.8025
6943,92,4,5,20,241,442,241,442,2.1664000000000003
6944,42,2,4,11,172,219,172,219,1.1247
6945,64,3,5,16,201,291,181,294,1.8000000000000003
6946,92,4,5,20,289,577,287,578,2.2096
6947,47,2,4,11,114,167,114,167,1.1161
6948,74,3,5,16,255,469,255,469,1.8095
6949,87,4,5,20,212,395,212,395,2.06
6950,43,2,4,11,135,229,135,229,1.0996000000000001
6951,76,3,5,16,164,306,164,306,2.5896
6952,99,4,5,20,272,541,270,542,2.282
6953,43,2,4,11,193,295,193,295,1.1136
6954,65,3,5,16,240,420,240,420,1.8054000000000001
6955,95,4,5,20,288,603,288,603,2.1344000000000003
6956,49,2,4,11,182,265,182,265,1.3931
6957,68,3,5,16,151,247,151,247,1.7573
6958,114,4,5,20,217,460,217,460,2.3193
6959,54,2,4,11,139,231,139,231,1.2087
6960,85,3,5,16,222,462,222,462,1.8453
6961,91,4,5,20,228,412,228,412,2.0705000000000005
6962,46,2,4,11,116,156,116,156,1.1553000000000002
6963,65,3,5,16,236,443,236,443,1.8168000000000002
6964,91,4,5,20,254,551,254,551,2.0918
6965,50,2,4,11,170,224,170,224,1.1551
6966,68,3,5,16,243,470,243,470,1.8317
6967,90,4,5,20,180,319,180,319,2.1025
6968,52,2,4,11,148,202,148,202,1.1648
6969,88,3,5,16,189,367,189,367,2.1178
6970,92,4,5,20,265,582,265,582,2.0758
6971,45,2,4,11,153,240,153,240,1.1174000000000002
6972,73,3,5,16,243,484,243,484,1.9022000000000001
6973,93,4,5,20,277,592,277,592,2.0988
6974,51,2,4,11,160,290,160,290,1.1758
6975,84,3,5,16,155,252,155,252,1.8117
6976,103,4,5,20,293,621,293,621,2.1431
6977,41,2,4,11,141,264,141,264,1.1520000000000001
6978,67,3,5,16,204,394,204,394,1.8001
6979,78,4,5,20,228,519,228,519,2.6905
6980,47,2,4,11,161,250,161,250,1.2343
6981,77,3,5,16,147,268,147,268,1.8618000000000001
6982,89,4,5,20,201,392,201,392,2.0603000000000002
6983,54,2,4,11,94,146,94,146,1.197
6984,66,3,5,16,177,329,177,335,1.7871
6985,105,4,5,20,230,613,230,615,2.1735
6986,48,2,4,11,186,247,186,247,1.155
6987,64,3,5,16,313,623,313,623,1.8302
6988,98,4,5,20,166,387,166,387,2.1573
6989,50,2,4,11,159,246,159,246,1.177
6990,75,3,5,16,188,366,188,366,1.8154000000000001
6991,92,4,5,20,200,381,200,383,2.092
6992,57,2,4,11,107,214,107,214,1.147
6993,82,3,5,16,191,373,191,373,1.7979
6994,95,4,5,20,222,440,222,440,2.1065000000000005
6995,53,2,4,11,179,310,179,310,1.169
6996,79,3,5,16,184,343,184,343,1.8181
6997,94,4,5,20,242,546,242,547,2.1236
6998,54,2,4,11,189,305,189,305,1.1433
6999,83,3,5,16,180,408,180,408,1.8237
7000,97,4,5,20,196,419,196,419,2.0730000000000004
7001,40,2,4,11,174,301,174,301,1.1106
7002,69,3,5,16,213,452,213,452,1.8632000000000002
7003,105,4,5,20,229,412,227,428,2.0903
7004,44,2,4,11,149,256,149,256,1.1093000000000002
7005,69,3,5,16,169,338,169,338,1.7655
7006,89,4,5,20,184,376,184,376,2.0516
7007,40,2,4,11,146,205,146,205,1.1088
7008,75,3,5,16,203,365,201,367,1.8294000000000001
7009,99,4,5,20,230,393,230,393,2.1212
7010,47,2,4,11,124,194,124,194,1.1073000000000002
7011,79,3,5,16,174,313,174,313,1.8903
7012,106,4,5,20,238,557,238,557,2.1039000000000003
7013,42,2,4,11,173,230,173,230,1.1372000000000002
7014,77,3,5,16,205,382,205,382,1.8441000000000003
7015,102,4,5,20,262,506,262,506,2.1636
7016,45,2,4,11,147,228,147,228,1.1252
7017,71,3,5,16,210,391,210,391,1.7785000000000002
7018,94,4,5,20,270,528,270,528,2.1861
7019,38,2,4,11,211,307,211,307,1.122
7020,70,3,5,16,215,432,215,432,1.8203000000000003
7021,99,4,5,20,244,527,242,530,2.204
7022,51,2,4,11,122,177,122,177,1.1451
7023,71,3,5,16,166,256,166,256,1.8169000000000002
7024,91,4,5,20,264,604,264,605,2.1036
7025,53,2,4,11,151,237,151,237,1.1591000000000002
7026,67,3,5,16,257,484,247,499,1.8154000000000001
7027,94,4,5,20,279,610,279,614,2.1079000000000003
7028,58,2,4,11,131,174,131,174,1.1889
7029,66,3,5,16,204,355,204,355,1.7351
7030,97,4,5,20,253,549,253,549,2.1364
7031,49,2,4,11,181,291,181,291,1.1569
7032,69,3,5,16,218,387,216,388,1.8365
7033,110,4,5,20,311,722,311,722,2.1116
7034,38,2,4,11,158,203,158,203,1.0579
7035,84,3,5,16,169,275,169,275,1.9189
7036,97,4,5,20,318,677,318,677,2.1535
7037,38,2,4,11,152,254,152,254,1.0974000000000002
7038,75,3,5,16,166,271,166,271,1.8353000000000002
7039,98,4,5,20,321,728,321,733,2.1295
7040,53,2,4,11,183,282,183,282,1.206
7041,72,3,5,16,269,486,269,486,1.7519
7042,100,4,5,20,242,549,240,550,2.1093
7043,54,2,4,11,176,275,176,275,1.1714000000000002
7044,68,3,5,16,239,430,239,430,1.8527
7045,92,4,5,20,170,369,170,369,2.1988000000000003
7046,47,2,4,11,161,246,161,246,1.1739000000000002
7047,64,3,5,16,219,497,219,497,1.8302
7048,100,4,5,20,240,449,240,449,2.1515000000000004
7049,49,2,4,11,116,165,116,165,1.231
7050,70,3,5,16,212,372,212,372,1.8034000000000001
7051,112,4,5,20,223,506,223,506,2.2528
7052,41,2,4,11,159,262,159,262,1.132
7053,66,3,5,16,190,310,190,310,1.8036
7054,101,4,5,20,209,429,209,429,2.1327
7055,47,2,4,11,124,219,124,219,1.1322
7056,69,3,5,16,213,442,213,442,1.8727000000000003
7057,83,4,5,20,251,552,251,552,2.0019
7058,43,2,4,11,155,248,155,248,1.1257000000000001
7059,80,3,5,16,189,352,189,352,1.8767
7060,110,4,5,20,250,544,250,546,2.172
7061,54,2,4,11,155,263,155,263,1.6567
7062,72,3,5,16,199,370,199,370,1.8338
7063,86,4,5,20,240,526,240,531,2.08
7064,45,2,4,11,98,140,98,140,1.0898
7065,62,3,5,16,260,470,260,470,1.7674
7066,100,4,5,20,192,310,192,310,3.1486
7067,49,2,4,11,117,226,117,226,1.2268000000000001
7068,82,3,5,16,181,396,181,396,1.8271000000000002
7069,90,4,5,20,219,451,217,453,2.0636
7070,46,2,4,11,196,296,196,296,1.1430000000000002
7071,75,3,5,16,174,284,174,284,1.7839000000000003
7072,96,4,5,20,231,578,231,581,2.1561000000000003
7073,49,2,4,11,213,331,213,331,1.1426
7074,67,3,5,16,214,432,214,432,1.7358
7075,103,4,5,20,259,574,259,574,2.1523000000000003
7076,57,2,4,11,98,147,98,147,1.1859000000000002
7077,67,3,5,16,166,326,166,326,1.9129
7078,96,4,5,20,215,426,215,426,2.1038
7079,52,2,4,11,145,223,145,223,1.1857
7080,68,3,5,16,192,391,190,392,1.8515000000000001
7081,85,4,5,20,251,475,245,486,2.1389
7082,40,2,4,11,142,173,142,173,1.1055000000000001
7083,72,3,5,16,244,448,244,448,1.8115
7084,105,4,5,20,176,421,176,421,2.14
7085,50,2,4,11,154,173,146,185,1.2238000000000002
7086,75,3,5,16,195,423,195,423,1.8718000000000001
7087,94,4,5,20,270,572,270,573,2.2017
7088,50,2,4,11,144,201,144,201,1.1712
7089,72,3,5,16,220,386,220,386,1.7947000000000002
7090,86,4,5,20,253,605,253,605,2.0125
7091,46,2,4,11,156,258,156,258,1.1352
7092,69,3,5,16,214,389,214,389,1.8237
7093,97,4,5,20,199,419,199,426,2.1220000000000003
7094,41,2,4,11,147,249,147,249,1.0981
7095,65,3,5,16,244,457,244,457,1.7785000000000002
7096,103,4,5,20,212,402,212,411,2.235
7097,53,2,4,11,148,195,148,195,1.1895
7098,76,3,5,16,137,297,137,297,1.8077
7099,94,4,5,20,224,480,224,480,2.2993
7100,45,2,4,11,167,317,167,317,1.1505
7101,73,3,5,16,233,413,233,413,1.8283000000000003
7102,104,4,5,20,284,657,284,660,2.1957999999999998
7103,54,2,4,11,208,321,208,321,1.2094
7104,74,3,5,16,169,310,169,321,1.9156000000000002
7105,84,4,5,20,243,479,243,479,2.1031999999999997
7106,46,2,4,11,195,306,195,306,1.1392000000000002
7107,68,3,5,16,215,390,215,390,1.7918
7108,106,4,5,20,235,533,233,533,2.1563000000000003
7109,47,2,4,11,147,229,147,229,1.2255
7110,73,3,5,16,152,294,152,294,1.8544000000000003
7111,86,4,5,20,302,733,302,733,2.3429
7112,45,2,4,11,114,139,114,139,1.1063
7113,74,3,5,16,134,235,134,235,1.7987000000000002
7114,96,4,5,20,209,421,209,421,2.1565
7115,58,2,4,11,211,309,211,309,1.2441000000000002
7116,70,3,5,16,224,353,224,353,1.8036
7117,112,4,5,20,295,576,295,576,2.1862
7118,53,2,4,11,130,249,130,249,1.3221
7119,63,3,5,16,174,289,174,289,1.7360000000000002
7120,92,4,5,20,255,569,255,569,2.1781
7121,49,2,4,11,123,204,119,217,1.1253000000000002
7122,78,3,5,16,204,437,204,437,1.7840000000000003
7123,99,4,5,20,230,481,230,481,2.1311
7124,51,2,4,11,170,239,170,239,1.1536
7125,67,3,5,16,172,318,172,318,1.7367000000000001
7126,106,4,5,20,138,281,136,282,2.0694000000000004
7127,44,2,4,11,191,312,191,312,1.147
7128,69,3,5,16,144,263,144,263,2.6094
7129,91,4,5,20,202,412,202,412,2.0761
7130,42,2,4,11,123,247,123,247,1.0549000000000002
7131,73,3,5,16,249,491,249,491,1.7904000000000002
7132,103,4,5,20,261,518,261,518,2.1617
7133,48,2,4,11,171,278,171,278,1.1432
7134,70,3,5,16,272,511,270,517,1.8274000000000001
7135,93,4,5,20,211,488,211,488,2.078
7136,46,2,4,11,163,256,163,256,1.1308000000000002
7137,63,3,5,16,235,446,235,446,1.7821
7138,94,4,5,20,250,496,250,496,2.1595
7139,36,2,4,11,145,227,145,227,1.0722
7140,70,3,5,16,225,427,225,427,1.7913000000000001
7141,98,4,5,20,230,528,230,528,2.2161
7142,47,2,4,11,165,253,165,253,1.2102
7143,71,3,5,16,227,358,227,358,1.7935
7144,94,4,5,20,208,411,208,415,2.118
7145,41,2,4,11,127,251,127,251,1.1127
7146,73,3,5,16,239,494,239,494,1.8509000000000002
7147,91,4,5,20,192,413,192,413,2.0373
7148,46,2,4,11,158,269,158,269,1.1463
7149,73,3,5,16,252,478,250,482,1.8831000000000002
7150,102,4,5,20,269,580,269,580,2.1559
7151,48,2,4,11,127,197,127,197,1.1042
7152,69,3,5,16,223,452,223,452,1.7768
7153,93,4,5,20,234,492,234,492,2.1046000000000005
7154,46,2,4,11,157,277,157,277,1.1740000000000002
7155,83,3,5,16,189,333,184,339,1.8138
7156,99,4,5,20,227,443,227,443,2.1183
7157,46,2,4,11,149,272,149,272,1.1448
7158,87,3,5,16,178,270,178,270,1.8821
7159,99,4,5,20,270,533,270,533,2.1176000000000004
7160,49,2,4,11,147,261,147,261,1.129
7161,64,3,5,16,193,378,193,378,1.8178
7162,106,4,5,20,261,524,261,524,2.1506000000000003
7163,60,2,4,11,185,292,185,292,1.2225000000000001
7164,62,3,5,16,194,371,186,372,1.7595000000000003
7165,87,4,5,20,228,521,228,521,2.1307
7166,57,2,4,11,127,234,127,234,1.181
7167,59,3,5,16,205,468,205,469,1.7217
7168,93,4,5,20,211,362,211,362,2.019
7169,53,2,4,11,149,228,149,228,1.1620000000000001
7170,90,3,5,16,171,309,167,313,2.2984000000000004
7171,91,4,5,20,212,469,212,469,2.0391000000000004
7172,52,2,4,11,124,167,124,167,1.122
7173,77,3,5,16,174,305,174,305,1.9124
7174,97,4,5,20,251,482,251,482,3.2518
7175,39,2,4,11,169,257,169,257,1.0959
7176,65,3,5,16,215,410,215,410,1.8037
7177,84,4,5,20,285,580,283,584,2.1141
7178,50,2,4,11,121,204,121,204,1.1575000000000002
7179,69,3,5,16,215,425,207,425,1.7808000000000002
7180,96,4,5,20,276,561,276,561,2.1688
7181,46,2,4,11,121,194,121,194,1.1331000000000002
7182,71,3,5,16,221,470,221,470,1.7811000000000001
7183,104,4,5,20,232,503,232,507,2.1444
7184,47,2,4,11,117,146,117,146,1.1194
7185,81,3,5,16,216,424,213,425,2.1332
7186,106,4,5,20,207,446,207,447,2.1744
7187,49,2,4,11,151,276,151,276,1.12
7188,68,3,5,16,236,483,236,483,1.7870000000000001
7189,102,4,5,20,241,557,241,557,2.1801
7190,46,2,4,11,140,231,140,231,1.157
7191,67,3,5,16,215,362,215,365,1.7971000000000001
7192,96,4,5,20,293,570,293,578,2.1432
7193,47,2,4,11,166,245,166,245,1.1361999999999999
7194,76,3,5,16,219,404,219,404,1.8266
7195,97,4,5,20,262,537,262,537,2.1437
7196,46,2,4,11,161,252,161,252,1.1189000000000002
7197,73,3,5,16,168,333,168,337,1.8956000000000002
7198,75,4,5,20,216,394,216,394,2.0135
7199,48,2,4,11,156,257,156,257,1.1389
7200,64,3,5,16,152,299,152,300,1.8137
7201,101,4,5,20,259,501,259,508,2.1452000000000004
7202,44,2,4,11,106,166,106,166,1.1353000000000002
7203,78,3,5,16,215,417,215,417,1.8396000000000001
7204,91,4,5,20,197,426,197,429,2.0777
7205,54,2,4,11,149,252,149,252,1.1622000000000001
7206,68,3,5,16,150,241,150,241,1.8205
7207,109,4,5,20,247,502,247,502,2.3095000000000003
7208,41,2,4,11,173,242,173,242,1.0957000000000001
7209,59,3,5,16,243,523,243,523,1.7403000000000002
7210,96,4,5,20,282,617,282,617,2.1146000000000003
7211,47,2,4,11,150,198,150,198,1.1048
7212,78,3,5,16,208,428,208,428,1.8394000000000001
7213,102,4,5,20,288,580,288,580,2.1163000000000003
7214,42,2,4,11,92,133,92,133,1.9756
7215,65,3,5,16,269,519,267,520,1.7911000000000001
7216,101,4,5,20,229,514,229,514,2.1713
7217,43,2,4,11,186,293,186,293,1.1136
7218,72,3,5,16,154,234,154,234,1.8631000000000002
7219,94,4,5,20,314,691,314,691,2.1484
7220,47,2,4,11,122,231,122,231,1.1151000000000002
7221,79,3,5,16,170,325,170,328,1.8203000000000003
7222,95,4,5,20,177,415,177,415,2.1142000000000003
7223,48,2,4,11,184,238,184,238,1.1879
7224,76,3,5,16,223,367,223,367,1.7645
7225,108,4,5,20,243,518,243,518,2.1327
7226,52,2,4,11,126,186,126,186,1.6697000000000002
7227,71,3,5,16,256,455,256,455,1.817
7228,109,4,5,20,212,513,212,513,2.1018
7229,44,2,4,11,211,321,211,321,1.1304
7230,77,3,5,16,245,484,245,484,1.8454000000000002
7231,96,4,5,20,205,428,205,428,2.1028000000000002
7232,51,2,4,11,154,262,154,262,1.1157000000000001
7233,73,3,5,16,239,439,239,439,1.8354000000000001
7234,80,4,5,20,227,519,227,519,2.2459000000000002
7235,49,2,4,11,143,230,143,230,1.1831
7236,74,3,5,16,193,348,193,348,1.7874
7237,110,4,5,20,198,389,198,389,2.1647000000000003
7238,49,2,4,11,124,148,115,162,1.1207
7239,82,3,5,16,224,435,224,435,1.7671000000000001
7240,90,4,5,20,189,375,189,375,2.0544000000000002
7241,50,2,4,11,179,284,179,284,1.1707
7242,72,3,5,16,200,389,200,389,1.861
7243,95,4,5,20,256,568,256,568,2.1705
7244,49,2,4,11,146,292,146,292,1.2268000000000001
7245,81,3,5,16,203,380,203,380,1.8735000000000002
7246,86,4,5,20,150,251,150,251,2.0538000000000003
7247,44,2,4,11,217,365,217,365,1.1734
7248,79,3,5,16,199,389,199,389,1.8814000000000002
7249,101,4,5,20,238,412,238,412,2.1093
7250,38,2,4,11,140,190,140,190,1.0758
7251,67,3,5,16,196,376,196,376,2.0894
7252,98,4,5,20,205,485,205,486,2.1104000000000003
7253,48,2,4,11,104,155,104,155,1.1350000000000002
7254,81,3,5,16,166,283,166,283,1.9273
7255,90,4,5,20,264,623,264,623,2.0699
7256,57,2,4,11,149,239,149,239,1.2109
7257,79,3,5,16,178,333,178,333,1.8868
7258,95,4,5,20,203,456,201,458,2.0852
7259,43,2,4,11,139,219,139,219,1.1374
7260,65,3,5,16,194,334,194,334,1.7371
7261,87,4,5,20,236,461,236,461,2.1385
7262,44,2,4,11,144,189,144,189,1.1327000000000003
7263,77,3,5,16,167,315,167,315,1.9107000000000003
7264,104,4,5,20,208,414,204,426,2.1928
7265,44,2,4,11,183,223,183,223,1.167
7266,71,3,5,16,279,476,279,476,1.8492
7267,102,4,5,20,246,556,246,556,2.1092000000000004
7268,41,2,4,11,179,312,179,312,1.1139999999999999
7269,66,3,5,16,220,390,220,390,1.8327
7270,89,4,5,20,217,531,217,533,2.6307
7271,47,2,4,11,146,219,146,219,1.1381000000000001
7272,73,3,5,16,239,549,239,549,1.8497000000000001
7273,105,4,5,20,327,726,327,726,2.2908
7274,49,2,4,11,173,282,173,282,1.1039
7275,76,3,5,16,189,394,189,394,1.8316000000000001
7276,94,4,5,20,248,544,248,549,2.1077
7277,47,2,4,11,92,128,92,128,1.0942
7278,77,3,5,16,183,344,181,350,1.8748
7279,101,4,5,20,230,513,230,513,2.1390000000000002
7280,45,2,4,11,149,273,149,273,1.093
7281,83,3,5,16,196,414,196,414,1.8130000000000002
7282,94,4,5,20,208,473,208,473,2.0824000000000003
7283,45,2,4,11,147,240,147,240,1.1085
7284,72,3,5,16,225,443,225,443,1.8099
7285,96,4,5,20,315,603,313,609,2.1285000000000003
7286,41,2,4,11,127,227,127,227,1.0727
7287,70,3,5,16,172,316,172,316,1.8153000000000001
7288,88,4,5,20,256,524,256,524,2.0705000000000005
7289,51,2,4,11,123,196,123,196,1.1612
7290,68,3,5,16,176,285,176,285,1.7360000000000002
7291,111,4,5,20,208,416,208,416,2.2256000000000005
7292,40,2,4,11,185,286,185,286,1.0823
7293,76,3,5,16,222,420,222,420,1.8830000000000002
7294,92,4,5,20,224,447,224,447,2.1316
7295,49,2,4,11,207,326,207,326,1.1631
7296,73,3,5,16,224,398,224,398,1.8860000000000001
7297,104,4,5,20,234,502,234,502,2.1857
7298,43,2,4,11,213,283,213,283,1.1406
7299,76,3,5,16,193,301,193,301,1.8678000000000001
7300,94,4,5,20,211,453,211,453,2.2
7301,52,2,4,11,163,270,163,270,1.1361
7302,80,3,5,16,154,284,154,302,1.8525000000000003
7303,92,4,5,20,268,569,268,569,2.1204
7304,48,2,4,11,177,303,177,303,1.4381000000000002
7305,74,3,5,16,250,491,250,492,1.8211000000000002
7306,87,4,5,20,209,420,209,420,2.0458
7307,44,2,4,11,152,274,152,274,1.1384
7308,74,3,5,16,194,328,194,328,1.7806
7309,95,4,5,20,199,473,199,473,2.6999000000000004
7310,50,2,4,11,152,231,152,231,1.1251
7311,71,3,5,16,257,538,257,538,1.8069000000000002
7312,97,4,5,20,204,421,204,421,2.117
7313,36,2,4,11,195,355,195,355,1.1282
7314,75,3,5,16,220,436,220,437,1.8355000000000001
7315,100,4,5,20,241,511,241,511,2.1681
7316,52,2,4,11,110,139,110,139,1.1948
7317,70,3,5,16,248,528,248,528,1.7628000000000001
7318,94,4,5,20,254,545,254,545,2.075
7319,51,2,4,11,161,252,161,252,1.1487
7320,68,3,5,16,245,465,245,465,1.7961
7321,96,4,5,20,257,636,257,636,2.1339
7322,49,2,4,11,177,325,177,325,1.1279000000000001
7323,71,3,5,16,154,311,154,311,1.7497
7324,98,4,5,20,192,421,192,421,2.118
7325,52,2,4,11,89,130,89,130,1.1448
7326,53,3,5,16,188,368,188,368,1.7241000000000002
7327,117,4,5,20,210,427,210,427,2.1887
7328,50,2,4,11,141,210,137,212,1.1448
7329,76,3,5,16,242,496,242,500,1.8808000000000002
7330,91,4,5,20,224,398,224,398,2.0557000000000003
7331,49,2,4,11,158,238,158,238,1.1451
7332,75,3,5,16,195,335,195,335,1.8063
7333,107,4,5,20,254,520,254,520,2.1426000000000003
7334,52,2,4,11,177,289,177,289,1.1653
7335,69,3,5,16,211,393,211,393,2.5992
7336,94,4,5,20,302,668,302,674,2.1432
7337,54,2,4,11,192,297,192,297,1.1847
7338,70,3,5,16,160,252,160,252,1.8346
7339,104,4,5,20,299,613,299,613,2.1048
7340,41,2,4,11,206,315,206,315,1.0944
7341,70,3,5,16,190,373,190,374,1.7666000000000002
7342,103,4,5,20,228,502,228,502,2.1724
7343,50,2,4,11,186,330,186,330,2.4151000000000002
7344,75,3,5,16,235,469,233,474,1.8386000000000002
7345,97,4,5,20,209,428,209,428,2.0873000000000004
7346,47,2,4,11,181,287,181,287,1.1279000000000001
7347,58,3,5,16,183,302,183,302,1.7714
7348,88,4,5,20,232,410,232,410,2.0337
7349,47,2,4,11,118,172,118,172,1.1418000000000001
7350,73,3,5,16,184,338,184,338,1.8217
7351,92,4,5,20,267,570,267,570,2.1391
7352,57,2,4,11,152,293,152,293,1.1819
7353,76,3,5,16,193,403,193,403,1.7841
7354,83,4,5,20,260,535,260,535,2.0142
7355,45,2,4,11,173,256,173,256,1.1681000000000001
7356,65,3,5,16,199,413,199,413,1.8105
7357,95,4,5,20,238,501,238,501,2.1969000000000003
7358,45,2,4,11,187,280,186,283,1.1511000000000002
7359,70,3,5,16,222,404,222,404,1.7551
7360,98,4,5,20,194,387,194,387,2.1521
7361,41,2,4,11,155,215,155,215,1.1398000000000001
7362,71,3,5,16,244,549,244,549,1.8490000000000002
7363,92,4,5,20,222,479,222,479,2.0665
7364,51,2,4,11,164,311,164,311,1.1042
7365,77,3,5,16,243,491,243,491,1.8101
7366,87,4,5,20,245,537,245,537,2.0649
7367,48,2,4,11,137,197,137,197,1.1291
7368,76,3,5,16,211,421,211,421,1.8316000000000001
7369,106,4,5,20,233,505,233,505,2.1272
7370,49,2,4,11,150,234,150,234,1.1353000000000002
7371,79,3,5,16,234,374,234,374,1.8494000000000002
7372,95,4,5,20,238,584,238,584,2.0422000000000002
7373,47,2,4,11,191,318,191,318,1.1571
7374,78,3,5,16,176,283,176,283,1.868
7375,89,4,5,20,193,390,193,390,2.1683000000000003
7376,52,2,4,11,220,266,220,266,1.1907
7377,70,3,5,16,240,455,240,456,1.79
7378,85,4,5,20,228,465,228,488,2.1133
7379,44,2,4,11,155,269,155,269,1.0781
7380,80,3,5,16,189,365,189,365,1.7933000000000001
7381,97,4,5,20,297,599,297,599,2.1455
7382,55,2,4,11,139,236,139,236,1.1944
7383,78,3,5,16,249,479,247,481,2.8983000000000003
7384,90,4,5,20,176,355,176,355,2.0947999999999998
7385,49,2,4,11,118,146,118,146,1.1609
7386,72,3,5,16,175,325,175,325,1.8095
7387,92,4,5,20,228,454,228,454,2.166
7388,51,2,4,11,206,383,206,383,1.1613
7389,75,3,5,16,321,661,321,661,1.9681
7390,98,4,5,20,258,535,256,537,3.0317
7391,51,2,4,11,135,237,135,237,1.1538
7392,85,3,5,16,213,383,213,383,2.8945000000000003
7393,95,4,5,20,186,364,186,364,2.1288
7394,56,2,4,11,124,210,124,210,1.3228
7395,75,3,5,16,217,430,217,430,1.7946000000000002
7396,94,4,5,20,259,490,251,499,2.0989000000000004
7397,47,2,4,11,135,211,135,211,1.139
7398,74,3,5,16,194,345,194,345,1.8682000000000003
7399,93,4,5,20,271,534,267,535,2.1715000000000004
7400,43,2,4,11,212,351,212,351,1.0874000000000001
7401,81,3,5,16,158,336,150,346,1.8637000000000001
7402,108,4,5,20,190,408,190,408,2.1350000000000002
7403,53,2,4,11,149,256,149,256,1.1474
7404,69,3,5,16,188,367,188,367,1.8093
7405,99,4,5,20,265,577,265,577,2.1123000000000003
7406,50,2,4,11,175,237,175,237,1.1932000000000003
7407,76,3,5,16,138,271,138,271,1.7656000000000003
7408,104,4,5,20,234,513,226,515,2.1796
7409,38,2,4,11,179,251,179,251,1.1335000000000002
7410,73,3,5,16,180,254,180,254,1.7427
7411,94,4,5,20,263,485,263,485,2.1258000000000004
7412,51,2,4,11,177,273,177,273,1.1521000000000001
7413,74,3,5,16,158,324,158,324,1.7637000000000003
7414,100,4,5,20,243,433,243,441,2.2049000000000003
7415,44,2,4,11,158,278,158,278,1.1522000000000001
7416,78,3,5,16,215,459,215,459,1.8839000000000001
7417,101,4,5,20,289,616,289,619,2.1683000000000003
7418,50,2,4,11,152,190,152,190,1.1377000000000002
7419,72,3,5,16,200,414,200,417,1.8401
7420,104,4,5,20,189,410,189,413,2.3719
7421,37,2,4,11,148,186,148,186,1.1171
7422,68,3,5,16,191,349,191,349,1.8476000000000001
7423,105,4,5,20,182,341,182,341,2.1343
7424,51,2,4,11,150,285,150,285,1.1977000000000002
7425,66,3,5,16,265,523,265,523,1.776
7426,98,4,5,20,225,465,225,465,2.1529000000000003
7427,49,2,4,11,189,268,189,268,1.1554
7428,65,3,5,16,278,544,278,544,1.7934
7429,96,4,5,20,190,354,186,359,2.1046000000000005
7430,46,2,4,11,96,181,96,181,1.0874000000000001
7431,81,3,5,16,162,308,162,308,1.814
7432,105,4,5,20,277,616,277,621,2.1236
7433,50,2,4,11,199,294,199,294,1.5104
7434,76,3,5,16,177,325,177,325,1.8114000000000001
7435,97,4,5,20,302,611,302,611,2.1663000000000006
7436,51,2,4,11,150,236,150,236,1.1484
7437,70,3,5,16,172,304,172,304,1.7894
7438,101,4,5,20,186,374,186,376,2.0415
7439,41,2,4,11,151,262,151,262,1.131
7440,78,3,5,16,203,371,203,371,1.9196
7441,92,4,5,20,273,531,269,546,2.2149
7442,48,2,4,11,140,190,140,190,1.1492000000000002
7443,71,3,5,16,249,435,249,435,1.8759000000000001
7444,97,4,5,20,275,578,275,578,2.1835
7445,42,2,4,11,174,269,155,279,1.1287
7446,65,3,5,16,255,458,253,459,1.8135000000000001
7447,102,4,5,20,257,528,257,528,2.1243
7448,46,2,4,11,130,167,130,167,1.0878
7449,76,3,5,16,274,506,274,506,1.8453
7450,115,4,5,20,228,478,228,478,2.3706
7451,43,2,4,11,169,267,169,267,1.1392000000000002
7452,68,3,5,16,229,456,229,456,1.8030000000000002
7453,96,4,5,20,261,568,261,569,2.1041000000000003
7454,53,2,4,11,132,159,132,159,1.2019000000000002
7455,71,3,5,16,229,457,229,457,1.7716
7456,88,4,5,20,178,324,178,324,2.0765000000000002
7457,37,2,4,11,160,287,160,287,1.0796000000000001
7458,71,3,5,16,247,460,247,460,1.8203000000000003
7459,93,4,5,20,321,743,321,745,2.1869000000000005
7460,39,2,4,11,187,332,187,332,1.1078999999999999
7461,74,3,5,16,194,379,193,383,1.8176
7462,100,4,5,20,190,423,190,424,2.1285000000000003
7463,50,2,4,11,151,239,151,239,1.1458
7464,65,3,5,16,185,339,185,339,1.7691000000000001
7465,94,4,5,20,283,543,283,543,2.1258000000000004
7466,51,2,4,11,187,290,187,290,1.1892
7467,70,3,5,16,264,465,262,468,1.8090000000000002
7468,97,4,5,20,197,433,197,433,2.1361000000000003
7469,42,2,4,11,143,241,143,241,1.1307
7470,84,3,5,16,243,532,243,532,1.9057000000000002
7471,108,4,5,20,253,466,253,466,2.1776
7472,44,2,4,11,160,221,160,221,1.1682000000000001
7473,62,3,5,16,191,380,191,380,1.7295
7474,97,4,5,20,258,518,258,518,2.1647000000000003
7475,44,2,4,11,180,261,180,261,1.1321
7476,75,3,5,16,236,449,236,449,1.8398
7477,93,4,5,20,281,587,281,587,2.0904000000000003
7478,46,2,4,11,152,195,152,195,1.1629
7479,66,3,5,16,164,233,164,233,1.7025000000000001
7480,95,4,5,20,172,364,170,365,2.1018
7481,47,2,4,11,111,172,111,172,1.1777
7482,70,3,5,16,185,346,185,352,1.8847000000000003
7483,101,4,5,20,275,676,275,676,2.1254
7484,51,2,4,11,145,216,145,216,1.2154000000000003
7485,75,3,5,16,245,455,245,455,1.8212
7486,106,4,5,20,258,535,258,535,2.2394000000000003
7487,53,2,4,11,129,171,129,171,1.1767
7488,84,3,5,16,206,390,206,390,2.016
7489,100,4,5,20,241,509,237,533,2.1910000000000003
7490,35,2,4,11,239,393,239,393,1.104
7491,72,3,5,16,202,385,202,385,1.7965000000000002
7492,105,4,5,20,288,614,288,614,2.206
7493,46,2,4,11,232,383,232,383,1.1611
7494,77,3,5,16,174,330,174,330,2.0506
7495,112,4,5,20,183,344,183,344,2.7211000000000003
7496,42,2,4,11,217,330,217,330,1.1102
7497,71,3,5,16,209,406,209,406,1.7986
7498,95,4,5,20,230,469,230,469,2.059
7499,46,2,4,11,143,259,143,259,1.2731000000000001
7500,70,3,5,16,148,265,148,265,1.8493000000000002
7501,97,4,5,20,226,461,226,461,2.1968
7502,44,2,4,11,153,234,153,234,1.1620000000000001
7503,77,3,5,16,250,458,250,458,1.8685
7504,100,4,5,20,230,494,229,496,2.1895000000000002
7505,42,2,4,11,114,166,114,166,1.0811
7506,72,3,5,16,164,352,164,352,1.8441000000000003
7507,103,4,5,20,247,549,247,549,2.1377
7508,50,2,4,11,172,281,172,281,1.1575000000000002
7509,65,3,5,16,224,439,224,439,2.1246
7510,88,4,5,20,297,566,297,566,2.1534
7511,43,2,4,11,168,302,168,302,1.1194
7512,73,3,5,16,230,459,230,459,1.8646
7513,83,4,5,20,259,586,259,586,2.1
7514,46,2,4,11,170,252,170,252,1.1407
7515,67,3,5,16,197,353,197,353,1.799
7516,96,4,5,20,173,346,173,346,2.0468
7517,52,2,4,11,143,224,143,224,1.1957
7518,75,3,5,16,170,265,170,265,1.7902
7519,96,4,5,20,221,427,217,432,2.0895
7520,48,2,4,11,149,196,149,196,1.1607
7521,90,3,5,16,256,446,256,446,1.9194000000000002
7522,101,4,5,20,209,454,209,454,2.0969
7523,51,2,4,11,150,191,150,191,1.1774
7524,78,3,5,16,202,378,202,378,2.016
7525,90,4,5,20,264,552,264,552,2.0241000000000002
7526,52,2,4,11,193,267,193,267,1.1720000000000002
7527,81,3,5,16,193,324,193,324,1.864
7528,105,4,5,20,211,422,211,422,2.0570000000000004
7529,51,2,4,11,160,239,160,239,1.1028000000000002
7530,77,3,5,16,194,353,192,354,1.8800000000000001
7531,87,4,5,20,215,430,215,431,2.123
7532,38,2,4,11,124,174,121,182,1.056
7533,67,3,5,16,245,572,245,572,1.7474
7534,103,4,5,20,274,518,272,521,2.154
7535,48,2,4,11,114,144,114,144,1.1475000000000002
7536,70,3,5,16,180,322,178,337,1.8829
7537,102,4,5,20,189,376,189,376,2.1114
7538,41,2,4,11,100,136,100,136,1.1129
7539,67,3,5,16,229,431,229,431,1.7668
7540,105,4,5,20,208,435,208,435,2.2468000000000004
7541,48,2,4,11,128,175,128,175,1.1242
7542,78,3,5,16,209,431,209,431,1.8254000000000001
7543,86,4,5,20,218,398,218,398,2.1665
7544,41,2,4,11,130,260,130,260,1.1217
7545,64,3,5,16,227,434,227,434,1.77
7546,97,4,5,20,218,454,218,454,2.0618
7547,45,2,4,11,150,217,150,217,1.1373000000000002
7548,63,3,5,16,261,490,261,490,1.7448000000000001
7549,94,4,5,20,230,515,230,516,3.0970000000000004
7550,42,2,4,11,165,251,165,251,1.1423
7551,68,3,5,16,193,368,193,373,1.8252000000000002
7552,91,4,5,20,236,584,236,584,2.163
7553,46,2,4,11,177,288,177,288,1.1691000000000003
7554,75,3,5,16,139,275,139,275,1.7695
7555,109,4,5,20,263,554,263,554,2.1434
7556,43,2,4,11,140,214,140,214,1.1582000000000001
7557,70,3,5,16,206,441,206,441,1.7573
7558,94,4,5,20,213,419,213,419,2.0933
7559,51,2,4,11,103,176,103,176,1.1300999999999999
7560,62,3,5,16,255,489,255,489,1.7937
7561,97,4,5,20,254,617,254,617,2.0871
7562,46,2,4,11,146,266,146,266,1.1305
7563,73,3,5,16,198,429,198,429,1.8263
7564,96,4,5,20,241,519,241,519,2.1365
7565,40,2,4,11,117,175,117,175,1.1174000000000002
7566,79,3,5,16,170,324,170,324,1.8635000000000002
7567,99,4,5,20,226,454,226,460,2.1694
7568,34,2,4,11,180,230,180,230,1.132
7569,77,3,5,16,184,327,184,327,1.7757
7570,105,4,5,20,292,630,292,630,2.1693000000000002
7571,53,2,4,11,202,316,202,316,1.2088
7572,81,3,5,16,216,367,216,367,1.8752
7573,82,4,5,20,258,563,258,563,2.1602
7574,44,2,4,11,181,331,181,331,1.1064
7575,72,3,5,16,213,390,213,394,1.8127000000000002
7576,107,4,5,20,222,502,222,502,2.1475
7577,48,2,4,11,193,229,190,251,1.1983
7578,79,3,5,16,223,450,223,450,1.8459
7579,92,4,5,20,240,509,240,509,2.1825
7580,54,2,4,11,188,342,188,342,1.1583999999999999
7581,80,3,5,16,186,318,186,318,1.9691999999999998
7582,101,4,5,20,265,549,265,549,2.1181
7583,51,2,4,11,227,361,227,361,1.1597
7584,65,3,5,16,152,276,152,276,1.7428000000000001
7585,101,4,5,20,198,345,198,345,2.0985
7586,38,2,4,11,164,216,164,216,1.1088
7587,79,3,5,16,184,351,184,355,1.8422000000000003
7588,99,4,5,20,208,400,208,400,2.0998
7589,56,2,4,11,170,214,170,214,1.1472000000000002
7590,79,3,5,16,176,302,176,302,1.7831000000000001
7591,101,4,5,20,255,554,253,559,2.1331
7592,44,2,4,11,118,184,118,184,1.7203000000000002
7593,73,3,5,16,210,325,198,335,1.8113000000000001
7594,94,4,5,20,259,584,259,584,2.248
7595,40,2,4,11,176,242,176,242,1.1268
7596,69,3,5,16,199,336,191,353,1.8084000000000002
7597,103,4,5,20,194,401,194,406,2.1677000000000004
7598,48,2,4,11,139,213,139,213,1.1586
7599,74,3,5,16,166,285,166,285,1.8574000000000002
7600,94,4,5,20,191,308,191,308,2.1168000000000005
7601,50,2,4,11,148,194,145,231,1.1739000000000002
7602,74,3,5,16,229,384,229,384,1.7753
7603,96,4,5,20,217,478,217,478,2.1427
7604,50,2,4,11,177,300,177,300,1.2408000000000001
7605,75,3,5,16,203,361,203,361,1.7894
7606,111,4,5,20,250,570,250,570,2.3501
7607,51,2,4,11,145,238,145,238,1.1681000000000001
7608,69,3,5,16,180,337,180,337,1.7687
7609,97,4,5,20,209,461,209,461,2.1068000000000002
7610,41,2,4,11,176,201,176,201,1.1685
7611,82,3,5,16,223,436,223,436,1.9136000000000002
7612,98,4,5,20,236,518,236,519,2.089
7613,55,2,4,11,165,268,165,268,1.1645
7614,73,3,5,16,170,328,170,328,1.798
7615,100,4,5,20,226,423,226,423,2.1183
7616,49,2,4,11,169,246,169,246,1.1414000000000002
7617,74,3,5,16,167,330,167,330,1.8606
7618,91,4,5,20,226,441,226,441,2.0361000000000002
7619,45,2,4,11,198,268,198,268,1.3129000000000002
7620,68,3,5,16,167,344,167,344,1.7889000000000002
7621,92,4,5,20,231,449,231,449,2.0828
7622,55,2,4,11,160,273,160,273,1.5122
7623,77,3,5,16,233,406,233,406,1.7828000000000002
7624,107,4,5,20,226,499,226,499,2.1513999999999998
7625,55,2,4,11,205,336,205,336,1.1451
7626,81,3,5,16,252,493,252,502,1.9468
7627,95,4,5,20,208,404,208,404,2.1489
7628,46,2,4,11,144,240,144,240,1.1036000000000001
7629,87,3,5,16,182,333,180,333,1.8434
7630,102,4,5,20,193,399,193,399,2.2358000000000002
7631,46,2,4,11,107,167,107,167,1.1924000000000001
7632,65,3,5,16,239,484,237,498,1.7685000000000002
7633,100,4,5,20,244,536,244,536,2.2154000000000003
7634,53,2,4,11,132,204,132,204,1.1502000000000001
7635,68,3,5,16,209,396,207,399,1.8085000000000002
7636,90,4,5,20,212,347,212,351,2.0837
7637,46,2,4,11,140,227,140,227,1.1028000000000002
7638,69,3,5,16,209,461,209,461,1.8297
7639,90,4,5,20,226,473,226,473,2.1255
7640,50,2,4,11,159,277,159,277,1.3570000000000002
7641,58,3,5,16,212,368,212,368,2.4861000000000004
7642,96,4,5,20,250,502,250,502,2.0730000000000004
7643,49,2,4,11,111,213,111,213,1.1599000000000002
7644,73,3,5,16,186,300,178,303,1.8686000000000003
7645,95,4,5,20,172,368,172,368,2.0675000000000003
7646,47,2,4,11,102,130,102,130,1.1325
7647,85,3,5,16,206,320,206,320,1.977
7648,99,4,5,20,209,522,209,522,2.22
7649,49,2,4,11,193,268,193,268,1.183
7650,72,3,5,16,218,376,218,376,1.7921
7651,96,4,5,20,267,546,267,546,2.1988000000000003
7652,42,2,4,11,130,188,130,188,1.1305
7653,68,3,5,16,180,365,180,365,1.7480000000000002
7654,100,4,5,20,210,443,210,443,2.1342000000000003
7655,52,2,4,11,155,223,155,223,1.2223000000000002
7656,77,3,5,16,162,334,162,335,1.8204
7657,98,4,5,20,224,474,224,474,2.1419
7658,49,2,4,11,139,207,139,207,1.1926
7659,75,3,5,16,231,383,231,383,1.8972000000000002
7660,103,4,5,20,213,479,213,479,2.1288
7661,47,2,4,11,156,213,156,213,1.1554
7662,65,3,5,16,187,322,187,322,1.7632
7663,83,4,5,20,236,414,236,419,2.1130000000000004
7664,47,2,4,11,175,293,175,293,1.1934
7665,78,3,5,16,154,322,154,322,1.8197
7666,99,4,5,20,229,533,229,533,2.154
7667,58,2,4,11,155,268,155,268,1.2265000000000001
7668,76,3,5,16,256,507,256,507,1.8751000000000002
7669,101,4,5,20,325,762,325,763,2.1156
7670,51,2,4,11,167,249,167,249,1.1408
7671,66,3,5,16,199,372,199,372,1.7749000000000001
7672,98,4,5,20,223,443,223,443,2.1033000000000004
7673,43,2,4,11,179,294,179,294,1.112
7674,64,3,5,16,178,340,178,340,1.75
7675,91,4,5,20,194,388,194,388,2.0905000000000005
7676,51,2,4,11,160,249,160,249,1.1905000000000001
7677,74,3,5,16,227,459,227,459,1.7877
7678,92,4,5,20,212,406,212,406,2.1020000000000003
7679,43,2,4,11,174,232,174,232,1.0617
7680,75,3,5,16,228,373,228,373,1.8396000000000001
7681,97,4,5,20,214,384,214,384,2.1071000000000004
7682,50,2,4,11,148,230,148,230,1.1413
7683,73,3,5,16,154,240,154,240,1.8051
7684,96,4,5,20,274,567,274,569,2.1827
7685,47,2,4,11,175,292,175,292,1.168
7686,71,3,5,16,223,504,223,504,1.8310000000000002
7687,100,4,5,20,204,484,202,491,2.0794
7688,55,2,4,11,186,315,186,315,1.1338000000000001
7689,76,3,5,16,198,395,198,395,1.816
7690,87,4,5,20,253,541,253,560,2.0886
7691,50,2,4,11,147,253,147,253,1.1522000000000001
7692,84,3,5,16,222,392,222,392,1.8882
7693,101,4,5,20,197,428,197,438,2.1772
7694,46,2,4,11,162,197,162,197,1.2683
7695,78,3,5,16,220,417,220,417,1.8502000000000003
7696,85,4,5,20,246,468,246,468,2.3191
7697,46,2,4,11,193,268,193,268,1.1773
7698,77,3,5,16,138,225,138,225,1.8268000000000002
7699,87,4,5,20,222,401,222,401,2.0714
7700,49,2,4,11,128,207,128,207,1.1529
7701,73,3,5,16,122,256,122,256,1.8046000000000002
7702,101,4,5,20,246,504,246,504,2.1867
7703,39,2,4,11,150,224,150,224,1.0689
7704,74,3,5,16,178,302,178,302,1.8632000000000002
7705,106,4,5,20,264,542,264,542,2.1826000000000003
7706,46,2,4,11,154,204,154,204,1.2324
7707,68,3,5,16,248,460,248,460,1.8065000000000002
7708,92,4,5,20,184,379,184,379,2.0589000000000004
7709,46,2,4,11,103,160,103,160,1.0974000000000002
7710,73,3,5,16,226,389,226,389,1.7896
7711,93,4,5,20,287,639,285,640,2.172
7712,52,2,4,11,203,308,203,308,1.1632
7713,76,3,5,16,272,524,272,524,1.8502000000000003
7714,93,4,5,20,243,527,235,529,2.1981
7715,46,2,4,11,207,343,207,343,1.1653
7716,72,3,5,16,129,251,129,251,1.7859000000000003
7717,92,4,5,20,241,520,241,520,2.1267
7718,53,2,4,11,137,221,137,221,1.1440000000000001
7719,78,3,5,16,210,402,210,402,1.7840000000000003
7720,87,4,5,20,225,500,225,500,2.2698
7721,35,2,4,11,177,298,177,298,1.0669
7722,76,3,5,16,207,406,207,406,1.8324
7723,105,4,5,20,250,571,250,571,2.4978000000000002
7724,44,2,4,11,173,260,173,260,1.1377000000000002
7725,77,3,5,16,148,299,147,307,1.7872000000000001
7726,105,4,5,20,263,625,261,625,2.1688
7727,63,2,4,11,133,194,133,194,1.2378
7728,75,3,5,16,185,309,185,313,1.8426
7729,101,4,5,20,226,425,226,425,2.264
7730,47,2,4,11,205,331,205,331,1.1385
7731,70,3,5,16,184,362,184,362,1.8248000000000002
7732,85,4,5,20,329,706,329,706,2.1253
7733,51,2,4,11,131,233,131,233,1.1263
7734,66,3,5,16,219,471,219,471,1.7825
7735,100,4,5,20,232,504,232,504,2.1337
7736,54,2,4,11,185,269,185,269,1.1522999999999999
7737,72,3,5,16,192,385,192,385,2.3673
7738,95,4,5,20,168,414,168,415,2.1092000000000004
7739,50,2,4,11,88,103,88,103,1.1406
7740,70,3,5,16,222,426,222,426,2.1771
7741,104,4,5,20,251,534,251,534,2.143
7742,48,2,4,11,108,128,108,128,1.1321
7743,72,3,5,16,235,514,235,514,1.8302
7744,90,4,5,20,244,412,244,416,2.1028000000000002
7745,49,2,4,11,190,336,190,336,1.1051000000000002
7746,67,3,5,16,238,435,238,435,1.7611
7747,95,4,5,20,316,697,316,697,2.1184000000000003
7748,44,2,4,11,165,265,165,265,1.1710000000000003
7749,80,3,5,16,157,320,157,320,1.7901000000000002
7750,100,4,5,20,229,509,229,509,2.0839
7751,40,2,4,11,155,220,155,220,1.1055000000000001
7752,76,3,5,16,193,379,191,380,1.8732000000000002
7753,95,4,5,20,222,452,221,457,2.0983
7754,55,2,4,11,145,263,145,263,1.1764
7755,74,3,5,16,201,421,201,422,1.7622
7756,96,4,5,20,212,439,212,439,2.1634
7757,42,2,4,11,153,278,153,278,1.1179000000000001
7758,75,3,5,16,246,438,246,440,1.873
7759,100,4,5,20,323,672,323,672,2.1736
7760,45,2,4,11,187,315,187,315,1.111
7761,65,3,5,16,245,434,245,434,1.7526000000000002
7762,112,4,5,20,253,507,253,507,2.2704999999999997
7763,63,2,4,11,151,265,151,265,1.1762000000000001
7764,72,3,5,16,211,454,211,454,1.8333000000000002
7765,96,4,5,20,212,398,212,398,2.1083
7766,48,2,4,11,139,243,139,243,1.1440000000000001
7767,75,3,5,16,166,366,166,366,1.7935
7768,93,4,5,20,242,467,240,472,2.1020000000000003
7769,51,2,4,11,127,186,127,186,1.1605
7770,68,3,5,16,188,360,188,360,1.7907000000000002
7771,98,4,5,20,206,454,206,460,2.1285000000000003
7772,49,2,4,11,140,246,140,246,1.2141000000000002
7773,71,3,5,16,186,338,185,340,1.7777
7774,115,4,5,20,264,535,264,535,2.1832000000000003
7775,54,2,4,11,156,245,156,245,1.1691000000000003
7776,69,3,5,16,195,338,195,338,1.8474000000000002
7777,90,4,5,20,281,630,281,630,2.0894
7778,43,2,4,11,94,112,94,112,1.0942
7779,60,3,5,16,240,428,240,429,1.7429000000000001
7780,107,4,5,20,260,547,260,550,2.1364
7781,52,2,4,11,134,154,134,154,1.1459000000000001
7782,72,3,5,16,144,252,144,271,1.7709000000000001
7783,103,4,5,20,186,326,186,326,2.1871
7784,50,2,4,11,188,302,188,302,1.1818
7785,71,3,5,16,179,312,179,312,1.9820000000000002
7786,104,4,5,20,255,572,255,572,2.1302
7787,44,2,4,11,127,203,127,203,1.1602000000000001
7788,79,3,5,16,182,323,182,326,1.8392
7789,96,4,5,20,242,596,242,596,2.1374000000000004
7790,46,2,4,11,165,290,165,290,1.1259
7791,74,3,5,16,181,353,181,353,1.8182
7792,93,4,5,20,206,439,206,439,2.1021
7793,46,2,4,11,133,209,133,209,1.1091
7794,65,3,5,16,156,353,156,353,1.8054000000000001
7795,106,4,5,20,294,631,294,631,2.1462
7796,50,2,4,11,166,255,165,260,1.2102
7797,64,3,5,16,211,421,211,421,1.8072000000000001
7798,86,4,5,20,265,649,265,649,2.1205
7799,43,2,4,11,139,247,139,247,1.1103
7800,73,3,5,16,235,480,235,480,1.7927000000000002
7801,104,4,5,20,225,498,225,498,2.1416
7802,48,2,4,11,169,264,169,264,1.1409
7803,78,3,5,16,213,404,213,404,1.8092000000000001
7804,90,4,5,20,289,616,289,616,2.1327
7805,36,2,4,11,175,267,175,267,1.0745000000000002
7806,66,3,5,16,191,386,191,386,1.7363000000000002
7807,99,4,5,20,296,606,296,606,2.6725
7808,53,2,4,11,148,203,148,203,1.7360000000000002
7809,79,3,5,16,225,406,225,406,1.8192000000000002
7810,98,4,5,20,263,617,263,619,2.1271000000000004
7811,56,2,4,11,164,258,164,258,1.242
7812,77,3,5,16,197,383,197,383,1.8012000000000001
7813,98,4,5,20,244,493,244,500,2.1385
7814,49,2,4,11,171,305,171,305,1.1508
7815,59,3,5,16,198,315,198,315,1.7786000000000002
7816,100,4,5,20,227,517,224,519,2.0817
7817,54,2,4,11,86,109,86,109,1.12
7818,74,3,5,16,159,331,159,331,1.7537000000000003
7819,90,4,5,20,178,478,178,478,2.0578000000000003
7820,47,2,4,11,153,234,152,240,1.1773
7821,63,3,5,16,221,439,221,439,1.7847000000000002
7822,100,4,5,20,227,459,227,459,2.1002
7823,57,2,4,11,151,270,151,270,1.1834
7824,83,3,5,16,247,493,247,493,1.8899000000000001
7825,100,4,5,20,235,598,233,599,2.2424000000000004
7826,47,2,4,11,165,271,165,271,1.1675000000000002
7827,63,3,5,16,215,374,215,374,1.7511
7828,102,4,5,20,254,507,254,507,2.1859
7829,52,2,4,11,184,351,184,351,1.1298000000000001
7830,71,3,5,16,258,542,258,542,1.8171000000000002
7831,100,4,5,20,240,457,240,457,2.0481000000000003
7832,51,2,4,11,191,308,191,308,1.1530000000000002
7833,90,3,5,16,206,393,206,393,1.8574000000000002
7834,91,4,5,20,288,568,288,568,2.1259
7835,51,2,4,11,209,351,209,351,1.1602000000000001
7836,75,3,5,16,220,349,220,349,1.8181
7837,106,4,5,20,204,396,204,396,2.2391
7838,41,2,4,11,120,141,120,141,1.0734
7839,68,3,5,16,238,385,238,385,1.8105
7840,92,4,5,20,233,537,233,537,2.0968000000000004
7841,47,2,4,11,162,236,162,236,1.1389
7842,72,3,5,16,227,421,226,425,1.7573
7843,105,4,5,20,250,509,250,509,2.1434
7844,39,2,4,11,174,224,174,224,1.1451
7845,68,3,5,16,180,328,178,329,1.8603
7846,95,4,5,20,241,537,241,538,2.7714000000000003
7847,50,2,4,11,178,273,178,273,1.1820000000000002
7848,83,3,5,16,179,328,179,328,1.8573000000000002
7849,103,4,5,20,310,582,310,584,2.2467
7850,50,2,4,11,154,252,154,252,1.1837
7851,66,3,5,16,168,322,168,322,1.8127000000000002
7852,88,4,5,20,262,570,262,570,2.0845
7853,52,2,4,11,169,287,169,287,1.15
7854,75,3,5,16,194,356,194,356,1.8772000000000002
7855,78,4,5,20,250,530,250,539,2.1519
7856,49,2,4,11,153,274,153,274,1.1387
7857,78,3,5,16,229,436,229,436,1.9182000000000001
7858,111,4,5,20,209,421,209,423,2.0968000000000004
7859,45,2,4,11,165,241,165,241,1.1465
7860,70,3,5,16,208,382,208,382,1.7682000000000002
7861,96,4,5,20,229,464,229,464,2.1002
7862,52,2,4,11,207,343,207,343,1.1755000000000002
7863,62,3,5,16,229,392,229,392,1.7910000000000001
7864,107,4,5,20,252,548,252,548,2.1658000000000004
7865,45,2,4,11,196,363,196,363,1.1044000000000003
7866,85,3,5,16,186,323,186,323,1.8882
7867,93,4,5,20,216,458,213,458,2.1438
7868,43,2,4,11,117,221,117,221,1.1121
7869,72,3,5,16,169,345,169,345,1.7845
7870,92,4,5,20,321,659,321,659,2.3275
7871,50,2,4,11,126,199,126,199,1.155
7872,73,3,5,16,176,336,176,336,1.7517
7873,105,4,5,20,165,348,165,348,2.075
7874,48,2,4,11,94,132,94,132,1.1456000000000002
7875,65,3,5,16,219,438,219,439,1.7797
7876,98,4,5,20,305,670,305,671,2.1310000000000002
7877,48,2,4,11,130,219,130,219,1.1112000000000002
7878,67,3,5,16,164,318,164,318,1.7468000000000001
7879,102,4,5,20,253,525,253,525,2.1772
7880,47,2,4,11,173,274,173,274,1.1473
7881,79,3,5,16,112,177,112,177,1.7871
7882,108,4,5,20,246,564,246,564,2.2783
7883,47,2,4,11,141,270,141,270,1.1291
7884,68,3,5,16,195,386,195,386,1.8162
7885,101,4,5,20,205,364,205,364,2.083
7886,38,2,4,11,223,386,223,386,1.0705
7887,64,3,5,16,220,398,218,399,1.8964
7888,95,4,5,20,254,564,254,569,2.1839000000000004
7889,47,2,4,11,139,203,139,203,1.1400000000000001
7890,73,3,5,16,236,470,236,470,2.6801000000000004
7891,98,4,5,20,245,541,245,541,2.1512000000000002
7892,38,2,4,11,164,277,164,277,1.1479000000000001
7893,68,3,5,16,208,381,208,381,1.7817000000000003
7894,99,4,5,20,238,443,238,443,2.1253
7895,48,2,4,11,118,138,118,138,1.1666
7896,81,3,5,16,205,378,205,378,1.8466
7897,89,4,5,20,268,577,268,583,2.0684
7898,55,2,4,11,187,257,187,257,1.2099
7899,72,3,5,16,179,397,177,400,1.9109
7900,93,4,5,20,262,486,260,487,2.2525
7901,46,2,4,11,212,335,212,335,1.1164
7902,79,3,5,16,142,233,142,233,1.8121
7903,94,4,5,20,257,496,257,496,2.1087000000000002
7904,46,2,4,11,178,219,178,219,1.0992
7905,70,3,5,16,273,511,273,512,1.8145000000000002
7906,102,4,5,20,214,402,214,402,2.1119000000000003
7907,49,2,4,11,136,267,136,267,1.1239000000000001
7908,66,3,5,16,252,441,236,457,1.7936
7909,101,4,5,20,292,606,292,606,2.1761000000000004
7910,45,2,4,11,138,176,138,176,1.1307
7911,78,3,5,16,157,289,157,289,1.7956
7912,96,4,5,20,249,503,249,503,2.0461
7913,51,2,4,11,127,196,127,196,1.1799
7914,64,3,5,16,201,378,201,378,1.8662
7915,99,4,5,20,248,585,248,586,2.0994
7916,46,2,4,11,169,244,169,244,1.1003
7917,89,3,5,16,241,441,236,450,1.9075000000000002
7918,94,4,5,20,239,526,239,527,2.1433000000000004
7919,45,2,4,11,140,187,140,187,1.0848000000000002
7920,67,3,5,16,262,513,262,513,1.7757
7921,96,4,5,20,246,558,244,563,2.1166
7922,48,2,4,11,155,276,155,276,1.1259
7923,76,3,5,16,200,347,200,347,1.7662000000000002
7924,104,4,5,20,250,550,250,552,2.1379
7925,49,2,4,11,170,234,170,234,1.596
7926,65,3,5,16,154,301,154,301,1.7367000000000001
7927,101,4,5,20,244,510,243,519,2.1179
7928,57,2,4,11,92,188,92,188,1.1019
7929,74,3,5,16,207,341,207,341,1.8319
7930,102,4,5,20,239,457,239,457,2.1093
7931,57,2,4,11,148,259,148,259,1.1659000000000002
7932,69,3,5,16,246,447,246,447,1.79
7933,80,4,5,20,261,531,261,531,2.0242000000000004
7934,49,2,4,11,131,209,131,209,1.1466
7935,69,3,5,16,265,621,265,621,1.7862000000000002
7936,90,4,5,20,296,597,296,597,2.1596
7937,43,2,4,11,159,258,159,258,1.1163
7938,76,3,5,16,140,259,140,264,1.8676000000000001
7939,91,4,5,20,257,480,257,480,2.1289
7940,55,2,4,11,102,127,102,127,1.1331000000000002
7941,70,3,5,16,236,464,236,464,1.8003
7942,88,4,5,20,278,553,276,557,2.0812
7943,54,2,4,11,193,319,193,319,1.1897000000000002
7944,88,3,5,16,182,301,182,312,1.9652000000000003
7945,91,4,5,20,281,563,281,563,2.1797
7946,49,2,4,11,93,152,93,152,1.0928000000000002
7947,65,3,5,16,212,419,212,419,1.8043000000000002
7948,92,4,5,20,178,347,178,347,2.0677
7949,48,2,4,11,131,217,131,217,1.1361
7950,74,3,5,16,152,222,148,247,1.8082
7951,103,4,5,20,198,363,198,363,2.0889
7952,50,2,4,11,233,346,233,346,1.1869
7953,63,3,5,16,279,513,279,513,1.7785000000000002
7954,91,4,5,20,142,305,142,305,2.224
7955,50,2,4,11,129,218,129,218,1.1486
7956,68,3,5,16,247,450,247,450,1.7925
7957,106,4,5,20,228,423,228,423,2.0985
7958,54,2,4,11,144,161,144,161,1.2021
7959,69,3,5,16,174,309,173,313,1.8066000000000002
7960,100,4,5,20,236,460,236,460,2.1550000000000002
7961,50,2,4,11,165,217,165,217,1.1933
7962,68,3,5,16,268,558,268,558,1.85
7963,98,4,5,20,313,715,313,715,2.1698
7964,44,2,4,11,174,315,174,315,1.3203000000000003
7965,74,3,5,16,204,344,204,344,1.9092000000000002
7966,79,4,5,20,285,582,282,584,2.0796
7967,46,2,4,11,163,288,163,288,1.1229
7968,77,3,5,16,197,386,197,386,1.8478
7969,97,4,5,20,239,537,239,537,2.1146000000000003
7970,51,2,4,11,108,143,108,143,1.1142
7971,70,3,5,16,212,357,212,357,1.7883
7972,89,4,5,20,230,458,230,458,2.1145
7973,47,2,4,11,150,171,150,171,1.1575000000000002
7974,65,3,5,16,213,432,213,436,3.0484
7975,85,4,5,20,258,589,258,589,2.1706
7976,47,2,4,11,162,190,162,190,1.2273000000000003
7977,72,3,5,16,215,396,215,396,1.8318
7978,98,4,5,20,240,477,240,477,2.0656000000000003
7979,48,2,4,11,131,208,131,208,1.129
7980,69,3,5,16,327,692,325,693,1.8537
7981,98,4,5,20,214,425,214,425,2.1187000000000005
7982,37,2,4,11,181,313,181,313,1.1444
7983,70,3,5,16,178,351,178,352,1.8185
7984,93,4,5,20,160,298,160,298,2.1094
7985,39,2,4,11,153,231,153,231,1.0693
7986,77,3,5,16,244,448,242,449,1.9042000000000001
7987,92,4,5,20,160,279,160,279,2.0401
7988,51,2,4,11,138,204,138,204,1.1461999999999999
7989,64,3,5,16,229,515,229,515,1.7763000000000002
7990,94,4,5,20,260,643,260,643,2.1907
7991,45,2,4,11,183,293,183,293,1.1145
7992,72,3,5,16,203,425,203,425,1.7574
7993,95,4,5,20,280,588,280,588,2.0689
7994,53,2,4,11,166,299,166,299,1.1688
7995,74,3,5,16,194,356,194,356,1.8365
7996,89,4,5,20,238,495,236,495,2.0918
7997,47,2,4,11,151,220,151,220,1.1593
7998,81,3,5,16,178,316,178,316,1.7885000000000002
7999,92,4,5,20,312,628,312,629,2.1752
8000,49,2,4,11,112,133,112,133,1.1228
8001,73,3,5,16,213,443,213,443,1.8162
8002,85,4,5,20,265,527,265,527,2.1423
8003,52,2,4,11,141,251,141,251,1.6127
8004,81,3,5,16,220,402,220,402,1.9514
8005,88,4,5,20,264,525,252,540,2.1432
8006,52,2,4,11,177,292,177,292,1.1864
8007,70,3,5,16,252,441,250,442,1.8092000000000001
8008,96,4,5,20,199,393,199,393,2.1732
8009,50,2,4,11,188,274,188,274,1.1666
8010,71,3,5,16,163,268,163,268,1.8056
8011,113,4,5,20,274,487,274,487,2.1911
8012,48,2,4,11,130,191,130,191,1.1297
8013,74,3,5,16,225,441,225,441,1.9586000000000001
8014,85,4,5,20,206,404,206,404,2.1056
8015,44,2,4,11,160,245,160,245,1.1092
8016,80,3,5,16,185,368,185,368,1.8744
8017,95,4,5,20,275,608,275,608,2.0991
8018,51,2,4,11,170,347,170,347,1.1306
8019,65,3,5,16,148,260,148,260,1.7326000000000001
8020,113,4,5,20,210,473,210,473,2.1590000000000003
8021,41,2,4,11,155,222,155,222,1.1019
8022,68,3,5,16,160,330,160,330,1.7114
8023,101,4,5,20,180,376,180,376,2.1368000000000005
8024,54,2,4,11,161,229,161,229,1.179
8025,66,3,5,16,192,420,192,420,1.7393
8026,115,4,5,20,191,329,183,334,2.2408
8027,53,2,4,11,117,215,117,215,1.1298000000000001
8028,70,3,5,16,248,552,248,552,2.2225
8029,96,4,5,20,263,553,261,553,2.1711
8030,46,2,4,11,149,213,149,213,1.1234000000000002
8031,67,3,5,16,204,348,204,348,1.8481
8032,91,4,5,20,277,622,277,622,2.1347
8033,63,2,4,11,131,256,131,256,1.2194
8034,73,3,5,16,210,350,210,350,1.8403
8035,98,4,5,20,236,506,236,507,2.1551
8036,48,2,4,11,116,157,116,157,1.2909
8037,76,3,5,16,229,435,229,435,1.8781
8038,97,4,5,20,222,452,222,452,2.1231
8039,38,2,4,11,169,227,169,227,1.0931
8040,70,3,5,16,249,441,249,441,1.8018
8041,88,4,5,20,218,442,218,442,2.0714
8042,49,2,4,11,152,221,152,221,1.1693
8043,73,3,5,16,227,430,227,430,1.7682000000000002
8044,94,4,5,20,206,474,204,482,2.1608
8045,42,2,4,11,165,264,165,264,1.1052
8046,70,3,5,16,219,438,219,438,1.8857000000000002
8047,91,4,5,20,233,485,233,485,2.0734
8048,47,2,4,11,205,305,205,305,1.1333
8049,76,3,5,16,127,194,127,194,1.8405
8050,92,4,5,20,238,399,238,399,2.0652
8051,46,2,4,11,218,339,218,339,1.1387
8052,76,3,5,16,179,321,179,321,1.8370000000000002
8053,90,4,5,20,182,395,182,395,2.104
8054,48,2,4,11,121,201,121,201,1.1321
8055,74,3,5,16,186,311,186,311,1.8595000000000002
8056,110,4,5,20,187,394,187,394,2.1130000000000004
8057,45,2,4,11,143,182,143,182,1.3109
8058,80,3,5,16,253,471,253,471,2.0751000000000004
8059,91,4,5,20,173,351,173,351,2.4679
8060,48,2,4,11,186,301,186,301,1.1268
8061,79,3,5,16,175,341,175,342,1.8802
8062,100,4,5,20,193,397,193,397,2.1254
8063,57,2,4,11,155,278,155,278,1.224
8064,76,3,5,16,261,518,261,518,1.8562
8065,89,4,5,20,248,582,248,582,2.0978
8066,48,2,4,11,199,308,199,308,1.1748
8067,79,3,5,16,150,261,150,261,1.8551000000000002
8068,105,4,5,20,225,440,225,440,2.2157
8069,46,2,4,11,146,174,146,174,1.1786
8070,70,3,5,16,184,362,184,362,1.8055
8071,107,4,5,20,305,682,305,682,2.1532
8072,49,2,4,11,155,224,155,224,1.1513
8073,67,3,5,16,212,377,212,377,1.8311000000000002
8074,93,4,5,20,206,470,206,470,2.0297
8075,48,2,4,11,147,255,147,255,1.1241
8076,77,3,5,16,185,405,185,406,1.8396000000000001
8077,96,4,5,20,281,619,279,620,2.1867
8078,46,2,4,11,143,247,143,247,1.0928000000000002
8079,70,3,5,16,213,344,213,344,1.8258
8080,105,4,5,20,269,527,267,528,2.1854999999999998
8081,44,2,4,11,158,260,158,260,1.1153
8082,76,3,5,16,225,483,225,483,1.8202
8083,98,4,5,20,230,479,230,479,2.1194
8084,46,2,4,11,183,293,183,293,1.1731
8085,65,3,5,16,213,391,213,391,1.7712
8086,103,4,5,20,303,660,303,660,2.1522
8087,45,2,4,11,123,201,123,201,1.1718
8088,82,3,5,16,176,388,176,388,1.7887
8089,106,4,5,20,281,661,281,663,2.1414000000000004
8090,47,2,4,11,147,235,147,235,1.1583
8091,79,3,5,16,188,353,188,353,1.7485
8092,107,4,5,20,192,404,192,404,2.1453
8093,54,2,4,11,153,252,153,252,1.1805
8094,78,3,5,16,179,339,179,339,1.8792000000000002
8095,104,4,5,20,251,491,251,491,2.1762
8096,46,2,4,11,166,294,166,294,1.1038000000000001
8097,65,3,5,16,209,411,209,411,1.7247000000000001
8098,93,4,5,20,222,431,222,431,2.1585
8099,49,2,4,11,162,279,162,279,1.2388
8100,74,3,5,16,207,427,207,427,1.8585
8101,92,4,5,20,243,476,243,476,2.2037000000000004
8102,44,2,4,11,97,171,97,171,1.1129
8103,70,3,5,16,136,307,136,307,1.8823
8104,95,4,5,20,279,618,279,618,2.1458000000000004
8105,41,2,4,11,153,210,153,210,1.0856000000000001
8106,77,3,5,16,260,481,260,481,1.8641
8107,102,4,5,20,298,600,298,600,2.2215
8108,46,2,4,11,157,235,157,251,1.1412
8109,70,3,5,16,221,424,221,424,1.8162
8110,95,4,5,20,202,425,202,425,2.112
8111,49,2,4,11,168,302,168,302,1.1412
8112,76,3,5,16,221,412,221,412,1.7874
8113,95,4,5,20,184,346,184,346,2.1097
8114,44,2,4,11,105,169,105,169,1.0563
8115,72,3,5,16,170,304,168,320,1.7898
8116,93,4,5,20,168,317,168,317,2.1172
8117,46,2,4,11,127,200,127,200,1.11
8118,62,3,5,16,237,444,237,444,1.8384
8119,97,4,5,20,272,502,272,502,2.1446
8120,48,2,4,11,173,252,173,252,1.1585
8121,75,3,5,16,228,406,228,406,1.7802
8122,97,4,5,20,250,541,250,541,2.119
8123,48,2,4,11,147,278,147,278,1.1195000000000002
8124,64,3,5,16,207,403,207,403,1.7441000000000002
8125,104,4,5,20,190,344,180,350,2.1709000000000005
8126,52,2,4,11,116,146,116,146,1.1297
8127,72,3,5,16,187,367,187,367,1.8136
8128,98,4,5,20,228,487,228,487,2.1236
8129,49,2,4,11,132,190,132,190,1.1447
8130,77,3,5,16,218,437,216,443,1.946
8131,95,4,5,20,202,371,202,371,2.98
8132,50,2,4,11,139,208,139,208,1.1515000000000002
8133,72,3,5,16,257,470,257,470,1.8287000000000002
8134,98,4,5,20,265,606,265,606,2.1237
8135,47,2,4,11,154,254,153,255,1.1269
8136,70,3,5,16,206,425,206,425,1.7851000000000001
8137,100,4,5,20,229,485,229,485,2.1127000000000002
8138,50,2,4,11,128,201,128,201,1.1592
8139,69,3,5,16,224,388,224,388,1.8093
8140,94,4,5,20,192,411,192,411,3.0794000000000006
8141,48,2,4,11,173,256,173,256,1.1405
8142,90,3,5,16,197,398,197,398,1.9643
8143,105,4,5,20,242,480,242,480,2.1783
8144,48,2,4,11,185,309,185,309,1.1482
8145,79,3,5,16,188,353,188,353,1.7765000000000002
8146,99,4,5,20,236,478,236,478,2.1084000000000005
8147,52,2,4,11,155,272,155,272,1.1642
8148,84,3,5,16,229,466,227,468,1.9465000000000001
8149,99,4,5,20,220,468,220,471,2.075
8150,49,2,4,11,137,183,137,183,1.1531
8151,68,3,5,16,198,299,198,299,1.909
8152,99,4,5,20,161,375,161,375,2.1504000000000003
8153,44,2,4,11,182,301,182,301,1.1107
8154,74,3,5,16,198,373,198,380,1.8189
8155,94,4,5,20,195,388,195,388,2.1046000000000005
8156,46,2,4,11,166,256,166,256,1.1134000000000002
8157,64,3,5,16,279,542,279,550,1.8445000000000003
8158,102,4,5,20,202,426,202,426,2.0795000000000003
8159,50,2,4,11,110,149,110,149,1.1492000000000002
8160,60,3,5,16,216,395,216,395,1.7830000000000001
8161,96,4,5,20,216,418,215,420,2.2221
8162,49,2,4,11,166,293,166,293,1.1089000000000002
8163,77,3,5,16,214,419,214,423,1.8849
8164,98,4,5,20,295,623,295,623,2.1185
8165,54,2,4,11,138,216,138,216,1.2382
8166,71,3,5,16,194,350,194,350,1.8151000000000002
8167,106,4,5,20,236,479,236,481,2.1127000000000002
8168,50,2,4,11,195,316,195,316,1.1465
8169,77,3,5,16,238,407,238,407,1.8986
8170,92,4,5,20,328,675,326,681,2.1458000000000004
8171,41,2,4,11,163,250,163,250,1.1403999999999999
8172,83,3,5,16,166,324,166,324,1.9333000000000002
8173,88,4,5,20,322,636,322,636,2.0512
8174,51,2,4,11,136,216,136,216,1.2334000000000003
8175,66,3,5,16,202,343,202,343,1.7441000000000002
8176,82,4,5,20,194,389,194,389,2.0805000000000002
8177,48,2,4,11,112,127,112,127,1.1498000000000002
8178,69,3,5,16,223,409,223,409,1.7604
8179,99,4,5,20,305,696,305,696,2.1438
8180,44,2,4,11,168,252,168,252,1.1760000000000002
8181,81,3,5,16,178,320,178,320,1.8752
8182,95,4,5,20,183,335,183,335,2.0654000000000003
8183,47,2,4,11,126,148,126,148,1.1580000000000001
8184,88,3,5,16,186,306,186,306,1.9729999999999999
8185,106,4,5,20,284,572,282,573,2.2110000000000003
8186,40,2,4,11,95,193,95,193,1.0663
8187,82,3,5,16,161,394,161,394,1.8271000000000002
8188,102,4,5,20,220,440,220,440,2.1849
8189,50,2,4,11,187,295,187,295,1.2984000000000002
8190,66,3,5,16,231,522,229,524,1.8518000000000001
8191,99,4,5,20,255,586,255,586,3.4163
8192,49,2,4,11,185,314,185,314,1.1686
8193,70,3,5,16,214,417,214,417,1.8134000000000001
8194,101,4,5,20,267,538,267,538,2.1691000000000003
8195,54,2,4,11,130,174,130,174,1.1797000000000002
8196,72,3,5,16,172,308,172,308,1.8144
8197,87,4,5,20,167,340,167,340,2.0226
8198,41,2,4,11,207,343,207,343,1.2413
8199,77,3,5,16,232,453,230,454,1.8532000000000002
8200,97,4,5,20,273,570,270,577,2.1017
8201,43,2,4,11,175,229,175,229,1.1003
8202,82,3,5,16,233,405,233,405,1.832
8203,91,4,5,20,211,435,211,435,2.1137
8204,52,2,4,11,99,151,99,151,1.0973000000000002
8205,72,3,5,16,195,291,195,291,1.8152000000000001
8206,105,4,5,20,239,473,239,473,2.2174
8207,48,2,4,11,156,206,156,206,1.1297
8208,84,3,5,16,184,367,184,367,2.0293
8209,92,4,5,20,309,650,309,650,2.1903
8210,42,2,4,11,197,315,197,315,1.105
8211,81,3,5,16,196,357,196,357,2.8550000000000004
8212,107,4,5,20,269,569,269,569,2.1907
8213,48,2,4,11,118,185,118,185,1.1145
8214,78,3,5,16,205,418,205,418,2.0004000000000004
8215,107,4,5,20,267,541,267,541,2.1671
8216,44,2,4,11,115,190,115,190,1.1136
8217,65,3,5,16,283,545,278,559,1.804
8218,85,4,5,20,258,633,258,633,2.0686000000000004
8219,51,2,4,11,112,160,112,160,1.1312000000000002
8220,64,3,5,16,208,368,208,368,1.8333000000000002
8221,92,4,5,20,307,653,307,657,3.2443000000000004
8222,42,2,4,11,146,173,146,173,1.1446000000000003
8223,70,3,5,16,263,476,261,477,1.8159
8224,89,4,5,20,234,470,234,470,2.1460000000000004
8225,54,2,4,11,131,181,131,181,1.1516
8226,77,3,5,16,221,464,221,468,1.8463
8227,98,4,5,20,175,344,175,345,2.1606
8228,42,2,4,11,138,200,138,200,1.0630000000000002
8229,68,3,5,16,177,263,177,263,1.7624000000000002
8230,91,4,5,20,278,650,276,651,2.1861
8231,50,2,4,11,106,164,106,164,1.1414000000000002
8232,74,3,5,16,166,262,166,262,1.8311000000000002
8233,105,4,5,20,250,494,250,494,2.1198
8234,50,2,4,11,171,255,171,255,1.1208000000000002
8235,79,3,5,16,178,324,178,324,1.8595000000000002
8236,100,4,5,20,206,376,206,376,2.1765
8237,50,2,4,11,127,189,127,189,1.1460000000000001
8238,70,3,5,16,173,369,173,370,1.7931000000000001
8239,93,4,5,20,267,701,267,701,2.1546
8240,55,2,4,11,140,184,140,184,1.4788000000000001
8241,71,3,5,16,175,331,174,331,1.8339
8242,99,4,5,20,329,738,329,738,2.1735
8243,55,2,4,11,186,320,186,320,1.2528000000000001
8244,72,3,5,16,184,327,184,327,1.8489000000000002
8245,114,4,5,20,223,459,223,459,2.1309000000000005
8246,50,2,4,11,141,217,141,217,1.1157000000000001
8247,80,3,5,16,234,508,234,508,1.8693000000000002
8248,103,4,5,20,252,576,252,584,2.1708000000000003
8249,53,2,4,11,195,298,189,302,1.1871000000000003
8250,75,3,5,16,189,385,189,385,1.8049000000000002
8251,107,4,5,20,255,537,255,537,2.2623
8252,45,2,4,11,110,153,110,153,1.1159
8253,65,3,5,16,168,344,168,344,1.856
8254,97,4,5,20,284,712,284,712,2.1293
8255,46,2,4,11,115,164,115,164,1.1271
8256,77,3,5,16,247,391,247,391,2.578
8257,92,4,5,20,205,477,204,481,2.1117000000000004
8258,54,2,4,11,166,215,166,215,1.1884000000000001
8259,65,3,5,16,214,337,212,341,1.8602000000000003
8260,92,4,5,20,219,446,219,446,2.0771
8261,45,2,4,11,201,327,201,327,1.1166
8262,81,3,5,16,213,488,213,488,1.8784
8263,97,4,5,20,263,597,263,597,2.1179
8264,56,2,4,11,209,317,209,317,1.1796
8265,78,3,5,16,218,414,218,414,1.8460000000000003
8266,102,4,5,20,134,302,134,310,2.1175
8267,48,2,4,11,177,327,177,327,1.1545
8268,77,3,5,16,253,569,253,569,1.8076
8269,96,4,5,20,212,444,212,444,2.1545
8270,45,2,4,11,182,286,182,286,1.0803
8271,80,3,5,16,199,380,199,380,1.8869000000000002
8272,96,4,5,20,196,411,196,411,2.091
8273,52,2,4,11,156,222,156,222,1.1415000000000002
8274,72,3,5,16,177,339,177,339,1.7752000000000001
8275,90,4,5,20,292,609,292,609,2.1162
8276,51,2,4,11,189,277,189,277,1.1631
8277,83,3,5,16,209,450,209,450,1.8612000000000002
8278,91,4,5,20,218,477,198,495,2.2928
8279,37,2,4,11,169,256,169,256,1.1114
8280,71,3,5,16,229,494,229,494,1.8209000000000002
8281,101,4,5,20,298,654,298,662,2.1708000000000003
8282,40,2,4,11,128,173,128,173,1.1399000000000001
8283,68,3,5,16,223,384,223,384,1.9827
8284,94,4,5,20,238,512,238,519,2.1094
8285,44,2,4,11,177,284,177,284,1.1075
8286,77,3,5,16,205,372,205,372,1.8207000000000002
8287,92,4,5,20,271,527,271,527,2.1012
8288,55,2,4,11,76,101,76,101,1.1787
8289,63,3,5,16,237,485,237,485,1.7822
8290,97,4,5,20,236,503,236,503,2.1081000000000003
8291,46,2,4,11,165,308,165,308,1.1117
8292,67,3,5,16,231,404,231,412,1.8579000000000003
8293,100,4,5,20,230,468,230,468,2.1675
8294,37,2,4,11,175,266,175,266,1.1052
8295,69,3,5,16,230,408,228,411,1.7905000000000002
8296,93,4,5,20,232,503,230,503,2.1084000000000005
8297,45,2,4,11,142,171,142,171,1.1443
8298,69,3,5,16,175,282,174,283,1.881
8299,99,4,5,20,244,515,241,528,2.2221
8300,52,2,4,11,183,307,183,317,1.1552
8301,78,3,5,16,150,314,150,314,1.8502000000000003
8302,90,4,5,20,228,423,216,460,2.0611
8303,45,2,4,11,155,254,155,254,1.1099
8304,86,3,5,16,232,394,232,394,1.8709000000000002
8305,103,4,5,20,254,526,254,527,2.9299
8306,48,2,4,11,111,175,111,175,1.1267
8307,64,3,5,16,214,417,214,417,1.7718
8308,103,4,5,20,240,485,240,485,2.0833000000000004
8309,46,2,4,11,157,274,157,274,1.0983
8310,71,3,5,16,215,366,213,373,1.8591
8311,83,4,5,20,310,691,310,691,2.0034
8312,57,2,4,11,115,183,115,183,1.1589
8313,73,3,5,16,218,429,218,429,1.8694
8314,105,4,5,20,238,494,238,494,2.2234
8315,48,2,4,11,175,290,175,290,1.1358000000000001
8316,63,3,5,16,235,413,235,413,1.7746000000000002
8317,101,4,5,20,260,547,260,547,2.1993
8318,50,2,4,11,110,168,110,168,1.7133
8319,66,3,5,16,213,399,213,399,1.8216
8320,109,4,5,20,205,427,205,427,2.2048
8321,56,2,4,11,149,280,149,280,1.1736000000000002
8322,65,3,5,16,163,275,163,275,1.7599
8323,98,4,5,20,233,540,233,540,2.2434
8324,44,2,4,11,217,362,217,362,1.1538
8325,76,3,5,16,199,470,199,470,1.8590000000000002
8326,100,4,5,20,240,536,234,542,2.0926
8327,42,2,4,11,147,271,147,271,1.5726000000000002
8328,66,3,5,16,164,324,164,324,1.8085000000000002
8329,88,4,5,20,249,530,249,530,2.1204
8330,50,2,4,11,139,238,139,238,1.1034
8331,77,3,5,16,225,392,221,394,1.7847000000000002
8332,100,4,5,20,239,493,239,493,2.1629
8333,46,2,4,11,185,303,185,303,1.1460000000000001
8334,68,3,5,16,172,279,172,279,1.7485
8335,102,4,5,20,240,485,240,485,2.1771
8336,45,2,4,11,117,185,117,185,1.1384
8337,77,3,5,16,172,294,172,294,2.3424
8338,104,4,5,20,176,368,176,368,2.1619
8339,44,2,4,11,114,172,114,172,1.1385
8340,79,3,5,16,241,435,241,435,1.8606
8341,94,4,5,20,260,553,260,553,2.0918
8342,50,2,4,11,195,259,195,259,1.1363
8343,76,3,5,16,222,344,222,344,2.2943
8344,92,4,5,20,257,539,257,545,2.2628
8345,47,2,4,11,146,238,146,238,1.1426
8346,75,3,5,16,201,363,201,363,1.8090000000000002
8347,103,4,5,20,204,431,204,431,2.1028000000000002
8348,44,2,4,11,144,162,144,179,1.1167
8349,73,3,5,16,170,336,170,338,1.7864
8350,104,4,5,20,145,329,145,332,2.0756
8351,47,2,4,11,157,272,157,272,1.1313
8352,66,3,5,16,238,506,238,506,1.7630000000000001
8353,87,4,5,20,238,491,238,491,2.0507
8354,46,2,4,11,136,186,136,186,1.1363
8355,63,3,5,16,186,352,186,352,1.7799
8356,100,4,5,20,202,407,202,407,2.1328
8357,39,2,4,11,146,237,146,237,1.1112000000000002
8358,68,3,5,16,186,365,186,365,1.8413000000000002
8359,99,4,5,20,228,571,228,571,2.1363000000000003
8360,41,2,4,11,112,146,112,146,1.1073000000000002
8361,70,3,5,16,189,411,187,415,1.9092000000000002
8362,97,4,5,20,244,582,244,583,2.1502000000000003
8363,39,2,4,11,118,201,118,201,1.0863
8364,72,3,5,16,190,367,190,367,1.7328000000000001
8365,100,4,5,20,236,505,236,505,2.0696
8366,54,2,4,11,109,175,109,175,1.1793
8367,76,3,5,16,228,473,228,483,1.9005
8368,95,4,5,20,198,449,198,459,2.0629000000000004
8369,47,2,4,11,142,177,142,177,1.1097000000000001
8370,59,3,5,16,251,515,251,515,1.7499000000000002
8371,95,4,5,20,228,395,228,395,2.0661
8372,49,2,4,11,168,319,168,319,1.1303
8373,70,3,5,16,191,387,191,388,1.8479
8374,96,4,5,20,197,369,195,375,2.1747000000000005
8375,54,2,4,11,167,302,167,302,1.1536
8376,82,3,5,16,172,286,172,286,1.8861
8377,85,4,5,20,153,305,153,305,2.0733
8378,49,2,4,11,136,224,136,224,1.1239000000000001
8379,74,3,5,16,208,330,208,330,1.8806
8380,96,4,5,20,214,420,214,420,2.1457
8381,40,2,4,11,165,284,165,284,1.1056
8382,67,3,5,16,202,377,202,377,1.8255000000000001
8383,99,4,5,20,230,402,230,402,2.1174000000000004
8384,43,2,4,11,98,164,98,164,1.1157000000000001
8385,74,3,5,16,219,407,219,408,1.7855
8386,97,4,5,20,216,379,216,379,2.0877
8387,53,2,4,11,119,157,119,157,1.1179000000000001
8388,76,3,5,16,224,483,224,484,2.6866000000000003
8389,92,4,5,20,209,363,209,363,2.0432
8390,44,2,4,11,154,179,154,179,1.1325
8391,76,3,5,16,240,484,238,485,1.8394000000000001
8392,111,4,5,20,239,484,239,484,2.1988000000000003
8393,45,2,4,11,170,224,170,224,1.0949
8394,63,3,5,16,224,484,224,484,1.7468000000000001
8395,96,4,5,20,234,491,234,491,2.1307
8396,57,2,4,11,134,150,123,155,1.296
8397,70,3,5,16,183,381,183,381,1.7762000000000002
8398,95,4,5,20,264,612,264,612,2.1241000000000003
8399,47,2,4,11,146,248,146,248,1.1682000000000001
8400,64,3,5,16,183,326,183,326,1.7363000000000002
8401,88,4,5,20,221,479,221,479,2.0989000000000004
8402,54,2,4,11,179,307,179,307,1.2029
8403,76,3,5,16,198,370,198,376,1.8647000000000002
8404,91,4,5,20,196,398,196,398,2.1008000000000004
8405,47,2,4,11,177,232,177,232,1.1415000000000002
8406,78,3,5,16,193,361,193,361,1.9006
8407,92,4,5,20,246,527,246,527,2.1266000000000003
8408,59,2,4,11,154,243,154,243,1.2181000000000002
8409,71,3,5,16,138,269,138,269,1.7929
8410,93,4,5,20,262,482,262,482,2.0861
8411,50,2,4,11,142,201,142,201,1.2384000000000002
8412,66,3,5,16,196,369,192,405,1.7848
8413,88,4,5,20,257,518,257,518,2.0813
8414,46,2,4,11,153,214,153,214,1.4534
8415,75,3,5,16,186,393,186,393,2.5346
8416,96,4,5,20,299,622,299,625,2.1245000000000003
8417,59,2,4,11,134,155,134,155,1.1752000000000002
8418,67,3,5,16,244,452,244,452,1.7707000000000002
8419,97,4,5,20,148,292,148,292,2.1049
8420,46,2,4,11,175,324,175,324,1.1364
8421,70,3,5,16,207,377,207,378,1.7812000000000001
8422,97,4,5,20,173,323,173,323,2.0868
8423,42,2,4,11,185,321,185,321,1.0843
8424,69,3,5,16,235,582,235,582,1.7746000000000002
8425,104,4,5,20,190,351,190,351,2.0963000000000003
8426,43,2,4,11,152,175,152,175,1.5146000000000002
8427,59,3,5,16,258,456,254,493,1.7781
8428,88,4,5,20,342,651,342,654,2.1713
8429,52,2,4,11,151,276,151,276,1.1215000000000002
8430,78,3,5,16,208,383,208,383,1.8784
8431,90,4,5,20,251,528,251,531,2.1164
8432,54,2,4,11,131,194,131,194,1.1442
8433,77,3,5,16,194,311,194,311,1.8687
8434,101,4,5,20,197,394,197,394,2.0741
8435,46,2,4,11,173,309,173,309,1.1263
8436,76,3,5,16,163,271,163,271,1.8025
8437,101,4,5,20,218,399,218,399,2.0629000000000004
8438,52,2,4,11,184,306,184,306,1.2092
8439,93,3,5,16,181,383,181,383,1.9392
8440,104,4,5,20,236,425,236,425,2.2742
8441,48,2,4,11,148,175,148,175,1.1219000000000001
8442,70,3,5,16,208,411,208,411,1.8614
8443,99,4,5,20,259,489,259,489,2.1317000000000004
8444,43,2,4,11,125,211,125,211,1.106
8445,68,3,5,16,221,387,221,387,1.7537000000000003
8446,104,4,5,20,226,446,226,446,2.1799000000000004
8447,44,2,4,11,210,324,210,324,1.1620000000000001
8448,76,3,5,16,153,369,153,369,1.8298
8449,88,4,5,20,219,447,219,447,2.0302000000000002
8450,38,2,4,11,108,151,108,151,1.0893000000000002
8451,67,3,5,16,209,397,209,397,1.8168000000000002
8452,99,4,5,20,211,481,211,481,2.0923000000000003
8453,43,2,4,11,164,260,164,260,1.1044000000000003
8454,75,3,5,16,221,371,221,371,1.9183000000000001
8455,106,4,5,20,225,484,223,488,2.169
8456,56,2,4,11,147,266,147,266,1.213
8457,77,3,5,16,192,383,192,383,1.8798000000000001
8458,105,4,5,20,207,437,207,437,2.1494
8459,50,2,4,11,158,291,158,291,1.1474
8460,65,3,5,16,198,391,198,391,1.7690000000000001
8461,94,4,5,20,219,454,217,460,2.0546
8462,44,2,4,11,138,211,138,211,1.0948000000000002
8463,69,3,5,16,200,358,200,358,1.7983
8464,103,4,5,20,312,759,312,759,2.1391
8465,54,2,4,11,171,248,171,248,1.1779000000000002
8466,72,3,5,16,195,354,195,354,1.8391000000000002
8467,100,4,5,20,259,641,259,641,2.21
8468,42,2,4,11,150,189,150,189,1.0641
8469,65,3,5,16,183,394,183,394,1.8251000000000002
8470,114,4,5,20,254,513,254,513,2.2619000000000002
8471,49,2,4,11,161,235,161,235,1.1347
8472,69,3,5,16,195,365,191,400,1.8211000000000002
8473,100,4,5,20,240,524,240,524,2.1298000000000004
8474,41,2,4,11,172,218,167,221,1.1157000000000001
8475,80,3,5,16,153,339,153,339,1.8383000000000003
8476,92,4,5,20,355,784,355,784,2.2185
8477,54,2,4,11,129,192,129,192,1.1533000000000002
8478,75,3,5,16,158,313,158,313,1.7669000000000001
8479,90,4,5,20,285,683,285,683,2.0921
8480,61,2,4,11,117,174,117,174,1.1727
8481,65,3,5,16,236,389,236,389,1.7583000000000002
8482,81,4,5,20,262,564,262,564,2.0501
8483,43,2,4,11,149,253,149,253,1.0901
8484,79,3,5,16,251,495,251,495,1.8275000000000001
8485,98,4,5,20,214,396,214,396,2.1364
8486,41,2,4,11,136,148,136,148,1.0764000000000002
8487,65,3,5,16,283,541,283,550,1.8453
8488,100,4,5,20,236,480,236,480,2.2574
8489,45,2,4,11,136,187,136,187,1.1309
8490,75,3,5,16,162,228,156,251,1.8555000000000001
8491,105,4,5,20,242,483,242,483,2.1782
8492,54,2,4,11,114,170,114,170,1.1938
8493,64,3,5,16,212,368,212,368,1.7646000000000002
8494,85,4,5,20,224,438,224,438,2.0055000000000005
8495,52,2,4,11,173,253,173,253,1.1649000000000003
8496,72,3,5,16,181,380,181,380,1.7964
8497,104,4,5,20,209,437,209,437,2.1911
8498,47,2,4,11,148,165,148,165,1.1259
8499,79,3,5,16,205,427,205,427,1.8345000000000002
8500,90,4,5,20,268,606,268,606,2.1155000000000004
8501,45,2,4,11,158,208,158,208,1.1118000000000001
8502,68,3,5,16,192,364,192,364,1.8411
8503,96,4,5,20,201,408,201,408,2.1382000000000003
8504,49,2,4,11,179,271,179,271,1.1472000000000002
8505,77,3,5,16,194,317,194,317,1.8025
8506,92,4,5,20,189,371,189,371,2.1142000000000003
8507,43,2,4,11,179,325,179,325,1.7899
8508,76,3,5,16,204,423,202,424,1.7893000000000001
8509,97,4,5,20,204,430,204,430,2.2023
8510,42,2,4,11,131,184,131,184,1.0653000000000001
8511,66,3,5,16,174,273,174,273,1.8473000000000002
8512,94,4,5,20,224,416,224,416,2.1897
8513,42,2,4,11,154,254,154,254,1.1712
8514,77,3,5,16,211,352,211,352,1.8882
8515,93,4,5,20,212,437,212,437,2.5777
8516,48,2,4,11,141,239,141,239,1.1274
8517,78,3,5,16,223,410,223,410,2.4422
8518,87,4,5,20,206,425,203,429,2.0972
8519,47,2,4,11,163,210,163,210,1.1484
8520,73,3,5,16,204,398,204,398,1.9026
8521,101,4,5,20,267,551,267,551,2.2466
8522,50,2,4,11,119,198,119,198,1.1585
8523,62,3,5,16,211,439,211,439,1.8227
8524,97,4,5,20,248,439,248,439,2.2224000000000004
8525,48,2,4,11,148,212,148,212,1.1662000000000001
8526,72,3,5,16,243,532,243,532,1.8468000000000002
8527,100,4,5,20,237,529,237,529,2.1516
8528,40,2,4,11,202,318,202,318,1.1740000000000002
8529,65,3,5,16,202,435,200,435,1.7844
8530,100,4,5,20,220,429,220,429,2.224
8531,58,2,4,11,128,168,128,168,1.1916000000000002
8532,71,3,5,16,166,283,166,288,1.7864
8533,111,4,5,20,244,459,244,459,2.1372
8534,43,2,4,11,127,210,127,210,1.0938
8535,80,3,5,16,171,308,171,308,1.8412000000000002
8536,99,4,5,20,192,387,192,387,2.1208
8537,52,2,4,11,148,218,148,218,1.1976
8538,77,3,5,16,230,435,228,437,1.8542
8539,94,4,5,20,307,650,305,657,2.115
8540,52,2,4,11,130,192,130,192,1.1893
8541,73,3,5,16,165,361,163,362,2.8676
8542,78,4,5,20,228,497,228,497,2.0050000000000003
8543,50,2,4,11,132,175,132,175,1.1269
8544,70,3,5,16,165,311,165,311,1.7958000000000003
8545,97,4,5,20,164,292,164,292,2.1653000000000002
8546,49,2,4,11,150,248,150,248,1.1594000000000002
8547,72,3,5,16,210,453,210,453,1.8104000000000002
8548,101,4,5,20,192,354,192,354,2.2030000000000003
8549,44,2,4,11,129,218,115,222,1.0932000000000002
8550,67,3,5,16,239,468,239,468,1.8137
8551,82,4,5,20,224,413,224,413,2.0179
8552,51,2,4,11,188,278,188,278,1.1489
8553,75,3,5,16,153,292,153,292,1.8168000000000002
8554,96,4,5,20,284,695,284,696,2.0989000000000004
8555,54,2,4,11,114,156,114,156,1.6545
8556,76,3,5,16,182,354,182,354,1.8307000000000002
8557,99,4,5,20,156,329,156,329,2.1486
8558,52,2,4,11,134,203,134,203,1.2039000000000002
8559,72,3,5,16,191,350,191,353,1.8343
8560,87,4,5,20,243,522,243,524,2.0721000000000003
8561,43,2,4,11,153,264,153,264,1.111
8562,70,3,5,16,162,324,162,324,1.866
8563,96,4,5,20,245,467,245,467,2.1076
8564,37,2,4,11,108,135,108,135,1.0723
8565,68,3,5,16,226,362,226,362,1.8192000000000002
8566,87,4,5,20,214,411,214,411,2.0746
8567,40,2,4,11,127,189,127,189,1.1022
8568,77,3,5,16,169,320,169,320,1.7844
8569,106,4,5,20,212,466,212,466,2.2097
8570,48,2,4,11,155,267,155,267,1.1111
8571,76,3,5,16,237,419,237,420,1.8926
8572,99,4,5,20,202,399,202,399,2.1273
8573,40,2,4,11,161,291,161,291,1.0878
8574,69,3,5,16,167,275,167,275,1.9231
8575,103,4,5,20,235,490,235,490,2.2107000000000006
8576,51,2,4,11,146,224,146,224,1.1579000000000002
8577,78,3,5,16,205,352,205,352,1.8818000000000001
8578,105,4,5,20,267,560,267,560,2.1356
8579,44,2,4,11,133,154,133,154,1.1176000000000001
8580,82,3,5,16,218,366,218,366,1.8547000000000002
8581,101,4,5,20,241,497,241,497,2.118
8582,45,2,4,11,189,283,189,283,1.1311000000000002
8583,85,3,5,16,162,285,162,285,1.8626
8584,96,4,5,20,252,583,252,583,2.1337
8585,47,2,4,11,129,209,129,209,1.112
8586,72,3,5,16,168,287,167,291,1.8489000000000002
8587,86,4,5,20,257,620,257,620,2.0921
8588,45,2,4,11,97,158,97,158,1.1279000000000001
8589,79,3,5,16,228,426,228,426,1.8658000000000001
8590,96,4,5,20,211,423,211,423,2.0715
8591,40,2,4,11,148,195,148,195,1.0687000000000002
8592,67,3,5,16,264,510,264,510,1.8248000000000002
8593,106,4,5,20,156,331,156,331,2.2479
8594,44,2,4,11,101,168,101,168,1.1044000000000003
8595,73,3,5,16,214,409,214,409,1.7774
8596,102,4,5,20,231,507,231,507,2.1324
8597,54,2,4,11,177,296,177,296,1.151
8598,73,3,5,16,169,309,169,309,1.8174000000000001
8599,108,4,5,20,242,460,242,460,2.1629
8600,49,2,4,11,154,197,148,205,1.1555
8601,71,3,5,16,144,211,144,211,1.8182
8602,87,4,5,20,317,587,317,588,2.9512
8603,34,2,4,11,162,215,160,219,1.0977000000000001
8604,62,3,5,16,241,458,241,458,1.7837
8605,87,4,5,20,292,608,292,608,2.0693
8606,46,2,4,11,143,239,143,239,1.0997000000000001
8607,80,3,5,16,212,406,212,406,1.7893000000000001
8608,92,4,5,20,195,408,195,408,2.1119000000000003
8609,50,2,4,11,172,235,172,235,1.1471
8610,75,3,5,16,209,424,209,424,1.7506000000000002
8611,108,4,5,20,312,757,312,757,2.2318
8612,43,2,4,11,185,307,185,307,1.2554
8613,73,3,5,16,157,262,157,262,1.8071000000000002
8614,87,4,5,20,194,375,194,375,2.1263
8615,44,2,4,11,178,233,178,233,1.1353000000000002
8616,69,3,5,16,178,331,178,331,1.8919000000000001
8617,100,4,5,20,183,347,183,350,2.2278000000000002
8618,43,2,4,11,191,350,191,350,1.1363
8619,70,3,5,16,254,469,254,469,1.8497000000000001
8620,102,4,5,20,241,468,241,468,2.1575
8621,53,2,4,11,181,286,181,286,1.1546
8622,72,3,5,16,222,402,222,402,1.9076000000000002
8623,84,4,5,20,253,483,253,483,2.2387
8624,41,2,4,11,193,287,193,287,1.1843000000000001
8625,73,3,5,16,189,302,189,302,1.8116
8626,90,4,5,20,267,526,267,526,2.0885000000000002
8627,47,2,4,11,148,164,139,173,1.1556000000000002
8628,69,3,5,16,178,280,178,280,1.7498000000000002
8629,105,4,5,20,286,611,286,611,2.2577000000000003
8630,48,2,4,11,149,244,149,244,1.2102
8631,70,3,5,16,158,316,158,318,1.8134000000000001
8632,107,4,5,20,202,406,202,406,2.1698
8633,52,2,4,11,90,141,90,141,1.2217
8634,70,3,5,16,222,370,220,373,1.818
8635,98,4,5,20,232,517,232,517,2.1159
8636,49,2,4,11,190,305,190,305,1.1359
8637,81,3,5,16,204,399,204,399,1.8161000000000003
8638,100,4,5,20,203,427,203,432,2.1102
8639,53,2,4,11,175,274,175,274,1.6865
8640,83,3,5,16,213,333,213,333,1.8713000000000002
8641,96,4,5,20,294,567,292,578,2.1932
8642,46,2,4,11,141,213,141,213,1.1893
8643,76,3,5,16,208,384,208,384,1.7962000000000002
8644,98,4,5,20,247,498,243,502,2.1478
8645,43,2,4,11,191,309,191,309,1.1405
8646,69,3,5,16,210,496,210,496,1.824
8647,93,4,5,20,241,521,239,523,2.1795
8648,44,2,4,11,165,234,165,234,1.1145
8649,77,3,5,16,235,464,235,464,1.8034000000000001
8650,93,4,5,20,230,459,230,459,2.0642
8651,50,2,4,11,105,171,105,171,1.1271
8652,73,3,5,16,182,359,182,359,1.7746000000000002
8653,94,4,5,20,162,359,162,361,2.1067
8654,46,2,4,11,186,266,179,301,1.187
8655,72,3,5,16,228,371,228,371,1.8412000000000002
8656,98,4,5,20,269,543,269,543,2.6848
8657,46,2,4,11,164,253,164,253,1.1396000000000002
8658,77,3,5,16,221,406,221,406,1.8861
8659,98,4,5,20,220,449,220,449,2.0439
8660,35,2,4,11,162,221,162,221,1.0759
8661,72,3,5,16,185,356,183,357,1.8199
8662,98,4,5,20,198,413,198,413,2.1116
8663,52,2,4,11,124,187,124,187,1.7718
8664,78,3,5,16,178,312,178,313,2.7935
8665,95,4,5,20,212,413,212,413,2.0988
8666,43,2,4,11,128,202,128,202,1.1382
8667,68,3,5,16,205,354,205,354,1.7758
8668,108,4,5,20,245,466,241,484,2.2632
8669,44,2,4,11,127,190,127,190,1.0784
8670,69,3,5,16,154,264,154,264,1.7655
8671,104,4,5,20,176,432,176,432,2.1528000000000005
8672,56,2,4,11,108,141,108,141,1.2072
8673,73,3,5,16,246,564,246,564,1.7850000000000001
8674,93,4,5,20,267,592,267,592,2.1169000000000002
8675,57,2,4,11,116,170,116,170,1.1599000000000002
8676,82,3,5,16,241,492,241,492,1.8687
8677,102,4,5,20,196,434,196,434,2.1451000000000002
8678,52,2,4,11,155,240,155,240,1.7601000000000002
8679,61,3,5,16,152,334,152,335,1.7386000000000001
8680,85,4,5,20,289,637,289,637,2.1509000000000005
8681,46,2,4,11,149,243,149,243,1.1142
8682,63,3,5,16,205,362,203,363,1.806
8683,76,4,5,20,237,456,237,456,2.1422
8684,55,2,4,11,159,252,159,252,1.1873
8685,58,3,5,16,258,458,258,458,1.7539
8686,88,4,5,20,284,539,284,544,2.1620000000000004
8687,46,2,4,11,154,227,154,227,1.1067000000000002
8688,82,3,5,16,154,253,152,257,1.8482
8689,91,4,5,20,295,641,295,642,2.1153999999999997
8690,48,2,4,11,141,241,141,241,1.1403
8691,75,3,5,16,273,557,273,557,1.8176
8692,106,4,5,20,234,474,234,474,2.1892
8693,56,2,4,11,121,154,121,154,1.1379000000000001
8694,66,3,5,16,219,428,219,428,1.8128
8695,81,4,5,20,253,532,253,532,2.0915
8696,52,2,4,11,163,226,163,226,1.1541000000000001
8697,81,3,5,16,225,430,225,430,1.8503
8698,95,4,5,20,199,428,199,428,2.0883
8699,59,2,4,11,118,136,118,136,1.2097
8700,74,3,5,16,158,291,158,291,1.8582
8701,97,4,5,20,212,402,212,402,2.1791
8702,60,2,4,11,146,191,146,191,1.2062000000000002
8703,67,3,5,16,210,373,210,373,1.8103000000000002
8704,105,4,5,20,251,504,251,504,2.1503
8705,51,2,4,11,157,246,157,246,1.1851
8706,79,3,5,16,175,329,175,329,1.8515000000000001
8707,99,4,5,20,286,593,284,596,2.1891000000000003
8708,39,2,4,11,123,184,123,184,1.0926
8709,73,3,5,16,150,278,148,298,1.8277
8710,93,4,5,20,260,610,260,610,2.1485000000000003
8711,49,2,4,11,157,245,157,245,1.1999
8712,76,3,5,16,195,347,195,347,1.8310000000000002
8713,93,4,5,20,208,411,208,411,2.1146000000000003
8714,47,2,4,11,136,213,136,213,1.1698000000000002
8715,72,3,5,16,162,279,162,279,2.3423000000000003
8716,103,4,5,20,220,502,220,502,2.4063
8717,51,2,4,11,160,227,160,227,1.1427
8718,62,3,5,16,249,516,249,516,1.9037000000000002
8719,92,4,5,20,243,442,243,442,2.0986
8720,52,2,4,11,169,268,169,268,1.1475000000000002
8721,74,3,5,16,191,366,191,366,2.6685000000000003
8722,93,4,5,20,189,356,189,356,2.0445
8723,50,2,4,11,104,130,104,130,1.1606
8724,72,3,5,16,194,311,194,311,1.7941
8725,104,4,5,20,218,477,216,479,2.1433000000000004
8726,48,2,4,11,148,226,148,226,1.1353000000000002
8727,77,3,5,16,195,362,195,362,1.8494000000000002
8728,69,4,5,20,260,493,257,508,2.0271
8729,49,2,4,11,144,230,144,230,1.4354
8730,83,3,5,16,136,309,136,309,1.8342
8731,89,4,5,20,263,526,263,532,2.0554
8732,48,2,4,11,169,284,169,284,1.1612
8733,64,3,5,16,160,279,160,279,1.7575
8734,108,4,5,20,216,457,216,457,2.165
8735,42,2,4,11,163,243,163,243,1.1425
8736,77,3,5,16,175,366,175,366,1.8154000000000001
8737,100,4,5,20,241,550,241,550,2.2025
8738,39,2,4,11,187,276,187,276,1.1293
8739,76,3,5,16,164,327,164,327,1.7524000000000002
8740,107,4,5,20,238,473,238,473,2.1606
8741,48,2,4,11,134,202,134,202,1.1966999999999999
8742,69,3,5,16,168,347,168,347,1.7822
8743,103,4,5,20,291,641,291,643,2.2182
8744,51,2,4,11,156,240,156,240,1.1515000000000002
8745,63,3,5,16,187,398,187,398,1.8173000000000001
8746,91,4,5,20,232,475,230,477,2.2052
8747,52,2,4,11,121,158,121,158,1.1766
8748,69,3,5,16,182,291,182,291,1.8472
8749,91,4,5,20,269,667,269,667,2.2015000000000002
8750,56,2,4,11,184,244,184,244,1.1900000000000002
8751,74,3,5,16,203,401,203,401,1.8276000000000001
8752,85,4,5,20,163,359,163,359,2.0736
8753,40,2,4,11,159,260,159,260,1.098
8754,81,3,5,16,224,469,222,472,1.8853000000000002
8755,88,4,5,20,241,479,241,479,2.0971
8756,46,2,4,11,162,294,162,294,1.2371
8757,76,3,5,16,209,403,209,403,1.8181
8758,88,4,5,20,184,339,182,344,2.0823
8759,53,2,4,11,144,187,144,187,1.1558
8760,78,3,5,16,198,397,198,397,1.8478
8761,102,4,5,20,257,519,255,520,2.1234
8762,50,2,4,11,187,330,187,330,1.1366
8763,83,3,5,16,171,319,171,319,1.8255000000000001
8764,99,4,5,20,217,469,213,493,2.8322
8765,53,2,4,11,126,163,126,163,1.1088
8766,82,3,5,16,195,369,195,369,1.9261
8767,94,4,5,20,335,749,335,753,2.1968
8768,57,2,4,11,167,279,167,279,1.2396
8769,84,3,5,16,159,306,157,309,1.8999000000000001
8770,85,4,5,20,276,636,276,636,2.0933
8771,47,2,4,11,176,290,176,290,1.1535
8772,70,3,5,16,225,377,225,377,1.7753
8773,91,4,5,20,289,592,289,594,2.3321
8774,48,2,4,11,122,170,116,182,1.1875
8775,72,3,5,16,261,566,261,566,1.8491000000000002
8776,101,4,5,20,270,613,270,613,2.1457
8777,52,2,4,11,129,201,129,201,1.1553000000000002
8778,69,3,5,16,256,463,254,471,1.8964
8779,98,4,5,20,248,478,248,478,2.0779
8780,49,2,4,11,153,241,153,241,1.1551
8781,72,3,5,16,237,519,237,519,1.7948
8782,90,4,5,20,272,563,270,566,2.1566
8783,51,2,4,11,147,208,145,218,1.1496
8784,74,3,5,16,194,367,194,367,1.8302
8785,91,4,5,20,193,449,193,449,2.1002
8786,52,2,4,11,156,238,156,238,1.1958000000000002
8787,57,3,5,16,201,294,201,294,1.6903000000000001
8788,103,4,5,20,283,599,283,599,2.1731000000000003
8789,54,2,4,11,166,261,166,261,1.1480000000000001
8790,66,3,5,16,225,448,225,448,1.8415000000000001
8791,101,4,5,20,162,313,162,313,2.1296
8792,58,2,4,11,90,158,90,158,1.1693
8793,79,3,5,16,241,373,241,373,1.8752
8794,94,4,5,20,222,462,222,466,2.0827000000000004
8795,44,2,4,11,140,259,140,259,1.0790000000000002
8796,69,3,5,16,205,360,205,360,1.7979
8797,84,4,5,20,286,542,286,542,2.1298000000000004
8798,58,2,4,11,125,220,125,220,1.1822
8799,78,3,5,16,243,430,241,481,1.8983
8800,107,4,5,20,197,411,197,411,2.1896000000000004
8801,50,2,4,11,155,281,155,281,1.3976000000000002
8802,80,3,5,16,229,457,229,457,1.8747000000000003
8803,101,4,5,20,224,529,224,530,2.0732000000000004
8804,54,2,4,11,131,227,131,227,1.6927
8805,73,3,5,16,155,347,155,347,1.9081000000000001
8806,85,4,5,20,204,411,204,411,2.0621000000000005
8807,50,2,4,11,114,136,114,136,1.1234000000000002
8808,73,3,5,16,221,390,221,390,1.8850000000000002
8809,94,4,5,20,174,308,174,308,2.1139
8810,44,2,4,11,183,326,183,326,1.0992
8811,77,3,5,16,256,575,256,575,1.8275000000000001
8812,84,4,5,20,315,787,315,787,2.0907
8813,45,2,4,11,151,254,151,254,1.1356000000000002
8814,79,3,5,16,210,366,210,366,1.8917000000000002
8815,91,4,5,20,294,642,294,642,2.0969
8816,43,2,4,11,185,238,185,238,1.147
8817,72,3,5,16,236,393,236,393,1.8085000000000002
8818,88,4,5,20,274,542,274,542,2.0379
8819,44,2,4,11,157,253,157,253,1.1249
8820,69,3,5,16,183,398,183,398,1.8263
8821,94,4,5,20,198,414,198,414,2.0533
8822,46,2,4,11,90,145,90,145,1.1386
8823,75,3,5,16,233,437,233,437,1.7685000000000002
8824,93,4,5,20,275,627,273,636,2.1172
8825,50,2,4,11,126,199,126,199,1.1121
8826,72,3,5,16,227,372,223,400,1.8636000000000001
8827,91,4,5,20,270,482,270,483,2.1182000000000003
8828,42,2,4,11,149,306,149,306,1.0801
8829,76,3,5,16,144,252,144,252,1.8142000000000003
8830,101,4,5,20,204,434,204,434,2.085
8831,45,2,4,11,178,215,178,215,1.1468
8832,70,3,5,16,229,434,223,443,2.0428
8833,84,4,5,20,232,458,232,458,2.1053
8834,55,2,4,11,169,249,169,249,1.1454
8835,72,3,5,16,281,512,281,512,1.8774000000000002
8836,88,4,5,20,236,478,236,478,2.0855
8837,40,2,4,11,196,341,196,341,1.6081
8838,78,3,5,16,202,397,202,397,1.8425000000000002
8839,99,4,5,20,166,344,166,344,2.1298000000000004
8840,44,2,4,11,138,158,138,158,1.1227
8841,77,3,5,16,168,291,168,291,1.9412
8842,94,4,5,20,166,379,166,379,2.0191000000000003
8843,50,2,4,11,149,236,149,236,1.139
8844,73,3,5,16,204,342,204,342,1.9142000000000001
8845,97,4,5,20,273,487,270,489,2.1460000000000004
8846,48,2,4,11,151,251,151,251,1.1451
8847,75,3,5,16,257,472,257,472,1.8325000000000002
8848,91,4,5,20,232,502,232,505,2.0982000000000003
8849,52,2,4,11,156,264,156,264,1.1622000000000001
8850,61,3,5,16,140,327,140,327,1.7957
8851,102,4,5,20,258,544,258,544,2.1491000000000002
8852,45,2,4,11,177,258,177,258,1.1015000000000001
8853,72,3,5,16,248,482,248,482,1.8118
8854,94,4,5,20,257,603,257,603,2.1071000000000004
8855,46,2,4,11,185,295,185,295,1.2297
8856,72,3,5,16,228,448,228,450,1.9120000000000001
8857,101,4,5,20,230,456,230,456,2.1812000000000005
8858,53,2,4,11,148,258,148,258,1.1583999999999999
8859,80,3,5,16,184,319,184,319,1.8841
8860,85,4,5,20,214,416,214,416,2.0166000000000004
8861,50,2,4,11,216,373,216,373,1.1632
8862,74,3,5,16,241,504,239,507,1.8752
8863,100,4,5,20,266,550,266,550,2.3871
8864,47,2,4,11,166,268,166,268,1.1353000000000002
8865,81,3,5,16,239,466,239,466,1.8308
8866,106,4,5,20,308,616,308,618,2.201
8867,42,2,4,11,166,214,166,214,1.1164
8868,69,3,5,16,233,429,233,429,1.7329
8869,98,4,5,20,236,423,228,427,2.2785
8870,38,2,4,11,221,370,221,370,1.0969
8871,70,3,5,16,191,405,191,405,2.4023
8872,109,4,5,20,248,449,246,458,2.2688
8873,55,2,4,11,151,271,151,271,1.1784000000000001
8874,72,3,5,16,160,281,160,281,2.5944000000000003
8875,108,4,5,20,220,472,220,472,2.188
8876,50,2,4,11,131,203,131,203,1.1288
8877,74,3,5,16,174,359,174,359,1.7898
8878,88,4,5,20,255,533,255,533,2.1124
8879,41,2,4,11,172,230,172,230,1.1756000000000002
8880,83,3,5,16,186,401,186,401,1.8967
8881,102,4,5,20,196,416,196,416,2.0943000000000005
8882,49,2,4,11,124,158,124,158,1.1729
8883,64,3,5,16,152,265,152,265,1.8227
8884,96,4,5,20,230,423,230,424,2.1317000000000004
8885,47,2,4,11,114,143,112,162,1.1651
8886,86,3,5,16,194,371,194,371,1.8431000000000002
8887,86,4,5,20,312,736,312,736,2.0491
8888,53,2,4,11,98,142,98,142,1.108
8889,67,3,5,16,203,346,199,347,1.7771000000000001
8890,88,4,5,20,232,482,232,485,2.0529
8891,48,2,4,11,190,250,190,250,1.1416
8892,76,3,5,16,259,556,259,561,1.8534000000000002
8893,83,4,5,20,216,426,216,426,2.0528
8894,41,2,4,11,122,184,122,184,1.0923
8895,81,3,5,16,158,339,158,339,2.0509
8896,99,4,5,20,202,391,202,391,2.1449
8897,54,2,4,11,94,139,94,139,1.1867
8898,77,3,5,16,180,320,180,320,1.8403
8899,102,4,5,20,191,412,191,412,2.3004000000000002
8900,41,2,4,11,133,184,133,184,1.0921
8901,75,3,5,16,225,411,225,411,2.0341
8902,100,4,5,20,245,406,245,406,2.1289
8903,61,2,4,11,110,136,110,136,1.1783000000000001
8904,62,3,5,16,203,341,203,341,1.7474
8905,103,4,5,20,204,397,204,397,2.1874
8906,46,2,4,11,142,200,142,200,1.1111
8907,74,3,5,16,219,389,219,389,1.8022
8908,89,4,5,20,233,431,233,431,2.0740000000000003
8909,45,2,4,11,237,335,237,335,1.1455
8910,64,3,5,16,153,306,153,306,1.7929
8911,93,4,5,20,220,418,220,418,2.1045
8912,46,2,4,11,130,174,130,174,1.1025
8913,69,3,5,16,174,319,174,319,1.7875
8914,102,4,5,20,244,464,244,464,2.1356
8915,46,2,4,11,183,307,183,307,1.1391
8916,67,3,5,16,205,378,205,378,1.7962000000000002
8917,105,4,5,20,281,620,281,620,2.1580000000000004
8918,47,2,4,11,183,312,183,312,1.1275
8919,69,3,5,16,238,435,238,435,1.8294000000000001
8920,94,4,5,20,234,463,234,468,2.1940000000000004
8921,44,2,4,11,165,311,165,311,1.1561
8922,77,3,5,16,182,338,182,338,1.8472
8923,92,4,5,20,216,466,216,466,2.1045
8924,42,2,4,11,145,209,145,209,1.1304
8925,69,3,5,16,160,319,160,319,3.2568
8926,106,4,5,20,316,627,316,627,2.5451
8927,54,2,4,11,196,292,195,295,1.1757
8928,71,3,5,16,227,416,227,416,1.7752000000000001
8929,111,4,5,20,126,307,126,307,2.2119
8930,43,2,4,11,154,187,154,187,1.1518000000000002
8931,69,3,5,16,197,372,197,372,1.7764
8932,109,4,5,20,284,594,284,594,2.1651000000000002
8933,48,2,4,11,118,169,118,169,1.1461000000000001
8934,71,3,5,16,180,348,180,348,1.8493000000000002
8935,93,4,5,20,224,528,224,528,2.0817
8936,58,2,4,11,136,184,136,184,1.2384000000000002
8937,81,3,5,16,240,468,240,468,1.85
8938,91,4,5,20,231,513,231,514,2.1187000000000005
8939,52,2,4,11,156,258,156,258,1.1038000000000001
8940,75,3,5,16,200,382,200,382,1.8584
8941,99,4,5,20,258,508,258,508,2.1292
8942,46,2,4,11,152,249,152,249,1.1159
8943,80,3,5,16,247,474,247,481,1.8736000000000002
8944,105,4,5,20,206,387,206,387,2.1818000000000004
8945,47,2,4,11,116,153,116,153,1.1565
8946,70,3,5,16,168,290,168,290,1.7586000000000002
8947,84,4,5,20,168,323,168,323,2.0164000000000004
8948,42,2,4,11,125,159,124,164,1.0769
8949,68,3,5,16,154,211,154,211,1.7488
8950,89,4,5,20,262,555,262,555,2.1487000000000003
8951,45,2,4,11,209,352,209,352,1.1273000000000002
8952,68,3,5,16,198,321,198,321,1.7988000000000002
8953,97,4,5,20,208,375,208,375,2.0933
8954,53,2,4,11,175,276,175,276,1.6708
8955,86,3,5,16,170,263,170,263,1.8690000000000002
8956,100,4,5,20,184,439,184,439,2.1596
8957,53,2,4,11,131,243,131,243,1.2357000000000002
8958,81,3,5,16,219,439,219,439,1.8653000000000002
8959,93,4,5,20,254,594,254,594,2.1368000000000005
8960,57,2,4,11,124,157,124,157,1.1611
8961,68,3,5,16,213,492,213,492,1.7826
8962,89,4,5,20,311,694,311,695,2.1862
8963,55,2,4,11,105,159,105,159,1.1674
8964,70,3,5,16,255,602,255,602,1.8145000000000002
8965,108,4,5,20,236,584,236,584,2.1453
8966,56,2,4,11,102,157,102,157,1.1542
8967,67,3,5,16,218,377,218,377,1.7419
8968,90,4,5,20,241,483,241,489,2.1079000000000003
8969,46,2,4,11,197,354,197,354,1.1198
8970,72,3,5,16,179,337,177,339,2.6426000000000003
8971,95,4,5,20,238,461,238,462,2.1525000000000003
8972,42,2,4,11,145,226,145,226,1.0977000000000001
8973,71,3,5,16,193,426,193,426,1.7622
8974,92,4,5,20,210,483,210,483,2.0542
8975,52,2,4,11,147,248,147,248,1.1453000000000002
8976,67,3,5,16,211,407,191,441,1.8134000000000001
8977,97,4,5,20,214,403,214,403,2.0621000000000005
8978,55,2,4,11,119,174,119,174,1.1516
8979,70,3,5,16,197,433,197,433,1.8201
8980,84,4,5,20,249,519,249,519,2.1586000000000003
8981,54,2,4,11,149,233,149,233,1.231
8982,80,3,5,16,192,355,192,355,1.826
8983,85,4,5,20,297,604,297,604,2.0469
8984,43,2,4,11,139,248,139,248,1.0804
8985,64,3,5,16,190,328,190,328,1.7249
8986,101,4,5,20,239,460,237,460,2.1474
8987,52,2,4,11,174,233,174,233,1.1656000000000002
8988,72,3,5,16,240,423,240,423,1.8759000000000001
8989,86,4,5,20,257,549,255,550,3.4153000000000002
8990,46,2,4,11,129,232,129,232,1.1244
8991,59,3,5,16,209,406,209,406,1.7576
8992,100,4,5,20,220,428,220,428,2.1421
8993,50,2,4,11,191,298,191,298,1.2012
8994,71,3,5,16,219,403,219,403,1.8288000000000002
8995,91,4,5,20,243,475,243,479,2.1075
8996,51,2,4,11,154,188,154,188,1.1397
8997,67,3,5,16,202,369,202,370,1.866
8998,92,4,5,20,272,541,272,541,2.4906
8999,65,2,4,11,110,174,110,174,1.1299000000000001
9000,67,3,5,16,163,322,161,324,2.9592000000000005
9001,86,4,5,20,271,632,269,632,2.7760000000000002
9002,46,2,4,11,204,326,204,326,1.6914
9003,70,3,5,16,175,328,175,328,2.6454
9004,106,4,5,20,157,304,157,304,3.3152000000000004
9005,52,2,4,11,133,208,133,208,1.6567
9006,74,3,5,16,184,342,184,342,2.7213000000000003
9007,105,4,5,20,176,294,176,294,2.1141
9008,51,2,4,11,150,217,150,217,1.1936000000000002
9009,84,3,5,16,234,422,234,422,1.8338
9010,95,4,5,20,223,437,223,437,2.1646
9011,44,2,4,11,152,205,152,205,1.121
9012,70,3,5,16,203,426,201,427,1.7810000000000001
9013,103,4,5,20,258,462,258,462,2.1728000000000005
9014,54,2,4,11,164,257,164,257,1.2691
9015,70,3,5,16,194,352,194,359,1.7988000000000002
9016,84,4,5,20,271,552,271,552,2.1525000000000003
9017,43,2,4,11,86,123,86,123,1.1158000000000001
9018,75,3,5,16,171,327,171,327,1.7891000000000001
9019,86,4,5,20,265,587,265,587,2.0713000000000004
9020,38,2,4,11,171,207,171,207,1.1403999999999999
9021,72,3,5,16,152,269,152,269,1.8012000000000001
9022,95,4,5,20,327,703,327,703,2.0719000000000003
9023,45,2,4,11,146,215,146,215,1.1401000000000001
9024,72,3,5,16,152,313,152,320,2.0507
9025,102,4,5,20,297,663,297,663,2.291
9026,47,2,4,11,179,284,179,284,1.1595000000000002
9027,67,3,5,16,138,204,138,204,1.7529000000000001
9028,82,4,5,20,257,588,257,588,2.0731
9029,51,2,4,11,193,321,193,321,1.1388
9030,70,3,5,16,158,289,158,289,1.7306000000000001
9031,99,4,5,20,185,382,185,383,2.0944000000000003
9032,45,2,4,11,124,189,124,189,1.1175
9033,71,3,5,16,172,308,172,308,1.7923000000000002
9034,97,4,5,20,252,440,252,440,2.145
9035,43,2,4,11,174,270,174,270,1.1272
9036,75,3,5,16,188,333,188,333,1.9490000000000003
9037,99,4,5,20,193,376,193,376,2.1113
9038,45,2,4,11,166,261,166,261,1.1174000000000002
9039,71,3,5,16,149,266,149,266,1.7657
9040,94,4,5,20,166,338,166,338,2.177
9041,49,2,4,11,132,196,132,196,1.1346
9042,70,3,5,16,243,445,243,445,1.8251000000000002
9043,98,4,5,20,196,401,196,401,2.1414000000000004
9044,42,2,4,11,177,320,177,320,1.1054000000000002
9045,70,3,5,16,214,407,210,414,1.8166
9046,98,4,5,20,271,613,271,613,2.2219
9047,54,2,4,11,140,199,138,205,1.1817000000000002
9048,72,3,5,16,178,262,178,262,1.7769000000000001
9049,99,4,5,20,175,414,175,414,2.0787
9050,48,2,4,11,120,164,120,164,1.6864
9051,76,3,5,16,211,459,211,459,1.8256000000000001
9052,99,4,5,20,219,491,219,491,2.1950000000000003
9053,38,2,4,11,131,217,131,217,1.0705
9054,64,3,5,16,167,307,167,307,1.7772000000000001
9055,93,4,5,20,218,426,218,426,2.7008
9056,34,2,4,11,151,263,151,263,1.1106
9057,65,3,5,16,180,272,180,272,1.7547000000000001
9058,95,4,5,20,214,461,214,462,2.2136
9059,51,2,4,11,183,287,183,287,1.1573
9060,76,3,5,16,221,446,221,446,1.9128
9061,90,4,5,20,201,407,201,407,2.1451000000000002
9062,49,2,4,11,199,353,199,353,1.1835
9063,69,3,5,16,158,354,158,354,1.8591
9064,99,4,5,20,240,512,240,512,2.1351
9065,59,2,4,11,140,158,140,158,1.2257000000000002
9066,65,3,5,16,205,413,205,413,1.8352000000000002
9067,109,4,5,20,170,330,170,332,2.1388000000000003
9068,56,2,4,11,200,351,200,351,1.1619
9069,75,3,5,16,159,347,159,355,1.8134000000000001
9070,106,4,5,20,202,408,202,410,2.2308000000000003
9071,49,2,4,11,185,296,185,296,1.1242
9072,71,3,5,16,195,386,195,386,1.8072000000000001
9073,93,4,5,20,247,582,247,582,2.0828
9074,47,2,4,11,128,175,128,175,1.0873
9075,71,3,5,16,173,344,173,344,1.7657
9076,86,4,5,20,205,425,205,430,2.0877
9077,48,2,4,11,147,232,147,232,1.1963
9078,60,3,5,16,280,583,280,586,1.8489000000000002
9079,98,4,5,20,286,681,286,681,2.1776
9080,56,2,4,11,156,257,151,260,1.1346
9081,65,3,5,16,271,536,271,536,1.8133000000000001
9082,109,4,5,20,260,540,260,540,2.1864000000000003
9083,41,2,4,11,166,216,166,216,1.1062
9084,83,3,5,16,185,380,185,380,1.8442
9085,96,4,5,20,222,412,222,412,2.2034000000000002
9086,51,2,4,11,136,170,136,170,1.1205
9087,60,3,5,16,254,496,246,502,1.8877000000000002
9088,105,4,5,20,138,297,138,297,2.1685000000000003
9089,42,2,4,11,163,266,163,266,1.2403000000000002
9090,72,3,5,16,219,398,217,401,1.8704
9091,94,4,5,20,221,473,221,473,2.1303000000000005
9092,40,2,4,11,233,341,233,341,1.0934
9093,81,3,5,16,225,444,223,445,1.9072000000000002
9094,94,4,5,20,271,565,271,565,2.1696000000000004
9095,61,2,4,11,178,271,178,271,1.2199000000000002
9096,75,3,5,16,143,286,143,286,1.8173000000000001
9097,99,4,5,20,226,571,226,571,2.2143
9098,33,2,4,11,124,210,124,210,1.0826
9099,64,3,5,16,233,448,233,448,1.7364000000000002
9100,85,4,5,20,281,603,281,603,2.0466
9101,50,2,4,11,132,172,132,172,1.1474
9102,70,3,5,16,172,319,172,319,1.7623
9103,98,4,5,20,252,552,252,552,2.1052000000000004
9104,47,2,4,11,159,235,159,235,1.102
9105,57,3,5,16,185,410,183,411,1.7899
9106,102,4,5,20,213,441,211,442,2.2961
9107,43,2,4,11,183,299,183,299,1.1431
9108,70,3,5,16,259,510,259,510,1.8229000000000002
9109,99,4,5,20,201,486,201,486,2.1176000000000004
9110,42,2,4,11,112,155,112,155,1.0718
9111,74,3,5,16,208,349,208,349,1.8830000000000002
9112,91,4,5,20,265,620,265,620,2.0674
9113,51,2,4,11,167,322,167,322,1.1483
9114,70,3,5,16,166,334,166,334,1.8567000000000002
9115,96,4,5,20,244,637,244,637,2.1551
9116,51,2,4,11,128,229,128,229,1.212
9117,79,3,5,16,241,447,241,447,1.8888000000000003
9118,103,4,5,20,232,524,232,524,2.1002
9119,49,2,4,11,140,201,140,201,1.1765
9120,74,3,5,16,186,383,186,383,1.825
9121,95,4,5,20,241,466,241,467,2.1462
9122,51,2,4,11,179,277,179,277,1.1308000000000002
9123,72,3,5,16,186,407,186,414,1.8692000000000002
9124,86,4,5,20,317,603,315,603,3.1361000000000003
9125,46,2,4,11,119,169,119,169,1.1206
9126,71,3,5,16,186,304,186,304,1.7670000000000001
9127,94,4,5,20,255,492,255,492,2.1326
9128,42,2,4,11,136,189,136,189,1.0695999999999999
9129,74,3,5,16,236,435,236,435,1.8242000000000003
9130,97,4,5,20,225,458,225,458,2.0882
9131,53,2,4,11,87,155,87,155,1.1223
9132,69,3,5,16,201,450,201,450,1.7937
9133,97,4,5,20,231,476,231,476,2.1634
9134,49,2,4,11,103,170,103,170,1.1248
9135,84,3,5,16,214,409,214,409,1.9266
9136,102,4,5,20,184,326,184,326,2.1581
9137,50,2,4,11,137,225,137,225,1.1439
9138,73,3,5,16,169,301,169,301,1.7332
9139,92,4,5,20,176,393,176,394,2.049
9140,57,2,4,11,139,259,139,259,1.7424000000000002
9141,66,3,5,16,222,496,222,496,1.7496
9142,109,4,5,20,189,320,189,320,2.1621
9143,48,2,4,11,193,266,177,271,1.1555
9144,67,3,5,16,160,316,160,316,1.7942000000000002
9145,96,4,5,20,198,441,198,445,2.2027
9146,48,2,4,11,162,240,162,240,1.142
9147,71,3,5,16,275,572,273,575,1.9433
9148,92,4,5,20,260,541,260,541,2.0911000000000004
9149,57,2,4,11,140,229,140,229,1.1971
9150,71,3,5,16,179,365,179,365,1.8736000000000002
9151,103,4,5,20,294,675,294,675,2.1546
9152,43,2,4,11,126,203,126,203,1.0938
9153,76,3,5,16,162,326,162,326,1.8223000000000003
9154,111,4,5,20,245,480,245,480,2.2923
9155,43,2,4,11,122,152,122,152,1.12
9156,58,3,5,16,196,304,196,304,1.7523
9157,80,4,5,20,247,554,247,554,2.0413
9158,50,2,4,11,131,175,131,175,1.1112000000000002
9159,66,3,5,16,219,389,219,389,1.7569000000000001
9160,88,4,5,20,312,643,312,643,2.0409
9161,43,2,4,11,173,262,173,262,1.1322
9162,77,3,5,16,168,292,168,292,1.7976
9163,107,4,5,20,279,584,279,584,2.2272
9164,54,2,4,11,123,202,123,202,1.1576000000000002
9165,87,3,5,16,224,409,224,409,1.9256000000000002
9166,97,4,5,20,274,591,274,591,2.1750000000000003
9167,47,2,4,11,170,331,170,331,1.1405
9168,74,3,5,16,180,313,180,313,1.8574000000000002
9169,90,4,5,20,236,462,236,462,2.1727
9170,43,2,4,11,153,268,153,268,1.2396
9171,72,3,5,16,226,411,226,411,1.7849000000000002
9172,99,4,5,20,245,512,245,512,2.1916
9173,51,2,4,11,148,195,148,195,1.1259
9174,74,3,5,16,233,464,233,464,1.9091000000000002
9175,93,4,5,20,230,480,230,480,2.098
9176,44,2,4,11,163,258,163,258,1.1341
9177,73,3,5,16,276,590,276,590,2.1356
9178,94,4,5,20,304,608,304,608,2.1159
9179,53,2,4,11,146,233,146,233,1.1895
9180,79,3,5,16,171,343,171,343,1.9074
9181,98,4,5,20,253,608,253,609,2.1035000000000004
9182,40,2,4,11,180,215,180,215,1.0972
9183,70,3,5,16,246,462,246,468,1.8708000000000002
9184,93,4,5,20,266,529,266,529,2.0629000000000004
9185,48,2,4,11,157,242,157,242,1.1425
9186,73,3,5,16,216,371,216,371,1.8243
9187,97,4,5,20,240,488,240,488,2.1420000000000003
9188,49,2,4,11,89,144,89,144,1.1387
9189,78,3,5,16,184,346,183,348,1.8687
9190,105,4,5,20,255,595,255,595,2.1701
9191,46,2,4,11,94,113,94,113,1.0926
9192,61,3,5,16,253,432,253,433,1.7504
9193,96,4,5,20,240,461,238,462,2.1055
9194,49,2,4,11,150,200,150,200,1.1676
9195,74,3,5,16,241,508,241,508,1.9645000000000001
9196,105,4,5,20,208,453,208,453,2.1470000000000002
9197,51,2,4,11,159,281,159,281,1.3431
9198,74,3,5,16,215,445,215,445,1.8604
9199,100,4,5,20,223,437,223,437,2.087
9200,51,2,4,11,207,304,207,304,1.1914
9201,68,3,5,16,250,464,250,472,1.7971000000000001
9202,103,4,5,20,210,431,207,437,2.0939
9203,59,2,4,11,165,294,165,294,1.557
9204,87,3,5,16,168,275,168,275,1.9071
9205,100,4,5,20,137,323,137,323,2.1249000000000002
9206,45,2,4,11,160,209,160,209,1.0793000000000001
9207,77,3,5,16,175,351,173,357,1.8099
9208,88,4,5,20,190,363,188,366,2.1519
9209,47,2,4,11,134,178,134,178,1.1517000000000002
9210,79,3,5,16,142,255,142,255,1.8634000000000002
9211,97,4,5,20,198,377,198,377,2.4199
9212,54,2,4,11,113,172,113,172,1.1788
9213,85,3,5,16,247,524,247,524,1.8373
9214,112,4,5,20,280,561,280,561,2.2046
9215,46,2,4,11,193,296,193,296,1.1777
9216,60,3,5,16,211,439,211,439,1.7319000000000002
9217,109,4,5,20,168,375,168,375,2.1305
9218,49,2,4,11,154,248,154,248,1.1414000000000002
9219,77,3,5,16,172,272,172,272,1.7936
9220,90,4,5,20,212,500,212,500,2.0503
9221,40,2,4,11,149,246,148,250,1.0984
9222,78,3,5,16,186,347,186,347,1.8576000000000001
9223,101,4,5,20,226,450,226,450,2.1024
9224,39,2,4,11,180,264,180,264,1.0942
9225,63,3,5,16,185,284,185,284,1.7642
9226,88,4,5,20,296,793,296,793,2.0233
9227,52,2,4,11,111,168,111,168,1.1518000000000002
9228,73,3,5,16,222,425,222,425,1.7930000000000001
9229,105,4,5,20,192,420,190,422,2.1957999999999998
9230,51,2,4,11,140,204,140,204,1.1993000000000003
9231,80,3,5,16,151,288,151,288,1.7859000000000003
9232,98,4,5,20,222,418,222,418,2.141
9233,51,2,4,11,118,152,118,152,1.3033000000000001
9234,75,3,5,16,205,443,205,443,1.8772000000000002
9235,88,4,5,20,173,356,173,356,2.0305
9236,48,2,4,11,141,216,141,216,1.1782000000000001
9237,66,3,5,16,192,356,192,356,1.7694
9238,93,4,5,20,211,384,211,384,2.1343
9239,44,2,4,11,162,208,162,208,1.1836000000000002
9240,66,3,5,16,173,337,173,337,1.7407000000000001
9241,91,4,5,20,323,745,323,745,2.1738
9242,49,2,4,11,122,198,122,198,2.2938000000000005
9243,66,3,5,16,315,578,315,578,1.8161000000000003
9244,111,4,5,20,219,533,219,533,2.1768
9245,47,2,4,11,156,207,156,207,1.0925000000000002
9246,64,3,5,16,276,560,276,560,1.8783
9247,97,4,5,20,224,509,224,511,2.0813
9248,43,2,4,11,159,176,159,176,1.1665
9249,69,3,5,16,245,419,245,419,1.7997000000000003
9250,100,4,5,20,202,423,202,423,2.1411
9251,42,2,4,11,202,334,202,334,1.1278
9252,71,3,5,16,180,377,178,378,1.8501
9253,100,4,5,20,288,599,286,600,2.1739
9254,42,2,4,11,133,197,133,197,1.0747
9255,76,3,5,16,203,401,203,407,1.8023000000000002
9256,91,4,5,20,226,420,226,420,2.1069
9257,47,2,4,11,157,255,157,255,1.1558
9258,63,3,5,16,160,336,160,336,1.7308
9259,94,4,5,20,285,669,285,669,2.1258000000000004
9260,46,2,4,11,156,282,156,282,1.2244000000000002
9261,83,3,5,16,219,430,219,431,1.8800000000000001
9262,87,4,5,20,229,520,229,520,2.0827000000000004
9263,57,2,4,11,129,188,129,188,1.1558
9264,75,3,5,16,238,492,238,492,1.8492
9265,107,4,5,20,283,556,283,556,2.1424
9266,53,2,4,11,165,280,165,280,1.1973
9267,86,3,5,16,173,331,173,331,1.9024
9268,90,4,5,20,264,510,264,513,2.1927000000000003
9269,45,2,4,11,158,306,158,306,1.113
9270,72,3,5,16,266,524,266,524,1.9441
9271,84,4,5,20,236,456,236,456,2.1152
9272,41,2,4,11,110,168,110,168,1.1011
9273,68,3,5,16,281,571,281,571,1.7846000000000002
9274,103,4,5,20,286,674,286,674,2.1602
9275,46,2,4,11,133,195,133,195,1.1335000000000002
9276,71,3,5,16,175,328,175,328,1.8618000000000001
9277,99,4,5,20,257,549,254,561,2.4482000000000004
9278,51,2,4,11,119,217,119,217,1.1191
9279,77,3,5,16,153,271,153,271,1.7719
9280,82,4,5,20,286,654,284,655,2.1165000000000003
9281,51,2,4,11,152,278,152,278,1.123
9282,59,3,5,16,268,514,268,514,1.7277000000000002
9283,97,4,5,20,283,614,283,614,2.1387000000000005
9284,46,2,4,11,150,256,150,256,1.1099
9285,73,3,5,16,195,366,195,366,1.8064
9286,84,4,5,20,256,528,256,529,2.0225
9287,47,2,4,11,217,365,217,365,1.1872
9288,79,3,5,16,183,321,183,321,1.8048
9289,101,4,5,20,241,429,241,429,2.1578
9290,48,2,4,11,164,235,164,235,1.1344
9291,67,3,5,16,235,416,235,416,1.8021
9292,96,4,5,20,194,460,194,460,2.0605
9293,48,2,4,11,148,214,148,214,1.1519
9294,78,3,5,16,133,291,133,291,1.8101
9295,85,4,5,20,230,461,230,461,2.0828
9296,44,2,4,11,120,144,120,144,1.1409
9297,90,3,5,16,212,388,212,388,2.2316000000000003
9298,112,4,5,20,225,531,225,531,2.7390000000000003
9299,47,2,4,11,164,265,164,265,1.076
9300,71,3,5,16,206,384,206,384,1.7675000000000003
9301,92,4,5,20,242,530,240,531,2.1477000000000004
9302,53,2,4,11,181,265,181,265,1.2005000000000001
9303,67,3,5,16,167,303,165,304,1.8294000000000001
9304,114,4,5,20,247,479,247,479,2.1986000000000003
9305,46,2,4,11,161,270,161,270,1.145
9306,76,3,5,16,178,274,178,274,2.8508999999999998
9307,104,4,5,20,243,510,243,510,2.1136000000000004
9308,39,2,4,11,132,172,132,172,1.0561
9309,71,3,5,16,181,371,181,371,1.7966000000000002
9310,87,4,5,20,255,531,255,531,2.0563000000000002
9311,49,2,4,11,213,372,213,372,1.1463
9312,68,3,5,16,179,267,179,267,1.7784
9313,94,4,5,20,241,501,241,501,2.1612000000000005
9314,44,2,4,11,171,260,159,263,1.2325000000000002
9315,64,3,5,16,212,363,212,363,1.7235000000000003
9316,105,4,5,20,259,557,259,557,2.1482
9317,51,2,4,11,130,166,130,166,1.1131000000000002
9318,69,3,5,16,239,459,239,459,1.8336000000000001
9319,97,4,5,20,304,686,304,686,2.1297
9320,47,2,4,11,135,238,135,238,1.1476000000000002
9321,74,3,5,16,179,344,179,344,1.8124
9322,94,4,5,20,290,669,290,669,2.1155000000000004
9323,36,2,4,11,175,284,174,306,1.1561
9324,74,3,5,16,164,306,164,306,1.7612
9325,95,4,5,20,191,378,191,378,2.1179
9326,43,2,4,11,181,272,181,272,1.1501000000000001
9327,68,3,5,16,156,294,156,294,1.8154000000000001
9328,102,4,5,20,247,559,245,569,2.2232000000000003
9329,39,2,4,11,126,149,126,149,1.0910000000000002
9330,74,3,5,16,154,221,154,221,1.9089
9331,101,4,5,20,208,421,208,421,2.2122
9332,52,2,4,11,105,130,105,130,1.1945000000000001
9333,64,3,5,16,128,265,128,265,1.7669000000000001
9334,97,4,5,20,164,298,164,298,2.0471
9335,42,2,4,11,173,220,173,220,1.087
9336,82,3,5,16,206,423,206,423,1.8778000000000001
9337,93,4,5,20,203,395,203,395,2.1116
9338,44,2,4,11,178,227,178,227,1.1707
9339,75,3,5,16,203,361,202,373,1.7831000000000001
9340,85,4,5,20,220,461,218,462,2.0981000000000005
9341,44,2,4,11,132,170,132,170,1.4048
9342,66,3,5,16,166,279,166,280,1.8968
9343,100,4,5,20,271,550,271,550,2.1713
9344,50,2,4,11,133,243,133,243,1.1524
9345,74,3,5,16,176,379,176,379,1.8310000000000002
9346,101,4,5,20,180,349,180,349,2.2376
9347,50,2,4,11,151,216,151,216,1.2082
9348,69,3,5,16,189,412,189,412,1.7717000000000003
9349,103,4,5,20,195,423,195,423,2.1060000000000003
9350,46,2,4,11,135,259,135,259,1.1461000000000001
9351,70,3,5,16,227,434,227,438,1.8196
9352,96,4,5,20,225,470,225,470,2.1641
9353,42,2,4,11,166,264,166,264,1.113
9354,70,3,5,16,218,459,218,459,1.8743
9355,103,4,5,20,256,445,256,445,2.2922000000000002
9356,46,2,4,11,156,194,156,194,1.1469000000000003
9357,76,3,5,16,199,374,199,374,1.7887
9358,90,4,5,20,278,604,278,614,2.1018
9359,46,2,4,11,138,163,138,163,1.1671
9360,83,3,5,16,177,358,177,358,1.8559
9361,90,4,5,20,266,592,266,592,2.1614
9362,44,2,4,11,103,160,103,160,1.1327000000000003
9363,73,3,5,16,213,428,213,428,1.7954
9364,94,4,5,20,294,615,293,616,2.1013
9365,45,2,4,11,154,208,154,208,1.0976
9366,69,3,5,16,195,399,195,399,1.8411
9367,97,4,5,20,280,623,280,623,2.1043
9368,49,2,4,11,114,190,114,190,1.1879
9369,73,3,5,16,205,460,205,460,1.7545000000000002
9370,96,4,5,20,240,546,240,546,2.0674
9371,45,2,4,11,133,197,133,197,1.2905
9372,70,3,5,16,236,454,236,465,1.8090000000000002
9373,107,4,5,20,218,484,218,484,2.1271000000000004
9374,51,2,4,11,191,330,191,330,1.1272
9375,73,3,5,16,235,466,233,467,1.9748
9376,97,4,5,20,260,568,260,575,2.7166
9377,54,2,4,11,213,338,213,338,1.1652000000000002
9378,66,3,5,16,239,486,239,486,1.8445000000000003
9379,86,4,5,20,248,523,248,533,2.0805000000000002
9380,47,2,4,11,143,204,143,204,1.1414000000000002
9381,63,3,5,16,184,331,184,331,1.7730000000000001
9382,88,4,5,20,250,493,250,493,2.0629000000000004
9383,61,2,4,11,158,224,158,224,1.1968
9384,62,3,5,16,310,665,310,665,1.7421000000000002
9385,90,4,5,20,268,485,268,485,2.1381
9386,50,2,4,11,126,148,126,148,1.1405
9387,73,3,5,16,286,541,286,541,1.8683
9388,94,4,5,20,256,451,256,451,2.1302
9389,49,2,4,11,176,260,176,260,1.1704
9390,70,3,5,16,212,396,212,396,1.8026000000000002
9391,105,4,5,20,328,621,326,621,2.1346
9392,51,2,4,11,112,208,112,208,1.1391
9393,67,3,5,16,239,478,239,478,1.9072000000000002
9394,93,4,5,20,278,640,277,642,2.1046000000000005
9395,47,2,4,11,195,286,195,286,1.177
9396,69,3,5,16,216,406,216,406,1.824
9397,101,4,5,20,210,443,210,444,2.1243
9398,38,2,4,11,138,229,138,229,1.0546000000000002
9399,68,3,5,16,272,482,272,482,2.1341
9400,96,4,5,20,299,613,299,613,2.1191
9401,52,2,4,11,92,105,92,105,1.1558
9402,63,3,5,16,239,437,239,437,1.7492
9403,90,4,5,20,167,373,167,373,2.0761
9404,50,2,4,11,157,260,157,260,1.1697000000000002
9405,79,3,5,16,241,515,241,521,1.8725
9406,97,4,5,20,243,553,243,559,2.1384
9407,45,2,4,11,134,216,134,216,1.1178000000000001
9408,71,3,5,16,182,369,182,369,1.8022
9409,94,4,5,20,187,404,187,404,2.0402000000000005
9410,52,2,4,11,167,283,167,283,1.1535
9411,70,3,5,16,215,368,214,377,1.9789
9412,107,4,5,20,292,626,292,626,2.2342
9413,52,2,4,11,158,242,158,242,1.1601000000000001
9414,66,3,5,16,200,363,200,363,1.8745
9415,94,4,5,20,198,436,198,436,2.1
9416,50,2,4,11,144,184,144,184,1.1291
9417,69,3,5,16,253,540,252,542,1.7899
9418,103,4,5,20,200,412,200,412,2.1929000000000003
9419,44,2,4,11,218,354,218,354,1.1603
9420,70,3,5,16,205,392,205,392,1.8285
9421,108,4,5,20,198,367,198,367,2.0831
9422,51,2,4,11,201,330,201,330,1.1664
9423,66,3,5,16,202,391,202,391,1.7975
9424,94,4,5,20,252,504,252,504,2.2923999999999998
9425,51,2,4,11,147,230,147,230,1.1521000000000001
9426,81,3,5,16,235,505,235,505,1.9025
9427,106,4,5,20,242,510,242,510,2.1220000000000003
9428,46,2,4,11,132,178,132,178,1.1090000000000002
9429,82,3,5,16,252,482,252,486,1.8678000000000001
9430,88,4,5,20,258,481,258,498,2.1433000000000004
9431,48,2,4,11,172,278,172,278,1.1219000000000001
9432,71,3,5,16,192,313,192,313,1.8348000000000002
9433,88,4,5,20,257,584,257,584,2.0536
9434,48,2,4,11,105,207,105,207,1.1588
9435,80,3,5,16,194,389,194,389,1.8084000000000002
9436,82,4,5,20,225,486,223,487,2.0816000000000003
9437,50,2,4,11,153,235,153,235,1.1862000000000001
9438,74,3,5,16,147,339,147,341,1.7842
9439,96,4,5,20,261,535,261,535,2.1318
9440,44,2,4,11,108,163,108,163,1.147
9441,65,3,5,16,200,383,200,383,1.7816
9442,92,4,5,20,333,662,332,669,2.0660000000000003
9443,46,2,4,11,86,144,86,144,1.0837
9444,82,3,5,16,132,271,132,271,1.8924
9445,88,4,5,20,254,558,254,558,2.0745
9446,39,2,4,11,117,208,117,208,1.1139999999999999
9447,74,3,5,16,265,499,265,499,1.8216
9448,102,4,5,20,251,591,251,592,2.127
9449,47,2,4,11,146,244,146,244,1.1316
9450,63,3,5,16,194,375,194,375,1.8173000000000001
9451,97,4,5,20,163,337,163,337,2.1042
9452,43,2,4,11,148,201,148,201,1.0802
9453,74,3,5,16,235,478,235,478,1.8404
9454,97,4,5,20,283,641,283,641,2.1873
9455,52,2,4,11,155,208,155,208,1.1311000000000002
9456,72,3,5,16,202,387,202,387,1.7618000000000003
9457,105,4,5,20,166,362,166,362,2.1375
9458,36,2,4,11,151,287,151,287,1.0618
9459,77,3,5,16,223,444,221,447,1.8389
9460,105,4,5,20,177,425,177,427,2.1663000000000006
9461,44,2,4,11,121,220,121,220,1.0906000000000002
9462,71,3,5,16,210,416,210,417,1.8847000000000003
9463,95,4,5,20,205,425,205,426,3.1085000000000003
9464,50,2,4,11,135,279,135,279,1.3003
9465,68,3,5,16,201,387,201,387,1.7574
9466,104,4,5,20,207,426,207,426,2.1774000000000004
9467,46,2,4,11,147,207,147,207,1.1287
9468,76,3,5,16,185,355,185,355,1.8411
9469,90,4,5,20,206,481,206,486,2.0655
9470,47,2,4,11,159,275,159,275,1.1545
9471,57,3,5,16,211,499,211,499,1.7655
9472,79,4,5,20,362,808,357,812,2.0654000000000003
9473,52,2,4,11,145,209,145,209,1.1931
9474,79,3,5,16,177,360,177,360,1.8263
9475,108,4,5,20,217,410,217,412,2.1248
9476,44,2,4,11,162,189,162,189,1.5542000000000002
9477,75,3,5,16,209,373,209,373,1.8112
9478,109,4,5,20,229,458,229,458,2.0909
9479,54,2,4,11,128,184,126,199,1.1456000000000002
9480,76,3,5,16,211,498,211,498,1.7717000000000003
9481,88,4,5,20,281,556,281,566,2.0999
9482,40,2,4,11,153,277,153,277,1.122
9483,73,3,5,16,191,378,191,378,1.8051
9484,108,4,5,20,191,402,191,402,2.1510000000000002
9485,46,2,4,11,148,199,148,199,1.1657
9486,61,3,5,16,213,453,211,459,1.8171000000000002
9487,113,4,5,20,248,507,242,516,2.258
9488,57,2,4,11,103,172,103,172,1.1596
9489,62,3,5,16,174,287,174,287,1.7519
9490,96,4,5,20,226,458,226,458,2.1883000000000004
9491,53,2,4,11,192,321,192,321,1.2080000000000002
9492,69,3,5,16,223,391,223,391,1.8266
9493,95,4,5,20,302,692,302,692,2.1227
9494,51,2,4,11,119,197,119,197,1.1248
9495,64,3,5,16,173,334,173,334,1.7883
9496,95,4,5,20,246,469,242,474,2.1267
9497,44,2,4,11,219,340,219,340,1.1897000000000002
9498,73,3,5,16,178,305,178,305,1.8339
9499,96,4,5,20,171,363,171,363,2.1053
9500,40,2,4,11,153,262,153,262,1.0802
9501,62,3,5,16,231,401,231,401,1.7879
9502,99,4,5,20,197,384,197,384,2.2685
9503,43,2,4,11,122,183,122,183,1.1149
9504,71,3,5,16,256,507,254,510,1.9063
9505,100,4,5,20,267,577,267,577,2.1678
9506,49,2,4,11,131,186,131,186,1.1312000000000002
9507,71,3,5,16,174,333,174,333,1.7810000000000001
9508,90,4,5,20,256,584,256,585,2.0821
9509,57,2,4,11,153,225,153,225,1.1768
9510,71,3,5,16,237,435,237,435,1.8312000000000002
9511,88,4,5,20,199,344,199,344,2.1439000000000004
9512,47,2,4,11,124,150,124,150,1.0804
9513,63,3,5,16,182,358,182,358,1.7482000000000002
9514,108,4,5,20,212,443,212,444,2.1603
9515,49,2,4,11,120,138,120,138,1.1055000000000001
9516,79,3,5,16,218,399,218,399,2.6131
9517,89,4,5,20,198,377,198,377,2.0738000000000003
9518,53,2,4,11,102,132,102,132,1.1466
9519,76,3,5,16,179,287,179,287,1.7957
9520,93,4,5,20,227,483,224,484,2.1301
9521,46,2,4,11,184,239,184,239,1.1681000000000001
9522,75,3,5,16,241,522,241,522,1.8099
9523,107,4,5,20,313,653,313,657,2.2285
9524,38,2,4,11,180,195,180,195,1.0776000000000001
9525,74,3,5,16,228,353,228,353,1.8595000000000002
9526,101,4,5,20,288,638,288,639,2.2067
9527,53,2,4,11,155,242,155,242,1.1327000000000003
9528,72,3,5,16,187,302,187,302,1.8059
9529,102,4,5,20,199,386,199,386,2.1366
9530,42,2,4,11,212,311,212,311,1.1291
9531,71,3,5,16,138,249,138,249,1.7767000000000002
9532,107,4,5,20,261,563,261,569,2.157
9533,55,2,4,11,170,297,170,297,1.1398000000000001
9534,69,3,5,16,178,334,178,334,1.9585000000000001
9535,101,4,5,20,206,406,206,406,2.0639
9536,46,2,4,11,179,303,179,303,1.1185
9537,66,3,5,16,250,461,250,461,1.8008000000000002
9538,92,4,5,20,287,609,287,609,2.1614
9539,40,2,4,11,131,225,130,237,1.3752
9540,69,3,5,16,166,348,166,348,1.8241
9541,82,4,5,20,264,572,264,572,2.0451
9542,46,2,4,11,195,328,195,328,1.1118000000000001
9543,76,3,5,16,179,367,179,367,1.8045000000000002
9544,105,4,5,20,156,340,154,377,2.0786000000000002
9545,45,2,4,11,137,166,137,166,1.1406
9546,76,3,5,16,242,441,242,442,2.7304
9547,101,4,5,20,263,579,263,579,2.1679
9548,50,2,4,11,177,307,177,307,1.1635
9549,75,3,5,16,235,437,235,437,1.8916000000000002
9550,86,4,5,20,258,434,254,440,2.1222000000000003
9551,48,2,4,11,102,155,102,155,1.1034
9552,69,3,5,16,191,351,191,351,1.7950000000000002
9553,91,4,5,20,234,545,234,545,2.0857
9554,52,2,4,11,198,270,198,270,1.1465
9555,63,3,5,16,143,276,143,276,1.7655
9556,103,4,5,20,221,444,218,451,2.8085000000000004
9557,48,2,4,11,126,189,126,189,1.1449
9558,69,3,5,16,160,253,160,253,1.8268000000000002
9559,100,4,5,20,207,519,207,519,2.1717
9560,42,2,4,11,228,375,228,375,1.1231000000000002
9561,76,3,5,16,132,281,132,281,1.8147
9562,93,4,5,20,239,500,239,504,2.0817
9563,45,2,4,11,134,190,134,190,1.1506
9564,62,3,5,16,189,341,189,341,1.7614000000000003
9565,99,4,5,20,246,510,246,510,2.1193
9566,58,2,4,11,120,155,114,176,1.1777
9567,70,3,5,16,190,355,190,360,1.8642
9568,101,4,5,20,304,616,304,616,2.1874
9569,52,2,4,11,104,138,104,138,1.1411000000000002
9570,71,3,5,16,207,444,207,444,1.7754
9571,96,4,5,20,244,505,244,505,2.0460000000000003
9572,45,2,4,11,152,229,152,229,1.0799
9573,71,3,5,16,224,492,224,492,1.8323
9574,107,4,5,20,197,397,197,397,2.2388
9575,51,2,4,11,104,195,104,195,1.1326
9576,77,3,5,16,210,351,210,351,1.9005
9577,86,4,5,20,273,625,273,625,2.1723000000000003
9578,43,2,4,11,192,288,192,288,1.2028
9579,77,3,5,16,208,329,208,329,1.8533000000000002
9580,86,4,5,20,348,807,348,807,2.17
9581,47,2,4,11,158,259,158,259,1.1334000000000002
9582,69,3,5,16,198,361,198,361,1.7954
9583,99,4,5,20,275,605,275,605,2.1658000000000004
9584,52,2,4,11,185,306,185,306,1.1556000000000002
9585,69,3,5,16,218,448,218,448,1.9835
9586,99,4,5,20,186,412,186,412,2.2497000000000003
9587,44,2,4,11,191,310,191,310,1.1358000000000001
9588,71,3,5,16,214,387,214,387,1.8034000000000001
9589,102,4,5,20,162,314,162,314,2.1477000000000004
9590,54,2,4,11,159,260,159,260,1.1602000000000001
9591,72,3,5,16,199,459,199,459,1.7865000000000002
9592,101,4,5,20,246,477,246,477,2.1118
9593,62,2,4,11,116,163,116,163,1.2015
9594,59,3,5,16,211,349,209,356,1.7503000000000002
9595,105,4,5,20,188,335,188,335,2.1228000000000002
9596,55,2,4,11,160,272,160,272,1.1694000000000002
9597,79,3,5,16,182,391,182,399,1.8896000000000002
9598,99,4,5,20,268,637,268,637,2.0935
9599,48,2,4,11,163,210,163,210,1.1655
9600,62,3,5,16,274,520,274,520,1.9152000000000002
9601,108,4,5,20,207,428,207,428,2.1374000000000004
9602,47,2,4,11,135,242,135,242,1.2486000000000002
9603,89,3,5,16,192,301,192,301,1.9113
9604,76,4,5,20,189,421,189,421,2.0147
9605,47,2,4,11,179,269,179,269,1.1364
9606,69,3,5,16,204,284,204,284,1.8285
9607,89,4,5,20,213,444,213,444,2.2217000000000002
9608,46,2,4,11,193,306,193,306,1.1168
9609,73,3,5,16,206,391,206,391,1.8062000000000002
9610,84,4,5,20,361,742,361,742,2.1198
9611,50,2,4,11,84,108,84,108,1.1985999999999999
9612,77,3,5,16,165,312,165,312,1.8557000000000001
9613,110,4,5,20,249,532,249,532,2.1602
9614,47,2,4,11,165,234,153,246,1.3253000000000001
9615,69,3,5,16,193,387,193,387,1.8119000000000003
9616,83,4,5,20,234,451,234,451,2.0894
9617,51,2,4,11,153,272,153,272,1.1843000000000001
9618,65,3,5,16,215,391,210,411,1.8089
9619,89,4,5,20,214,433,214,442,2.0927000000000002
9620,41,2,4,11,175,275,175,275,1.4291
9621,79,3,5,16,213,436,213,449,2.0011
9622,92,4,5,20,218,497,218,503,2.0828
9623,53,2,4,11,147,231,147,231,1.1439
9624,66,3,5,16,244,464,244,464,1.7361000000000002
9625,104,4,5,20,224,477,224,477,2.1513
9626,50,2,4,11,131,235,131,235,1.122
9627,82,3,5,16,161,306,161,306,1.8441000000000003
9628,102,4,5,20,276,519,276,527,2.262
9629,50,2,4,11,114,138,114,138,1.1596
9630,78,3,5,16,168,304,168,304,2.4039
9631,92,4,5,20,222,485,222,485,2.0694000000000004
9632,42,2,4,11,189,299,189,299,1.1271
9633,77,3,5,16,207,391,189,400,1.8456000000000001
9634,99,4,5,20,250,559,250,559,2.1275
9635,50,2,4,11,123,216,123,216,1.1558
9636,71,3,5,16,181,292,181,292,1.8210000000000002
9637,94,4,5,20,180,350,180,350,3.1883000000000004
9638,52,2,4,11,149,257,149,257,1.9913
9639,72,3,5,16,170,252,170,252,1.7856
9640,104,4,5,20,217,397,217,397,2.1335
9641,36,2,4,11,130,179,130,179,1.0544
9642,86,3,5,16,188,317,188,317,2.0919000000000003
9643,94,4,5,20,292,580,292,581,2.0873000000000004
9644,46,2,4,11,171,266,171,266,1.1104
9645,76,3,5,16,178,337,178,337,1.8048
9646,105,4,5,20,227,493,225,494,2.1513999999999998
9647,48,2,4,11,149,241,149,241,1.1361
9648,74,3,5,16,253,472,253,472,1.832
9649,108,4,5,20,207,441,207,441,2.2087
9650,41,2,4,11,167,254,167,254,1.1072
9651,80,3,5,16,218,393,218,393,1.8436000000000001
9652,94,4,5,20,191,377,191,377,2.0985
9653,41,2,4,11,173,279,173,279,1.0596
9654,70,3,5,16,176,327,176,327,1.7629000000000001
9655,99,4,5,20,230,502,230,508,2.1926
9656,46,2,4,11,143,256,143,256,1.1257000000000001
9657,60,3,5,16,199,350,194,354,2.1918
9658,92,4,5,20,253,527,251,532,2.1563000000000003
9659,43,2,4,11,176,337,176,337,1.1105000000000003
9660,61,3,5,16,202,320,202,320,1.7510000000000001
9661,95,4,5,20,230,578,230,578,2.0832
9662,43,2,4,11,142,232,142,232,1.1598000000000002
9663,62,3,5,16,164,352,164,352,1.7802
9664,94,4,5,20,218,495,218,495,2.1275
9665,41,2,4,11,156,234,156,234,1.203
9666,74,3,5,16,207,381,207,392,1.9601000000000002
9667,105,4,5,20,232,489,232,489,2.1812000000000005
9668,42,2,4,11,150,210,150,210,1.2108
9669,65,3,5,16,198,485,198,485,1.7876
9670,101,4,5,20,300,666,300,669,2.1448
9671,41,2,4,11,156,239,150,248,1.1215000000000002
9672,70,3,5,16,239,480,239,481,1.7918
9673,103,4,5,20,238,496,238,509,2.1778
9674,52,2,4,11,125,202,125,202,1.1614000000000002
9675,84,3,5,16,218,412,218,415,1.8877000000000002
9676,107,4,5,20,200,400,200,400,2.1893
9677,46,2,4,11,203,337,203,337,1.1428
9678,73,3,5,16,222,443,222,443,1.7645
9679,104,4,5,20,252,544,252,553,2.1622
9680,44,2,4,11,165,269,165,269,1.1023
9681,83,3,5,16,160,351,160,351,1.8123000000000002
9682,101,4,5,20,180,398,180,398,2.0949000000000004
9683,52,2,4,11,156,268,156,268,1.9418
9684,73,3,5,16,202,314,202,314,1.8613000000000002
9685,94,4,5,20,253,504,253,509,2.0933
9686,49,2,4,11,191,299,191,299,1.1818
9687,80,3,5,16,231,419,231,419,1.9752000000000003
9688,99,4,5,20,188,374,188,374,2.1633
9689,57,2,4,11,109,191,109,191,1.1636000000000002
9690,63,3,5,16,174,349,174,349,1.8226000000000002
9691,88,4,5,20,291,619,291,619,2.1449
9692,37,2,4,11,197,345,197,345,1.0928000000000002
9693,83,3,5,16,206,348,206,348,1.8311000000000002
9694,107,4,5,20,166,325,166,325,2.1455
9695,44,2,4,11,156,188,156,188,1.1081
9696,69,3,5,16,208,383,208,383,1.8277
9697,92,4,5,20,318,698,318,702,2.1002
9698,36,2,4,11,90,106,90,106,1.0723
9699,63,3,5,16,185,355,185,355,1.8217
9700,103,4,5,20,310,788,310,788,2.2174
9701,48,2,4,11,138,162,138,162,1.1405
9702,65,3,5,16,205,390,205,390,1.8041
9703,84,4,5,20,241,457,241,457,2.0712
9704,47,2,4,11,107,194,107,194,1.1213
9705,67,3,5,16,295,614,295,614,1.8236
9706,88,4,5,20,236,424,236,424,2.0129
9707,47,2,4,11,201,338,201,338,1.1396000000000002
9708,69,3,5,16,241,415,241,415,1.8575000000000002
9709,101,4,5,20,237,507,237,507,2.2497000000000003
9710,49,2,4,11,185,336,185,336,1.1276000000000002
9711,72,3,5,16,200,302,200,302,1.7913000000000001
9712,90,4,5,20,302,562,302,562,3.2518
9713,44,2,4,11,182,250,182,250,1.1424
9714,80,3,5,16,184,310,184,310,1.8264000000000002
9715,98,4,5,20,180,365,180,365,2.0778000000000003
9716,58,2,4,11,215,328,215,328,1.2197
9717,79,3,5,16,223,397,223,397,1.8655000000000002
9718,104,4,5,20,191,458,191,458,2.1232
9719,44,2,4,11,167,230,167,230,1.1152
9720,67,3,5,16,264,473,262,474,1.9051
9721,110,4,5,20,250,486,248,494,2.1134999999999997
9722,45,2,4,11,227,358,227,358,1.1813000000000002
9723,73,3,5,16,225,351,217,355,1.8462
9724,99,4,5,20,224,395,224,395,2.0692000000000004
9725,50,2,4,11,142,227,142,227,1.1603
9726,66,3,5,16,164,285,164,285,1.7743000000000002
9727,83,4,5,20,249,498,249,498,2.1405
9728,51,2,4,11,114,191,110,195,1.1179000000000001
9729,71,3,5,16,188,335,188,335,1.8110000000000002
9730,93,4,5,20,188,380,186,381,2.1328
9731,47,2,4,11,159,285,159,285,1.1191
9732,88,3,5,16,152,267,152,267,1.8813
9733,84,4,5,20,249,493,249,493,2.6982
9734,46,2,4,11,153,214,153,214,1.1126
9735,75,3,5,16,203,336,203,336,1.8397000000000001
9736,110,4,5,20,185,429,185,429,2.3244000000000002
9737,48,2,4,11,177,272,177,272,1.1342
9738,69,3,5,16,247,437,247,438,1.8505000000000003
9739,104,4,5,20,338,677,338,680,2.1292
9740,55,2,4,11,150,256,150,256,1.4124
9741,68,3,5,16,199,372,198,374,1.7223000000000002
9742,101,4,5,20,306,660,306,660,2.1146000000000003
9743,47,2,4,11,131,230,131,230,1.1202
9744,75,3,5,16,182,400,182,400,1.7751000000000001
9745,99,4,5,20,142,277,142,277,2.0728
9746,44,2,4,11,146,181,146,181,1.1432
9747,63,3,5,16,277,567,277,573,1.856
9748,99,4,5,20,216,393,216,393,2.3159
9749,57,2,4,11,141,237,141,237,1.2107
9750,67,3,5,16,249,459,249,459,1.7409000000000001
9751,106,4,5,20,232,499,232,499,2.1698
9752,42,2,4,11,138,169,138,169,1.1141
9753,72,3,5,16,164,282,164,282,1.7704000000000002
9754,105,4,5,20,218,423,218,423,2.4835
9755,52,2,4,11,153,230,153,230,1.1295000000000002
9756,78,3,5,16,216,424,216,424,1.8736000000000002
9757,97,4,5,20,232,498,232,498,2.1812000000000005
9758,43,2,4,11,160,289,160,289,1.0899
9759,64,3,5,16,214,363,214,366,1.7829
9760,97,4,5,20,249,512,247,512,2.1805000000000003
9761,42,2,4,11,110,151,110,151,2.0762
9762,68,3,5,16,160,266,160,266,1.8383000000000003
9763,99,4,5,20,239,435,239,435,2.0746
9764,42,2,4,11,213,336,213,336,1.1313
9765,83,3,5,16,215,406,215,406,1.8315
9766,109,4,5,20,306,607,306,607,2.3348
9767,57,2,4,11,121,160,121,160,1.1607
9768,77,3,5,16,178,308,178,308,1.8800000000000001
9769,98,4,5,20,269,588,269,593,2.2503
9770,53,2,4,11,140,236,140,236,1.1992
9771,74,3,5,16,194,350,194,350,1.8138
9772,102,4,5,20,236,539,236,539,2.1310000000000002
9773,36,2,4,11,181,237,181,237,1.1222
9774,75,3,5,16,245,451,245,451,1.8758000000000001
9775,87,4,5,20,208,492,208,492,2.0900000000000003
9776,42,2,4,11,168,252,168,252,1.1381000000000001
9777,70,3,5,16,226,408,226,408,1.8198
9778,96,4,5,20,244,509,244,509,2.0633
9779,39,2,4,11,158,225,158,225,1.1125
9780,73,3,5,16,160,360,160,360,1.8863
9781,91,4,5,20,257,513,257,513,2.119
9782,51,2,4,11,195,334,195,334,1.1369000000000002
9783,73,3,5,16,195,427,195,427,2.8606000000000003
9784,96,4,5,20,241,539,241,539,2.119
9785,47,2,4,11,128,192,128,192,1.1367
9786,69,3,5,16,216,419,216,419,1.7809000000000001
9787,90,4,5,20,289,650,289,650,2.1072
9788,40,2,4,11,139,198,139,198,1.0730000000000002
9789,69,3,5,16,193,373,193,373,1.8098
9790,91,4,5,20,222,440,221,446,2.0825
9791,47,2,4,11,146,162,146,162,1.1177000000000001
9792,69,3,5,16,228,436,228,436,1.7650000000000001
9793,87,4,5,20,271,607,271,620,2.0943000000000005
9794,41,2,4,11,149,256,149,256,1.5446000000000002
9795,70,3,5,16,143,289,143,289,1.7634
9796,103,4,5,20,224,424,224,424,2.0896
9797,56,2,4,11,155,237,155,237,1.1762000000000001
9798,73,3,5,16,232,494,232,494,1.814
9799,103,4,5,20,150,253,150,253,2.1423
9800,44,2,4,11,181,278,181,278,1.1413
9801,82,3,5,16,204,414,204,414,1.8252000000000002
9802,101,4,5,20,178,358,178,358,2.0912
9803,43,2,4,11,112,147,112,147,1.0984
9804,75,3,5,16,238,453,238,453,1.919
9805,89,4,5,20,213,438,213,438,2.0561
9806,50,2,4,11,120,155,120,155,1.1800000000000002
9807,62,3,5,16,232,443,232,443,1.7458
9808,95,4,5,20,208,373,205,380,2.2033
9809,41,2,4,11,129,195,129,195,1.0973000000000002
9810,78,3,5,16,308,694,306,696,1.9171000000000002
9811,88,4,5,20,295,699,295,699,2.0786000000000002
9812,48,2,4,11,141,197,141,197,1.132
9813,69,3,5,16,281,592,281,592,1.7828000000000002
9814,89,4,5,20,287,626,287,626,2.1148
9815,48,2,4,11,195,311,195,311,1.2315000000000003
9816,65,3,5,16,223,428,223,428,1.7944
9817,104,4,5,20,170,259,170,259,2.1239000000000003
9818,50,2,4,11,155,248,155,248,1.1781000000000001
9819,62,3,5,16,206,373,206,373,1.7705000000000002
9820,99,4,5,20,298,656,298,656,2.2636000000000003
9821,45,2,4,11,114,148,114,148,1.1083
9822,83,3,5,16,238,427,238,427,1.8887
9823,98,4,5,20,229,520,229,520,2.1088999999999998
9824,46,2,4,11,168,266,168,266,1.1264
9825,72,3,5,16,242,513,242,513,1.8388
9826,103,4,5,20,238,499,238,499,2.1894
9827,41,2,4,11,133,190,133,190,1.2414
9828,72,3,5,16,253,585,253,585,1.8633
9829,90,4,5,20,200,448,200,449,2.0998
9830,37,2,4,11,148,216,148,216,1.1025
9831,72,3,5,16,218,394,215,411,1.8670000000000002
9832,103,4,5,20,265,615,265,615,2.123
9833,46,2,4,11,113,204,113,204,1.1222
9834,71,3,5,16,174,303,174,303,1.7766000000000002
9835,112,4,5,20,233,472,233,472,2.1764
9836,56,2,4,11,179,252,175,256,1.2203000000000002
9837,70,3,5,16,228,444,228,449,1.7656000000000003
9838,100,4,5,20,243,487,243,489,2.0974
9839,41,2,4,11,175,294,175,294,1.1723000000000001
9840,74,3,5,16,210,462,210,462,1.8469
9841,107,4,5,20,315,732,315,733,2.2133000000000003
9842,45,2,4,11,153,270,153,270,1.1104
9843,65,3,5,16,211,396,211,396,1.7579000000000002
9844,90,4,5,20,241,561,241,561,2.2817000000000003
9845,38,2,4,11,114,132,114,132,1.056
9846,68,3,5,16,265,490,265,490,1.8369
9847,93,4,5,20,236,463,236,463,2.0784000000000002
9848,52,2,4,11,151,268,151,268,1.1699
9849,80,3,5,16,187,342,187,342,1.7954
9850,87,4,5,20,158,322,158,323,2.0578000000000003
9851,47,2,4,11,130,224,130,224,1.1015000000000001
9852,69,3,5,16,194,352,194,352,1.7643000000000002
9853,98,4,5,20,257,557,255,558,3.0596
9854,49,2,4,11,170,289,170,289,1.1613
9855,77,3,5,16,197,394,197,394,1.8954000000000002
9856,90,4,5,20,281,544,281,544,2.1163000000000003
9857,49,2,4,11,135,207,135,207,1.1134000000000002
9858,73,3,5,16,230,451,230,451,1.7939000000000003
9859,100,4,5,20,198,454,198,454,2.1372
9860,45,2,4,11,115,187,115,187,1.1045
9861,68,3,5,16,164,312,164,312,1.7916
9862,95,4,5,20,271,641,269,641,2.1108
9863,47,2,4,11,139,239,139,239,1.1542
9864,76,3,5,16,173,385,173,385,1.8719000000000001
9865,103,4,5,20,206,416,206,420,2.1129000000000002
9866,46,2,4,11,183,267,183,267,1.2571
9867,76,3,5,16,197,343,197,343,1.8869000000000002
9868,99,4,5,20,213,542,213,544,2.1161000000000003
9869,48,2,4,11,211,341,211,341,1.1544
9870,62,3,5,16,205,417,205,417,1.7402000000000002
9871,98,4,5,20,294,633,294,633,2.3889
9872,49,2,4,11,177,291,177,291,1.2180000000000002
9873,75,3,5,16,221,449,221,449,2.0587999999999997
9874,101,4,5,20,224,401,224,401,2.078
9875,53,2,4,11,201,304,198,315,1.2347000000000001
9876,74,3,5,16,218,444,218,446,1.8043000000000002
9877,94,4,5,20,251,536,251,536,2.8845000000000005
9878,45,2,4,11,153,251,153,253,1.0996000000000001
9879,66,3,5,16,190,288,190,288,1.7566000000000002
9880,93,4,5,20,257,594,257,594,2.0072
9881,58,2,4,11,127,201,127,201,1.1932000000000003
9882,58,3,5,16,208,385,208,385,2.3059
9883,104,4,5,20,265,552,265,553,2.2719000000000005
9884,43,2,4,11,163,277,163,277,1.1003
9885,75,3,5,16,183,404,179,413,1.8323
9886,109,4,5,20,220,567,220,567,2.2042
9887,45,2,4,11,210,303,207,321,1.1495000000000002
9888,70,3,5,16,174,334,174,334,1.8233000000000001
9889,96,4,5,20,210,453,210,453,2.0998
9890,51,2,4,11,165,259,165,259,1.3343
9891,72,3,5,16,150,286,150,286,1.8592000000000002
9892,97,4,5,20,236,462,236,470,2.1975000000000002
9893,46,2,4,11,164,214,164,214,1.1305
9894,80,3,5,16,173,333,173,335,1.866
9895,92,4,5,20,298,640,298,640,2.1642
9896,43,2,4,11,143,289,143,289,1.0964
9897,77,3,5,16,158,327,158,327,1.7696
9898,106,4,5,20,275,578,275,578,2.1338
9899,52,2,4,11,116,165,116,165,1.1478
9900,71,3,5,16,196,378,194,379,1.8537
9901,102,4,5,20,257,567,257,567,2.1151
9902,58,2,4,11,142,238,142,238,1.1714000000000002
9903,65,3,5,16,201,480,201,480,1.8204
9904,87,4,5,20,201,372,201,372,2.0738000000000003
9905,45,2,4,11,210,304,209,304,1.1726
9906,73,3,5,16,177,303,177,303,1.7947000000000002
9907,88,4,5,20,257,497,255,504,2.0640000000000005
9908,44,2,4,11,155,258,155,258,1.1214
9909,79,3,5,16,244,471,244,524,1.8727000000000003
9910,85,4,5,20,216,395,216,395,2.0828
9911,42,2,4,11,139,225,139,225,1.0948000000000002
9912,63,3,5,16,178,360,178,360,1.7373000000000003
9913,105,4,5,20,268,611,268,614,2.1365
9914,57,2,4,11,147,222,147,222,1.1611
9915,72,3,5,16,188,339,188,339,1.8875000000000002
9916,85,4,5,20,288,599,288,599,2.4671000000000003
9917,44,2,4,11,158,308,158,308,1.0881
9918,72,3,5,16,192,349,192,349,1.7707000000000002
9919,88,4,5,20,242,491,242,491,2.0522
9920,50,2,4,11,118,193,118,193,1.1299000000000001
9921,68,3,5,16,162,269,162,269,1.7429000000000001
9922,92,4,5,20,234,488,234,488,2.0998
9923,39,2,4,11,140,230,140,230,1.0766
9924,64,3,5,16,225,453,225,453,1.7841
9925,106,4,5,20,247,550,247,550,2.1326
9926,49,2,4,11,175,298,175,298,1.1702000000000001
9927,60,3,5,16,277,514,277,514,1.7306000000000001
9928,94,4,5,20,201,390,201,390,2.1226000000000003
9929,46,2,4,11,131,195,131,195,1.127
9930,67,3,5,16,203,429,203,429,2.496
9931,99,4,5,20,273,664,273,664,2.1590000000000003
9932,53,2,4,11,127,225,127,225,1.1656000000000002
9933,69,3,5,16,190,382,190,382,1.8194000000000001
9934,89,4,5,20,257,559,256,563,2.1006
9935,41,2,4,11,181,344,181,344,1.1082
9936,79,3,5,16,204,424,204,424,1.7933000000000001
9937,99,4,5,20,223,456,223,456,2.1284000000000005
9938,44,2,4,11,146,265,146,265,1.0737999999999999
9939,78,3,5,16,206,418,206,418,1.9019000000000001
9940,99,4,5,20,234,389,234,389,2.1236
9941,46,2,4,11,121,209,121,209,1.0996000000000001
9942,75,3,5,16,156,300,156,300,1.7852000000000001
9943,100,4,5,20,272,609,272,609,2.1643
9944,38,2,4,11,215,367,215,367,1.1451
9945,75,3,5,16,187,377,187,377,1.9919
9946,98,4,5,20,212,473,212,474,2.1279000000000003
9947,50,2,4,11,176,235,176,235,1.1357000000000002
9948,63,3,5,16,250,341,240,342,1.7907000000000002
9949,98,4,5,20,299,765,299,765,2.174
9950,57,2,4,11,151,213,151,213,1.1351
9951,65,3,5,16,248,438,248,438,1.7908000000000002
9952,99,4,5,20,252,496,252,496,2.5285
9953,35,2,4,11,154,214,154,214,1.0901
9954,76,3,5,16,212,382,212,382,1.8671
9955,89,4,5,20,188,431,188,431,2.0439
9956,51,2,4,11,132,182,132,182,1.2305000000000001
9957,73,3,5,16,207,365,207,365,1.8049000000000002
9958,87,4,5,20,324,691,324,692,2.0435000000000003
9959,52,2,4,11,153,247,153,247,1.6363
9960,69,3,5,16,205,434,205,434,1.7841
9961,88,4,5,20,235,461,235,461,2.0719000000000003
9962,42,2,4,11,149,230,149,230,1.1656000000000002
9963,73,3,5,16,174,277,174,277,1.7957
9964,79,4,5,20,202,383,200,386,2.0251
9965,53,2,4,11,149,211,149,211,1.1843000000000001
9966,72,3,5,16,226,494,226,494,1.7798000000000003
9967,91,4,5,20,243,469,243,469,2.0723
9968,49,2,4,11,123,185,123,185,1.131
9969,72,3,5,16,285,559,285,559,1.8553
9970,95,4,5,20,279,654,279,654,2.1274
9971,52,2,4,11,145,231,145,231,1.1161
9972,67,3,5,16,225,452,225,452,1.7893000000000001
9973,105,4,5,20,231,471,231,473,2.1445000000000003
9974,41,2,4,11,156,228,156,228,1.2381
9975,65,3,5,16,209,426,209,426,1.7442
9976,93,4,5,20,234,470,234,470,2.1854
9977,48,2,4,11,160,288,160,288,1.1855000000000002
9978,83,3,5,16,159,254,158,256,1.8482
9979,110,4,5,20,219,455,219,455,2.1947
9980,52,2,4,11,114,152,114,152,1.1527
9981,74,3,5,16,192,315,192,315,1.7575
9982,92,4,5,20,265,467,265,467,2.0136
9983,46,2,4,11,181,302,181,302,1.2029
9984,76,3,5,16,252,466,252,466,1.843
9985,89,4,5,20,245,502,245,502,2.0714
9986,49,2,4,11,130,201,130,201,1.129
9987,68,3,5,16,154,255,154,255,1.8011000000000001
9988,89,4,5,20,339,736,339,736,2.9913000000000003
9989,45,2,4,11,155,247,155,247,1.1119
9990,77,3,5,16,192,330,192,330,1.8003
9991,94,4,5,20,218,426,218,426,2.1108
9992,46,2,4,11,142,177,142,177,1.118
9993,70,3,5,16,175,316,175,316,1.7689000000000001
9994,101,4,5,20,230,449,230,449,2.1093
9995,52,2,4,11,199,351,199,351,1.1882000000000001
9996,66,3,5,16,222,417,217,428,1.8085000000000002
9997,92,4,5,20,236,552,236,557,2.0988
9998,47,2,4,11,151,263,151,263,1.1589
9999,65,3,5,16,214,421,214,421,2.1221
