Memo1 time,Memo1A1 time
2.5522,2.0511
2.7578000000000005,2.1532999999999998
1.1425,1.1069
2.2922000000000002,1.78
2.8358000000000003,2.0505000000000004
1.103,1.0686
2.2586,1.8027000000000002
2.6591,2.0677
1.2928,1.1485
2.1322000000000005,1.8114000000000001
3.0572000000000004,2.2003
1.2235,1.1426
2.2243000000000004,1.7855
2.9184,2.3886000000000003
1.1966999999999999,1.1537000000000002
2.0283,1.8232000000000002
3.1415,2.0944000000000003
1.127,1.1197000000000001
2.3092,1.9152000000000002
3.1024000000000003,2.1314
1.1285,1.1251
2.0919000000000003,1.8131000000000002
2.8428000000000004,2.0845
0.9990000000000001,1.2505000000000002
2.0133,1.7322000000000002
2.6174000000000004,2.0455
1.0622,1.0613000000000001
2.0701,1.7489000000000001
2.902,2.1327
1.0909000000000002,1.0985
2.2427,1.7779
2.7466,2.0494000000000003
1.102,1.0929000000000002
2.1599000000000004,1.7628000000000001
2.5856,2.0210000000000004
1.0883000000000003,1.094
2.1130000000000004,1.7497
2.9458,2.6917
1.2437000000000002,1.1177000000000001
2.4416,1.8584
2.9887000000000006,2.1626000000000003
1.0817,1.2733
2.3283,1.7913000000000001
2.8742000000000005,2.1290000000000004
1.1492000000000002,1.1162
2.6845000000000003,1.8812000000000002
3.063,2.2125
1.1504,1.0945
2.169,1.7928000000000002
3.1432,2.1454
1.1377000000000002,1.1039
2.9486,1.8357000000000003
2.6834000000000002,2.0702000000000003
0.9573,1.1009000000000002
2.1951,1.8616000000000001
2.9942,2.1036
0.9465000000000001,1.1033
2.2285,1.7615
2.7858,2.7177
1.1287,1.1095
2.1036,2.4642
2.7757000000000005,2.1028000000000002
1.2982,1.1530000000000002
2.0429000000000004,1.7147000000000001
2.6794000000000002,2.6474
1.1782000000000001,1.0974000000000002
2.1841,1.8238000000000003
2.8957,2.8391
1.2658,1.1560000000000001
2.3447000000000005,1.7737
3.0589000000000004,2.0685000000000002
1.1381000000000001,1.1212000000000002
2.1254,1.8059
2.6263,2.0237000000000003
1.0922,1.09
2.3994000000000004,1.7542
2.7447,2.1391
1.2395,1.1413
2.0886,1.8057
2.914,2.1081000000000003
1.1727,1.1257000000000001
2.1764,1.7792000000000001
3.0526000000000004,2.1432
1.0232,1.1095
2.1927000000000003,1.8326000000000002
2.7680000000000002,3.1020000000000003
1.2595,1.0985
2.3782,1.8521
2.9859,2.2537
1.231,1.1117
2.1212,1.7903
2.8814,2.084
1.1964000000000001,1.1207
3.8405,2.3131000000000004
3.0382000000000002,2.1948000000000003
1.3023000000000002,1.1425
2.2922000000000002,1.8427
2.6743,2.9784
1.3867,1.1753
2.4175,1.8384
2.7085,2.0675000000000003
1.1077000000000001,1.1053
2.3398,1.9063
2.8504000000000005,2.0775
1.0718,1.1053
2.3773,1.7842
2.7396,2.0538000000000003
1.0734,1.1024
2.2514000000000003,1.8703
2.6682,2.0848
1.1797000000000002,1.1339
2.1466000000000003,1.9268000000000003
2.7479,2.4539
1.1861000000000002,1.1783000000000001
2.2654000000000005,1.7695
2.738,2.1081000000000003
1.4265,1.7223000000000002
2.3189,1.9934000000000003
2.8386,2.105
1.2299000000000002,1.1143
2.3334,1.8166
2.8455000000000004,2.2382999999999997
1.2198,1.1613
2.0855,1.8038
2.9271000000000003,2.1632000000000002
1.0806000000000002,1.0764000000000002
2.4214,6.6946
3.3242000000000003,2.1012
1.0794000000000001,1.1103
2.1049,1.7702000000000002
2.5079,2.0132000000000003
1.2374,1.1326
2.1689000000000003,1.7885000000000002
2.8888000000000003,2.174
1.1696,1.086
2.1330000000000005,1.7689000000000001
2.8731000000000004,2.0916
1.1123,1.0982
2.6123000000000003,1.8523
2.6608,2.1211
1.0813000000000001,1.0732000000000002
2.0582000000000003,1.8182
2.7212,2.0667000000000004
1.1192000000000002,1.1583999999999999
2.1778,1.7665
2.7799,2.2477
1.2657,1.2522
2.2649000000000004,1.7765000000000002
3.2117,2.1428000000000003
1.1255,1.0755000000000001
2.3160000000000003,2.6391
2.6098000000000003,2.0844
1.2139000000000002,1.1411000000000002
2.1036,1.7242000000000002
3.0087,2.1798
1.1385,1.1204
2.3761000000000005,1.7686000000000002
2.8215000000000003,2.1018
1.0222,1.0803
2.1236,1.8125
2.9951000000000003,2.1907
1.1136,1.1283
2.2731000000000003,1.7592
2.5688,2.2491
1.2499000000000002,1.1244
2.444,1.8800000000000001
3.1659,2.1216
1.1997000000000002,1.0981
2.2268000000000003,1.8645
2.7576,2.0761
1.167,1.1710000000000003
2.3421000000000003,1.8401
2.8507000000000002,3.1394
1.0045,1.0572000000000001
2.1883000000000004,2.6772
2.6227000000000005,2.6738
1.2016000000000002,1.212
2.9875000000000003,1.7327000000000001
2.7310000000000003,2.0261000000000005
1.3656,1.1677
2.5154,1.9026
2.7565000000000004,3.4682000000000004
1.0584000000000002,1.0832000000000002
2.3357,2.5932000000000004
2.8847,2.1407000000000003
1.1838,1.1506
2.2003,1.8649
2.9112,2.0992
1.2924,1.7044
2.1024,1.8536000000000001
2.7875,2.0608000000000004
1.7856,1.6181
2.5771,2.8185000000000002
2.6372999999999998,2.0688
1.2614,1.1442
2.2349,1.7618000000000003
2.5354,2.1041000000000003
1.2049,1.1787
1.9815000000000003,1.7627000000000002
2.7595,2.0938000000000003
1.1360000000000001,1.1178000000000001
2.0893,1.7709000000000001
2.551,2.0375
1.1486,1.1252
2.2306,1.8576000000000001
2.8131000000000004,2.599
1.1261,1.1172
2.2362,1.7949000000000002
2.8944,2.1092000000000004
1.2842,1.2253
2.3323,1.8318
2.5213,2.0566
1.0843,1.1444
2.5044,1.8595000000000002
2.8963,2.1589
1.1985000000000001,1.1394
2.2317,1.8759000000000001
2.8471,2.7242
1.2581,1.1208000000000002
2.4341000000000004,1.8552000000000002
2.7193,2.0468
1.0370000000000001,1.0751000000000002
2.5316,1.9588
3.1448,2.1764
1.2061000000000002,1.113
2.2392000000000003,1.7925
3.2532000000000005,2.1418
1.1114,1.101
2.2257000000000002,1.7568000000000001
2.8975000000000004,2.1746
0.9940000000000001,1.0928000000000002
2.0257,1.7798000000000003
2.466,2.0464
1.1564,1.1083
2.4085,1.8622
2.8524000000000003,2.1479000000000004
1.3989,1.15
2.3849,1.8282
2.5726,2.1932
1.1249,1.5785
2.1001000000000003,1.7973000000000001
2.7697000000000003,2.1226000000000003
1.2769000000000001,1.1358000000000001
2.2306,1.9433
2.6839000000000004,2.2321000000000004
1.1108,1.1459000000000001
2.3741,2.3673
2.9753000000000003,2.1595
1.2639,1.2985000000000002
2.1847,1.7801000000000002
2.737,2.1159
1.191,1.0701
2.0908,1.7671000000000001
3.0327,2.2052
1.1609,1.0805
2.3937000000000004,1.9548
2.8584,2.0702000000000003
1.1469000000000003,1.1227
2.1406000000000005,2.3433
3.1338000000000004,2.1225
1.1709,1.1276000000000002
2.3426,1.9303000000000001
2.9916,2.9466
1.1929,1.1122
2.1271000000000004,1.8315
2.7109,2.0685000000000002
1.2339,1.1553000000000002
2.4371,1.8524
2.6466000000000003,2.0328
1.0649000000000002,1.0947
2.1976,1.8498
2.986,2.1563000000000003
1.1374,1.0837
2.031,6.498
2.7357,2.0828
1.2374,1.1718
2.1767000000000003,1.7894
3.2083000000000004,2.2653
0.7883,1.0469000000000002
2.3104,1.7977
2.9663000000000004,2.1619
1.2422000000000002,1.104
2.1698,1.7944
2.8763,2.1622
1.2285,1.1025
2.4956,1.8359
2.8418,2.0963000000000003
1.2017,1.1316
2.4338,2.4137
2.8971,3.2608
1.0243000000000002,1.0848000000000002
2.4034,1.8175000000000001
2.6479000000000004,2.2344
1.161,1.1284
2.2651,1.8495
2.6729000000000003,2.0372000000000003
1.3216,1.1170000000000002
2.1794000000000002,1.8209000000000002
3.3347,2.9982
1.1721000000000001,1.1641000000000001
2.3995,1.8694
3.0937,2.0976000000000004
1.3102,1.1951
2.8073,2.0913
2.5930000000000004,2.0476
1.1521000000000001,1.1155000000000002
1.9509000000000003,1.8389
2.7339,2.0565
1.088,1.0819
2.1992000000000003,1.8862
2.64,2.031
1.0991,1.0967000000000002
2.1153,1.9092000000000002
3.0316,2.1991
1.1640000000000001,1.0917000000000001
2.3735000000000004,1.8312000000000002
2.9748,2.2184
1.7460000000000002,1.1209
2.0438,1.7388000000000001
2.898,3.099
1.0831,1.2798
2.0828,2.6611
2.9267000000000003,2.2260999999999997
0.9963000000000001,1.2224
2.136,1.8071000000000002
2.7331,2.0994
1.1805,1.1381000000000001
2.2239,1.8088000000000002
2.6517000000000004,2.157
1.0836000000000001,1.101
1.8954000000000002,1.7407000000000001
3.0171,2.2193
1.3243,1.1923000000000001
1.991,1.7142000000000002
2.8393,2.1215
1.1151000000000002,1.0951000000000002
2.2663,1.7808000000000002
2.8751,2.1584
1.1728,1.1087
2.2659,1.8324
2.6583,2.036
1.2647000000000002,1.1262
2.1775,1.8466
2.8780000000000006,2.3732
1.215,1.1620000000000001
2.0679000000000003,1.8602000000000003
2.8226,2.132
1.1915,1.1118000000000001
2.3040000000000003,1.8028
2.6987,2.0563000000000002
1.1567,1.1271
2.3006,1.8506000000000002
2.3998,2.0681000000000003
1.0372000000000001,1.0926
2.2707,1.8137
2.9021000000000003,2.0988
1.1105000000000003,1.1571
2.2625,1.8564
2.8697000000000004,2.1189
1.1585,1.1268
2.0634,1.7910000000000001
2.751,2.0687
1.1975,1.1343
2.1167,1.7844
2.9079,2.1507
1.4629,1.1275
2.2528,1.734
2.9055,2.1176000000000004
1.1813000000000002,1.0613000000000001
2.0460000000000003,1.7516
2.6595,2.0978
1.1621000000000001,1.0895
2.2046,2.0364000000000004
2.8845000000000005,2.0956
1.2203000000000002,1.1759000000000002
2.1269,1.9056000000000002
3.1918,2.156
1.175,1.1292000000000002
2.353,1.9144
2.9185,2.1648
1.1391,1.0875000000000001
2.2875,1.7499000000000002
2.8109,2.1087000000000002
1.1677,1.1326
2.3967000000000005,1.8484
3.5113000000000003,2.2483
1.0821,1.123
2.168,1.9617000000000002
3.0151000000000003,2.1204
1.0742,1.1081
2.1547,1.7573
2.5259,2.0646
1.1641000000000001,1.0995
3.281,1.8567000000000002
2.8564000000000003,2.2487000000000004
1.1907,1.3257
2.2165000000000004,1.7631000000000001
2.4513,2.0499000000000005
1.1918,1.1633000000000002
2.2959,1.8204
2.5298,2.1516
1.0954000000000002,1.1448
2.22,1.8679000000000001
2.4055,2.0529
1.1924000000000001,1.1612
2.3993,1.7884000000000002
2.6856000000000004,3.0179
1.1777,1.1092
2.2389,1.7768
2.6149000000000004,2.0883
1.2937,1.1631
2.3118000000000003,1.8474000000000002
2.7486,2.0755
1.0358,1.1007
2.4923,2.5156
2.6358,2.2030000000000003
1.132,1.1066
2.4048000000000003,1.9159000000000002
2.9131,2.1087000000000002
0.9861,1.0658
2.4334000000000002,1.9176000000000002
3.2319000000000004,2.46
1.1554,1.1128000000000002
2.1642,2.1913
2.7537,2.0789000000000004
1.1326,1.1109000000000002
2.7938000000000005,1.9112
2.7706000000000004,2.1132
1.1522000000000001,1.1568
2.2764,1.8092000000000001
2.6114,2.0730000000000004
1.1157000000000001,1.1141
2.0579,1.7655
2.6962,2.0496
1.344,1.1283
2.3517,1.7932000000000001
2.6141,2.1255
1.0414,1.1687
2.3422,1.8679000000000001
2.7899000000000003,2.1111000000000004
1.0307000000000002,1.0922
2.2278000000000002,1.8473000000000002
2.9936000000000003,2.1029
1.0961,1.1316
2.4610000000000003,1.8278
2.8933,2.1337
1.2224,1.2291
2.2129000000000003,1.8331
2.7322,2.0727
1.2234,1.1807
2.3297,1.7985000000000002
2.9709000000000003,2.1777
1.338,1.1272
2.1326,1.7731000000000001
2.6111000000000004,2.0478
1.2200000000000002,1.1468
2.1586000000000003,1.8797000000000001
3.0627000000000004,2.6756
1.0703000000000003,1.1053
2.2639,1.8303000000000003
2.9482000000000004,2.0887000000000002
1.3393000000000002,1.1509
1.9238,1.8655000000000002
2.8026,2.1021
1.1577,1.1828
2.3603,1.6997000000000002
2.3703000000000003,2.0851
1.2971000000000001,1.1265
2.3338,1.7903
2.8585000000000003,2.1975000000000002
1.1925,1.1066
2.2805,1.835
2.533,2.0639
1.1854,1.1135000000000002
2.1214000000000004,1.8228
3.1993000000000005,2.3523000000000005
1.2374,1.1025
2.3597,1.7802
2.7681000000000004,2.1063
1.2004000000000001,1.1662000000000001
2.4321,1.8816000000000002
2.9699,2.1020000000000003
1.1959000000000002,1.1213
2.1597,1.8131000000000002
2.9546000000000006,2.1213
1.1723000000000001,1.1488000000000003
3.1927000000000003,2.6279000000000003
2.7097,2.1164
1.2469,1.1774
2.1144000000000003,1.7368000000000001
2.9604000000000004,2.2137000000000002
1.1671,1.1019
2.4608,1.8503
2.6825,2.0395
1.0463,1.1005
2.2645,1.8210000000000002
2.9212000000000002,2.1349000000000005
1.1271,1.145
2.3308,2.0727
2.7817000000000003,2.1804
1.2378,1.1948
2.3148999999999997,1.8652
2.5506,2.3026
1.1660000000000001,1.1292000000000002
2.3249,1.8819000000000001
3.3941000000000003,2.2679
1.1256,1.34
2.3534,1.7801000000000002
2.9268,2.1562
1.2958,1.1183
2.1911,1.8507
2.9257000000000004,2.0936000000000003
1.1767,1.0797
2.1821,1.7782000000000002
2.8614,2.1122
1.0213,1.0557
2.2779000000000003,1.8151000000000002
2.8288,2.1202
1.2695,1.1833
2.2774,1.9059000000000001
2.8399,2.1766000000000005
1.0862,1.1186
2.4849,1.7762000000000002
3.2001,3.575
1.1223,1.149
2.2814,1.8215000000000001
2.7578000000000005,2.1412000000000004
1.1491000000000002,1.1574
2.5098,1.7931000000000001
3.068,2.1539
1.1552,1.1815
2.1966,1.7815
2.8014,2.1645000000000003
1.2117,1.1754
2.2847000000000004,1.8867
3.0778000000000003,2.1684
1.2055,1.1349
2.2604,1.8362
2.8077,2.0771
1.1601000000000001,1.1569
2.3293000000000004,1.7669000000000001
3.0254000000000003,2.1069
1.2374,1.2429000000000001
2.0899,1.7541000000000002
2.8296,2.0983
1.0822000000000003,1.0908
2.2147,1.8052000000000001
3.0788,2.1282
1.0792,1.0955000000000001
2.287,1.8731000000000002
2.9081,2.153
1.0222,1.0603000000000002
2.3273,1.7991000000000001
2.7611000000000003,2.2382
1.1689,1.0847
2.1457,1.7902
2.9160000000000004,2.1765
1.2399000000000002,1.1560000000000001
2.1277000000000004,1.9744000000000004
2.8818,2.0924000000000005
1.1723000000000001,1.1333
2.4026,1.899
2.7994,2.1156
1.2457,1.1592
2.3383000000000003,1.8162
2.6789,2.0548
1.1397,1.1605
2.1305,1.7899
2.5077000000000003,2.0104
1.242,1.1156
2.3096,1.8099
2.7625,2.1726
1.3806,1.1672
2.3644,1.9719
2.4655,2.0349999999999997
1.206,1.2395
2.2757000000000005,1.771
2.7806,2.0718
1.1755000000000002,1.1529
2.3053000000000003,1.8112
2.4045,2.0326000000000004
1.2216,1.1466
2.7635000000000005,1.8994000000000002
2.9527000000000005,2.8491000000000004
1.2054,1.1297
2.2624000000000004,1.9084
2.7206,2.0412
0.9031000000000001,1.1198
1.7653,1.709
2.6952,2.9301000000000004
1.2107,1.1325
2.0765000000000002,2.7628000000000004
2.6102,2.1286
1.2075,1.1178000000000001
2.2755,2.2886
2.5636,2.0654000000000003
1.0546000000000002,1.0978
2.5263,1.7949000000000002
2.5618000000000003,2.0761
1.2590000000000001,1.2243
2.1565,2.2600000000000002
3.0749000000000004,2.1409000000000002
1.1193000000000002,1.0907
2.4681,1.8307000000000002
3.2227,2.3408
1.1541000000000001,1.0877000000000001
2.0728,1.8605000000000003
2.7703,2.0524000000000004
1.3686,1.2138000000000002
2.3547,1.7904000000000002
2.9446000000000003,2.1304000000000003
1.1964000000000001,1.2112000000000003
2.2475,1.8405
2.5572000000000004,2.0619
1.0409,1.1051000000000002
2.0051,1.7152
2.8254,3.072
1.1852,1.1284
1.9998,2.6620000000000004
2.7618,2.1061
1.0244,1.0909000000000002
3.6387000000000005,1.8225
2.6455,2.1912000000000003
1.0266000000000002,1.15
2.1694,1.928
2.5907,2.2852
1.0779,1.1845
2.1750000000000003,1.8081000000000003
3.0144,2.1611
1.3235000000000001,1.5090000000000001
2.2999,1.8545
2.7312,2.1383
1.0853,1.1041
2.1423,1.7989000000000002
3.0328,3.4216
1.1677,1.1367
2.0712,1.7912000000000001
2.7620999999999998,2.0454000000000003
1.1014,1.1129
2.4793000000000003,2.3785
2.8236000000000003,2.1138000000000003
1.1172,1.1181
1.9774000000000003,1.8042000000000002
3.253,2.0877
1.2537000000000003,1.1541000000000001
2.1862,2.1275
3.5755,2.0793
1.0883000000000003,1.1085
2.3967000000000005,2.0262000000000002
3.392,2.0955000000000004
1.2441000000000002,1.1868
2.3802000000000003,1.8163
2.8858,2.1378
1.2389000000000001,2.0243
2.0671,1.8121
2.8156000000000003,2.1908000000000003
1.1117,1.1158000000000001
2.0355,1.7561
2.7125,2.0728999999999997
0.9996,1.09
2.4143000000000003,1.8725
2.8991000000000002,2.1475
1.2596,1.1693
2.0660000000000003,1.8142000000000003
3.1456,2.2196
1.2812999999999999,1.2625000000000002
2.516,1.955
3.1024000000000003,2.1409000000000002
1.2041,1.1202
2.3108,1.8057
2.9361,2.0801000000000003
1.1174000000000002,1.1372000000000002
2.2251000000000003,1.8079
2.7525000000000004,2.1035000000000004
1.1820000000000002,1.1023
2.2142,1.7835
3.4939000000000004,2.0638
1.2427,1.5376
2.2600000000000002,1.7644000000000002
2.6917,2.8142
1.2052,1.1345
2.2255000000000003,1.8142000000000003
2.9785000000000004,2.1847
1.0093,1.0943
2.0337,1.7576
2.8776,2.4573000000000005
1.1129,1.1399000000000001
2.6708000000000003,1.7899
2.7031000000000005,2.0540000000000003
1.2601,1.1121
2.1536000000000004,1.7791000000000001
2.6865,2.1208
1.2613,1.1044000000000003
2.3437,1.7902
2.7772,2.0746
1.2725,1.1432
2.3599,1.889
3.0408000000000004,2.1352
1.1208000000000002,1.0736
3.1031,1.7761
2.7874000000000003,2.2116000000000002
1.1179000000000001,1.1070000000000002
2.3881,1.8612000000000002
2.5695,1.9787000000000003
1.1585,1.1065
2.1007000000000002,1.7571
2.8312000000000004,2.1242
0.9463,1.1001
2.2868000000000004,1.8310000000000002
2.8244000000000002,2.176
1.0422,1.0993000000000002
2.3649,1.9729
3.1103000000000005,2.1682
1.1701000000000001,1.1286
2.3931,1.7947000000000002
2.5177000000000005,2.0221
1.1709,1.1694000000000002
2.2369,1.8379
2.6372999999999998,2.1206000000000005
1.5355,1.1286
2.4274999999999998,1.8682000000000003
2.588,2.0617
1.196,1.1095
2.5459,1.7994
2.6757,2.1773000000000002
1.2179,1.1777
2.3424,1.8236
2.8777,2.7919000000000005
1.0298,1.0826
2.4937,1.8175000000000001
2.8972,2.1501
1.1082,1.0972
2.1177,1.7726
2.5801000000000003,2.0476
1.2373,1.2105
2.2812,1.8522
3.3214000000000006,2.2014
1.1423,1.1275
2.1035000000000004,2.8587000000000002
2.8601,2.1126
0.9872000000000002,1.0921
2.2806,1.7922
2.6573,2.1949
1.2792000000000001,1.1633000000000002
2.4353000000000002,1.8823
2.9029000000000003,2.0854000000000004
1.1250000000000002,1.76
2.6912000000000003,2.2318
3.2337000000000002,2.1796
1.2085000000000001,1.0954000000000002
2.0997,1.8015
2.7697000000000003,2.0355
1.3553,1.1753
2.366,1.8559
2.412,1.9921000000000002
1.1236,1.1018
2.2696,1.8484
2.8891000000000004,2.1094
1.2037,1.2137
2.3281,2.6517000000000004
2.9129000000000005,2.0826
1.0543,1.0737
2.0942,1.7441000000000002
2.8492,3.0452
1.0834,1.0933000000000002
2.4274,1.8997
3.317,2.2182
1.1463,1.1274
2.3826000000000005,1.8057
2.8284,2.1067
1.0411000000000001,1.0726000000000002
2.4011,1.8402000000000003
2.9819,2.1276
1.2117,1.1008
2.3846000000000003,1.8244
2.8676,2.0991
1.0017,1.0706000000000002
2.2718,1.8103000000000002
3.9003,2.4414000000000002
1.1682000000000001,1.1134000000000002
2.4777,1.8728000000000002
3.367,2.1047000000000002
1.1726,1.0992
2.1756,1.7918
2.9159,2.188
1.3279,1.1947
2.3664,1.8590000000000002
2.8741,2.0930000000000004
1.0056,1.09
2.2835,1.7693
2.7805,2.1907
1.1234000000000002,1.1125
2.1557,3.8078000000000003
2.9388,2.1510000000000002
1.1481,1.1061
2.2343,1.7895
2.7909,2.1322000000000005
1.0778,1.1255
2.2797,1.7766000000000002
2.5155,2.0895
1.058,1.1006
2.5736,1.9406000000000003
2.9025000000000003,2.1174000000000004
1.1529,1.1116000000000001
2.6726,1.7481
2.6697,2.1697
1.4918000000000002,1.1268
2.0958,1.762
2.7500000000000004,2.1342000000000003
1.0552000000000001,1.0725
2.2655000000000003,1.8219000000000003
3.1330000000000005,2.2535000000000003
1.092,1.1103
2.3080000000000003,1.8423
2.802,2.3064
1.1938,1.4161
2.2087,1.762
2.4321,2.0733
1.0505,1.1016000000000001
2.1532999999999998,1.8705000000000003
2.7429000000000006,2.0759000000000003
1.2274,1.1128000000000002
2.2206,2.4658
3.1154,2.1559
1.0623,1.0784
2.4667,1.8952
2.8508999999999998,2.0306
1.3051,1.1768
2.3061000000000003,2.0418000000000003
3.0241000000000002,2.2513000000000005
1.04,1.084
2.1482,1.762
3.2279,2.6973000000000003
1.1668000000000003,1.1114
2.1244,2.8362000000000003
2.679,2.0204000000000004
1.1784000000000001,1.116
2.1794000000000002,1.7865000000000002
3.0,2.14
1.6591000000000002,1.1423
2.4573000000000005,1.8752
2.686,2.1016000000000004
1.1205,1.7068
2.1578999999999997,1.9094000000000002
2.9961,3.0401
1.1489,1.1396000000000002
2.1181,2.836
3.0249,2.1724
1.1601000000000001,1.12
2.3158000000000003,1.8223000000000003
2.5065,2.0267000000000004
1.1974000000000002,1.1408
2.4022,1.8586000000000003
2.6488,2.1785
1.1149,1.1217
2.1263,2.4992
2.5855,2.0622000000000003
1.1643000000000001,1.1546
2.1763,1.8061000000000003
2.7067,2.0529
1.1565,1.1078000000000001
2.0113000000000003,1.7632
2.6929000000000003,2.0970000000000004
1.1352,1.1345
2.0175,1.7419
2.9177,2.1094
1.1555,1.1313
2.0321000000000002,1.9083
2.8092,2.0973
1.2896,1.1603
2.2695000000000003,1.8148000000000002
3.0093000000000005,2.1938
1.3313000000000001,1.221
2.4881,1.8642
2.8880000000000003,2.2485
1.3203000000000003,1.1324
3.1647000000000003,1.8432000000000002
3.1727000000000003,3.1531000000000002
1.1082,1.1528
2.3558000000000003,1.8068000000000002
2.7672,2.1448
1.2084000000000001,1.1480000000000001
2.398,2.0413
2.9716,2.1439000000000004
1.1504,1.1261
2.2995000000000005,2.0579
2.9376,2.1596
1.1475000000000002,1.1762000000000001
2.2008,1.7531
2.8348,2.3239
1.1111,1.0784
2.1119000000000003,1.7743000000000002
2.7906000000000004,2.0409
1.1981000000000002,1.1044000000000003
2.458,1.8627
3.0019,2.1112
1.1277000000000001,1.1177000000000001
1.9353,1.6873
2.7882000000000002,2.1145
1.2667000000000002,1.2124
2.2017,2.8211
2.9344,2.1316
1.1349,1.1084
2.0527,1.7682000000000002
2.9850000000000003,2.1854999999999998
1.1701000000000001,1.0927
2.2183,1.7589000000000001
2.7011000000000003,2.6045000000000003
1.0269000000000001,1.0982
2.2950000000000004,1.7623
3.016,2.1947
1.2366,1.1640000000000001
2.119,1.8169000000000002
2.9757000000000002,2.2505
0.8730000000000001,1.0805
2.4075,1.9536000000000002
2.9187000000000003,2.1317000000000004
1.2308,1.2278
2.2136,1.786
2.6299,2.0597000000000003
1.206,1.1314
2.1426000000000003,1.7650000000000001
2.9902,2.1381
1.2075,1.1286
2.1567000000000003,1.7952000000000001
2.6691000000000003,2.0776000000000003
1.2271,1.1425
2.2670000000000003,1.7862000000000002
2.6438,2.0444
1.1188,1.469
2.4365,1.8425000000000002
2.6834000000000002,2.0685000000000002
1.2113,1.1389
2.2212,1.8177000000000003
2.7500000000000004,2.1775
1.0808,1.0992
2.1295,1.8237
2.7452,2.0791
1.1366,1.2397
2.2689000000000004,1.8919000000000001
2.9909000000000003,2.0712
1.6013000000000002,1.0956000000000001
2.1177,1.8854000000000002
2.715,2.0738000000000003
1.3787,1.1885000000000001
2.1341,1.7776
2.8576,2.0963000000000003
1.1635,1.1297
2.4751,1.8263
3.0138000000000003,2.1452000000000004
1.2572,1.1073000000000002
2.4893,1.8490000000000002
2.8246,2.1186
1.2506000000000002,1.12
1.9827,1.7292
3.9112,2.2258
1.1904000000000001,1.1483
2.5295,1.9221000000000001
2.7712000000000003,2.4045
1.1164,1.1053
2.1786000000000003,1.7852000000000001
2.7839,2.1979
1.2237,1.1572000000000002
2.1946000000000003,1.8230000000000002
3.0057,2.0944000000000003
1.2834,1.1502000000000001
2.3169000000000004,1.8749
2.8983000000000003,2.0652
1.018,1.1525
2.1627,1.8714
2.8112000000000004,2.1013
1.222,1.1717000000000002
2.0104,2.7104
3.1001000000000003,2.1964
1.2588,1.1567
3.9012000000000002,2.7996000000000003
3.0149,2.2058
1.0646,1.1282
2.4739000000000004,1.8894
2.8809,2.1515000000000004
1.1011,1.0726000000000002
2.2386000000000004,1.8252000000000002
2.8966,2.1063
1.1019,1.0856000000000001
2.3293000000000004,1.8446
2.9694000000000003,2.1561000000000003
1.1933,1.1722
2.1196,1.7442
2.9270000000000005,2.088
1.5128000000000001,1.1456000000000002
2.4561,1.8121
2.9613,3.0875000000000004
1.072,1.1803
2.8204000000000002,2.7032000000000003
3.0665,2.1321
1.1325,1.1044000000000003
2.1322000000000005,1.7913000000000001
2.9125,2.0859000000000005
1.2172,1.2561
2.5139000000000005,1.8811000000000002
3.967,2.1742000000000004
1.147,1.1501000000000001
2.5909,1.8445000000000003
2.9277,2.1454
1.3563,1.1214
2.1228000000000002,1.9029
2.6672000000000002,2.1266000000000003
1.0233,1.0993000000000002
2.4481,1.9310000000000003
3.0903,2.0778000000000003
0.9456000000000001,1.0608
2.2197000000000005,1.9405000000000001
2.7711,2.0742
1.1938,1.1150000000000002
2.1834000000000002,1.8584
2.8253000000000004,2.1482
1.1166,1.0994000000000002
3.4176,2.6465
2.7213000000000003,2.1097
1.0739,1.0835000000000001
1.9963000000000004,1.8235000000000001
2.7764,2.0610000000000004
1.2352,1.1357000000000002
2.2665,1.8392
2.9615,2.2622000000000004
0.9882000000000001,1.0706000000000002
2.2242,1.8414000000000001
2.9023,2.255
1.1223,1.0969
2.2695000000000003,1.8168000000000002
2.7583,2.1907
1.2562,1.1511000000000002
2.2416000000000005,2.1544000000000003
2.9028,2.1962
1.1512,1.116
2.9654,1.8352000000000002
2.7701000000000002,2.1954000000000002
1.2173,1.0914
2.1576,1.7759000000000003
3.4014,2.1312
1.0185000000000002,1.0843
2.1669,1.8551000000000002
2.9726000000000004,2.2430000000000003
0.9289000000000001,1.0309
2.3864000000000005,1.8178
2.8286000000000002,2.0806
1.2214,1.1537000000000002
3.8526000000000002,1.8150000000000002
2.4920000000000004,2.098
1.1015000000000001,1.1926
2.1127000000000002,1.7904000000000002
2.7963000000000005,2.1239000000000003
1.0827,1.2197
2.3591,1.8376000000000001
2.58,2.0835000000000004
1.2571,1.0943
2.2045000000000003,1.8173000000000001
2.7782,2.1293
1.0242,1.0601
2.1299,1.7748000000000002
3.0587,2.278
1.1812,1.212
2.5644,1.8508
2.6896000000000004,2.0657
1.1133,1.0946
2.063,1.8371000000000002
2.7283000000000004,2.0802
1.3113000000000001,1.1299000000000001
2.1957,1.8021
2.6584,2.0392
0.9993000000000001,1.0463
2.3432,1.7910000000000001
4.1678,3.3455000000000004
1.4882,1.6472000000000002
2.294,1.7662000000000002
2.5717000000000003,2.0547
1.1851,1.1070000000000002
2.209,1.7994
2.6057,2.0480000000000005
1.1617000000000002,1.0990000000000002
2.18,1.7984000000000002
2.7432000000000003,2.1867
1.0329,1.1704
2.4172,1.8436000000000001
3.0996,2.1811000000000003
1.0915,1.0947
2.3018,1.8406000000000002
2.9638000000000004,2.2123
1.2394,1.1351
2.2089000000000003,1.7878000000000003
2.8774,2.1590000000000003
1.191,1.1117
2.3307,1.8655000000000002
2.9249,2.0963000000000003
1.0139,1.0976
2.2226,1.8223000000000003
3.0629000000000004,2.2066
1.1676,1.12
2.5127,2.0254000000000003
2.7399,2.0889
1.104,1.0829000000000002
2.7603000000000004,1.8213000000000001
3.4364,2.3186
1.0411000000000001,1.1114
2.5576000000000003,2.069
2.6606000000000005,2.1468
1.0190000000000001,1.093
2.3539000000000003,1.7830000000000001
2.8443,2.1481
1.0988,1.0925000000000002
2.255,1.8020000000000003
2.5808000000000004,2.0565
1.0839,1.0796000000000001
2.2941000000000003,1.8341000000000003
2.7230000000000003,2.0959
1.3289,1.1193000000000002
2.2242,1.7887
2.9084000000000003,2.0913
1.2366,1.132
2.1393000000000004,1.8178
2.7811000000000003,2.1198
1.1015000000000001,1.0978
2.2878,1.8643
2.6009,2.0551000000000004
1.1823000000000001,1.1430000000000002
2.2842000000000002,1.9055
2.6135,2.111
1.2761,1.2426000000000001
2.3283,1.8252000000000002
2.8142,2.6199
1.2477,1.1279000000000001
2.2068,1.9004000000000003
3.2499000000000002,2.1604
1.1026,1.0883000000000003
2.5645000000000002,1.8268000000000002
2.6494,2.337
1.0978,1.122
2.1737,1.8281
2.6484,2.0687
1.2367000000000001,1.1053
2.4007,1.8486000000000002
2.751,2.1143
1.0451,1.1039
1.8481,1.7366000000000001
2.8867000000000003,2.1202
1.2610000000000001,1.1449
2.2445,1.8445000000000003
2.6558,2.0796
1.309,1.2702
2.3255000000000003,1.8327
2.6569000000000003,2.0997
1.1467,1.1013000000000002
2.1331,1.7842
3.0145000000000004,2.1223
1.1794000000000002,2.1281
2.0522,1.7883
3.0033,2.305
1.2353,1.1791
2.0085,2.0232
2.8899000000000004,2.1167
1.0714000000000001,1.1364
2.1985,1.7838
2.8392,2.1085000000000003
1.2746000000000002,1.1788
2.1511,1.7897000000000003
2.773,2.2966
1.0746,1.0978
2.2847000000000004,1.8267000000000002
2.8815000000000004,2.1687
1.0518,1.0831
3.2632000000000003,2.6976
2.8647,2.1985
1.3468,1.1602000000000001
2.1578,1.7660000000000002
2.9189000000000003,2.9721
1.0777,1.1352
2.1639000000000004,2.6843000000000004
2.6176000000000004,2.0668
1.2194,1.145
2.137,1.7985000000000002
2.8475,2.13
1.0851000000000002,1.0904
2.055,1.7681
2.684,2.1075
1.1173000000000002,1.1177000000000001
2.458,1.7844
2.7788,2.2663
0.9677,1.0461
2.1524,1.8242000000000003
2.7817000000000003,2.0991
1.1460000000000001,1.1166
2.4115,1.8295000000000001
2.699,2.1828
1.2382,1.1181
2.4472,1.8765
2.9597,2.1289
1.2294,1.1491000000000002
2.2797,1.9812000000000003
2.8723000000000005,2.1305
1.1538,1.1568
2.2571000000000003,1.8056
2.8229,2.0762
1.2734,1.1527
2.1619,1.7758
2.6646,2.1796
1.1353000000000002,1.0975000000000001
2.166,1.8349000000000002
2.9396,2.1915000000000004
1.1162,1.1549000000000003
2.2804,1.9016
2.6256,2.0936000000000003
1.1718,1.1078999999999999
2.5181,1.9232
2.8904,2.156
1.2683,1.2266
2.282,1.7876
3.0206,2.193
1.3554000000000002,1.1439
2.1844,1.9819
2.8081,2.1586000000000003
1.0551,1.0997000000000001
2.0802,1.8112
2.6057,2.1138000000000003
1.1486,1.1285
2.2722,1.8016000000000003
2.7506000000000004,2.0651
1.1694000000000002,1.1162
2.4224000000000006,2.4579000000000004
3.0873000000000004,2.2683
1.1948,1.1215000000000002
2.6043000000000003,1.9339000000000002
3.0432,2.2505
1.2318000000000002,1.1817000000000002
2.2246,1.7922
2.8822,2.1004
1.111,1.1042
2.0954,1.8477000000000001
2.9614000000000003,7.487700000000001
1.1532,1.1029
2.3999,1.8299
3.1834000000000002,2.2685
0.9468,1.0612
2.2856,1.9317000000000002
3.2102000000000004,2.1748000000000003
1.2012,1.1867
2.3057,1.8129000000000002
2.7844,2.0419
1.1254000000000002,1.1809
2.0016000000000003,1.7953000000000001
2.7143,2.114
1.0103,1.0722
2.7081000000000004,1.8821
2.8443,2.1255
1.0477,1.0832000000000002
2.2624000000000004,1.7968000000000002
2.7977000000000003,2.1648
1.0498,1.0777
2.1881,1.7725000000000002
2.811,2.1755000000000004
1.0569000000000002,1.1231000000000002
2.0817,1.7819
3.1819,2.1794000000000002
1.3142000000000003,1.0821
2.0569,1.8171000000000002
2.6481,2.1399
1.0896000000000001,1.1224000000000003
2.3097,1.7966000000000002
4.1821,3.2557
1.0998,1.1208000000000002
2.4106,2.0046
2.7656,2.1318
1.4938,1.3184000000000002
2.3717,1.8031000000000001
2.9667,2.1124
1.2746000000000002,1.1498000000000002
2.0368,1.7460000000000002
2.807,2.0564000000000004
1.1651,1.0926
2.5078,1.7575
2.926,2.0741
1.2265000000000001,1.1191
2.3865000000000003,1.8538000000000001
3.0199000000000003,2.1295
1.1568,1.1921
2.3403,1.8959000000000001
2.8073,2.114
1.0395,1.0601
2.1908000000000003,1.818
3.0664000000000002,2.1079000000000003
0.866,1.0274
2.9817000000000005,2.7315
2.9429,2.2205000000000004
1.1608,1.1349
2.4721,1.8312000000000002
2.6628000000000003,2.0881000000000003
1.0859,1.0619
2.2594,1.7458
2.6762,2.3384
1.1681000000000001,1.1335000000000002
2.3830999999999998,1.7987000000000002
2.8031,2.0791
1.1586,1.1127
2.3525,1.8109
2.4177,2.4244000000000003
1.0858,1.1307
2.1897,1.7887
2.8035,2.1159
1.0377,1.0935000000000001
2.4422,1.8507
2.9403,2.0787
1.1684,1.1356000000000002
2.4179000000000004,1.7985000000000002
3.0859000000000005,2.1992000000000003
1.1645,1.1237000000000001
2.3854,1.8511
2.4311000000000003,2.1648
1.3079,1.1549000000000003
2.3253000000000004,1.8826
2.7115000000000005,2.1371
1.1232,1.1007
2.3912,1.8533000000000002
2.5376000000000003,2.0408
1.1851,1.1307
2.1035000000000004,1.9019000000000001
3.9136000000000006,3.0799
1.1021,1.1461000000000001
3.644,1.9946
2.8326000000000002,2.1509000000000005
1.0965,1.1159
2.1505,1.7398
3.0255,2.3467000000000002
1.1460000000000001,1.1279000000000001
2.0322,1.7687
3.2586000000000004,2.1686
0.9741000000000001,1.0906000000000002
2.4036999999999997,1.8276000000000001
2.9493,2.7374
1.1527,1.1541000000000001
2.141,1.7514000000000003
3.1432,2.2057
1.348,1.1656000000000002
2.1751,1.7686000000000002
2.7515,2.0719000000000003
1.1364,1.0744
2.2486,1.8299
2.8136,2.0898000000000003
1.2572,1.2843000000000002
2.1996,1.7866000000000002
2.7012,2.0539
1.0029000000000001,1.0581
2.1766000000000005,1.7641000000000002
2.4279,2.0132000000000003
1.0579,1.1252
2.1992000000000003,1.8132000000000001
2.7856,2.1049
1.2749000000000001,1.3770000000000002
2.0658,2.081
2.9200000000000004,2.1122
1.1201,1.0858
2.5143,1.8716000000000002
2.4835,2.0690999999999997
1.1569,1.1456000000000002
2.5423,1.8674000000000002
2.6820000000000004,2.1436
1.2322000000000002,1.1549000000000003
2.2313000000000005,1.8179
2.8834000000000004,2.0523
1.1869,1.0973000000000002
2.994,1.7823000000000002
2.9988,2.1669
1.0818,1.1117
2.2389,1.8154000000000001
3.3609,2.1098000000000003
1.6243,1.1045
2.2757000000000005,1.7445000000000002
2.8103000000000002,3.1011
1.0394,1.1012000000000002
2.3597,1.8492
2.5406,2.0492000000000004
0.9720000000000001,1.0746
2.4461,1.8247
2.7482,2.0717000000000003
1.2482000000000002,1.173
2.2790000000000004,1.7307000000000001
2.9424000000000006,2.1693000000000002
1.2202,1.1393
2.4337,1.9701000000000002
2.6681,2.1142000000000003
0.9974000000000001,1.0709
2.4277,1.8850000000000002
3.0153000000000003,2.1099
1.1340000000000001,1.1867
2.1252000000000004,1.7965000000000002
2.8727,2.1931000000000003
1.1654,1.0884
2.1231,1.7798000000000003
2.5798,2.0583000000000005
1.2352,1.155
2.3749000000000002,1.8895000000000002
2.6687,2.1338
1.0096,1.1134000000000002
2.1535,1.8073000000000001
2.6895000000000002,2.047
0.9893000000000001,1.0773
2.0914,1.8200000000000003
2.8977,2.0723
0.9946,1.0842
1.9848000000000001,1.8781
3.0157000000000003,3.1583
1.1842000000000001,1.1317
2.3239,1.9033000000000002
3.1585,2.1535
1.1385,1.1196000000000002
2.2830000000000004,1.8002
2.8673,2.1144000000000003
1.2362,1.1783000000000001
2.1808,1.8192000000000002
2.7061,2.1460000000000004
1.131,1.1070000000000002
2.3259000000000003,1.9081000000000001
2.567,2.0565
1.0917999999999999,1.0946
2.3816,1.9105
2.8758,2.0775
1.1341,1.1341
2.2719000000000005,1.891
2.7707,2.0677
1.2793,1.0802
2.3378,1.8544000000000003
2.8863,2.1101
1.1368,1.102
2.4613,1.8032000000000001
3.0825,2.2043000000000004
1.1720000000000002,1.1651
2.376,1.8414000000000001
3.2908000000000004,2.2720000000000002
1.1492000000000002,1.1154000000000002
2.0508,1.7157000000000002
3.2574,2.1711
1.1413,1.1395000000000002
2.509,1.9171000000000002
3.0005,2.1176000000000004
1.1252,1.0998
2.3239,1.789
2.6832000000000003,2.1137
1.1632,1.1055000000000001
2.533,1.8830000000000002
2.7106,2.0789000000000004
1.1940000000000002,1.1620000000000001
2.3686000000000003,1.8644000000000003
2.5232,2.0689
1.1085,1.0855000000000001
2.3591,1.8309000000000002
2.8944,2.18
1.1226,1.4488
2.2028,1.8280000000000003
2.9204,2.0407
1.0013,1.0873
1.9876,1.7358
2.6738,2.117
1.1035000000000001,1.1400000000000001
2.1904000000000003,1.7895
2.8477,3.0185000000000004
1.7219000000000002,1.3836
2.1445000000000003,3.8554
2.8863,2.1013
1.1281,1.0965
2.222,1.7872000000000001
2.634,2.0099
1.0859,1.0899
2.3425,1.7954
2.6886,2.1103
1.0865,1.2064000000000001
2.4204,1.812
3.1853000000000002,2.1325000000000003
1.5043000000000002,1.1413
2.5939,1.9630000000000003
2.6348000000000003,2.0862000000000003
1.1274,1.1203
2.1513999999999998,1.7262
2.932,2.0931
1.1896,1.1641000000000001
2.4974000000000003,1.873
2.7462000000000004,2.1146000000000003
1.1861000000000002,1.1553000000000002
2.1344000000000003,1.7972000000000001
2.7532000000000005,2.0924000000000005
1.0288000000000002,1.1119
2.6536000000000004,1.7260000000000002
3.2575000000000003,2.2664
1.1,1.1082
2.3495,1.8925
2.9125,2.3175
1.1535,1.137
2.1008000000000004,1.814
3.0046,2.1679
1.0994000000000002,1.0972
2.5132000000000003,2.003
2.7579000000000002,2.0842
1.1422,1.1464
2.4027000000000003,1.7639
3.0908,2.2281000000000004
1.1121,1.1135000000000002
2.0915,1.8618000000000001
3.0264,2.1654
1.1899,1.1615
2.1938,1.7656000000000003
2.7825,2.0898000000000003
1.3087000000000002,1.1334000000000002
1.9187,1.6673
2.7178000000000004,2.0832
1.119,1.1352
2.5975,1.9299
2.8830999999999998,2.6086
1.2177000000000002,1.2360000000000002
1.8112,1.6554
2.8441,2.1437
1.0998,1.1364
1.9168000000000003,1.7797
2.7765000000000004,2.0582000000000003
1.1560000000000001,1.0977000000000001
2.1173,1.7851000000000001
2.5917000000000003,2.0842
1.059,1.0944
2.1743,1.7693
2.5122,2.6304000000000003
1.1634,1.1241
2.383,1.8775
4.1538,2.0665
1.0883000000000003,1.1035000000000001
2.5333,2.1710000000000003
2.9911,2.1706
1.2459,1.1577
2.544,1.853
2.8382000000000005,2.3524000000000003
1.1675000000000002,1.1186
2.1807000000000003,1.8010000000000002
2.4792,2.0847
1.2472,1.1266000000000003
2.0076,1.8301
2.8150000000000004,2.144
1.1365,1.1265
2.1876,1.7785000000000002
2.7022,2.2921
1.2133,1.1976
2.0421000000000005,1.7820000000000003
3.2109,2.1827
1.2501,1.1472000000000002
2.3283,1.7352
2.8743000000000003,2.1045
1.2856,1.1151000000000002
2.083,1.7599
3.1852,2.2204
1.1965000000000001,1.2259
2.3135,1.8302
2.6097,2.0926
1.0347000000000002,1.1957
2.2825,1.8124
2.6439000000000004,2.0474
1.3016,1.1493
2.1519,1.7776
3.4342,2.1867
1.1286,1.1181999999999999
2.3105,1.9072000000000002
2.8673,2.1330000000000005
1.1527,1.0970000000000002
2.1460000000000004,1.8227
2.6083,2.0703
1.3067,1.1228
2.5657,1.9240000000000002
2.5234,2.0556
1.1428,1.1575000000000002
2.2929,2.3479
3.2660000000000005,2.1111000000000004
1.3202,1.1434000000000002
2.3343000000000003,1.9242000000000001
2.8968000000000003,2.1286
1.2226000000000001,1.1612
2.1353,1.7743000000000002
2.9877000000000002,2.1234
1.0929000000000002,1.1027
2.4083,1.8227
3.5306,2.1446
1.2545,1.1596
2.4219000000000004,1.832
3.5162,2.1803
1.1701000000000001,1.1467
2.1176000000000004,1.7356
3.4452000000000003,3.062
1.1537000000000002,1.1317
2.4243,1.8308
2.7960000000000003,2.1792000000000002
1.2317,1.1618000000000002
3.5916000000000006,2.0916
3.5981000000000005,2.1564
1.1581,1.1292000000000002
2.0728999999999997,1.9521
2.9125,2.0829
1.2665,1.1391
2.4504,1.7873
2.8138,2.1077
1.1219000000000001,1.1271
2.353,1.7627000000000002
3.0020000000000002,2.2005000000000003
0.9693,1.0501
2.0494000000000003,1.842
3.4121000000000006,2.1448
1.1168,1.082
2.1534,1.7394
2.6575,2.0748
1.2479000000000002,1.1142
2.2436000000000003,1.8223000000000003
2.8427000000000002,2.1066000000000003
1.0485000000000002,1.1342
2.2168,1.7955
3.0072,2.8411
1.1720000000000002,1.1325
2.2357,2.7402
2.7529,2.2972
1.1704,1.1033
2.1867,1.8366
3.2673000000000005,2.1624
1.1518000000000002,1.1622000000000001
2.3101000000000003,1.8037
2.9211000000000005,2.1966
1.2969000000000002,1.1674
2.0339,1.8058000000000003
3.3285000000000005,2.8272000000000004
0.8731,1.0451
2.3436,1.8631000000000002
2.8709000000000002,2.125
1.1478,1.1225
2.2045000000000003,1.7787
2.8727,2.1024
1.1698000000000002,1.1282
2.2227,1.7536
2.8749000000000002,2.1772
1.0775000000000001,1.2094
2.3699000000000003,1.8157
2.9869000000000003,2.0687
1.1852,1.1083
2.4734000000000003,2.3507000000000002
2.6936,2.0667000000000004
1.1812,1.1361
2.2495000000000003,1.7997000000000003
3.096,2.2439
1.1095,1.1428
2.4181000000000004,1.8015
2.5543,2.0552
1.2998,1.2196000000000002
2.3111,1.8298
2.652,2.1553
1.1685,1.1406
2.1029,1.8055
2.9110000000000005,2.1094
1.2065000000000001,1.1024
2.1946000000000003,1.8122
2.7107000000000006,2.3638
1.1194,1.1159
3.3129,2.7042
2.9204,2.1622
1.3884,1.177
2.2823,1.8522
2.5513000000000003,2.1362
1.0699,1.0898
2.3427000000000002,1.8221
3.0605,2.1483000000000003
1.0273,1.0807
2.2725000000000004,1.8374000000000001
2.9788,2.1344000000000003
1.1451,1.1468
2.321,2.4223
2.4966000000000004,2.0196000000000005
1.1771000000000003,1.1161
2.5514,1.8083
2.6534000000000004,2.0569
1.1728,1.1183
2.3115,1.8208
2.6791,2.5468
1.0122,1.0734
2.6186,1.7712
2.8058,2.2374
0.9383000000000001,1.0563
2.0236,1.7987000000000002
2.7258,2.06
1.3222000000000003,1.1969
2.2856,1.8144
2.9593000000000003,2.1617
1.2778000000000003,1.1837
2.0896,1.8071000000000002
3.0349,2.2155
1.6786,1.0787000000000002
2.1251,1.7424000000000002
2.8415000000000004,2.3562000000000003
1.3168000000000002,1.1648
2.3205,1.8658000000000001
2.6099,2.117
1.214,1.175
2.0275000000000003,2.7707
2.7148000000000003,2.446
0.9508,1.0901
1.9837000000000002,1.7426000000000001
2.6526,2.088
1.3054000000000001,1.1791
2.21,1.8203000000000003
2.8733,2.119
1.2137,1.1116000000000001
2.1736,1.9200000000000002
3.1316,2.1035000000000004
1.1504,1.1729
2.3188000000000004,1.9318000000000002
2.5967,2.1085000000000003
1.1346,1.074
2.3305000000000002,1.8387000000000002
2.8426000000000005,2.1496000000000004
1.1268,1.1313
2.0784000000000002,1.8421
2.9625000000000004,2.1057
1.1013000000000002,1.1197000000000001
2.1375,1.7506000000000002
2.9975,2.1164
1.6795,1.4692
2.1448,1.8375000000000001
3.0460000000000003,2.2263
1.1753,1.1248
2.2341,1.8037
2.8489999999999998,2.1637
1.2265000000000001,1.1805999999999999
2.5625999999999998,1.8656
3.0011,2.1242
1.2739,1.1349
2.1104000000000003,1.8156
2.9575,2.0457
1.2733,1.1637000000000002
2.3148,1.8625000000000003
2.8366000000000002,2.1768
1.1153,1.08
2.2853,1.7978
3.1333,2.1615
1.3045,1.142
2.3550000000000004,2.0500000000000003
2.6424,2.0811
1.1071,1.1300000000000001
2.7968,1.8100000000000003
2.8532,2.1189
1.5595,2.3016
2.2823,1.8231
2.82,2.0703
1.0653000000000001,1.0566
2.1580000000000004,1.7894
2.7067,2.3970000000000002
1.1245,1.1015000000000001
2.1781,1.8819000000000001
2.9157,2.0978
1.2176,1.1502000000000001
2.4614000000000003,1.7916
2.9159,2.1106000000000003
1.5562000000000002,1.5669000000000002
2.2057,1.8565
2.8085000000000004,2.0605
1.2731000000000001,1.1481
2.2337000000000002,1.7642
2.5094000000000003,2.023
1.078,1.0904
2.2731000000000003,1.8588
2.8525,2.0883
1.0517,1.0701
2.1973000000000003,2.7476000000000003
2.9988,2.1994000000000002
0.9686,1.1181
2.105,2.4973
2.9259000000000004,2.0696
1.1505,1.0868
2.2517,1.7639
2.7241,2.0818
1.1672,1.1074000000000002
2.0907,1.7991000000000001
2.6434,2.0506
1.3325000000000002,1.1471
2.081,1.7341000000000002
3.0423000000000004,2.1122
1.1144,1.0843
1.7586000000000002,1.6720000000000002
2.8917,2.3163000000000005
1.2052,1.1073000000000002
2.1217,1.768
2.8391,2.1245000000000003
1.0196,1.094
2.2594,1.8904000000000003
3.2469,2.1398
1.1365,1.1227
2.4423,2.0137
3.3073,2.3440000000000003
1.0861,1.1150000000000002
2.0546,2.7511
3.0079,2.1933
1.0841,1.0884
2.3544,1.9747000000000003
3.0900000000000003,2.1619
1.1150000000000002,1.2649
2.0606999999999998,1.7773
2.8693,2.0995000000000004
1.3506,1.1926
2.495,1.8395000000000001
2.8591,2.0996
1.0298,1.0739
2.3071,1.8451000000000002
2.8938,2.1179
1.1078000000000001,1.0978999999999999
2.181,1.7504
2.7719000000000005,2.0460000000000003
1.2609000000000001,1.1776
2.2831,1.7829
2.614,2.0394
1.2648000000000001,1.1459000000000001
2.2786,1.8023000000000002
2.7787,2.1358
1.1142,1.1314
2.3264,1.7842
2.8322,2.1249000000000002
1.119,1.1057000000000001
2.0286000000000004,1.7429000000000001
2.4317,2.0334000000000003
1.2486000000000002,1.1066
1.8761,1.7902
2.9414000000000002,2.1589
1.1795,1.1453000000000002
2.1866000000000003,1.8362
3.0757000000000003,2.1626000000000003
1.1771000000000003,1.1522999999999999
2.2289000000000003,1.8174000000000001
2.8597,2.1023
1.0384,1.0754
2.1924,1.8156
2.6560000000000006,2.0709999999999997
1.1893,1.3047
2.353,1.8709000000000002
2.7265,2.1556
1.3233000000000001,1.3176
2.1159,1.7719
2.7672,2.1098000000000003
1.0637,1.09
2.0489,1.8027000000000002
2.6371,2.098
1.0805,1.1547
2.6037,1.7756
3.0269000000000004,2.2053000000000003
1.1229,1.1493
2.3648000000000002,1.7983
2.7665,2.1219000000000006
1.2598000000000003,1.1648
2.1211,2.2659
2.8335,2.1615
1.1441000000000001,2.104
2.1838,1.7872000000000001
2.8448,2.1904000000000003
1.1761,1.1361
1.9576000000000002,1.747
3.1761000000000004,2.1593000000000004
1.0473000000000001,1.0366000000000002
2.4523,1.8193000000000001
3.1934000000000005,2.1343
1.0841,1.0749000000000002
2.1438,1.7682000000000002
2.7472,2.0462000000000002
1.2557,1.0839
2.3463,1.7707000000000002
2.8498,2.1317000000000004
1.0207,1.1108
2.2306,1.8662
2.8893,2.1432
1.0883000000000003,1.0702
2.0196000000000005,1.7989000000000002
3.7235,2.1564
1.1519,1.1184
2.0336,2.9725
3.2882000000000002,2.2222
1.1414000000000002,1.16
2.2741000000000002,1.8758000000000001
2.8317000000000005,2.0877
1.0406,1.0853
2.5100000000000002,1.8037
2.5477,2.0961
1.2483000000000002,1.102
2.4939000000000004,1.8145000000000002
2.6716,2.0854000000000004
1.1555,1.1303
2.4023,1.7604
2.6923000000000004,2.1399
1.1303,1.1012000000000002
2.2131,1.8166
3.1180000000000003,2.1755000000000004
1.0849,1.0794000000000001
2.1009,1.7371
3.0819,2.1631000000000005
1.1788,1.0964
2.4147000000000003,1.8435000000000001
2.7485,2.0762
1.1045,1.0987
2.5187,1.8641
2.2897,2.0125
1.2083000000000002,1.1179000000000001
2.0157,1.7187000000000001
2.8933999999999997,2.1365
1.217,1.1207
2.2673,1.8565
2.7318000000000002,2.1041000000000003
1.1509,1.1006
2.1823,1.8188000000000002
2.5166000000000004,2.3042000000000002
1.1546,1.0784
2.1477000000000004,1.8379
2.8823,2.1119000000000003
1.2374,1.1340000000000001
2.2183,1.8176
3.0904000000000003,2.1256
1.2111,1.1698000000000002
2.1967000000000003,1.8779000000000001
2.6341,2.0585
1.4537,1.0869
2.4619,1.9017000000000002
2.8097,2.1178
1.1372000000000002,1.086
2.3865000000000003,1.8616000000000001
3.1992000000000003,2.1405
1.1928,1.1274
2.9098,1.8265000000000002
3.0478,2.1465
1.0317,1.1037
2.406,1.8326000000000002
2.744,2.1671
1.181,1.3156
2.2907,1.8249000000000002
2.8008,2.1363000000000003
1.0686,1.1006
2.4145,2.8207
2.8440000000000003,2.0871
1.199,1.1585
2.4123,1.8524
2.8926000000000003,2.1372999999999998
1.0554,1.3666000000000003
2.3166,1.8097
3.2648,3.0613
1.4039,1.2027
2.426,1.8068000000000002
2.4766000000000004,2.1393000000000004
1.0725,1.116
2.0797000000000003,1.8179
2.9101,2.2078
1.0744,1.1075
1.8274000000000001,1.7709000000000001
2.8821000000000003,2.1296
1.2345000000000002,1.1090000000000002
2.4194,1.8937000000000002
2.7428,2.7824
1.142,1.1245
2.1203000000000003,1.7942000000000002
2.9356,2.0834
1.1708,1.112
2.2328,1.8709000000000002
2.7181,2.0296000000000003
1.1494,1.0808
2.7088000000000005,2.0385
2.5164000000000004,2.0319000000000003
1.3499,1.1756000000000002
2.3203,1.7986
2.6219000000000006,2.1351
1.0878,1.1334000000000002
2.5481000000000003,1.8764
2.8870000000000005,2.1546
1.0942,1.0867000000000002
2.2209,1.8462
3.0192,2.119
1.0356,1.1103
2.307,1.8176
2.6225,2.0716
1.0569000000000002,1.1655
2.3173,1.7825
2.7643000000000004,2.0594
1.0629000000000002,1.1081
2.0753,1.7511
2.8756000000000004,2.1416
1.1371,1.2011
2.4346,1.8717
3.0111,2.2074
1.1379000000000001,1.1089000000000002
2.3640000000000003,1.8376000000000001
2.5287,2.1209000000000002
1.1475000000000002,1.0995
2.1585,2.0494000000000003
2.7540000000000004,3.0406
1.1691000000000003,1.2236
2.0589000000000004,1.7708000000000002
2.8976,2.1656
1.0057,1.0629000000000002
2.275,1.9882000000000002
3.2112,2.1578
1.1263,1.1211
2.0806,1.9851
2.738,2.1103
0.9737000000000001,1.0456
2.3272000000000004,1.8925
3.0987000000000005,2.103
1.1078999999999999,1.1396000000000002
2.4142,1.9052000000000002
2.6443,2.3196000000000003
1.2624000000000002,1.1451
2.3897000000000004,1.8669
2.7005000000000003,2.0776000000000003
1.0293,1.0988
2.3398,1.8213000000000001
3.0144,2.1722
1.1078999999999999,1.1272
1.9873,1.7877
2.3681,1.9588999999999999
1.2267000000000001,1.1723000000000001
2.0692000000000004,1.8056
4.308,2.2527000000000004
1.1954,1.1729
2.0155,1.6716
2.6807000000000003,2.1636
1.0391000000000001,1.1308000000000002
2.2586,1.835
2.6472,2.0532000000000004
1.2925,1.2047
2.166,1.7978
2.9832,2.14
1.2058000000000002,1.1562000000000001
2.2369,1.7690000000000001
2.9075,2.1496000000000004
1.087,1.1467
2.1125000000000003,1.7229
3.2383,2.2022
1.1011,1.1176000000000001
2.2854,2.0446
3.3752,2.1602
1.2094,1.1392000000000002
2.3056,1.9069000000000003
2.9430000000000005,2.0835000000000004
1.2162000000000002,1.1253000000000002
2.2141,1.8041
2.4758000000000004,2.0097
1.2339,1.1343
2.2041,1.8836
2.6721000000000004,2.0177000000000005
1.2162000000000002,1.1159
2.4248,1.8511
2.9349000000000003,2.1937
1.133,1.1244
2.2815000000000003,1.8659000000000001
3.0407,2.2317
0.9896,1.0354999999999999
3.6461,2.762
3.1619,2.1950000000000003
1.0903,1.1545
2.2012,2.7525000000000004
2.5764,2.0782000000000003
1.2221,1.1413
2.3783000000000003,1.8869000000000002
2.5648000000000004,2.1550000000000002
1.1865,1.1443
2.5204000000000004,1.8314000000000001
3.1163000000000003,2.1182000000000003
1.1286,1.1809
2.4139,1.9065000000000003
2.7389,2.1277000000000004
1.056,1.111
2.1195000000000004,1.7795
3.2204,2.3138
0.9616,1.0767
2.3971999999999998,1.9948000000000001
5.195900000000001,2.1224
1.2668,1.1668000000000003
3.8534,3.1602
3.0545000000000004,2.3621000000000003
1.137,1.1375
2.2853,1.9796000000000002
2.9014,2.1961000000000004
1.0675000000000001,1.1013000000000002
2.2231,1.9384000000000001
2.4971000000000005,2.0997
1.1802000000000001,1.132
2.1139,2.7039
2.8879,2.1995
1.245,1.1775000000000002
2.275,1.8334000000000001
2.7993,3.0454000000000003
1.2476000000000003,1.1369000000000002
2.3661000000000003,1.8298
2.9398000000000004,2.1431
1.1703,1.1324
2.3207,1.7964
3.1517000000000004,2.1531000000000002
1.1604,1.1371
2.3475,1.9929000000000001
2.9939000000000004,2.2067
1.0404000000000002,1.0863
2.2056000000000004,1.8283000000000003
2.9532,2.1409000000000002
1.1253000000000002,1.0907
2.8332,1.8104000000000002
2.8134,2.0824000000000003
1.15,1.1181999999999999
1.9515,1.8647000000000002
2.765,2.0789000000000004
1.0968,1.1608
2.1507,1.7545000000000002
2.7451000000000003,2.1026000000000002
1.0753000000000001,1.093
2.2004,1.7475
2.9702,2.1244
1.2186000000000001,1.1569
2.2965,1.8104000000000002
2.9696000000000002,2.0986
1.2163,1.1075
2.1539,2.8916000000000004
3.1786000000000003,2.6276
1.1581,1.1261
2.3429,1.8299
2.5333,2.0685000000000002
1.1539,1.1017000000000001
2.1123000000000003,1.7753
2.8212,3.2726
1.2485,1.1484
2.4441,1.9026
2.8135,2.136
1.3269,1.3658000000000001
2.1322000000000005,1.7981000000000003
3.7061,2.1405
1.3983,1.1900000000000002
2.1315,1.7979
2.8503,2.1372
1.1083,1.0894000000000001
2.1769000000000003,1.7582000000000002
2.7044,2.1106000000000003
1.04,1.1458
2.3737000000000004,1.7697
2.9251000000000005,2.1411
1.1812,1.1451
2.2656,1.7548000000000001
2.7683,3.0023000000000004
1.0649000000000002,1.1232
1.8553,1.7077000000000002
2.6002,2.1103
1.2482000000000002,1.1159
2.3554,1.8056
2.7513000000000005,2.4309000000000003
1.3667,1.1588
2.3484000000000003,1.7988000000000002
2.7030000000000003,2.0388
1.1416,1.0848000000000002
2.2107000000000006,1.7233
2.5255,2.1457
1.0961,1.1919000000000002
2.2821,1.8652
2.7149,2.0829
1.2827000000000002,1.2256
2.1940000000000004,1.7566000000000002
2.8635,2.1124
1.5008000000000001,1.1461999999999999
2.0221,1.7774
2.5566,2.1212
1.2200000000000002,1.149
2.2848,1.8013000000000001
2.8847,2.1978
1.1583,1.0956000000000001
2.3838000000000004,1.8864
3.0408000000000004,2.1045
0.8438,1.0613000000000001
2.2215,1.8163
2.7525000000000004,2.1833
1.2443,1.1471
2.1234,1.8305
2.7996000000000003,2.1172
1.4813,1.2203000000000002
1.8209000000000002,1.7236
2.81,2.1107
1.3858000000000001,1.1316
2.0353000000000003,1.7995
2.5587999999999997,2.4416
1.2063,1.1099
2.3868,2.0695
2.8099000000000003,2.2036
1.2787,1.1409
2.5872,1.844
2.7868000000000004,2.0523
1.4003,1.1595000000000002
2.099,1.7632
2.5700000000000003,2.1079000000000003
1.2204000000000002,1.1356000000000002
2.0056000000000003,1.7494
3.0591000000000004,2.6786000000000003
1.1824000000000001,1.1171
2.446,1.8071000000000002
2.9046000000000003,2.1167
1.24,1.1708
2.5192,1.9783000000000002
3.3764000000000003,2.1323000000000003
1.2835,1.1833
2.0769,1.7815
2.8122000000000003,2.1865
1.2554,1.1568
1.9200000000000002,1.8469
2.8255000000000003,2.0541
1.0821,1.1087
2.2764,1.7639
2.6174000000000004,2.0719000000000003
1.3538000000000001,1.1679000000000002
2.145,1.8304
2.8754,3.0679000000000003
1.299,1.1143
2.1537,2.8102
2.9530000000000003,2.1590000000000003
1.1127,1.1555
2.6298000000000004,1.9223000000000001
2.737,2.0635000000000003
1.0293,1.0853
2.2135000000000002,1.8948
3.0182,2.1188000000000002
1.1832,1.1460000000000001
2.4539,2.2202
2.8206,2.1585
1.1797000000000002,1.142
2.1803,1.7808000000000002
2.5325,2.0745
1.0794000000000001,1.0907
2.2249000000000003,1.7443
2.6082,2.4152
1.1487,1.0769
2.4579000000000004,1.8126000000000002
2.8024,2.0732000000000004
1.1911,1.1516
1.9949,1.7863000000000002
2.6897,2.1679
1.1742000000000001,1.1195000000000002
2.3121,2.0894
3.0317,2.4273000000000002
1.1993000000000003,1.118
2.4076000000000004,1.9433
2.9114,2.0907
1.268,1.2033
2.0674,1.8266
2.9056,2.2972
1.0753000000000001,1.0729000000000002
2.9585000000000004,1.8713000000000002
2.8493000000000004,2.114
1.0617,1.1116000000000001
3.5332000000000003,2.7453
2.6490000000000005,2.1204
0.9924000000000001,1.1111
2.1197,1.7496
2.7098,2.1852
1.1166,1.1086000000000003
2.1428000000000003,1.8204
2.8857000000000004,2.1529000000000003
1.1591000000000002,1.1121
2.3649,2.9894000000000003
3.0847,2.1510000000000002
1.2315000000000003,1.1999
3.2961,1.8262
3.1127000000000002,2.1833
1.1263,1.1309
2.5397000000000003,2.2556
2.7078,2.0474
0.9108,1.0285000000000002
2.5013,2.7811000000000003
2.9056,2.136
1.2843000000000002,1.1883
2.4326,1.848
2.7379000000000002,2.0594
1.0734,1.1138000000000001
2.2264000000000004,1.9647000000000001
2.7178000000000004,2.0203
1.0663,1.0716
2.4127,1.8399000000000003
2.7768,2.0984000000000003
1.2814,1.1469000000000003
2.1871,1.8111000000000002
2.4557,2.0317
1.4509000000000003,1.1722
2.0863,1.7502000000000002
3.0962000000000005,2.0881000000000003
1.1784000000000001,1.0707000000000002
2.4199,1.9036000000000002
2.5606999999999998,2.0572
1.2497,1.1341
2.2823,1.7884000000000002
2.7438000000000002,2.1175
1.2024000000000001,1.1361
1.8870000000000002,2.7340000000000004
3.1988000000000003,2.224
1.0903,1.101
2.3294,1.9458000000000002
3.225,2.0963000000000003
1.2167000000000001,1.1148
2.4096,1.8997
2.6315,2.1463
1.1713,1.0848000000000002
2.043,2.7006
3.0589000000000004,2.1475999999999997
1.1440000000000001,1.1215000000000002
2.2246,1.9568000000000003
3.2744000000000004,2.1072
1.4151,1.2095
2.1023,1.8554000000000002
2.6263,2.0795000000000003
1.0492000000000001,1.1023
2.5162999999999998,1.8405
2.7642,2.1264000000000003
1.0719,1.1525
2.1471000000000005,1.7824000000000002
2.7851,2.1159
1.1097000000000001,1.0912000000000002
2.6845000000000003,2.1147
2.7882000000000002,2.1429
1.1496,1.1444
2.3684000000000003,1.8461
2.7135000000000002,3.1290000000000004
1.3097,1.1495000000000002
2.4351,1.8676000000000001
3.027,2.1611
1.2268000000000001,1.1386
2.3815,1.8502000000000003
2.6596,2.0972
1.0735000000000001,1.1059
2.1141,1.7999
2.6769000000000003,2.2354000000000003
1.1586,1.1229
2.2061,1.9056000000000002
2.7826,2.0852
1.0473999999999999,1.1141
2.1765,1.7805000000000002
2.7949,2.866
1.0710000000000002,1.1106
2.2578000000000005,1.8213000000000001
3.0726,2.1304000000000003
1.0299,1.1082
2.3559,1.7964
2.6759,2.0687
1.0983,1.1189000000000002
2.2633,1.7818
2.8817,2.0554
3.4687000000000006,1.1586
2.1910000000000003,1.7968000000000002
2.5994,2.249
1.4303000000000001,1.4196
3.2034000000000002,2.6931000000000003
3.0343,2.1611
1.2049,1.1575000000000002
2.7651000000000003,1.9024
2.56,2.0749
1.2826,1.1485
2.2984000000000004,1.7922
2.7558000000000002,2.0935
1.2100000000000002,1.1206
2.0544000000000002,1.9457
2.7438000000000002,2.0983
1.0902,1.1421000000000001
2.0022,1.704
2.6569000000000003,2.217
1.2608000000000001,1.1923000000000001
2.4304,1.8153000000000001
3.0128000000000004,2.1562
1.2793,1.1846
2.1946000000000003,1.8107000000000002
2.9204,2.1752
1.0864000000000003,1.2497
2.0753,1.7634
2.7541,2.0839
1.1247,1.1063
2.1912000000000003,1.8375000000000001
2.6798,2.0621000000000005
1.1955000000000002,1.1517000000000002
2.317,1.8997
3.3178,2.0371
1.0862,1.0998
2.6577,1.8861
2.9171,2.2089000000000003
1.1085,1.1003
2.2681000000000004,1.8437000000000001
3.0811,3.0731
1.2931000000000001,1.1515000000000002
2.4656000000000002,1.8301
2.9243,2.1036
0.9593,1.0444
2.49,1.7925
3.0965000000000003,2.1403
1.1577,1.0996000000000001
2.2669,1.907
2.7293,2.0694000000000004
1.2305000000000001,1.2033
2.4856000000000003,1.9041000000000001
2.9219000000000004,2.1671
1.2961,1.1498000000000002
2.5034,1.9011000000000002
2.8106000000000004,2.134
1.2515,1.2051000000000003
2.5466,1.8291000000000002
2.8962000000000003,2.1462
1.2073,1.4769
2.2588,1.7973000000000001
2.9446000000000003,2.1511
1.2246000000000001,1.0912000000000002
2.2412,1.7862000000000002
3.0701,2.2251000000000003
1.2671000000000001,1.1622000000000001
2.3125000000000004,1.8624
3.3632000000000004,2.1676
1.1159,1.1170000000000002
2.2255000000000003,1.7797
2.7919000000000005,3.1039000000000003
1.1127,1.1171
2.2728,1.7544000000000002
2.8350000000000004,2.1757
0.8162,1.0458
2.3074000000000003,1.7819
2.8810000000000002,2.1104000000000003
1.1532,1.1008
1.9923000000000002,1.8218
2.7821000000000002,2.1273
1.2457,1.1484
2.2254,1.7902
2.7988,2.0706
1.1945000000000001,1.1295000000000002
2.2241,1.8521
2.8108,2.1126
1.0946,1.0769
2.3747,1.7661
2.991,2.1590000000000003
1.2327,1.1096000000000001
2.4571,1.9758000000000002
3.4805,2.1057
1.2711000000000001,1.2937
2.3977,1.8422000000000003
2.9043,2.0908
1.3327,1.1993000000000003
2.4429,1.9134000000000002
3.0147000000000004,2.1414000000000004
1.2931000000000001,1.2236
2.0761,1.7878000000000003
3.0344,2.1393000000000004
1.229,1.1332
2.2860000000000005,1.8196
3.8023000000000002,3.1551
1.1184,1.1300999999999999
2.3588000000000005,1.8192000000000002
2.7878,2.1136000000000004
1.1247,1.1185
2.0227,1.8929
3.1974000000000005,2.1643
1.1716,1.1088
2.4656000000000002,1.7835
2.8641,2.1351
1.1153,1.0843
2.3438,1.868
2.7885,2.7119
1.0692,1.0627
2.2875,1.7902
3.0859000000000005,2.1950000000000003
1.1883,1.0915
2.1838,1.7964
2.4756,2.0807
1.1480000000000001,1.1012000000000002
2.2345,1.8277
2.8033,2.1418
1.018,1.0976
2.4619,1.77
2.7005000000000003,2.0673000000000004
1.2274,1.1874000000000002
1.9854,1.8543
2.9920000000000004,2.0944000000000003
1.1441000000000001,1.1098
2.1312,2.7265
2.7709,2.0977
1.1121,1.1051000000000002
2.0853,1.8585
2.6342000000000003,2.0954
1.0089000000000001,1.2445000000000002
2.4198,1.8186
2.4450000000000003,2.1061
1.2781,1.1319000000000001
2.1975000000000002,1.8211000000000002
2.6986000000000003,2.0716
1.2740000000000002,1.2515
2.3551,1.8028
2.5742,2.0648000000000004
1.2360000000000002,1.1058000000000001
2.0826,1.7750000000000001
2.8332,2.1559
1.1251,1.1261
2.2122,1.8036
3.153,2.405
1.1846,1.1252
2.0656000000000003,1.8275000000000001
2.8767000000000005,2.0908
1.0481000000000003,1.1167
2.1245000000000003,1.8565
2.7787,2.1332
1.1589,1.119
2.3512000000000004,1.7457000000000003
2.9503000000000004,2.1479000000000004
1.1569,1.1211
2.6993,1.7144000000000001
2.7866,2.1665
1.1599000000000002,1.1617000000000002
2.6983,1.8201
2.5614000000000003,2.0575
1.2023000000000001,1.1399000000000001
2.0170000000000003,1.7952000000000001
2.8965,2.1099
1.2343,1.1571
2.0875,1.9343000000000001
3.0035000000000003,2.1262
1.2196000000000002,1.1891
2.4834,1.8328000000000002
2.8986000000000005,2.2373000000000003
1.2463000000000002,1.1726
2.1799000000000004,1.7883
2.7050000000000005,2.1259
0.8815000000000001,1.0341
2.0391000000000004,1.8051
2.4290000000000003,2.0979
1.2702,1.1587
2.2645,1.7864
2.6765,3.0640000000000005
1.2502000000000002,1.1427
2.1624,1.7744000000000002
2.8866,2.1765
1.0207,1.0976
2.0425,1.7851000000000001
2.9597,2.1460000000000004
1.2023000000000001,1.1406
2.0658,1.7560000000000002
2.9765,2.0879000000000003
0.9761000000000001,1.0596
2.3839,2.0059
2.8388000000000004,2.1408
1.2201,1.1651
2.3749000000000002,1.9983000000000002
2.9619000000000004,2.2536
1.2244000000000002,1.1481
1.97,1.7124000000000001
2.7635000000000005,2.1069
1.7887,1.0998
2.4957,1.8719000000000001
3.0444,2.0864
1.1091,1.1475000000000002
2.4947000000000004,1.8442
2.7296,2.0315000000000003
1.2324,1.1708
2.1356,1.7533
2.8355,2.0772
1.0478,1.1580000000000001
2.1467,1.7681
2.9433000000000002,2.1153
1.1333,1.1093000000000002
2.1152,1.7673
2.8770000000000002,2.1064
1.1408,1.1175
2.1689000000000003,1.78
2.8043,3.0128000000000004
1.0204,1.1317
2.3575000000000004,1.8358
2.7649000000000004,2.3234000000000004
1.2082,1.1417000000000002
2.1466000000000003,1.8137
2.9446000000000003,2.2249000000000003
1.1545,1.1560000000000001
2.1096,1.9291000000000003
2.6617,2.1268000000000002
1.2225000000000001,1.1325
2.2117,1.7861
2.4178,3.1584
1.1334000000000002,1.1792
2.1774000000000004,1.9402000000000001
2.7611000000000003,2.1381
0.9567000000000001,1.036
2.2318,1.858
2.7921,2.1694
1.2091,1.1341
2.2538,1.7892000000000001
2.6179,2.0239
1.044,1.0645000000000002
2.287,1.853
2.7825,2.114
0.9437,1.0755000000000001
2.4231000000000003,1.8171000000000002
2.7802000000000002,2.1239000000000003
1.3962,1.1657
2.2144,1.7946000000000002
2.6820000000000004,1.9975
1.2784,1.1629
1.9417000000000002,1.7201
2.8906,2.1261
1.0763,1.0906000000000002
2.2243000000000004,1.8204
3.4378,2.1372
1.1131000000000002,1.151
2.2308000000000003,1.7987000000000002
2.7483,2.0753
1.1239000000000001,1.1142
2.2470000000000003,1.8546
2.5934,2.1308
1.139,1.1221
2.1381,1.8162
2.9391,2.04
1.336,1.1660000000000001
2.4292000000000002,1.8381
2.7566,2.0765000000000002
1.2205,1.1339
2.3324000000000003,1.8239
2.8846000000000003,2.1412000000000004
1.1466,1.1045
1.9648,1.7769000000000001
3.0442000000000005,2.0526000000000004
1.3489,1.1632
2.8527,1.9021000000000001
2.8738,2.0714
1.1622000000000001,1.1023
2.9003,1.8631000000000002
2.9898000000000002,2.0934
1.1712,1.1327000000000003
2.3818,1.8052000000000001
2.9323,2.096
0.9513,2.0124
2.3028000000000004,1.8444000000000003
2.7818,2.1145
1.203,1.1364
2.2791,1.7690000000000001
2.9346,2.127
1.0917999999999999,1.1193000000000002
2.5873000000000004,1.7560000000000002
2.7406,2.0696
1.0503,1.0934
2.8829000000000002,1.8448000000000002
3.0644,2.2718
1.04,1.1384
2.22,1.9227
2.8585000000000003,2.1363000000000003
1.0454,1.0695000000000001
2.3091,1.8213000000000001
2.7455000000000003,2.0663
1.1217,1.1437000000000002
2.2369,1.7669000000000001
2.8764000000000003,2.0945
1.1307,1.2850000000000001
2.6001000000000003,1.8053000000000001
2.7462000000000004,2.1078
1.0982,1.1171
2.3145000000000002,1.7970000000000002
2.8119,2.1846
1.1038000000000001,1.1820000000000002
2.3878000000000004,1.8402000000000003
2.6940000000000004,2.0989000000000004
1.0741,1.0843
2.4377,1.8786
2.8139000000000003,2.0471
1.3106,1.1205
2.2109,1.7805000000000002
3.1195000000000004,2.19
1.1045,1.0855000000000001
2.2363999999999997,1.8601
3.112,2.1695
1.3726,1.1558
2.1202,1.7872000000000001
3.1299,2.1245000000000003
1.2180000000000002,1.2229
2.1355000000000004,1.8963
2.9479,2.1297
1.0231000000000001,1.1723000000000001
2.265,1.9618
2.9303000000000003,2.1067
1.2179,1.0938
2.3198000000000003,1.7968000000000002
2.3952999999999998,1.9464000000000001
1.1416,1.1123
2.2181,1.8345000000000002
2.7459000000000002,2.3717
1.2218,1.1537000000000002
2.5496,1.7217
2.6759,2.092
1.1438000000000001,1.147
2.0709999999999997,1.7823000000000002
3.0149,2.1291
1.1445,1.1484
2.1868,2.0882
3.0038,2.1438
1.0246000000000002,1.0816000000000001
2.1222000000000003,1.7144000000000001
2.7416000000000005,2.1261
1.2084000000000001,1.1918
2.1552000000000002,1.7584
2.7946000000000004,2.132
1.1674,1.1133
2.3847,1.7978
3.1074,2.2417000000000002
1.0913000000000002,1.1087
2.099,1.824
2.9658,2.1605000000000003
1.0214,1.1234000000000002
2.3508,1.858
2.6100000000000003,2.0747
1.0545,1.1033
2.2041,2.7582
2.6156,2.0439
1.1552,1.1340000000000001
2.5648000000000004,1.9030000000000002
3.8373,2.1625
1.2362,1.1072
2.3923,1.8249000000000002
2.7471,2.2032000000000003
1.217,1.1139999999999999
2.1936,1.8548000000000002
3.2084,2.3685
1.1124,1.1518000000000002
2.2048,1.8249000000000002
2.6512000000000002,2.1284000000000005
1.1070000000000002,1.1037
2.2711,1.8747000000000003
2.7617000000000003,2.1391999999999998
1.0943,1.1047000000000002
2.6351,1.8655000000000002
2.661,2.1064
1.0618,1.2586000000000002
2.2222,1.7479000000000002
2.8536,2.0772
1.4186,1.1259
2.2670000000000003,1.8311000000000002
3.0654000000000003,2.1442
1.2367000000000001,1.1117
2.2485,1.7843000000000002
3.0182,2.2682
1.1494,1.1266000000000003
2.3562000000000003,1.9047
2.9468,2.2753
1.1104,1.1072
2.0812,1.8482
2.7478000000000002,2.1408
1.2471,1.1526
3.3164000000000002,2.6264000000000003
2.853,2.059
1.1417000000000002,1.2452
2.5109000000000004,1.8295000000000001
2.7183,2.1551
1.1235000000000002,1.0806000000000002
2.3141000000000003,1.8483000000000003
3.22,2.1319
1.0685,1.7416
2.3746,1.8321
2.7680000000000002,2.1185
1.2276,1.1415000000000002
2.4056,1.8896000000000002
2.7493000000000003,2.1297
1.1955000000000002,1.0823
2.1249000000000002,1.7673
2.7129000000000003,2.1424
1.1332,1.1211
2.3715,1.9648
3.6211,2.1014000000000004
1.0486,1.1147000000000002
2.4123,1.8762
3.2515,2.2162
1.0647,1.0796000000000001
2.2292,2.7916
3.2512000000000003,2.1446
1.1993000000000003,1.1521000000000001
2.1611,1.8959000000000001
2.9482000000000004,2.1108
1.1430000000000002,1.1141
2.0635000000000003,1.8611
2.8708,2.1948000000000003
1.1354000000000002,1.1163
2.2273,1.874
2.9795000000000003,2.4691
1.5510000000000002,1.0945
2.1719,1.8022
2.9138,2.3121
1.1348,1.0872
2.5243,1.8131000000000002
3.2291000000000003,2.058
1.0376,1.1034
2.0294000000000003,1.8116
2.8456,2.1478
1.2248,1.1881000000000002
2.3158000000000003,1.871
3.0099000000000005,2.1462
1.3361,1.1349
2.3961,1.8348000000000002
2.7423,2.0768
1.5152,1.1644
2.3033,1.8414000000000001
2.5764,2.0676
1.0275,1.0754
2.3338,2.5214
2.7022,2.1357
1.0848000000000002,1.0948000000000002
2.1191,1.8669
2.8438,2.1153
1.0146,1.0647
2.0565,1.7814
2.8521,2.1509000000000005
1.0338,1.0834
2.5055000000000005,2.3462
2.6534000000000004,2.0907
1.2953000000000001,1.1836000000000002
2.3328,1.7714
2.7792000000000003,2.1446
1.1354000000000002,1.1497
2.2348000000000003,1.8732000000000002
3.3681,2.2232000000000003
1.1565,1.1766
2.5618000000000003,1.8979000000000001
3.0195,2.1043
1.0208000000000002,1.076
2.1456,1.7613
3.1479000000000004,2.1139
1.1296000000000002,1.1224000000000003
2.4676000000000005,1.8633
2.8603,2.0707
1.0271,1.0971000000000002
2.2680000000000002,1.8368000000000002
2.8324000000000003,2.1713
1.4296,1.1817000000000002
2.4209,1.786
2.9364,2.1649
1.1580000000000001,1.1027
2.4967,1.8090000000000002
2.6349000000000005,2.0437000000000003
1.3688,1.1455
2.3473,1.8213000000000001
2.9887000000000006,2.4066
1.1586,1.2008
2.1075,1.8626
2.549,1.9935
1.036,1.0803
1.9813999999999998,1.7628000000000001
2.8231,2.0702000000000003
1.1428,1.0902
2.3521,1.8960000000000001
2.8417000000000003,2.145
1.1982000000000002,1.1431
2.3687,1.8101
2.8951000000000002,2.153
1.2118,1.1407
2.2171,1.7874
2.7394000000000003,2.2155
1.0765,1.0791000000000002
2.0004000000000004,1.7814
2.7879000000000005,3.0763000000000003
1.1136,1.1408
2.5573,1.9705
2.6991000000000005,2.0385
1.0167000000000002,1.1131000000000002
2.7472,1.8858000000000001
3.1264000000000003,2.1324
1.1460000000000001,1.0933000000000002
2.4426,1.9215
2.8964000000000003,2.1737
1.2567000000000002,1.1747
2.5429000000000004,1.7245000000000001
2.8467000000000002,2.1189
1.4018000000000002,1.1699
2.2254,1.8065000000000002
3.1595,2.2506000000000004
1.1596,1.0919
2.1972000000000005,1.8586000000000003
2.833,2.0723
1.0911,1.0856000000000001
2.3088,1.8853000000000002
2.7169,2.0398
1.2259,1.2099
2.1968,1.7499000000000002
2.7457000000000003,2.0768
1.3207000000000002,1.1014
2.0672,1.8066000000000002
2.7062000000000004,2.103
1.1502000000000001,1.1173000000000002
2.2849000000000004,1.7884000000000002
2.7142000000000004,3.0485
1.2156,1.1323
2.1635,1.8547000000000002
2.5718,2.3899000000000004
1.2247,1.1995
2.0886,1.8960000000000001
2.8073,2.6777
1.0532,1.1188
3.1989,1.7777
2.8974,2.2209
0.9126000000000001,1.0672000000000001
2.341,2.5809
2.8701,2.2084
1.0725,1.0655000000000001
2.2161,1.7480000000000002
2.9845,2.1238
1.1461999999999999,1.1724
2.3332,1.7909000000000002
2.837,2.7361
1.0487,1.1052
2.3933999999999997,1.8838000000000001
3.2329000000000003,2.1683000000000003
1.2236,1.1167
1.9778,1.7645
2.818,2.1334
1.1565,1.1588
2.1203000000000003,1.8207000000000002
3.1167,2.1385
1.2049,1.1324
2.6126,1.8698000000000001
3.3522,3.0350000000000006
1.0672000000000001,1.0699
2.5145000000000004,1.8490000000000002
2.7439,2.0924000000000005
1.1798000000000002,1.1176000000000001
2.285,1.7712
2.5219,2.0570000000000004
1.2684,1.1526
2.2506000000000004,1.8679000000000001
2.6563000000000003,2.1578999999999997
1.2019000000000002,1.1764
2.2469,1.8263
2.6616,2.0874
1.1917000000000002,1.1874000000000002
2.2538,1.8327
2.4873,1.9706000000000004
1.173,1.3082
2.2497000000000003,1.8184000000000002
2.7623,2.1130000000000004
1.1929,1.1408
2.2785,1.8125
2.9250000000000003,2.1988000000000003
0.9204,1.0496
2.2946,1.8145000000000002
4.3794,2.0901
1.2132,1.165
3.3149,4.0749
3.0610000000000004,2.1832000000000003
1.4535000000000002,1.2944
2.2729,1.8175000000000001
2.498,2.153
1.1632,1.0985
2.3774,1.8702
2.7206,2.0614000000000003
1.1966,1.1449
2.1621,1.7959
2.5178000000000003,2.1565
1.1512,1.1283
2.1933,1.8187000000000002
3.2907,2.2604
0.9746,1.1368
2.2487000000000004,1.8207000000000002
2.7941000000000003,2.1704000000000003
1.2006000000000001,1.1593
2.4008000000000003,1.8467000000000002
2.9529,2.1237
1.1166,1.098
2.1181,1.8029000000000002
2.7379000000000002,2.1563000000000003
1.1436,1.5449000000000002
2.2749,1.8379
2.8550000000000004,2.098
1.1407,1.1153
2.2425,1.9081000000000001
2.8120000000000003,2.1616
1.155,1.0846
2.5584000000000002,1.7316
2.9908,2.0882
1.2653,1.1789
2.4102000000000006,1.9797
3.6018,2.1374000000000004
1.2351,1.1573
2.323,1.8957000000000002
2.8678000000000003,2.1238
1.2831000000000001,1.1637000000000002
2.5289,1.8341000000000003
3.1917,2.1056
1.101,1.0973000000000002
2.2375000000000003,1.8658000000000001
2.7701000000000002,2.1954000000000002
1.1257000000000001,1.1416
2.0403000000000002,1.9154
2.8292,2.027
1.0701,1.0737
3.2505,2.7406
4.5332,3.0742
1.497,1.4379
2.9863000000000004,2.4343000000000004
3.9021000000000003,2.7518
1.2106000000000001,1.2596
2.1017,1.9205
2.7140000000000004,2.0869
1.1217,1.1424
2.559,1.8172000000000001
2.744,2.1197
1.2877,1.1261
2.6121,1.8291000000000002
2.6835,2.2027
1.1732,1.1142
2.4417000000000004,1.8121
2.8187,2.1709000000000005
1.2284000000000002,1.1098
2.3406,1.7791000000000001
3.0368,2.3656
1.1207,1.1201
2.3136,1.8232000000000002
2.7534,2.0922
1.1638,1.1479000000000001
2.1938999999999997,1.7712
2.6797,2.0892000000000004
1.3598,1.5644
2.2559000000000005,2.0797000000000003
2.9352,2.0945
1.288,1.1616
2.2430000000000003,1.7573
3.1455,2.1565
1.1905000000000001,1.1336
1.9815000000000003,1.7291
3.116,2.1532
1.1984000000000001,1.2501
2.0622000000000003,1.7631000000000001
2.7742,2.0803000000000003
1.1077000000000001,1.1201
2.0118,1.7194
2.9692000000000003,2.1162
1.0985,1.1257000000000001
2.3157,1.8344
2.8352,2.1509000000000005
1.3599,1.1845
2.1372999999999998,1.7653
4.196200000000001,3.0402000000000005
1.4212,1.6633000000000002
2.1866000000000003,1.8001
2.7210000000000005,2.1274
1.0151999999999999,1.1179000000000001
2.3839,1.8293000000000001
2.7025,3.927
1.1849,1.1191
2.1138000000000003,1.7324
3.0463,2.2393
1.1357000000000002,1.1295000000000002
2.1652,1.8058000000000003
3.317,2.1364
1.3410000000000002,1.1112000000000002
2.2265,1.7829
2.6557,2.1142000000000003
1.1805999999999999,1.1693
2.3418,1.8248000000000002
2.7075000000000005,2.1653000000000002
1.1513,1.1150000000000002
2.2006,1.8485
2.8365,2.2193
1.1846,1.1018
2.4354000000000005,1.7929
2.8166,2.1247000000000003
1.087,1.1122
2.3142,1.7721000000000002
2.9597,2.0989000000000004
1.1121,1.1039
2.5039000000000002,1.8759000000000001
2.9601,2.1260000000000003
1.106,1.131
2.0899,1.7475
2.8759,2.1451000000000002
1.1613,1.1388
2.3648000000000002,1.8149000000000002
2.7865,2.9748
1.2572,1.1452
2.1671,1.9880000000000002
2.8947000000000003,2.1277000000000004
1.2237,1.1993000000000003
2.4377999999999997,1.9728000000000003
2.8332,2.1117000000000004
1.2473,1.1493
2.4887,1.9486
2.8118000000000003,2.1264000000000003
1.1481,1.2467000000000001
1.9935,1.6905000000000001
3.0035000000000003,2.1327
1.1724,1.1138000000000001
2.4814000000000003,1.816
3.1201000000000003,3.0279
1.5053,1.2319000000000002
2.1008000000000004,1.7585000000000002
3.0551000000000004,2.2113
1.1174000000000002,1.0910000000000002
2.2781000000000002,1.7799
2.9819,2.829
1.0878,1.0766
2.4599,1.9432000000000003
2.7507,2.1088999999999998
1.2329,1.168
1.9568000000000003,1.7630000000000001
2.7527000000000004,2.3245
1.0811,1.1699
2.4602,2.0344
2.9852000000000003,2.1241000000000003
1.1061,1.1208000000000002
2.3915,1.8550000000000002
4.325900000000001,2.2423
1.1468,1.1443
2.3268,1.8431000000000002
3.1542000000000003,2.2698
1.1417000000000002,1.1188
2.2898,1.8808000000000002
2.5083,2.0518000000000005
1.2979,1.1973
2.1731000000000003,1.8541
2.7994,2.1165000000000003
1.0630000000000002,1.0943
2.2497000000000003,1.8182
2.8797,2.2518
1.2321,1.1994
2.0376000000000003,1.9775
2.7011000000000003,2.0711000000000004
1.1055000000000001,1.0865
2.1251,1.8397000000000001
2.8632000000000004,2.0985
1.2473,1.2256
2.5877,1.8807
2.9411000000000005,2.2133000000000003
1.0763,1.447
2.3981000000000003,1.8698000000000001
2.7586000000000004,2.1593000000000004
1.0194,1.1281
2.3232,1.9356000000000002
2.7041,2.1172
1.2113,2.8868
1.9947000000000004,1.7872000000000001
2.6055,2.0443000000000002
1.1894000000000002,1.1632
2.4058,1.7867
3.2256000000000005,2.2026000000000003
0.9847,2.1122
2.1125000000000003,1.7809000000000001
2.5579,2.0678
1.2275,1.1087
2.2118,1.7958000000000003
2.4936000000000003,2.0661
0.9163000000000001,1.0752000000000002
2.1082,1.7741
3.8358000000000003,2.079
1.177,1.1833
2.3221000000000003,1.7851000000000001
2.7860000000000005,2.1926
1.2619,1.1112000000000002
2.3083,1.8064
2.6886,2.1199
1.2253,1.1302
2.5879000000000003,1.8409000000000002
2.8503,2.1505
1.2239,1.15
2.4121000000000006,1.7815
3.6376000000000004,2.1543
1.1046,1.1002
2.4407,3.0899
2.7679,2.3529000000000004
1.1235000000000002,1.0872
2.0718,1.9415
2.7677,2.0913
1.0151999999999999,1.1258000000000001
2.4179000000000004,1.8038
2.9645,2.16
1.2497,1.1178000000000001
2.1659,1.8341000000000003
2.9913000000000003,2.1748000000000003
1.0385000000000002,1.1004
2.3184,1.8155000000000001
2.8807000000000005,2.1634
0.9653,1.0569000000000002
2.3288,1.86
2.8025,2.1741
1.1729,1.141
2.2704999999999997,1.8019
2.7683,2.0665
1.2793,1.2006000000000001
1.8306000000000002,1.6884000000000001
2.6697,2.1503
1.1052,1.1333
2.2144,1.8128
3.0721000000000003,2.1802
1.1708,1.082
2.0736,1.8439
3.5058000000000002,2.1041000000000003
1.1661,1.1376000000000002
2.1511,1.8863
2.8667000000000002,2.1621
1.2449000000000001,1.1123
1.9864000000000002,1.8147
2.9145,2.2479
1.0252,1.0832000000000002
2.2935,1.9941
2.9789,2.0853
1.1525,1.101
2.3104,1.7821
2.9578,2.1639000000000004
1.0675000000000001,1.1216000000000002
2.3616,1.7864
3.0709,2.0617
1.7850000000000001,1.1401000000000001
2.1041000000000003,2.8506
3.0564000000000004,2.1550000000000002
0.9862,1.3050000000000002
2.3389,1.7921
2.7631,2.1065000000000005
0.9823,1.1231000000000002
2.4036,1.8831000000000002
2.5358,2.0851
1.3465,1.1064
2.089,1.7507000000000001
2.8763,2.1906
1.0769,1.0927
2.2892000000000006,1.8286
2.9402,2.0944000000000003
1.1764,1.1118000000000001
2.3997,1.8496000000000001
2.8247000000000004,2.1626000000000003
1.0071999999999999,1.1145
2.3087000000000004,1.7566000000000002
2.7771000000000003,2.1112
1.4291,1.1569
2.065,1.7525000000000002
2.6854,2.1378
1.1761,1.1580000000000001
2.2114000000000003,1.7813
3.7554000000000003,2.116
1.8319,1.6606
2.0831,2.0953
3.5249,2.4954
1.0952000000000002,1.1557000000000002
2.0562,1.7265000000000001
2.6405,2.1381
1.2325000000000002,1.2066000000000001
2.331,1.843
2.9608,2.2312
1.1804000000000001,1.1831
2.4128000000000003,1.8785000000000003
2.8029,2.2389
1.1919000000000002,1.2018
2.2335000000000003,1.8046000000000002
2.9533000000000005,2.3849
1.1418000000000001,1.1377000000000002
2.0873000000000004,1.7954
2.8515,2.0547
1.1845,1.131
2.0961,1.8110000000000002
2.7998000000000003,2.3208
1.1905999999999999,1.1668000000000003
2.0818,1.8243
2.5905000000000005,2.2038
1.072,1.0874000000000001
2.994,2.1385
2.9936000000000003,2.1375
1.0532,1.0644
1.9253,1.6720000000000002
2.865,2.1267
1.0692,1.1127
2.1545,1.7237
2.4351,2.0868
1.0486,1.1871000000000003
2.1583,1.7574
2.7697000000000003,3.1301
1.2402000000000002,1.1789
2.2283000000000004,3.3533
3.4256,2.1458000000000004
1.2849000000000002,1.1495000000000002
1.9928000000000003,1.7578
2.9001,2.0225
1.2045000000000001,1.1285
2.2882000000000002,1.8586000000000003
2.9267000000000003,2.1742000000000004
1.2493,1.1134000000000002
2.3075,1.8731000000000002
2.6967000000000003,2.0698000000000003
1.2172,1.3104
2.2516000000000003,1.7955
2.5606,2.0518000000000005
1.0305000000000002,1.054
2.2398000000000002,1.8158
3.0714,2.1861
1.2918,1.1273000000000002
2.1927000000000003,1.8590000000000002
2.7737,2.0896
1.0956000000000001,1.1091
2.2174,1.7983
2.7508000000000004,2.103
1.2314,1.1212000000000002
2.2500000000000004,1.8507
2.8861000000000003,2.0946000000000002
1.2018,1.1992
2.4151000000000002,1.8504
3.5138000000000003,2.3013
1.1904000000000001,1.1316
2.2884,1.8205
3.0327,2.1225
1.0611000000000002,1.1179000000000001
2.1472,1.7301
2.8987000000000003,2.1693000000000002
1.3162,1.1371
2.4335000000000004,1.8607
2.7147,2.9251000000000005
0.9838000000000001,1.0769
2.1862,2.8702
2.8106000000000004,2.1344000000000003
0.9158000000000001,1.0672000000000001
2.2624000000000004,1.8283000000000003
2.8218,2.217
1.2672,1.1396000000000002
2.0338000000000003,1.7615
2.8243,2.0824000000000003
1.2116000000000002,1.3652
2.1414000000000004,1.8114000000000001
2.7301,2.0791
1.2327,1.1540000000000001
1.9961000000000002,1.7228
2.9322000000000004,2.1891000000000003
1.1924000000000001,1.1409
4.9861,1.8330000000000002
2.7029,2.3255000000000003
1.0722,1.0964
2.0966,1.8188000000000002
2.6432,2.0709
1.2136,1.1222
2.2274,1.7561
2.7792000000000003,2.0807
1.2981000000000003,1.7368000000000001
2.3445,1.8924
2.4273000000000002,2.0050000000000003
1.1800000000000002,1.0966
2.4516,1.8037
2.7664,2.9757000000000002
1.2319000000000002,1.1036000000000001
2.1159,1.799
2.7826,2.1008000000000004
1.1658,1.1358000000000001
1.9842000000000002,1.8864
2.8268,2.0969
1.1487,1.101
2.0953,1.7842
2.5724000000000005,2.0315000000000003
0.9848000000000001,1.1185
2.2631,1.8317
2.8069,2.1780000000000004
1.1354000000000002,1.1088
2.4859,1.8354000000000001
3.0050000000000003,2.2313000000000005
1.1038000000000001,1.1196000000000002
2.369,1.8115
2.7268000000000003,2.1084000000000005
1.2063,1.0963
2.2893000000000003,2.5382
3.3591,2.2447
1.3979000000000001,1.1931
2.2324,1.8001
2.8298000000000005,2.0703
1.1031000000000002,1.103
2.0998,1.7848
2.9213000000000005,3.0052
1.1519,1.1494
2.4224000000000006,1.8884
2.7874000000000003,2.0752
1.2764,1.1534000000000002
1.8843000000000003,1.7766000000000002
2.7004000000000006,2.0853
1.1396000000000002,1.1077000000000001
2.6134,2.1765
2.8238,2.0690999999999997
1.2703,1.1788
2.5143,1.8643
3.1419,2.1174000000000004
1.1304,1.1244
2.1743,1.7772000000000001
2.6913,2.1402
1.0325,1.2097
2.105,1.7868000000000002
2.5941,2.0741
1.0949,1.0996000000000001
2.1588000000000003,1.8288000000000002
2.8379,2.1151
1.0711,1.0814000000000001
2.5634,1.8166
2.4764,2.1203000000000003
1.1701000000000001,1.1283
2.2960000000000003,1.8196
2.7272000000000003,2.4755000000000003
1.6044000000000003,1.1153
2.1151,1.7761
2.8528000000000002,2.1549
0.9700000000000001,1.1147000000000002
2.2028,1.8748
2.8526000000000002,2.1654
1.1176000000000001,1.1505
2.1532,1.8204
3.1304000000000003,2.2109
1.1688,1.1652000000000002
2.2720000000000002,2.0226
3.036,2.1213
1.1304,1.112
2.3255000000000003,1.8386000000000002
2.8779,2.1362
1.1712,1.101
2.1795,1.8109
2.6468000000000003,2.1353
1.1731,1.1280000000000001
2.1645000000000003,1.8626
3.0421000000000005,2.1820000000000004
1.1429,1.1138000000000001
2.5406,2.0805000000000002
3.6143000000000005,2.1137
1.1895,1.0936000000000001
2.5612,1.8767
2.6454,2.0769
1.0506,1.0886
2.1311,1.7560000000000002
2.7789000000000006,2.0957000000000003
0.9419000000000001,1.1607
2.5283,1.8582
2.8645000000000005,2.0833000000000004
1.0977000000000001,1.1129
3.0311,1.7791000000000001
3.0349,2.2201
1.0227000000000002,1.0756000000000001
2.1052000000000004,1.7828000000000002
2.9906000000000006,2.1261
1.1805,1.1505
2.2124,1.8694
2.7549,2.8636
1.1708,1.1222
2.2365000000000004,1.8774000000000002
2.7779000000000003,2.251
1.1045,1.0872
2.2969,2.8561000000000005
2.6134,2.0261000000000005
1.1614000000000002,1.1985000000000001
2.2998000000000003,1.7737
2.8252,2.1978
1.2288000000000001,1.1498000000000002
2.0625999999999998,1.7744000000000002
2.7031000000000005,2.08
1.0929000000000002,1.1024
2.1826000000000003,1.8131000000000002
2.7457000000000003,2.1975000000000002
1.6270000000000002,1.0756999999999999
2.4559,1.8423
3.0398,2.2643000000000004
1.2234,1.1841
2.2707,2.0188
2.6916,2.2201
1.2159,1.1243
2.2009,2.1735
2.8591,2.1507
1.0616,1.1074000000000002
2.1641,1.7771000000000001
3.1847000000000003,2.2071
0.9994000000000001,1.0764000000000002
1.7882000000000002,1.7199000000000002
2.9381000000000004,2.1097
1.2644000000000002,1.1683000000000001
2.3840000000000003,1.8255000000000001
2.7936,2.1554
1.1115000000000002,1.1315000000000002
2.3265,1.8109
2.7442,2.0587999999999997
1.2093000000000003,1.1297
2.5143,1.7377
2.8009000000000004,2.5712
1.2254,1.1560000000000001
2.2668000000000004,1.8249000000000002
2.7902,2.1219000000000006
1.1838,1.1605
2.2521,1.7512
2.9646000000000003,2.1991
1.4578000000000002,1.1597
2.285,1.8445000000000003
2.7763,2.0947
1.2820000000000003,1.1531
2.2375000000000003,1.8200000000000003
3.0462000000000002,2.1808
1.1507,1.0706000000000002
1.9989000000000001,1.818
2.8984,2.1398
1.0713000000000001,1.0963
2.1538,1.8403
2.7803000000000004,2.1681
1.1856,1.1004
2.2132,1.8629
2.7437,2.1134
0.8721,1.0904
2.0091,1.8202
2.7346000000000004,2.1686
1.0844,1.0836000000000001
2.3457,1.9413000000000002
2.7797,2.1058000000000003
1.2349999999999999,1.1585
2.523,1.8178
2.5653,2.1082
1.0478,1.1391
2.48,1.8398
2.8009000000000004,2.0775
1.1886,1.1255
2.3161,1.8493000000000002
2.6381,2.0871
1.1045,1.1685
2.1069999999999998,1.7843000000000002
2.8988,2.0617
1.2857,1.2957
2.3183000000000002,1.8087000000000002
2.9286000000000003,2.1335
0.9513,1.2738
2.1123000000000003,1.7911000000000001
2.8870000000000005,2.1153
1.1794000000000002,1.1405
2.0414,1.7249
3.4290000000000003,2.1138000000000003
1.2930000000000001,1.0668000000000002
2.3081,1.7892000000000001
3.1147,2.1937
1.1396000000000002,1.0963
2.2144,1.7872000000000001
3.1782000000000004,2.1457
1.0842,1.1282
2.3399,1.8804
2.9078000000000004,2.3373
1.0867000000000002,1.1077000000000001
2.3008,1.8863
3.2533000000000003,2.1871
1.0066000000000002,1.0684000000000002
2.2232000000000003,3.0073
2.7425,2.079
1.2275,1.1692
1.9017000000000002,2.0699
2.7201,2.0725000000000002
1.3956000000000002,1.1851
2.3568000000000002,2.0386
2.8329,2.1066000000000003
1.342,1.1278
2.3652,1.9535
3.3708,2.1501
1.3365,1.2004000000000001
2.1782,1.8282
2.7520000000000002,2.1380000000000003
1.3592000000000002,1.1782000000000001
2.3144000000000005,1.8382
2.9852000000000003,2.0959
1.0689,1.0851000000000002
2.2989,1.7724000000000002
3.6436,2.1416
1.1318000000000001,1.1304
2.4618,1.8057
3.0172000000000003,2.1390000000000002
1.1668000000000003,1.169
2.137,1.7996
2.9758000000000004,2.2023
1.1398000000000001,1.0893000000000002
2.0547,1.7515
2.9792,2.1046000000000005
1.1984000000000001,1.1275
2.3894,1.8372000000000002
2.9406000000000003,2.1710000000000003
1.4594,1.1436
3.3424,1.9244
2.9452000000000003,2.1033000000000004
1.0782,1.0791000000000002
2.3148,1.7852000000000001
2.5571,2.0675000000000003
1.0241,1.1216000000000002
2.3667000000000002,1.7889000000000002
2.5340000000000003,2.1346
1.9389,1.1156
2.2434,1.9531
3.3746,2.0532000000000004
1.3628000000000002,1.0944
1.9810999999999999,1.7401
2.8401000000000005,2.1446
1.2049,1.1239000000000001
2.206,1.7955
2.6278,2.0867
1.2904000000000002,1.1292000000000002
2.3582,1.8942
2.7444,2.0357000000000003
1.1280000000000001,1.1034
2.4368000000000003,1.8409000000000002
2.8439000000000005,2.575
1.1265,1.0593
2.4013000000000004,1.7531
2.8186,2.0845
1.3257,1.1299000000000001
2.0875,1.8212
2.7084,2.0779
1.2891000000000001,1.1495000000000002
2.7017,1.8648
3.1712000000000002,2.188
1.0242,1.0895
2.3035,2.2950000000000004
2.8776,2.1108
1.1243,1.0929000000000002
2.4932000000000003,1.9177
3.0615,2.2422
1.1629,1.1069
2.0898000000000003,1.7417
2.8308,2.1291
1.1387,1.1039
2.0034,1.8034000000000001
2.8995,2.1323000000000003
1.1391,1.0968
2.2214,1.7810000000000001
3.2518,2.0568
0.9505,1.0534000000000001
2.0237000000000003,1.7141000000000002
2.7745,2.0761
1.2121,1.1291
2.3657,2.9876
2.8868,2.1042
1.2004000000000001,1.1693
2.1444,1.7774
2.8239,2.0623
1.1351,1.1446000000000003
3.8064,1.8495
2.8621000000000003,2.1357
1.2233,1.1384
2.0919000000000003,1.8414000000000001
2.8277,2.4065000000000003
1.0371,1.0926
2.1736,1.8294000000000001
2.6066000000000003,2.0429000000000004
1.1349,1.1002
1.9511,1.7771000000000001
2.6856000000000004,2.1260000000000003
1.2632,1.2386000000000001
2.081,1.8339
2.5581,2.154
1.1156,1.0884
2.2062000000000004,1.8027000000000002
3.3427000000000002,2.0719000000000003
1.3237999999999999,1.1879
2.2864,1.6924000000000001
2.7391,2.0681000000000003
1.0146,1.0917999999999999
2.1243,1.7236
2.9388,2.0966
1.0049,1.0548
2.1444,1.7669000000000001
2.8792,2.1662
1.2983,1.1369000000000002
2.3175,1.9101000000000001
2.8239,2.4311000000000003
1.1976,1.1502000000000001
2.1633,1.7701000000000002
2.4965,2.0884
1.2715,1.1226
2.1342000000000003,1.8582
2.7595,2.0866000000000002
1.1716,1.0729000000000002
2.2464,1.8658000000000001
2.9139,3.1862000000000004
1.093,1.0914
2.1445000000000003,1.7974
2.9767,2.134
1.0464,1.0513000000000001
2.1136000000000004,1.7781
2.7757000000000005,2.0712
1.2314,1.1845
1.9684,1.768
2.6388000000000003,2.0548
1.0006000000000002,1.059
2.0664,1.7746000000000002
2.8335,2.2638000000000003
1.0633000000000001,1.0851000000000002
2.4571,1.9101000000000001
2.8162000000000003,2.0831
1.1747,1.1283
2.652,1.945
2.8362000000000003,2.0815
0.9989,1.0829000000000002
2.8739,1.8193000000000001
2.9047,2.1466000000000003
1.0921,1.1057000000000001
2.1018,1.7826
2.3132,2.0126000000000004
1.2325000000000002,1.1250000000000002
2.6356,1.8181
2.6952,2.0227
0.9430000000000001,1.0653000000000001
2.4288,1.8305
3.0025000000000004,2.2469
1.3179,1.2739
2.431,1.9399
2.7445,2.0503
0.9683,1.0573000000000001
2.2077,1.7776
2.7614,2.1236
1.002,1.0685
2.4515000000000002,1.8277
2.5812,2.0928
1.249,1.1084
2.0949000000000004,1.8299
3.7715,2.3215000000000003
1.2938,1.1436
2.415,1.8253000000000001
2.7282,2.0958
1.0743,1.0851000000000002
2.2409,1.7643000000000002
2.8236000000000003,2.2957000000000005
1.0982,1.0949
2.3639,1.9251
2.7544,2.145
1.1661,1.1306
2.373,1.8961000000000001
2.5899,2.0979
1.4636,1.1052
2.0912,1.7970000000000002
2.9269000000000003,2.2055
1.0142,1.0773
2.2454,1.9145
3.1219000000000006,2.2327000000000004
1.1694000000000002,1.0974000000000002
2.2408,1.7635
2.4912,2.2167000000000003
1.1644,1.1831
2.3813000000000004,1.9316000000000002
3.053,2.0525
0.9625,1.1170000000000002
2.2312,1.8063
3.0733,2.3036000000000003
1.2224,1.1635
2.0867,1.7723
2.8781000000000003,2.059
1.1529,1.1429
2.3661000000000003,1.8470000000000002
2.7482,2.1014000000000004
1.2233,1.2088
2.3826000000000005,1.8118
2.7001,2.1217
1.1014,1.0485000000000002
3.0012000000000003,1.8339
2.7203,2.0938000000000003
1.2118,1.1152
2.1611,1.8850000000000002
2.6816999999999998,2.1049
1.1163,1.1039
2.1439000000000004,2.0011
2.9884,2.3453000000000004
1.123,1.0761
2.2138,1.8564
2.7195,2.1012
1.1615,1.1029
2.504,1.8311000000000002
2.9462000000000006,2.1965
1.1480000000000001,1.1181999999999999
2.3663,1.7999
2.8256,2.0923000000000003
1.3134000000000001,1.2032
2.1659,1.8171000000000002
2.8491000000000004,2.1822
1.2195,1.1216000000000002
2.0836,1.8722
3.6006,2.0865000000000005
1.0031,1.1086000000000003
2.3770000000000002,1.8445000000000003
3.3644,2.2113
1.0526000000000002,1.1308000000000002
2.0658,1.9136000000000002
2.6219000000000006,2.0711000000000004
1.1604,1.1527
2.2563,1.8204
2.946,2.1106000000000003
1.2080000000000002,1.1075
2.3263000000000003,1.7926000000000002
2.7102000000000004,2.1069999999999998
1.3058000000000003,1.2055
2.1290000000000004,1.814
2.9671000000000003,2.3592999999999997
1.0993000000000002,1.1048
2.1363000000000003,1.7924000000000002
2.8885,2.1585
1.3261,1.2018
2.3828,1.7742
2.761,2.0698000000000003
1.1229,1.4107000000000003
2.64,2.6092000000000004
3.0241000000000002,2.1182000000000003
0.9528000000000001,1.0766
2.1932,2.1092000000000004
2.6905,2.092
1.608,1.1497
2.2954,1.8218
2.6838,2.1009
0.9790000000000001,1.1098
2.2284,1.8574000000000002
2.7760000000000002,2.2059
1.1519,1.1255
2.1197,1.7835
2.8178,2.0856
1.0618,1.1129
2.2646,1.8089
2.8960000000000004,2.2297000000000002
1.0151999999999999,1.0803
2.3322,1.8152000000000001
2.6899,2.1362
1.0669,1.1293
1.8537,1.8969000000000003
3.1154,3.2251000000000003
1.2556000000000003,1.1498000000000002
2.2340000000000004,7.2533
2.8432,2.1809
1.1764,1.1455
2.2759,1.8095
2.5236,2.2019
1.0556,1.0799
2.0484,1.7713
2.7112,2.0757000000000003
1.2316,1.137
2.447,1.8892000000000002
2.8367,3.4108000000000005
1.3161000000000003,1.1526
2.2443000000000004,1.7972000000000001
3.5010000000000003,2.7055
1.1640000000000001,1.1388
2.2466,1.8363
2.9567,2.1611
1.1089000000000002,1.0947
2.3031,1.8263
2.8708,2.1298000000000004
1.2307000000000001,1.2346
1.8507,1.7357000000000002
2.6144000000000003,2.0954
1.2622,1.0912000000000002
2.3843,1.9489
2.8584,2.1532
1.1552,1.1097000000000001
2.2461,1.8774000000000002
2.5913000000000004,2.087
1.2162000000000002,1.1376000000000002
2.7520000000000002,1.9032
2.9027000000000003,2.161
1.0069000000000001,1.0921
2.2732,1.8282
2.5923000000000003,2.116
1.0911,1.0853
2.4096,1.8903
2.652,2.1288
1.3051,1.1202
2.3215000000000003,1.7937
2.6529000000000003,2.1888
1.3553,1.1713
2.5283,1.8951
2.8401000000000005,2.091
1.1355,1.1069
2.4068,1.822
2.9228,3.5483000000000002
1.0869,1.1129
2.3002000000000002,2.7552000000000003
3.0090000000000003,2.2018000000000004
1.0381,1.1123
2.322,1.8789000000000002
2.8849,2.0834
1.1488000000000003,1.1373000000000002
2.5139000000000005,1.7838
2.9274999999999998,2.0866000000000002
1.2907000000000002,1.1456000000000002
1.9602,1.7590000000000001
2.7906000000000004,2.1277000000000004
1.2003000000000001,1.2002
2.2689000000000004,1.9175000000000002
2.8561000000000005,2.0941
1.2151,1.1847
2.117,1.7783
2.7641000000000004,2.0435000000000003
1.0768000000000002,1.1145
2.2054,1.7725000000000002
2.7883,2.1019
1.0028000000000001,1.0931
2.2511,1.8825
3.7868000000000004,3.1998
1.2353,1.1814
2.3462,1.8103000000000002
2.7452,2.145
1.206,1.1289000000000002
2.1658000000000004,1.8457000000000001
2.5849,2.0836
1.0862,1.1392000000000002
2.0656000000000003,2.8772
2.5998,2.0755
1.1871000000000003,1.1846
2.9854,1.7768
2.9457000000000004,2.789
1.0924,1.0924
2.5027,1.8803
3.0023000000000004,2.2349
1.1298000000000001,1.0807
2.1148,1.8257
3.0897000000000006,2.4314
1.2093000000000003,1.1374
2.3878000000000004,1.8476000000000001
2.5707,2.2006
1.5353,1.1306
2.2906000000000004,2.0484999999999998
2.7978,2.0609
1.1489,1.1706
2.17,1.7963
2.6710000000000003,2.1100000000000003
1.1103,1.0987
2.3674,1.8111000000000002
2.8336000000000006,2.1274
1.2961,1.1255
1.9666000000000001,1.7460000000000002
2.771,2.0535
1.2313,1.1158000000000001
2.2016,1.7974
2.7545,2.0744000000000002
1.0278,1.0794000000000001
2.265,1.7777
2.6603,2.0770000000000004
1.1189000000000002,1.1136
2.3424,1.8902
2.951,2.1202
1.0639,1.1008
2.3156000000000003,1.8177000000000003
2.9136,3.019
1.1468,1.0781
2.4483,1.9186
2.7312,2.0798
1.2604,1.1491000000000002
2.2646,1.7668
2.7909,2.1091
1.0784,1.0917999999999999
2.1176000000000004,1.8294000000000001
3.1054000000000004,2.6415
1.1139999999999999,1.1161
2.4327000000000005,1.8143
2.8998,2.1257
1.2444000000000002,1.1588
2.0549,1.7123000000000002
2.654,2.0484
1.2509000000000001,1.1503
2.4692,1.8494000000000002
2.5643000000000002,2.0235000000000003
1.1928,1.1436
2.3772,1.8261000000000003
2.6527,2.1381
1.0627,1.0732000000000002
2.3227,1.8330000000000002
2.6877000000000004,2.051
1.5039,1.4076000000000002
2.0723,1.8913
3.031,2.1393000000000004
2.0773,1.1469000000000003
2.3574,2.6780000000000004
2.6205,2.0902
1.0086000000000002,1.0916000000000001
2.1322000000000005,1.923
2.8716000000000004,2.06
1.1756000000000002,1.1006
2.0924000000000005,1.7514000000000003
2.3978,2.1083
1.234,1.2092
2.1938,1.7536
2.8275,2.1166
1.2945,1.1221
2.2081,1.7734
2.8352,2.2439
1.1635,1.1215000000000002
3.7765000000000004,3.1196
2.7638000000000003,2.1574000000000004
1.4363000000000001,1.1622000000000001
2.0689,1.7744000000000002
2.7476000000000003,2.1054000000000004
1.391,1.1557000000000002
1.8685,1.7467000000000001
2.5793,2.7155
1.24,1.5176
3.3793,1.8975000000000002
2.8088,2.0904000000000003
1.1229,1.1495000000000002
2.4445,2.9650000000000003
3.096,2.2205000000000004
1.1183,1.1137
2.2226,2.144
3.0353000000000003,3.2798000000000003
1.2831000000000001,1.2693
1.8997,1.7782000000000002
2.7118,2.0901
1.1614000000000002,1.0737
2.1987,1.7910000000000001
2.8634000000000004,2.1953000000000005
1.0197,1.0732000000000002
2.2884,1.9508
3.8331000000000004,2.2133000000000003
1.3665,1.6855000000000002
2.4827,2.1215
4.576700000000001,3.374
1.1533000000000002,1.6894000000000002
3.3785000000000003,2.0402000000000005
3.1786000000000003,2.3701
1.2465,1.2972000000000001
2.2369,2.5483000000000002
3.7058000000000004,2.5909
1.2942,1.1779000000000002
3.5538000000000003,2.2277
3.1130000000000004,2.5723
1.3379,1.4394000000000002
2.4195,1.9437
3.0798,2.2306
1.0678,1.0964
2.1698,1.7995
4.9384,3.1905
1.1196000000000002,1.6354000000000002
2.3708,1.9566000000000001
2.9522000000000004,2.3566000000000003
1.1217,1.1315000000000002
2.2465,1.8063
2.8029,2.1917
1.1084,1.131
2.3552,1.7782000000000002
2.8885,2.0758
1.1903000000000001,1.0856999999999999
2.1553,1.758
2.6481,2.0284999999999997
1.0026,1.7982
2.3837,1.7982
2.7124,2.1220000000000003
1.5682,1.0688
2.5739,1.8874
2.7410000000000005,2.0713000000000004
1.3254,1.0836000000000001
2.1632000000000002,1.7609000000000001
2.9121000000000006,2.1339
1.2003000000000001,1.1658
2.1013,1.7193000000000003
3.036,2.1390000000000002
1.2585000000000002,1.1532
2.2791,1.8028
2.7835000000000005,2.0918
1.1632,1.1521000000000001
2.3018,1.83
3.1478,2.2049000000000003
1.2451,1.1338000000000001
2.257,1.7985000000000002
2.4115,2.1584
1.2325000000000002,1.139
2.509,1.8452000000000002
3.0947999999999998,2.1573
1.0140000000000002,1.0638
2.1061,1.7666000000000002
2.8091,2.2042
1.0698,1.0844
2.0542,1.7579000000000002
2.9952000000000005,2.3107
1.1853,1.1459000000000001
2.385,1.9342000000000001
2.8929000000000005,2.1708000000000003
1.1196000000000002,1.1369000000000002
2.19,1.7493
3.4398000000000004,2.153
1.2425000000000002,1.3428000000000002
2.0963000000000003,2.0915
3.078,2.1623
1.0287,1.155
2.1945,2.6598
2.8153,2.1749
0.9973,1.1332
2.4699,1.8090000000000002
2.9314000000000004,2.1235
0.9355,1.0559
2.4487,1.8872000000000002
3.4201,2.1588000000000003
1.2372,1.1192000000000002
2.4072,1.8976000000000002
3.2172000000000005,2.732
1.1361,1.0776000000000001
2.2735000000000003,1.8141
2.8464,2.4945000000000004
1.0573000000000001,1.1134000000000002
2.0953,2.2219
3.1577,2.0771
1.2868,1.1251
2.3954000000000004,1.9247
2.8106000000000004,2.0701
1.2403000000000002,1.2283000000000002
2.2600000000000002,1.858
2.8387,2.1049
1.0742,1.1179000000000001
2.2542,1.8441000000000003
2.479,2.0181
1.1395000000000002,1.1452
2.3583000000000003,1.8913
2.8722000000000003,2.1351
1.1993000000000003,1.1048
1.7836000000000003,1.6733000000000002
2.6847000000000003,2.0472
1.1923000000000001,1.1288
2.1363000000000003,1.7431
3.1265000000000005,2.1865
1.0469000000000002,1.1089000000000002
2.1242,2.5570000000000004
2.7098,2.2385
0.9998000000000001,1.1176000000000001
2.2578000000000005,1.8182
2.5788,2.0602000000000005
1.0809000000000002,1.1423
2.0181999999999998,1.7648000000000001
5.2481,2.1156
1.0315,1.102
2.1282,1.7443
2.8350000000000004,2.6254
1.1875,1.1128000000000002
2.3197,1.8007000000000002
2.9061,2.0584000000000002
1.1797000000000002,1.1348
2.1156,1.7333
3.0496000000000003,2.1448
1.2460000000000002,1.2152
2.1988000000000003,1.7926000000000002
3.1226000000000003,2.179
1.2323,1.1139999999999999
2.0618,1.7419
2.8204000000000002,2.0570000000000004
1.1403,1.177
2.2687000000000004,1.7818
2.8827000000000003,2.1642
1.1589,1.1395000000000002
2.1883000000000004,2.7396
2.8721,2.1681
1.2858,1.1217
2.5539,1.7718
3.1507,2.1675
1.1677,1.1646
2.1707,1.8311000000000002
2.9159,2.0645
1.1131000000000002,1.0787000000000002
2.1998,1.8073000000000001
2.5919000000000003,2.0656000000000003
1.0882,1.1403999999999999
2.2709,1.8234000000000001
2.9682000000000004,2.9082
1.2157,1.1154000000000002
2.2559000000000005,1.8334000000000001
2.9593000000000003,2.1245000000000003
1.0848000000000002,1.0576999999999999
2.3967000000000005,1.8373
2.948,2.1649
0.9711000000000001,1.0491000000000001
2.0265,1.7421000000000002
2.6746,2.9864
1.0247000000000002,1.1108
2.523,1.843
2.4289000000000005,2.0337
1.1398000000000001,1.2258
2.1981,1.8163
3.0461000000000005,2.1754000000000002
1.2394,1.2505000000000002
1.9705,1.7417
2.7821000000000002,2.1515000000000004
1.0669,1.0895
2.4571,1.8163
3.0755,2.3404000000000003
1.0777,1.1336
2.1012,1.7389000000000001
2.8387,2.3311
0.9495,1.1035000000000001
2.0547,1.788
2.686,2.0538000000000003
0.9034000000000001,1.0530000000000002
2.0585,1.7508000000000001
3.1258000000000004,2.1148
1.2496,1.1435
2.244,1.9605
2.9115,2.1443
1.1893,1.1029
2.3434000000000004,1.9033000000000002
2.8575000000000004,2.0916
0.9615,1.0642000000000003
2.2255000000000003,1.8315
2.8788000000000005,2.2219
1.1949,1.1154000000000002
2.1177,1.83
2.8750000000000004,2.1209000000000002
1.2924,1.1638
2.4699,1.8248000000000002
2.8963,2.1971
1.1747,1.8177000000000003
2.204,1.8289
2.903,2.119
1.2898,1.1354000000000002
2.2665,1.8097
2.9084000000000003,2.1824000000000003
1.1581,1.1387
2.4371,1.8823
2.9136,2.1398
1.2589000000000001,1.1619
2.052,1.7804000000000002
3.6654,2.1018
1.2215000000000003,1.1578000000000002
1.8777000000000001,1.6828
2.6863,2.0827000000000004
1.1589,1.1324
2.043,1.7251
2.9225000000000003,2.6342000000000003
1.1271,1.1537000000000002
2.2848,1.8590000000000002
2.8049000000000004,2.0849
1.0423000000000002,1.0745000000000002
2.3183000000000002,1.8212
2.9530000000000003,2.1321
1.3497000000000001,1.1710000000000003
2.2176,2.0761
2.7524,2.2264000000000004
1.1001,1.1051000000000002
2.3428000000000004,1.9372
2.6325000000000003,2.4684000000000004
1.356,1.1474
2.1917,1.7841
3.0058000000000002,2.2542
1.1119,1.1092
2.2606,1.8571000000000002
2.6977,2.2241
1.1442,1.1398000000000001
2.3681,1.8876000000000002
2.9001,2.6979
1.0982,1.1085
2.3706,1.8153000000000001
2.9617000000000004,2.1525000000000003
1.1467,1.092
2.1053,1.8143
2.6818000000000004,2.0773
1.0811,1.1138000000000001
2.0443000000000002,1.7866000000000002
2.8957,2.1276
1.4427,1.1465
2.4576000000000002,2.8915
2.7249000000000003,2.1794000000000002
1.0984,1.121
2.3519,1.8127000000000002
2.8878000000000004,2.2099
1.2215000000000003,1.4578000000000002
2.3457,1.9175000000000002
2.8662,2.1179
1.2351,1.1072
2.1316,1.84
2.7986,2.0998
1.3222000000000003,1.2366
2.2786,1.7790000000000001
2.8456,2.0855
1.1666,1.1771000000000003
2.2759,1.8634000000000002
2.7769,2.0945
1.2359,1.0885
2.3193,1.8622
2.8268,2.0826
1.0655000000000001,1.0638
2.2341,1.7766000000000002
4.0920000000000005,2.068
1.0342,1.0683
1.8498,1.6665
2.9541000000000004,2.2246
1.1394,1.1540000000000001
2.1192,1.7592
2.9288,2.0820000000000003
1.1087,1.116
2.2278000000000002,1.7732
2.8992,2.1669
0.8675000000000002,1.0816000000000001
2.2117,1.8233000000000001
2.672,2.0602000000000005
1.1648,1.1856
2.6820000000000004,1.863
2.993,2.1323000000000003
1.2973000000000001,1.1639000000000002
2.8844,1.8457000000000001
2.9649000000000005,2.1153999999999997
1.0730000000000002,1.1243
3.363,1.8531000000000002
2.9239,2.1935000000000002
1.0193,1.0789
1.9958000000000002,1.9349
2.7016,2.1812000000000005
1.1289000000000002,1.1101
2.3236000000000003,1.8837000000000002
2.9734000000000003,2.1112
1.2254,1.1736000000000002
2.0966,1.7613
3.0051,2.1613
1.1508,1.1278
2.0460000000000003,1.7719
3.1253,2.2128
1.0186000000000002,1.1127
2.1365,1.8363
3.1009,2.1380000000000003
1.3370000000000002,1.1534000000000002
2.1155000000000004,1.8458
2.8055000000000003,2.0744000000000002
1.2011,1.1433
2.2634,1.8030000000000002
2.7759,2.055
1.1119,1.0921
2.0885000000000002,1.7342000000000002
2.6434,2.1042
1.188,1.1067000000000002
3.3951000000000002,2.7372
3.1231,2.2815000000000003
1.0478,1.1066
3.1483000000000003,1.9443000000000001
3.0089,2.1481
1.1894000000000002,1.1543
2.2368,1.9634
2.7109,2.0557000000000003
0.9948000000000001,1.1152
2.2523,1.7998
2.809,2.0674
1.029,1.1606
2.1255,1.7921
2.7927000000000004,2.0774
1.1695,1.1382
2.3489,2.1465
2.9274999999999998,2.1043
1.2721000000000002,1.1456000000000002
2.1496000000000004,1.7552
2.6881,2.1145
1.0942,1.1435
2.1850000000000005,2.3015000000000003
3.9208000000000003,2.1489
1.3096,1.2201
2.3563,2.8156000000000003
2.8077,2.1702000000000004
1.1754,1.1346
2.2742,1.7558
2.8379,2.1125000000000003
0.9802000000000001,1.0827
1.9642000000000002,1.75
2.609,2.0340000000000003
1.0085000000000002,1.1078999999999999
3.0182,2.1425000000000005
2.6236,2.1543
1.1189000000000002,1.112
2.3226,1.8061000000000003
3.0031000000000003,2.2245000000000004
1.2604,1.1568
2.1391999999999998,1.8694
2.6839000000000004,2.0668
1.0398,1.0791000000000002
2.5177000000000005,1.8563000000000003
2.6967000000000003,2.1534
0.9174000000000001,1.1248
2.0442,1.8177000000000003
2.726,2.2401
1.3581,1.1747
2.2880000000000003,1.8314000000000001
2.7264000000000004,2.0921
0.9591000000000001,1.0791000000000002
2.0886,1.8702
2.6986000000000003,2.0476
1.2218,1.1519
2.2495000000000003,1.8241
2.7816,2.1050999999999997
1.2003000000000001,1.1348
2.2827,1.7713
3.1051,2.1886
1.0678,1.0822000000000003
2.1138000000000003,1.8165000000000002
2.8237,2.3306
1.2583000000000002,1.1304
2.2729,1.8169000000000002
2.6636,2.1276
1.3214000000000001,1.27
2.1693000000000002,1.7339
3.0332000000000003,2.1117000000000004
1.1463,1.1155000000000002
2.0582000000000003,1.8169000000000002
3.0604,2.2359000000000004
1.1003,1.1083
2.026,1.864
2.8876,2.1213
1.0716,1.1297
2.4208000000000003,1.7294
2.9434,2.1908000000000003
1.4916,1.2165000000000001
2.4257000000000004,2.9985000000000004
2.8936,2.1953000000000005
1.0431000000000001,1.36
2.0735,1.7594
2.5675000000000003,2.0657
1.3594000000000002,1.1995
2.1305,1.7369
2.6663000000000006,3.16
1.1339,1.1548
2.3816,1.8285
3.7953,2.0639
1.2004000000000001,1.1972
2.8327,3.2594000000000003
2.9856000000000003,2.2045000000000003
1.1229,1.1431
2.4971000000000005,1.9177
2.5852000000000004,2.1043
1.3331,1.1575000000000002
3.3482000000000003,2.0845
2.5671,2.4317
1.1789,1.1037
2.0572,1.845
2.9618,2.1009
1.0477,1.0810000000000002
2.478,1.7715
3.1867,2.2180000000000004
1.1365,1.108
2.2733000000000003,1.7505000000000002
3.2075000000000005,2.2149
1.1129,1.1279000000000001
2.1684,1.8248000000000002
2.6293,2.1027000000000005
1.2260000000000002,1.1415000000000002
2.1414000000000004,1.8111000000000002
2.604,2.9482000000000004
1.0987,1.0756999999999999
2.2401,1.8415000000000001
2.6029,2.0464
1.0791000000000002,1.0994000000000002
2.673,1.8477000000000001
2.9043,2.1425000000000005
1.0706000000000002,1.1013000000000002
2.3754,1.8185
2.8519,2.1220000000000003
1.0594000000000001,1.1385
2.2278000000000002,1.7615
2.7789000000000006,2.1713
1.116,1.1232
2.3443,1.7644000000000002
2.6009,2.1221
1.15,1.1129
1.9684,1.7938
3.011,2.1254
1.1237000000000001,1.1042
2.1668,1.7749000000000001
2.9007,2.1247000000000003
1.0970000000000002,1.1305
2.2264000000000004,1.8364000000000003
2.9379000000000004,2.1504000000000003
1.0542000000000002,1.1235000000000002
2.2108000000000003,1.817
2.7499,2.1928
1.3979000000000001,1.2166
2.2078,1.8449
2.6501,2.1449
1.1673,1.1124
2.1221,1.7608000000000001
3.0121,2.1489
1.0916000000000001,1.0737
2.0938000000000003,1.8004000000000002
3.2844,3.033
1.0425,1.1039
2.3603,1.9201000000000001
2.7704,2.1196
1.1198,1.1294
2.2411000000000003,1.7369
3.2207000000000003,2.1390000000000002
1.3207000000000002,1.1260000000000001
2.1493,1.7193000000000003
2.3795,2.067
1.1778000000000002,1.1192000000000002
2.103,1.7644000000000002
2.6365,2.0394
1.242,1.1442
2.1588000000000003,1.8005
2.8793,2.1571000000000002
1.0531000000000001,1.0971000000000002
2.1431,1.9235
2.8623000000000003,2.1645000000000003
1.0532,1.1196000000000002
2.3839,1.8493000000000002
2.7054,2.0504
1.2743000000000002,1.1589
2.3377000000000003,1.8239
2.8082000000000003,2.1153999999999997
1.116,1.1353000000000002
2.3135,1.8347
2.8212,2.1191
1.0921,1.1713
2.8981000000000003,1.8502000000000003
2.882,2.1956
1.12,1.1671
2.2234,2.9316000000000004
2.7749,2.1865
1.1323,1.0946
1.8758000000000001,2.0293
2.8181,2.1352
1.2317,1.1386
2.1390000000000002,1.7721000000000002
2.9348,2.2983000000000002
1.1501000000000001,1.0917000000000001
2.3840000000000003,1.8348000000000002
2.5263,2.0449
1.1512,1.2649
2.4239,1.8524
2.6916,2.0969
1.4026,1.3794
3.6025,2.7097
2.4396999999999998,1.9909000000000003
1.1520000000000001,1.1453000000000002
2.0660000000000003,1.8217
3.0557000000000003,3.1136000000000004
1.1607,1.1173000000000002
2.2936,2.8494
2.9257000000000004,2.1254
1.1388,1.1085
2.0847,1.7984000000000002
2.6482,2.0861
1.2291,1.9008
1.9069000000000003,1.7505000000000002
2.8985,3.1797
1.0698,1.0719
2.942,3.6398
3.0267000000000004,2.0981000000000005
1.3672,1.2100000000000002
2.2666,1.7464000000000002
2.8516000000000004,2.1869000000000005
1.0710000000000002,1.0942
2.1290000000000004,1.7686000000000002
2.6697,2.6665
1.1422,1.1232
2.3028000000000004,1.8254000000000001
2.9718999999999998,2.1065000000000005
1.2362,1.1453000000000002
2.2181,1.7942000000000002
2.8425,2.1605000000000003
1.3148000000000002,1.1928
2.2427,1.8388
2.8786,2.1109
1.0410000000000001,1.1003
1.9764000000000002,1.7372
2.8728,2.0936000000000003
1.0084,1.1127
2.3161,1.832
2.6548000000000003,2.0317
1.1963,1.1281
1.8751000000000002,1.7504
2.9101,3.065
1.2242000000000002,1.1567
2.1313,2.7027
2.8874,2.1337
0.8981000000000001,1.0484000000000002
2.3067,1.8399000000000003
2.9055,2.1269
1.2564000000000002,1.1430000000000002
2.2556,1.7560000000000002
2.8245,2.1044
1.1312000000000002,1.1071
2.0528,1.7913000000000001
2.6834000000000002,2.0882
1.2295,1.1315000000000002
2.0759000000000003,1.8004000000000002
2.8058,2.2247
1.1428,1.1054000000000002
2.0114,1.8089
2.8286000000000002,2.0856
1.0642000000000003,1.0993000000000002
2.408,2.1537
2.9621,2.2044
0.9507000000000001,1.0461
2.2720000000000002,1.9809000000000003
3.4707000000000003,2.1405
1.0376,1.0704
2.188,2.8876
2.9556,2.2046
1.0455,1.1013000000000002
2.3158000000000003,1.9454
3.1951,2.1319
1.1978000000000002,1.1621000000000001
2.4346,1.8263
2.7668000000000004,2.0526000000000004
1.0473000000000001,1.1266000000000003
2.5473000000000003,2.0064
2.673,2.6284000000000005
1.1533000000000002,1.09
2.5597000000000003,1.9056000000000002
2.5276,2.0323
0.9179,1.0495
2.4568000000000003,1.8824000000000003
2.8026,2.1356
1.2034,1.1212000000000002
2.1744,1.8197
2.9657000000000004,2.0938000000000003
1.1189000000000002,1.0689
2.0989000000000004,1.7712
2.6422000000000003,2.0736
0.9916,1.0454
2.1562,1.8119000000000003
2.6724,3.0872
1.1834,1.1008
2.2674000000000003,2.2501
2.7044,2.172
1.0255,1.132
3.353,2.6034
2.6343,2.0613
1.1293,1.0625
2.1323000000000003,1.8182
3.0170000000000003,3.1246000000000005
1.1438000000000001,1.1247
2.1686,1.8146000000000002
2.5498000000000003,2.1163000000000003
1.1017000000000001,1.1369000000000002
2.4177,1.9576000000000002
3.0408000000000004,2.1267
1.2452,1.1749
2.1024,1.9429000000000003
2.7629,2.1285000000000003
1.0301000000000002,1.0565000000000002
2.2403000000000004,1.8338
2.9305000000000003,2.0712
1.1444,1.1325
2.1854999999999998,1.7524000000000002
2.8480000000000003,2.0919000000000003
2.1076,1.1008
2.4562,1.8293000000000001
2.8442000000000003,2.8033
1.0283,1.1070000000000002
2.2499,1.8294000000000001
3.1811000000000003,2.1168000000000005
1.2568,1.1702000000000001
2.3492,1.8657000000000001
2.8858,2.0917000000000003
1.201,1.1583
2.1871,1.786
2.9361,2.1145
1.2804000000000002,1.177
2.3186999999999998,1.7662000000000002
2.8208,2.1013
1.0788,1.1758
2.3828,1.8458
2.7697000000000003,2.1221
0.9383000000000001,1.0603000000000002
2.091,1.7928000000000002
2.7721,2.1059
1.1274,1.8609000000000002
2.2336,1.8185
2.8234000000000004,2.1158
1.0226,1.0877000000000001
2.4223,2.2018000000000004
2.9436,2.1108
1.2362,1.1534000000000002
2.1085000000000003,1.7785000000000002
2.6699,2.1513
1.3028,1.1961000000000002
2.2404,1.8005
3.3755,2.1352
1.2959,1.1580000000000001
2.201,1.786
3.1881,2.2300000000000004
1.1300999999999999,1.0884
2.2148000000000003,1.7681
3.0718000000000005,2.1275
1.0627,1.0873
2.2997,1.8759000000000001
3.6477000000000004,2.1515000000000004
1.0644,1.1244
2.088,1.9594
3.3713,2.2447
1.1266000000000003,1.1233
2.6515000000000004,7.7845
2.5648000000000004,2.0732000000000004
1.2191,1.1232
2.1949,1.8246
3.0378000000000003,2.2418
1.0410000000000001,1.0845
3.1670000000000003,1.84
2.9323,2.1129000000000002
1.2843000000000002,1.4641000000000002
2.2437,1.7974
3.0046,2.2462000000000004
1.3383000000000003,1.2768
2.2348000000000003,1.8252000000000002
3.0922,3.4431000000000003
1.1710000000000003,1.1923000000000001
2.2969,1.8035
3.1306000000000003,2.1269
1.0971000000000002,1.1062
2.0799,1.8044
2.6412000000000004,2.063
1.2020000000000002,1.2285
2.2341,1.7858
2.8939,2.1856000000000004
1.229,1.1422
2.2803000000000004,1.7915
2.9146,2.1206000000000005
1.1657,1.0962
2.3317000000000005,1.8037
2.7368,2.0836
1.3754000000000002,1.2787
2.1409000000000002,1.9203000000000001
2.9974000000000003,2.0994
1.1203,1.1065
2.2606,1.8289
2.5936000000000003,2.0759000000000003
1.3401,1.1279000000000001
2.101,1.824
2.4718,2.0014
1.1334000000000002,1.1024
1.9883000000000002,1.9375000000000002
2.8307,2.2419000000000002
1.2534,1.1599000000000002
2.128,1.7769000000000001
2.8796000000000004,2.0975
1.0737999999999999,1.1472000000000002
2.2038,1.8438
2.9200000000000004,2.1156
1.1699,1.137
2.1864000000000003,2.9881
3.3452,2.0621000000000005
1.6466,1.1092
2.2827,1.987
3.0955000000000004,2.0856
1.1258000000000001,1.1245
2.3141000000000003,1.9066
2.7894,2.079
1.2277,1.1395000000000002
2.1284000000000005,1.8968
3.7039000000000004,2.3057
1.2666000000000002,1.1705
2.0446,1.7979
2.8373,2.2003
1.1448,1.1239000000000001
2.3494,1.7836000000000003
3.6271000000000004,2.1252000000000004
1.1178000000000001,1.1092
2.3913,1.7659000000000002
2.9367,2.1060000000000003
1.1836000000000002,1.0939
2.63,1.9923000000000002
2.8369000000000004,2.1179
1.1096000000000001,1.1807
2.0063,1.7641000000000002
2.6214000000000004,2.0436
1.0642000000000003,1.1996
2.0829,1.8239
2.8537000000000003,3.103
1.083,1.1276000000000002
2.095,2.7484
2.4725,2.0861
1.2375,1.1261
2.4530000000000003,1.8324
2.6229,2.0318000000000005
1.2054,1.1094
2.2990000000000004,1.7725000000000002
3.0066,2.1267
1.0347000000000002,1.1070000000000002
2.2752000000000003,3.1938
2.9357,2.1763
1.2622,1.9591
2.2879,1.8144
3.4405000000000006,2.1309000000000005
1.7835,1.2027
2.1290000000000004,1.7825
2.9629,2.1467
1.0944,1.1376000000000002
2.3362000000000003,1.8811000000000002
2.9094,2.3709
1.1229,1.1132000000000002
2.1366,1.9310000000000003
3.4213000000000005,2.1283
1.1261,1.1159
2.2714000000000003,1.9111000000000002
3.8696000000000006,2.5533
0.8761000000000001,1.0455
2.3184,1.8183
2.8707000000000003,3.0170000000000003
1.0702,1.0975000000000001
2.1854,2.7167000000000003
2.7722,2.1055
1.1641000000000001,1.1655
2.6445000000000003,1.9301000000000001
2.9132000000000002,2.0754
1.0967000000000002,1.1356000000000002
2.6797,1.9525000000000001
2.6766000000000005,2.0915
0.9429000000000001,1.046
2.4554,1.8747000000000003
3.0891,2.2468000000000004
1.163,1.1046
2.0210000000000004,2.3425
3.0656000000000003,2.9173000000000004
1.1445,1.1326
2.0677,2.0487
3.0221,2.2503
1.1419000000000001,1.1151000000000002
2.0129,1.7747000000000002
2.9843,2.2983000000000002
1.1893,1.1715
2.3223000000000003,1.8209000000000002
2.5518000000000005,2.0603000000000002
1.1325,1.124
2.3188000000000004,2.9018000000000006
2.7620999999999998,2.0758
1.0554,1.062
2.4491,1.9581
3.0007,2.2348000000000003
1.0712,1.0924
2.3686000000000003,1.8974
2.6629,2.0383000000000004
1.3212,1.1346
2.3599,1.8235000000000001
3.0659000000000005,2.4108
1.1956,1.1665
2.6003000000000003,1.9836000000000003
2.7132,2.1433000000000004
1.2021,1.1291
2.1632000000000002,1.8614
2.935,2.248
1.1711,1.2158000000000002
2.5008,1.8751000000000002
2.8805,2.0862000000000003
1.2245000000000001,1.1881000000000002
2.0971,1.7731000000000001
2.5874,2.1196
1.2611,1.1777
2.3005,1.8081000000000003
2.7099,2.1348000000000003
1.1046,1.0928000000000002
2.3392,1.8519
2.7164,2.0805000000000002
1.1234000000000002,1.15
3.0161000000000002,1.7835
2.6956,2.1382000000000003
1.1599000000000002,1.1443
2.5280000000000005,1.8467000000000002
2.9147000000000003,2.1296
1.1129,1.1107
2.7546000000000004,1.7931000000000001
2.6181000000000005,2.0928999999999998
1.1781000000000001,1.1002
2.3001,1.8062000000000002
2.9631000000000003,2.1634
2.1664000000000003,1.1252
2.1258000000000004,1.8948
2.7954,3.7638000000000003
1.1486,1.1056
2.2612,1.845
3.0206,2.1254
1.0697,1.0746
2.2138,1.7608000000000001
2.7308000000000003,2.1215
0.9871000000000001,1.0849
2.2546000000000004,1.7502000000000002
3.0331000000000006,2.1949
0.8811,1.0321
2.24,1.8721
2.7433,2.1391999999999998
1.1335000000000002,1.0885
2.1794000000000002,1.7556000000000003
2.9583,2.2346000000000004
1.1150000000000002,1.0982
2.1942000000000004,1.7617000000000003
2.9189000000000003,3.0161000000000002
1.0798,1.1309
2.1758,3.0839000000000003
3.1762,2.1266000000000003
1.8253000000000001,1.1509
2.1407000000000003,1.8050000000000002
2.8639000000000006,2.1767000000000003
1.1871000000000003,1.0937
2.1798,1.7907000000000002
2.9272,3.1247000000000003
1.1128000000000002,1.1291
2.0761,3.5433
2.7949,2.2328
1.3538000000000001,1.1751
2.3918000000000004,1.8269
2.5930000000000004,1.9949
1.1417000000000002,1.095
2.2612,1.7834
2.8064,2.1416
1.1877,1.0990000000000002
2.282,1.8203000000000003
2.6463,2.1099
1.2033,1.1548
2.2598000000000003,2.0189
3.0035000000000003,2.1432
1.042,1.0509
2.1921000000000004,1.8179
2.9659,2.1261
1.0254,1.0966
2.1835999999999998,1.7699
2.9641,2.1345
1.7498000000000002,1.0874000000000001
2.1957,2.7437
3.9655000000000005,3.0609
1.3181,1.1961000000000002
2.3139000000000003,1.9023000000000003
2.6417,2.1031999999999997
1.2775,1.1429
2.3789000000000002,1.7399000000000002
2.7384000000000004,2.0860000000000003
1.271,1.1501000000000001
2.4404,1.8269
2.805,2.1576
1.0316,1.0793000000000001
2.2187,1.9255000000000002
2.8975000000000004,2.1544000000000003
1.1177000000000001,1.1054000000000002
2.5422000000000002,1.8737000000000001
3.0336,2.3160000000000003
1.1620000000000001,1.1815
2.2378000000000005,1.889
2.7958000000000003,2.0934
1.0569000000000002,1.0851000000000002
2.3122,1.8275000000000001
2.7532000000000005,2.1293
1.3407,1.1884000000000001
2.1155000000000004,1.8009
2.8141000000000003,2.1167
1.209,1.1355
2.2078,1.8642
2.6737,2.1747000000000005
1.1882000000000001,1.5974000000000002
2.3876,1.8567000000000002
3.2316000000000003,2.2047
1.2498,1.1304
2.3306,1.8381
2.8498,2.3669000000000002
1.0764000000000002,1.0917000000000001
2.4293,1.7858
2.7082,2.1361000000000003
1.2993,1.1538
2.1626000000000003,1.8343
2.7682,2.1283
1.012,1.0515
2.2613,2.0073
2.6674,2.0743000000000005
1.2013,1.1813000000000002
2.1921000000000004,1.7732
2.9018000000000006,2.1164
1.0090999999999999,1.0502
2.1868,1.7604
3.0502000000000002,2.1631000000000005
1.2261000000000002,1.1104
2.4062,1.8514
2.5037000000000003,2.0814000000000004
1.0269000000000001,1.0792
2.8554,1.822
2.9281,2.1194
1.2610000000000001,1.175
3.0353000000000003,1.9152000000000002
2.7357,2.0912
1.0414,1.191
2.3375000000000004,2.8299000000000003
2.9439,2.144
1.1209,1.1451
3.3509,1.8437000000000001
2.7417000000000002,2.1470000000000002
1.0883000000000003,1.16
2.3137000000000003,1.8112
2.7973,3.2748
1.2742,1.0924
2.1205,1.7254000000000003
3.0516,2.1679
1.278,1.1364
2.1169000000000002,1.76
2.6204,2.0825
1.1128000000000002,1.0827
2.1954000000000002,2.0503
2.6692,2.0872
1.2185000000000001,1.1617000000000002
2.0079,1.7211
2.7995000000000005,2.1874
1.0591000000000002,1.1119
2.2818,1.9048
2.9361,2.063
1.0835000000000001,1.1318000000000001
2.4279,1.8840000000000001
3.0215000000000005,2.1157000000000004
1.0829000000000002,1.0838
2.2835,2.5129
2.6994000000000002,2.0678
1.2542,1.1804000000000001
2.2991,1.8593000000000002
2.8679,2.0776000000000003
1.0589,1.0802
2.35,1.7073
2.8851000000000004,3.0592
1.2155,1.1539
2.3276,1.8930000000000002
2.6072,2.0368
0.9430000000000001,1.0863
2.0698000000000003,1.9731000000000003
3.1934000000000005,2.2378000000000005
1.1509,1.1011
2.3803,1.8275000000000001
2.7584000000000004,2.132
0.9155000000000001,1.0716
2.3859000000000004,1.8848
2.5953,2.1207000000000003
1.1818,1.1164
2.2524,1.7611
3.2766,2.2106
1.1358000000000001,1.1205
2.2046,1.7831000000000001
2.6498000000000004,2.0878000000000005
1.3444000000000003,1.1893
2.2011000000000003,1.8128
2.5745,2.0479000000000003
1.1353000000000002,1.1064
2.1807000000000003,2.0897
2.7795,2.1403
1.2446,1.1074000000000002
2.3354,1.7791000000000001
2.5252,2.065
1.0649000000000002,1.1373000000000002
2.0028,1.7443
2.9136,3.0505000000000004
1.0964,1.1302
2.2004,1.8485
2.7278000000000002,2.1104000000000003
1.1560000000000001,1.1269
2.3532,1.8404
3.0472,2.1766000000000005
1.2243,1.1480000000000001
2.2143,1.798
2.5872,2.0587999999999997
1.2259,1.1283
2.4474,1.856
2.7075000000000005,2.0820000000000003
1.2774,1.1431
2.2105,1.9006
2.9381000000000004,2.0939
1.1225,1.1215000000000002
2.5975,1.8662
2.8093000000000004,2.1547
1.1566,1.1102
2.2182,1.8590000000000002
2.6187000000000005,2.0557000000000003
1.1405,1.1446000000000003
2.0358,1.8448000000000002
2.3916000000000004,2.027
1.0733000000000001,1.1227
2.3858,1.7878000000000003
2.8601,2.0935
1.3049000000000002,1.0874000000000001
2.063,1.7647000000000002
2.6383,2.0943000000000005
0.9932000000000001,1.0361
2.4675000000000002,1.8129000000000002
2.6568,2.0734
1.1281,1.0887000000000002
2.5823,1.8672
2.8142,2.0994
1.0589,1.1166
2.4287,1.7833
3.5065,2.4752000000000005
1.0519,1.1155000000000002
2.2561,1.8471000000000002
2.6634,2.0515
1.1596,1.1303
2.2722,1.7814
3.6118,2.1568
0.9869,1.0564
2.2636000000000003,1.8541
3.0358000000000005,2.1788000000000003
1.0526000000000002,1.0572000000000001
2.2825,1.8262
3.0524000000000004,2.176
1.1540000000000001,1.1666
2.6842,1.7989000000000002
2.8677000000000006,2.1101
1.0818,1.12
2.1746,1.7697
2.9918,2.1672000000000002
1.0613000000000001,1.0822000000000003
2.2301,1.7652
2.9430000000000005,2.1634
1.0797,1.1589
2.2365000000000004,1.9277
3.4361,2.0854000000000004
1.1826,1.1339
2.3617,2.7745
3.1748000000000003,2.172
1.0176,1.0654
2.915,1.8432000000000002
2.9851,2.1627
1.0581,1.0853
2.2325,1.8035
3.9689,3.0199000000000003
1.1083,1.157
2.1478,1.8071000000000002
2.6624,2.1591
1.1207,1.1183
2.3975000000000004,3.0333
3.0555,2.0449
1.1433,1.0984
2.3680000000000003,1.8437000000000001
3.0565,2.1672000000000002
1.0999,1.0974000000000002
2.1586000000000003,1.8410000000000002
2.9749000000000003,3.1390000000000002
1.1351,1.1386
2.1403,2.8420000000000005
3.0591000000000004,2.0969
1.3236,1.1827
2.1938,1.7727000000000002
3.3529000000000004,2.1260000000000003
1.1943000000000001,1.1583
2.6753000000000005,1.8916000000000002
2.9913000000000003,2.062
1.0824,1.1422
2.2791,1.7109
2.7927000000000004,2.0928999999999998
1.1929,1.3673000000000002
2.3231,1.8166
2.7958000000000003,2.0843000000000003
1.1495000000000002,1.1361
2.3875,1.8936
2.6396,2.2755
1.3194000000000001,1.1501000000000001
2.3269,1.9501000000000002
2.8619000000000003,2.1815
1.1102,1.1077000000000001
2.3089,1.9569
3.1954000000000002,2.1383
1.2963,1.1473
2.2643000000000004,1.8031000000000001
4.2251,2.1985
1.2105,1.1239000000000001
2.2647,2.5501
2.9706,2.2059
1.1877,1.1358000000000001
2.49,1.8077
3.1383,2.1868
1.3699000000000001,1.1757
2.2792000000000003,1.7977
2.542,2.0836
1.0646,1.163
2.3895,1.9109
2.8833,2.1363000000000003
1.1041,1.1096000000000001
2.5003,1.8704
2.5522,2.0861
1.0121000000000002,1.0793000000000001
2.3728,1.8085000000000002
2.9991000000000003,2.3307
1.1463,1.1423
2.2601999999999998,1.7837
2.7086,2.0411
1.1511000000000002,1.1345
1.9909000000000003,1.6942000000000002
2.8328,2.1472
1.1591000000000002,1.1111
2.0297,1.7771000000000001
2.7452,3.0692000000000004
1.2559,1.2012
2.4211,1.7770000000000001
2.7183,2.0739
1.123,1.3548000000000002
1.9977000000000003,1.7266
2.941,2.2322
1.2417,1.1143
2.1362,1.8029000000000002
2.8536,3.0937
1.1755000000000002,1.0883000000000003
2.686,3.341
2.729,2.7291000000000003
0.9833000000000001,1.0591000000000002
2.0336,1.7727000000000002
2.9572000000000003,2.1381
1.4158,1.1685
2.251,1.7485
3.0992,2.1055
1.1622000000000001,1.1530000000000002
2.4266,1.8146000000000002
2.9153000000000002,3.3507000000000002
1.3581,1.1614000000000002
2.1206000000000005,1.7606000000000002
2.9507000000000003,2.7651000000000003
1.1624,1.1431
2.2778,1.7787
2.8733,2.1087000000000002
1.2611,1.1385
2.2800000000000002,1.879
3.2821000000000002,2.1896000000000004
1.1855000000000002,1.1161
2.2879,1.8193000000000001
2.7279,2.1561000000000003
1.2433,1.1785
2.3867000000000003,1.8527
2.7473,2.0821
1.2518000000000002,1.1422
2.5024,3.2776000000000005
2.8391,2.0464
1.2379000000000002,1.1711
2.2285,1.8289
2.6068000000000002,2.0646
1.2246000000000001,1.8978000000000002
2.5875,1.8817
3.1535,2.2281000000000004
1.3298,1.1345
2.0804,1.7968000000000002
3.0661,2.1087000000000002
1.17,1.1177000000000001
2.2760000000000002,1.9076000000000002
3.0333,2.0526000000000004
1.0675000000000001,1.1329
2.2212,1.8189
3.4065000000000003,2.1419
1.2179,1.1215000000000002
1.9578,1.7112000000000003
2.6333,2.0945
1.1295000000000002,1.1545
2.2107000000000006,1.7931000000000001
2.6803,2.0487
1.1174000000000002,1.2198
2.1873,1.7834
2.7149,2.1094
1.481,1.0959999999999999
2.0897,2.7915
2.8903000000000003,2.1736
1.1892,1.1425
2.4947000000000004,1.8569
2.8125000000000004,2.1460000000000004
1.8529000000000002,1.1015000000000001
2.1662,1.9513000000000003
2.3301000000000003,2.0207
1.0969,1.0869
2.3123,1.8496000000000001
3.0746,2.1403
1.1216000000000002,1.2205
2.3163000000000005,1.8185
2.9607,2.0882
1.1499000000000001,1.1347
2.6369000000000002,1.8225
2.8156000000000003,2.1707
1.2696,1.0926
2.1694,1.7635
2.5114,2.0716
1.1651,1.1226
2.0882,1.8785000000000003
2.6670000000000003,2.0922
1.0893000000000002,1.0981
2.1122,1.7333
2.9698,2.2231
1.1785,1.0949
2.2456,1.8536000000000001
2.6903,2.0668
1.0741,1.1812
2.3127,1.79
2.6562,2.1394
1.1607,1.0928000000000002
2.0928999999999998,1.7389000000000001
2.8711,3.3183000000000002
1.2812999999999999,1.2749000000000001
2.4266,1.8132000000000001
3.0759000000000003,2.1771
0.9921000000000001,1.0547
2.5914,1.9182000000000001
2.5610000000000004,2.0191000000000003
1.0098000000000003,1.0928000000000002
2.3809,1.8413000000000002
3.0525,2.1057
1.0375,1.0819
2.0819,1.7723
2.7687000000000004,2.1384
1.2463000000000002,1.1225
2.1462,1.7539
2.8813000000000004,2.2382999999999997
1.0656,1.0957000000000001
2.2114000000000003,1.8012000000000001
2.9639,2.4655
1.1274,1.1147000000000002
2.1075,1.7704000000000002
3.1698000000000004,2.2759
1.1315000000000002,1.1101
2.4326,1.8344
2.6641,2.8019
0.9729000000000001,1.0961
1.9951999999999999,1.8443
2.8246,3.0914
1.1229,1.0893000000000002
2.3159,2.235
2.957,2.16
1.0287,1.1508
2.0122,1.7209
2.6154,2.1785
1.0995,1.0904
2.2636000000000003,1.7934
2.7087,2.2469
1.1532,1.1748
2.3194,2.0055000000000005
2.802,2.0764
1.1801000000000001,1.1394
2.3904,1.7697
3.1158,2.1665
1.1332,1.1147000000000002
2.3045999999999998,1.7908000000000002
2.9358,2.1293
0.8991,1.0625
2.0684,1.7554
2.7518,3.0579
1.1269,1.1569
2.0212000000000003,3.4017
2.6282,2.0459
1.1998,1.0996000000000001
2.5757000000000003,1.9396
2.8123,2.0862000000000003
1.1982000000000002,1.1890000000000003
2.2115,1.8690000000000002
2.9308000000000005,2.1713999999999998
1.1402,1.1126
2.2441,2.6231
2.8468,2.2497000000000003
1.2485,1.1827
2.0558,1.7654
2.9539,2.2361
1.3365,1.1219000000000001
2.1128,1.7818
3.3393,2.0403000000000002
1.0299,1.0781
2.1333,1.8431000000000002
2.8279000000000005,2.0956
1.0308000000000002,1.1017000000000001
2.2124,1.7476000000000003
3.9393000000000007,2.242
1.044,1.1062
2.1391,2.3648000000000002
3.2381,2.1529000000000003
1.2806,1.1494
2.2827,1.8831000000000002
2.6984,2.1416
1.1326,1.1249
2.305,1.8330000000000002
3.0457,2.1961000000000004
1.1286,1.0743
2.3443,2.8657
2.9358,2.2043000000000004
1.2852000000000001,1.1513
2.1712000000000002,1.8772000000000002
3.0004000000000004,2.2241
0.9897,1.0795000000000001
2.1914000000000002,1.7755
2.9258,2.2011000000000003
1.2211,1.1181
1.9712000000000003,1.7605000000000002
3.3017000000000003,2.2503
1.1272,1.0867000000000002
2.3765,2.8510000000000004
2.7111,2.1183
1.0486,1.1227
2.0457,1.9415
2.6322000000000005,2.2741000000000002
1.0426,1.1107
2.3635,1.8422000000000003
3.0255,2.1292
1.1361,1.0826
2.4915000000000003,1.8532000000000002
2.9863000000000004,2.1696000000000004
1.1705,1.0809000000000002
2.5567,1.9216000000000002
2.7405000000000004,2.5849
1.1572000000000002,1.2338000000000002
2.1642,1.7345000000000002
3.0172000000000003,2.2015000000000002
1.1551,1.1087
2.1508,1.8386000000000002
2.7390000000000003,2.0939
1.177,1.1551
2.13,1.8336000000000001
3.0182,3.0440000000000005
1.3309000000000002,1.1676
1.9690000000000003,2.5101000000000004
2.8045999999999998,2.1571000000000002
1.5067000000000002,1.1534000000000002
1.9154,1.7167000000000001
2.6723000000000003,2.1486
1.2422000000000002,1.1566
2.0822000000000003,1.8052000000000001
2.9997000000000003,2.1532
1.2936,1.1710000000000003
2.4106,1.955
2.8469,2.1008000000000004
1.2640000000000002,1.1369000000000002
2.7444,1.7804000000000002
3.0382000000000002,2.1501
0.9657000000000001,1.0934
2.385,1.8172000000000001
2.8326000000000002,2.0812
0.9407000000000001,1.0462000000000002
2.3887,2.2709
2.9223,2.3386
1.0917000000000001,1.0666
2.3806000000000003,1.8301
2.8618,2.0864
1.1427,1.1013000000000002
2.0926,1.7849000000000002
3.0926,2.1096
1.1417000000000002,1.1446000000000003
2.1358,1.9259000000000002
2.9823000000000004,2.9097000000000004
1.1747,1.1599000000000002
2.0740000000000003,1.8803
2.9417000000000004,2.1546
1.2187000000000001,1.139
2.2311,1.844
2.8632000000000004,2.1319
1.1742000000000001,1.1411000000000002
2.1745,1.879
2.7743,2.0789000000000004
0.9315,1.0709
2.3171000000000004,1.8043000000000002
2.8572,2.2663
1.0822000000000003,1.1181
2.2316000000000003,1.8053000000000001
3.0416000000000003,2.1155000000000004
1.1138000000000001,1.0723
2.1072,1.7709000000000001
2.5734,2.0728999999999997
1.4519000000000002,1.1707
2.1805000000000003,2.5622000000000003
2.7684,2.0838
1.1685,1.1707
2.3497000000000003,1.8109
2.8436000000000003,2.096
1.0983,1.2818
2.1425000000000005,1.7272
2.7246,2.0926
1.1466,1.0726000000000002
2.5902,1.8476000000000001
3.0537000000000005,2.1529000000000003
1.092,1.0903
2.2185,1.8125
2.7575,2.1543
1.4115,1.1697000000000002
1.6697000000000002,1.7829
3.0926,2.1358
1.2321,1.1385
2.2205000000000004,1.7531
2.9249,2.1147
1.1090000000000002,1.1189000000000002
2.5422000000000002,1.8301
2.7246,2.2171
1.1934,1.1119
2.2623,1.8185
2.9356,2.1008000000000004
1.2426000000000001,1.1002
2.0795000000000003,1.7630000000000001
2.6439000000000004,2.0787
1.1916000000000002,1.1091
2.1552000000000002,1.7859000000000003
2.7531,2.0728999999999997
1.0413,1.0882
2.374,1.8452000000000002
3.2054,2.1416
1.0349000000000002,1.1426
2.4092000000000002,1.8096
3.1433000000000004,2.1708000000000003
1.2836,1.1499000000000001
2.3898,1.8581
2.7317,2.1005
1.2682000000000002,1.1807
2.3815,2.0963000000000003
2.7618,2.0872
1.2398,1.1728
2.1581,1.7832000000000001
2.9991000000000003,2.2656
1.2992000000000001,1.2063
2.2306,1.7889000000000002
2.8562000000000003,2.0730000000000004
1.1893,1.0886
2.3060000000000005,1.8227
2.7827,2.1493
0.9685,1.0876
2.6711,1.9341000000000002
2.7478000000000002,2.0989000000000004
1.0411000000000001,1.0861
2.3656,1.8092000000000001
2.7669,2.5066
1.1415000000000002,1.1212000000000002
2.3564000000000003,1.822
2.5777,2.2237000000000005
1.3178,1.1548
2.078,2.1297
2.7561,2.4274
1.1625,1.1111
2.1153999999999997,1.7963
2.7778,2.2211000000000003
1.0678,1.1297
2.1137,1.7832000000000001
2.9426,2.1582000000000003
1.0433000000000001,1.0737
2.2822000000000005,1.8797000000000001
2.7601,2.1122
1.1332,1.09
2.3622,1.8166
2.8387,2.2169
1.2438,1.1722
2.3822,1.8986
4.1452,2.0928999999999998
1.1820000000000002,1.1178000000000001
2.238,2.0482
2.8274000000000004,2.19
1.2214,1.1108
2.7204,1.8351000000000002
2.8765,2.1998
1.0961,1.1081
2.3159,1.8038
3.0882,2.2295000000000003
1.2207000000000001,1.1181999999999999
2.4507000000000003,2.5778000000000003
2.7318000000000002,2.1174000000000004
1.0166000000000002,1.0855000000000001
2.2990000000000004,1.8644000000000003
2.7498,2.0625
1.0119,1.0892
2.5895,1.8775
2.697,2.1378
1.1129,1.085
2.0943000000000005,1.8136
2.6009,2.0688
1.1522000000000001,1.1481
2.5569,1.8219000000000003
2.9432,2.1212
1.2001000000000002,1.139
2.6035000000000004,1.8263
2.5754,2.0640000000000005
1.113,1.1242
2.0385,1.737
3.1115,2.1494
1.1134000000000002,1.0856000000000001
1.9079000000000002,1.7282
2.8362000000000003,2.1365
1.1863000000000001,1.121
2.1274,1.7815
2.8932,2.1558
1.0994000000000002,1.1535
2.1862,1.8039000000000003
2.7089000000000003,2.1403
1.2611,1.1639000000000002
2.4615,1.8861
4.1826,2.0824000000000003
1.4905000000000002,1.1238000000000001
2.3334,1.8569
2.6620000000000004,2.3219
1.2096000000000002,1.0851000000000002
2.1591,1.8118
2.9532,2.474
1.0173,1.0927
2.5402000000000005,2.0371
3.015,2.1276
1.2038000000000002,1.1214
2.3888,1.7815
2.8697000000000004,2.2276000000000002
1.17,1.1709
2.1316,1.8115
2.9574000000000003,2.1667
1.1340000000000001,1.1103
2.9955000000000003,1.7858
2.7199000000000004,2.0732000000000004
1.1056,1.1203
2.3201000000000005,1.8003
2.7225,2.0759000000000003
0.9606,1.1567
2.5758,1.9199000000000002
2.9145,2.1358
0.9307,1.0533000000000001
2.2835,1.8603
2.8727,3.2454
1.3308,1.29
2.1948000000000003,1.8191000000000002
3.0180000000000002,2.1356
1.116,1.1451
2.1873,1.8945
3.1855,2.2156000000000002
1.7933000000000001,1.1672
2.7042,1.8214000000000001
2.7301,3.0444
1.4719000000000002,1.1012000000000002
2.1489,2.7362
2.9043,2.0966
1.2042000000000002,1.1399000000000001
2.143,1.8102
2.7779000000000003,2.1171
1.2732,1.237
2.451,1.8014000000000001
3.1795,2.1591
1.244,1.1272
2.0462000000000002,1.7414
2.8239,2.1387000000000005
1.3134000000000001,1.1327000000000003
2.2334,1.8015
3.0435000000000003,2.0905000000000005
1.2179,1.1456000000000002
2.1673,1.7904000000000002
4.3257,2.0744000000000002
1.0978,1.1119
2.3139000000000003,1.8335000000000001
2.9916,2.4717000000000002
1.1737000000000002,1.7263000000000002
2.1105,1.7761
2.8119,2.1467
1.1423,1.1153
2.2466,1.8601
2.9245,2.1271000000000004
1.1045,1.0865
2.4867,1.9126000000000003
3.0663,2.2003
1.0812,1.0843
2.2514000000000003,2.8160000000000003
2.7507,2.1759
1.0802,1.1162
2.2588,1.7958000000000003
2.9876,2.2608
1.139,1.1061
2.5061000000000004,2.1961000000000004
2.7682,2.0743000000000005
1.2144,1.1107
2.2993,1.7722
2.8716000000000004,2.0915
1.1166,1.0992
2.1950000000000003,1.7855
2.7477,2.0995000000000004
1.1755000000000002,1.0815
2.7254,1.8860000000000001
2.8091,2.1126
1.0802,1.2533
2.3255000000000003,1.85
2.6157000000000004,2.0673000000000004
1.29,1.1627
2.1776,1.7657
2.8085000000000004,2.0768
1.0086000000000002,1.0808
2.3547,1.8752
2.8906,2.1717
1.0672000000000001,1.0914
2.4588,1.7801000000000002
2.8299000000000003,3.0089
1.1304,1.1311000000000002
2.3262,1.8358
2.8096,2.1389
1.0495,1.095
2.3561,1.7781
2.748,2.0882
0.9635,1.1499000000000001
2.0338000000000003,1.7698000000000003
2.7953,2.1172
1.0430000000000001,1.1268
2.4678,1.8655000000000002
3.4669000000000003,2.0756
1.1201,1.0917999999999999
2.2558000000000002,1.8538000000000001
2.6337,2.1323000000000003
1.1595000000000002,1.1033
2.4165,1.8143
3.0571,2.2522
1.1445,1.0878
2.4751,1.8546
2.7401,2.206
1.0496,1.0890000000000002
2.1617,1.7589000000000001
2.8644,2.1556
1.1365,1.1332
2.3403,2.3169000000000004
3.2172000000000005,2.1634
1.2204000000000002,1.1403
2.2237000000000005,1.7884000000000002
2.7623,2.2379000000000002
1.0847,1.0435
2.3494,1.8452000000000002
2.7416000000000005,2.1667
1.1932000000000003,1.1508
3.6647000000000003,2.6727
2.8343000000000003,2.7615
1.9760000000000004,1.1123
2.1985,1.9143000000000001
2.8326000000000002,2.0654000000000003
1.1243,1.1598000000000002
2.2389,1.8097
2.8995,2.2076000000000002
1.1133,1.0996000000000001
2.333,1.8525000000000003
2.5642,2.0569
1.1477,1.1132000000000002
2.1722,1.8280000000000003
3.4001,2.0864
1.1015000000000001,1.1195000000000002
2.4837000000000002,1.8918000000000001
2.7463,2.1758
1.2107,1.1302
1.9583000000000002,1.7286000000000001
2.6211,3.0570000000000004
1.2879,1.1496
1.9207,2.8275
2.7230000000000003,2.0774
1.0124000000000002,1.0916000000000001
2.2558000000000002,1.7312
3.2569,2.1631000000000005
1.133,1.1034
2.076,1.9519000000000002
3.0909,2.2653
0.9525000000000001,1.0597
2.2129000000000003,1.7938
3.3533,2.2008
1.1609,1.1286
2.4804000000000004,2.0111
3.0113000000000003,2.1349000000000005
1.0856999999999999,1.1121
3.1615,1.7987000000000002
2.9332000000000003,2.1227
1.076,1.0759
2.1783,1.7692
3.0396000000000005,2.1538
1.0011,1.1551
2.3607000000000005,1.8302
2.4777,2.0474
1.2771,1.1222
2.4032000000000004,1.8713000000000002
3.4124000000000003,2.088
1.2216,1.1525
2.2286,1.8118
2.8799,2.1271000000000004
1.2754,1.2256
2.2646,1.7961
2.9720000000000004,2.1502000000000003
1.2186000000000001,1.1303
2.4111000000000002,1.8349000000000002
2.7222,2.0506
1.1095,1.2139000000000002
2.7872,1.897
2.993,2.1893
1.3584,1.1522999999999999
2.2353,1.7836000000000003
2.9354000000000005,2.1134
1.1927,1.1275
2.325,1.8495
2.5457,2.0107000000000004
1.1612,1.1319000000000001
2.0771,1.7358
2.7180000000000004,2.0676
1.0554,1.0919
2.0991,1.8042000000000002
2.8103000000000002,2.6178
1.2749000000000001,1.127
2.5073,2.0077000000000003
2.97,2.1015
1.2277,1.1749
2.1148,2.0013
2.8132,2.0974
1.2116000000000002,1.1633000000000002
2.1738,1.8711000000000002
2.8734,3.1748000000000003
1.2109,1.4846000000000001
2.0272,1.872
3.1596,2.1850000000000005
1.1093000000000002,1.1726
2.2689000000000004,2.5207
3.0442000000000005,2.1977
1.2135000000000002,1.1178000000000001
2.8739,1.8585
3.1984,2.1775
1.2521000000000002,1.1359
2.3345000000000002,1.8263
2.6013,2.1058000000000003
1.2036,1.1127
2.3219,1.8518000000000001
2.6747000000000005,2.2484
1.1012000000000002,1.0656
2.4377,1.7974
4.0071,2.1596
1.2916,1.1400000000000001
2.2222,1.8043000000000002
2.3429,2.0081
1.3100000000000003,1.2766000000000002
2.2889,1.7690000000000001
2.6405,2.0557000000000003
1.1215000000000002,1.2292
2.4495000000000005,1.8419
2.8917,2.1661
1.2712,1.6374
2.7912000000000003,1.7901000000000002
2.6411,2.0635000000000003
1.0587000000000002,1.1133
2.1715000000000004,1.8267000000000002
3.1292000000000004,2.2025
1.2457,1.1164
2.3148,1.8291000000000002
2.7292,2.1017
1.0735000000000001,1.0959
1.9898000000000002,1.8494000000000002
2.7056000000000004,2.0092
1.1924000000000001,1.1348
2.5446,1.8154000000000001
2.9573000000000005,2.1937
1.0245,1.0719
2.1475999999999997,1.8143
3.1159,2.2144
1.2003000000000001,1.1163
2.3288,1.8000000000000003
3.1096,2.1106000000000003
1.5074,1.1752000000000002
2.3774,1.8314000000000001
2.8513,2.0816000000000003
1.1715,1.1125
2.369,1.8473000000000002
2.7963000000000005,3.403
1.1033,1.1259
2.3312000000000004,1.7570000000000001
2.5928999999999998,2.0659
1.2783,1.1559000000000001
2.0119000000000002,1.7916
2.5523,2.9204
1.1363,1.1214
2.2523,1.9292
2.6997,2.0117
1.0411000000000001,1.0894000000000001
2.3875,1.8307000000000002
2.8840000000000003,2.2142
1.1952,1.157
2.075,2.0056000000000003
2.7277,2.0915
1.0522,1.0802
2.3619000000000003,1.8345000000000002
2.9265000000000003,2.1389
1.1663000000000001,1.0977000000000001
2.0156,1.7896
2.9259000000000004,2.1294
1.0561,1.0688
2.383,1.8154000000000001
2.7677,2.0571
1.0983,1.0969
2.1177,1.7768
2.885,2.0455
1.2101,1.1996
2.0540000000000003,1.7953000000000001
2.8042000000000002,2.1568
1.2956,1.1335000000000002
2.3093000000000004,1.7850000000000001
2.6862,3.0816000000000003
1.1847,1.112
2.3621000000000003,1.8306000000000002
2.7516000000000003,2.2814
1.2779,1.1875
3.4882000000000004,3.0915
2.6844,2.8957
1.2232,1.132
2.0233,1.8093
2.8568000000000002,2.1835999999999998
1.1662000000000001,1.0923
2.3189,1.8650000000000002
2.7785,2.0914
0.9877,1.1224000000000003
2.0846000000000005,1.7759000000000003
2.6677000000000004,2.1204
1.1962000000000002,1.1416
2.0017,1.7994
2.8197,2.1281
1.2026000000000001,1.116
2.1634,1.7442
4.4545,2.0986
1.1952,1.1672
2.2825,1.8373
3.4235,2.1517000000000004
1.2307000000000001,1.151
2.3858,1.8965
2.5358,2.0379
1.2276,1.1719
2.7561,1.8903
2.8132,2.1276
1.1616,1.1507
2.1602,1.7722
3.0976000000000004,2.2549
1.1744999999999999,1.2143
2.3808000000000002,2.271
2.8319,2.0837
0.9844,1.1002
2.4128000000000003,1.7859000000000003
2.9921,2.8439000000000005
1.1825,1.1291
3.4274,1.8866000000000003
2.6378,2.6498000000000004
0.9449000000000001,1.0952000000000002
2.1103,1.8175000000000001
2.1041000000000003,2.091
1.1476000000000002,1.1008
2.1456,1.7649
2.6966,2.1178
1.0386,1.0712
2.1501,1.7866000000000002
3.1409000000000002,2.0866000000000002
1.3155000000000001,1.1176000000000001
2.2311,1.7889000000000002
3.2296,2.1661
1.1683000000000001,1.2173
2.2438000000000002,1.7925
2.7028,2.0709
1.2848,1.2260000000000002
2.0832,1.7578
2.8714,2.1221
1.2159,1.1108
2.0548,1.7606000000000002
2.7357,2.0873000000000004
1.3859000000000001,1.1846
2.3202000000000003,1.8133000000000001
3.015,2.3347
1.1085,1.1225
2.0339,1.817
2.9246000000000003,2.1211
1.1685,1.11
2.4821999999999997,1.8259
2.677,2.1020000000000003
1.039,1.0993000000000002
2.1663000000000006,1.7477
2.5722,4.0255
1.1449,1.2242000000000002
2.0892000000000004,1.7566000000000002
3.0911000000000004,2.1716
1.3536000000000001,1.1609
2.2498,1.8216
2.883,2.0442
1.2483000000000002,1.0998
2.4268,1.8461
2.7312,2.0549
1.0853,1.0972
2.2342,1.8638000000000001
3.0068,2.1199
1.0542000000000002,1.07
2.1353,1.768
2.7881000000000005,2.1416
1.2675,1.1527
2.1937,1.825
2.7624000000000004,2.1127000000000002
1.2005000000000001,1.1112000000000002
2.1739,1.7929
2.8504000000000005,3.0228000000000006
1.3417999999999999,1.2154000000000003
2.2585,1.8880000000000001
2.8988,2.1224
1.1258000000000001,1.1321
2.1709000000000005,1.8926
2.8074000000000003,2.1496000000000004
1.155,1.0923
2.0945,1.7529000000000001
2.8574000000000006,2.152
1.6471,1.108
2.069,1.7697
4.3539,2.0452
1.2448000000000001,1.0923
2.4648,1.8785000000000003
2.885,2.1152
1.1429,1.1297
2.3875,1.7762000000000002
2.5984000000000003,2.0636
1.0629000000000002,1.0759
2.334,1.7975
2.9192000000000005,3.0192
1.0732000000000002,1.1125
2.1203000000000003,1.79
2.7154000000000003,2.2161
1.1534000000000002,1.1518000000000002
2.1865,1.7841
4.6084000000000005,2.9339
1.0953,1.5457
2.2864,1.7933000000000001
2.7456000000000005,2.9554000000000005
1.2218,1.1524
1.9912000000000003,1.8129000000000002
2.8199,2.3642000000000003
1.0539,1.07
2.3765,1.8176
2.8404000000000003,2.1696000000000004
1.2613,1.5765
1.9142000000000001,1.7131
3.0158000000000005,2.0945
0.9871000000000001,1.1114
2.3015000000000003,1.8103000000000002
2.8912,2.1205
1.1808,1.121
2.3683,1.8052000000000001
2.8621000000000003,2.2727000000000004
1.1751,1.1618000000000002
2.2639,1.8158
2.7226000000000004,2.2195
1.0630000000000002,1.0935000000000001
2.1015,1.7837
2.8642000000000003,2.4569
1.3433000000000002,1.1781000000000001
2.2252,1.7870000000000001
2.853,2.0459
1.0378,1.1181999999999999
2.0065,1.7662000000000002
2.9960000000000004,2.1527
1.0783,1.1099
2.0739,1.7115
2.5418000000000003,2.0875
1.1596,1.1461000000000001
2.5147000000000004,2.7811000000000003
2.9337,2.2152000000000003
1.201,1.1658
2.3257,1.7994
2.8422,2.1641
1.0223,1.0718
2.2255000000000003,1.8044
2.7614,2.1256
1.1582000000000001,1.1021
2.2914000000000003,1.8654000000000002
3.6128,2.1535
1.1855000000000002,1.2331
2.1121,1.8869000000000002
2.9336,2.1286
1.2343,1.1116000000000001
2.2759,1.7931000000000001
3.1262,2.1852
1.0455,1.0749000000000002
2.4627,1.9519000000000002
2.8055000000000003,3.0715
1.1800000000000002,1.1317
1.9487,2.6958
2.5623,2.0191000000000003
1.2211,1.1887
2.0286000000000004,1.7541000000000002
2.9622,2.1749
1.211,1.1308000000000002
2.1644000000000005,1.7657
2.7021,2.0677
1.0422,1.0582
2.166,1.7619
2.7958000000000003,2.1223
0.9922000000000002,1.1480000000000001
2.2417000000000002,1.8136
2.9851,2.1284000000000005
1.1941,1.1208000000000002
2.1865,1.8237
3.1814,2.2116000000000002
1.1759000000000002,1.124
2.2952000000000004,1.9169
2.9948,2.15
1.0849,1.0916000000000001
2.1545,1.7817000000000003
2.8601,2.2278000000000002
1.0935000000000001,1.1481
2.3529000000000004,1.8759000000000001
3.0617,2.1643
1.2459,1.1423
2.1466000000000003,1.7685000000000002
2.8611,3.1358
1.0151999999999999,1.0856000000000001
2.2387,2.8770000000000002
2.5577,2.1580000000000004
1.0485000000000002,1.0911
2.3095000000000003,1.8636000000000001
2.9817000000000005,2.2813
1.3030000000000002,1.1737000000000002
2.238,1.8815000000000002
2.6352,3.3268000000000004
1.0585,1.0781
2.3018,1.7872000000000001
2.7059,2.1137
0.9727,1.0922
2.3608000000000002,1.9335
2.9349000000000003,2.0935
1.1271,1.1692
2.3439000000000005,1.8633
2.9076000000000004,2.0778000000000003
1.0998,1.1089000000000002
2.4785000000000004,1.9050000000000002
2.3436,2.0489
1.1552,1.1537000000000002
2.1457,1.7749000000000001
2.9973,2.2012
1.1946,1.1343
2.2263,1.8188000000000002
2.6521,2.0381
1.15,1.0845
2.3962000000000003,1.8679000000000001
2.8728,3.1024000000000003
1.2393,1.1932000000000003
2.5058000000000002,1.8493000000000002
3.0964,2.205
1.1380000000000001,1.1187
2.3301000000000003,1.7637000000000003
2.8392,2.1035000000000004
1.1023,1.1805
1.8974,1.6702000000000001
2.6036,2.0484999999999998
1.1707,1.1068
2.0825,2.2799
2.7075000000000005,2.1597
1.057,1.1823000000000001
1.9938,1.7849000000000002
3.2674000000000003,2.2384000000000004
1.1891,1.1260000000000001
2.2832,1.8956000000000002
2.6018,2.042
1.1177000000000001,1.0828
2.1631000000000005,1.838
2.569,1.9597
1.1625,1.1302
2.2011000000000003,2.2009
2.898,2.0934
1.2161000000000002,1.1423
2.0725000000000002,1.8095
3.103,2.0804
0.9196,1.0802
2.3772,1.9892
2.7189,2.0527
1.0675000000000001,1.0824
2.0075000000000003,2.7156000000000002
3.104,2.7025
1.0754,1.1304
3.0218000000000003,1.7337
3.2777000000000003,2.1225
1.262,1.1243
2.3585000000000003,1.8548000000000002
3.1575,2.1163000000000003
1.0901,1.1183
2.0155,2.6941
2.9636000000000005,2.2760000000000002
1.0249,1.0716
2.301,1.9228
3.069,2.1066000000000003
1.1151000000000002,1.132
2.5127,1.7811000000000001
2.7560000000000002,2.1225
1.2076,1.1273000000000002
2.1046000000000005,1.7422000000000002
2.7929,2.0614000000000003
1.2686000000000002,1.204
2.2043000000000004,1.7933000000000001
2.7839,2.0704000000000002
1.3035,1.1566
2.2585,1.7853
2.7196,2.0746
1.0177,1.1266000000000003
2.06,1.7319000000000002
2.8709000000000002,2.1915000000000004
1.2527000000000001,1.1386
2.2234,1.8603
2.6966,3.0523
1.2211,1.1509
2.1076,2.7002
2.6771,2.1005
1.0422,1.104
2.2661000000000002,1.7649
2.6647000000000003,2.4553000000000003
1.0253,1.4276
2.2822000000000005,1.8511
2.9782,2.1128
1.1961000000000002,1.1212000000000002
2.0815,1.7669000000000001
2.7119,2.1356
1.0606,1.1115000000000002
2.2546000000000004,2.069
2.8749000000000002,2.1405
0.9757,1.0588000000000002
3.3640000000000003,1.7586000000000002
2.762,2.7880000000000003
1.178,1.123
2.2079,1.8257
2.9476000000000004,2.3197
1.1381000000000001,1.1358000000000001
2.2047,1.8454000000000002
2.8235,2.2002
1.2668,1.1596
2.0677,1.7873
3.0041,2.1563000000000003
1.1607,1.1033
2.3637,1.8248000000000002
3.0268,2.2016
1.1023,1.1405
2.2345,1.7615
2.9809,2.1488
1.3358,1.1702000000000001
2.1287000000000003,1.8820000000000001
2.7769,2.2012
1.0301000000000002,1.0739
2.1045,1.927
2.8511,2.2332
1.2322000000000002,1.0973000000000002
2.1541,1.7616
2.9615,2.1686
1.0996000000000001,1.0874000000000001
2.3214,1.8478
3.1354,2.0410000000000004
1.1999,1.3097
2.217,1.7859000000000003
2.7739000000000003,2.1551
1.2359,1.1389
2.0573,1.7822
3.1314,2.1835999999999998
1.0931,1.1321
2.6235,1.8338
2.7291000000000003,2.1171
1.1211,1.1158000000000001
2.1583,1.7848
3.2564,2.1922
1.1595000000000002,1.1901000000000002
2.3786,1.7902
2.6682,2.0900000000000003
1.1978000000000002,1.1277000000000001
2.2619000000000002,1.7766000000000002
3.6293,2.1029
1.1815,1.943
2.1783,1.8034000000000001
2.7477,2.1021
1.3631000000000002,1.474
2.3964000000000003,1.7675000000000003
3.6162000000000005,2.2296
1.1461999999999999,1.1185
2.3997,1.798
2.9229,2.0818
1.1585,1.0957000000000001
2.0803000000000003,1.8201
2.9256,2.1852
1.2787,1.2109
2.1805000000000003,1.8293000000000001
2.8185000000000002,2.1086
1.2877,1.1962000000000002
2.2217000000000002,1.7808000000000002
2.9077,2.0979
1.1303,1.0909000000000002
2.3547,1.7861
3.0860000000000003,2.1645000000000003
1.1221,1.1384
2.3966,2.8933
2.8427000000000002,2.1601000000000004
1.1416,1.1514000000000002
2.1407000000000003,1.7732
2.7355,2.0789000000000004
1.0092,1.08
2.0867,1.7384000000000002
2.323,1.9963000000000004
1.1009000000000002,1.1162
2.358,2.5967
2.459,2.1796
1.1539,1.1900000000000002
2.4739000000000004,2.3466000000000005
3.0218000000000003,2.2203
1.1989,1.0902
2.2959,1.8021
2.8602000000000003,2.1375
1.2662,1.181
2.4438000000000004,1.8256000000000001
3.3903000000000003,2.0370000000000004
1.137,1.0941
2.222,1.7865000000000002
4.1356,2.1253
1.1858000000000002,1.1315000000000002
2.0180000000000002,1.8415000000000001
2.5598,2.0465
1.1546,1.1096000000000001
2.1835999999999998,1.7802
2.6588000000000003,2.1266000000000003
1.5886000000000002,1.5354
2.3150000000000004,2.8201000000000005
2.9949,2.1698
1.1442,1.1349
2.2052,1.7937
2.9332000000000003,2.0991
1.1188,1.0816000000000001
2.4786,1.9027000000000003
2.8002000000000002,2.0419
0.9783000000000001,1.046
2.0797000000000003,1.7295
2.5412,2.0170000000000003
1.1765,1.1309
2.2375000000000003,1.8020000000000003
2.7145,2.2608
1.0539,1.1046
2.2568,2.1055
2.8662,2.0601
1.0604,1.0833000000000002
2.4944,1.8698000000000001
2.8553,2.1060000000000003
1.0274,1.1599000000000002
2.0842,1.7317
2.9772000000000003,2.2473
1.2312,1.0956000000000001
2.0717000000000003,1.7847000000000002
2.7735000000000003,2.0448000000000004
1.131,1.1135000000000002
2.4123,1.7894
2.6667,3.4243000000000006
1.0028000000000001,1.0890000000000002
2.1056,1.7807000000000002
3.0686000000000004,2.2692
1.1235000000000002,1.1952
2.1069999999999998,1.7814
2.4564,2.1076
1.1940000000000002,1.0992
2.3345000000000002,1.8743
2.6626000000000003,2.1302
1.2935,1.1296000000000002
2.3428000000000004,1.8699000000000001
2.6974,2.1226000000000003
1.177,1.1601000000000001
2.2568,1.8082
3.0784000000000002,2.2338
1.1829,1.2041
2.2117,1.8298
2.5984000000000003,2.0424
1.1585,1.108
2.3870000000000005,1.8192000000000002
3.0814000000000004,2.2941000000000003
1.2145000000000001,1.1609
3.1497,1.853
2.9297000000000004,2.1159
0.9961,1.0922
2.0492000000000004,2.0028
2.885,2.0921
1.0425,1.1479000000000001
2.3261000000000003,1.8110000000000002
2.5701,2.0281000000000002
1.1088,1.1217
1.8485,1.6705
2.5463,2.0115000000000003
0.9867000000000001,1.2658
2.2442,1.7842
2.8102,2.1104000000000003
1.2014,1.1465
2.2643000000000004,1.7785000000000002
2.7812,2.0848
1.1645,1.1688
2.2116000000000002,1.7832000000000001
2.8621000000000003,2.1314
1.2635,1.1144
2.1003000000000003,1.8115
2.6443,2.1203000000000003
1.1573,1.1457000000000002
2.2597000000000005,1.9358000000000002
2.5584000000000002,2.0717000000000003
1.1857,1.1132000000000002
2.0043,1.7787
2.7988,2.1053
1.0254,1.0771000000000002
2.0778000000000003,1.7512
2.71,2.1422
1.1428,1.1091
2.3398,1.9228
2.9313000000000002,2.1845000000000003
1.1797000000000002,1.1339
2.533,1.9644000000000004
2.9529,2.1412000000000004
1.1278,1.076
2.3602000000000003,1.9048
3.253,3.6304000000000003
1.0925000000000002,1.1007
2.1424,1.8774000000000002
3.0523,3.222
1.1184,1.1663000000000001
3.6064000000000003,2.6633
2.8932,2.1697
1.1912,1.0894000000000001
2.4398000000000004,1.8984
2.7758000000000003,2.0945
1.1042,1.0923
2.4937,1.8161000000000003
2.9633000000000003,2.1910000000000003
1.6293000000000002,1.0926
2.4145,1.8407
2.6048,2.4276000000000004
1.1669,1.1317
2.0384,1.7583000000000002
2.7314000000000003,2.9062
1.1360000000000001,1.1185
2.5723,1.8307000000000002
2.7476000000000003,2.1509000000000005
1.1937,1.1815
2.2471,1.8629
2.6987,2.0926
1.1001,1.1344
2.4511000000000003,1.816
2.8880000000000003,2.2565000000000004
1.1934,1.1004
2.2304,1.7794000000000003
2.7277,2.9760000000000004
1.2405000000000002,1.1558
2.0801000000000003,1.7848
2.9666,2.0570000000000004
1.3030000000000002,1.1835
2.2465,1.8146000000000002
2.8019,2.1052000000000004
1.0815,1.104
1.996,1.7610000000000001
2.6928,2.091
1.0430000000000001,1.0836000000000001
2.3695,1.8017
2.8679,2.1377
1.2234,1.1219000000000001
2.1792000000000002,1.7838
2.8643,2.1527
1.2399000000000002,1.1896
2.379,1.8277
2.9752000000000005,2.1271000000000004
1.1044000000000003,1.0917999999999999
2.1133,1.7906
3.1389,2.2079
1.0723,1.086
3.7881000000000005,1.8024
2.5716,2.1255
1.1378,1.0910000000000002
2.2377,1.8276000000000001
2.7863,2.2422
1.1209,1.1299000000000001
2.3657,2.9106
2.8539000000000003,2.2005000000000003
1.0936000000000001,1.0874000000000001
2.1512000000000002,1.8809
2.7326,2.0422000000000002
1.2788000000000002,1.1431
2.2989,1.8445000000000003
3.3778,2.1898
1.2062000000000002,1.1530000000000002
2.2063,2.8932
3.0633000000000004,2.1859
1.197,1.1212000000000002
2.3031,1.9717000000000002
2.6113,2.1058000000000003
1.2105,1.1199000000000001
2.0854000000000004,1.737
2.8671,2.1066000000000003
1.1423,1.874
2.4802,1.9239000000000002
2.9373000000000005,2.1002
1.0261,1.1414000000000002
2.2553,1.7865000000000002
2.9604000000000004,2.0876
1.2246000000000001,1.1705
2.2636000000000003,1.7751000000000001
2.6592000000000002,2.1214000000000004
1.1412,1.0892
2.4472,1.8772000000000002
2.6459,2.0872
1.3643,1.1675000000000002
2.6412000000000004,1.9143000000000001
2.7454,2.1353
0.9243000000000001,1.0557
2.1832000000000003,1.8685
2.7343,2.1535
1.1340000000000001,1.1170000000000002
2.1682,1.8053000000000001
2.8463000000000003,2.1310000000000002
1.0451,1.066
2.1693000000000002,1.8467000000000002
3.5833000000000004,2.1623
1.3071000000000002,1.2528000000000001
3.5034,1.9035
3.1296000000000004,3.0381
1.1104,1.1348
1.9690000000000003,1.9159000000000002
3.0941,2.0939
1.198,1.1251
1.9554,1.7648000000000001
2.8734,2.1511
1.215,1.4244999999999999
2.2655000000000003,1.8197
2.6479000000000004,2.0901
1.2048,1.1801000000000001
2.3611,1.8353000000000002
2.8277,2.1402
1.187,1.1066
2.1646,1.7677
3.0716,2.1432
1.0234,1.0672000000000001
2.1882,1.8416000000000001
2.6152,2.0595000000000003
1.1673,1.1178000000000001
2.5883,1.9157000000000002
2.9959000000000002,2.2026000000000003
1.0404000000000002,1.1105000000000003
2.1986000000000003,2.7399
2.8771,2.087
1.3021,1.179
2.1606,1.7598000000000003
2.9961,2.1635
1.2445000000000002,1.1386
2.1924,1.8785000000000003
2.9186000000000005,2.1274
1.1857,1.2434
2.1864000000000003,1.778
2.8814,2.2793
1.0876,1.0288000000000002
2.4749000000000003,1.8925
2.8823,2.8322
1.101,1.1108
2.3141000000000003,1.8390000000000002
2.576,2.2310000000000003
1.1181,1.1227
2.179,3.4599
2.4516,2.0723
1.049,1.0708
2.2105,1.7567000000000002
2.8414,2.2338
1.1775000000000002,1.1263
2.173,1.7637000000000003
2.797,2.0593
1.1539,1.1153
2.3733,1.7748000000000002
3.3389,2.2109
1.0505,1.1423
2.2035,1.7853
3.0101000000000004,2.1015
1.1103,1.1644
2.2484,1.8453
2.9312,2.1313
1.067,1.3158
2.201,2.0992
3.7801,2.1575
1.1256,1.2006000000000001
2.1429,1.7865000000000002
2.866,2.1038
1.3091000000000002,1.1620000000000001
2.1297,1.7318000000000002
2.7987,2.0915
1.2374,1.2000000000000002
2.3142,1.8543
3.1672000000000002,2.5599000000000003
1.2785000000000002,1.1170000000000002
2.1980000000000004,1.8344
2.6145,2.0475000000000003
1.1652000000000002,1.1236
2.2139,2.8668
3.0140000000000002,2.1217
0.9855,1.1017000000000001
2.2877,1.8444000000000003
2.8106000000000004,2.4441
0.9768000000000001,1.0846
2.17,1.7539
2.7903000000000002,3.8156000000000003
1.1273000000000002,1.0896000000000001
2.0149,1.7715
2.8293000000000004,2.1316
1.1521000000000001,1.098
2.2578000000000005,1.8636000000000001
2.8847,2.2434
1.1217,1.1208000000000002
2.2593,1.8667000000000002
2.8933,2.1438
1.1851,1.0810000000000002
2.4571,1.8842
3.0296000000000003,2.1529000000000003
1.1497,1.0782
2.3213,1.7993000000000001
4.3135,2.1674
1.4805000000000001,1.5597
2.1496000000000004,1.8324
2.9592000000000005,2.1586000000000003
1.2419,1.1059
2.1175,1.7791000000000001
2.9907000000000004,2.224
1.1300000000000001,1.1016000000000001
2.1483000000000003,2.978
2.7403000000000004,2.0411
1.1835,1.1720000000000002
2.2584000000000004,1.7834
2.9149000000000003,2.1448
1.2763000000000002,1.2222000000000002
2.4270000000000005,1.925
2.9703000000000004,2.1644000000000005
1.1892,1.9428
2.3728,1.9127
3.1283000000000003,2.3546
1.2327,1.1615
2.124,1.8365
2.9351000000000003,2.1024
1.1934,1.1544
2.2693000000000003,1.8368000000000002
3.0238,2.1390000000000002
1.0213,1.0635
2.1003000000000003,1.7675000000000003
2.9258,2.2227
1.1412,1.1112000000000002
2.4137,1.9920000000000002
2.5728,2.0384
1.2002,1.1076000000000001
2.3120000000000003,1.7912000000000001
2.5858,2.0705000000000005
1.0369000000000002,1.2095
2.0938000000000003,1.7921
2.7381,2.0977
1.1237000000000001,1.1114
2.3924000000000003,1.8435000000000001
2.7799,2.1747000000000005
1.2755,1.2148
2.3838000000000004,1.8534000000000002
2.9829000000000003,2.1281
1.2072,1.1315000000000002
2.1750000000000003,1.8299
2.99,3.1618000000000004
1.0545,1.0752000000000002
2.3984,2.8772
2.5640000000000005,2.1189
1.0495,1.072
2.0466,1.8138
2.9006000000000003,2.1305
1.2389000000000001,1.2174
2.6174000000000004,1.8840000000000001
2.6178,2.0639
1.5487000000000002,1.2047
2.0387,1.8065000000000002
2.8066000000000004,2.154
1.2164000000000001,1.0969
2.1532999999999998,1.7944
2.4018,2.1991
1.1181,1.1171
2.3083,2.9326
3.1781,2.2224000000000004
1.0296,1.0847
2.152,1.9317000000000002
2.7907,2.0672
1.1586,1.1418000000000001
1.9365,1.6827
2.9576000000000002,2.0546
1.1485,1.064
2.3832000000000004,1.8177000000000003
2.8464,2.1596
1.1078000000000001,1.0934
2.3544,2.0104
3.0772,2.1622
1.1498000000000002,1.1522000000000001
1.9037000000000002,1.6786
2.8109,2.0695
1.1153,1.1307
2.5454000000000003,1.8174000000000001
3.1214000000000004,2.1620000000000004
1.0826,1.1251
2.4514000000000005,1.8964
2.9567,2.2108000000000003
1.2209,1.1335000000000002
2.2635000000000005,2.0193
2.9149000000000003,2.1017
1.1787,1.1184
2.4566000000000003,1.8675
2.6809000000000003,2.0852
1.1056,1.0443
2.0666,1.7292
2.6539,2.1601000000000004
1.1561,1.0799
2.238,1.7716
2.7385,2.1738
1.1889,1.1022
2.3019,2.9673
2.9311000000000003,2.1253
1.1736000000000002,1.1352
2.2684,1.8171000000000002
3.6713,2.1359
1.0957000000000001,1.1016000000000001
2.4763,1.8514
3.0862000000000003,2.2036
1.1536,1.1147000000000002
2.1599000000000004,2.712
2.6407000000000003,2.1488
1.2977,1.1899
1.8206000000000002,1.7464000000000002
2.9632,2.1299
1.3183,1.1452
2.2398000000000002,1.9076000000000002
2.7783,2.1298000000000004
1.0612,1.0931
2.3266000000000004,1.9264000000000001
3.0686000000000004,2.1045
1.1189000000000002,1.0812
2.2899000000000003,1.8435000000000001
2.5936000000000003,2.13
1.6940000000000002,1.1096000000000001
2.3352,1.7906
2.9794,2.1503
1.1196000000000002,1.0862
2.1158,1.9151
3.1073000000000004,2.2260999999999997
1.37,1.0511000000000001
2.1695,1.7917
3.0691000000000006,2.2008
1.5068000000000001,1.1844000000000001
2.2328,1.7789000000000001
2.755,2.8437
1.2686000000000002,1.1266000000000003
2.4993000000000003,1.8188000000000002
2.5662000000000003,2.0371
1.1825,1.0877000000000001
2.3174,1.8157
2.8663,2.1766000000000005
1.0223,1.0866
2.1641,1.7775000000000003
2.7958000000000003,3.3870000000000005
1.2315000000000003,1.1353000000000002
2.2426,1.8889000000000002
2.8702,2.2735000000000003
1.1058000000000001,1.1025
2.3992,2.1084000000000005
2.6573,2.0473000000000003
1.0406,1.0444
2.1194,1.8861
2.56,2.0459
1.0713000000000001,1.1061
2.1868,1.8876000000000002
2.9503000000000004,2.1033000000000004
0.9708000000000001,1.0923
2.2759,1.9004000000000003
3.341,2.1609000000000003
1.0507000000000002,1.1107
2.2083000000000004,1.7312
2.7985,2.148
1.2747000000000002,1.1657
2.1545,1.7861
2.7653,2.0909
1.308,1.1331000000000002
2.3427000000000002,1.8200000000000003
2.7012,2.1522
1.2202,1.1224000000000003
2.1034,1.7502000000000002
2.5558,2.0423
1.0878,1.1288
2.5339,1.8468000000000002
3.0475000000000003,2.2578000000000005
0.9492,1.3005
2.2794,1.8611
2.7215,2.0791
1.0689,1.0897000000000001
2.5531,1.8860000000000001
2.7488,2.1159
1.0349000000000002,1.0802
2.2977000000000003,1.8756000000000002
2.6757,2.0857
1.1631,1.1085
2.1027000000000005,1.7790000000000001
2.5225,2.1896000000000004
1.165,1.133
2.114,1.7761
2.9497,2.1737
1.0664,1.0867000000000002
2.3636,1.9381000000000002
2.7601999999999998,3.3385000000000002
1.2820000000000003,1.1789
2.0454000000000003,1.8615000000000002
2.8089,2.1513
1.0697,1.0726000000000002
2.2123,2.8593
2.8011000000000004,2.0593
1.1154000000000002,1.1261
2.2387,1.8941000000000001
3.1268000000000002,2.19
1.1779000000000002,1.2276
2.3271,1.8892000000000002
2.9741000000000004,2.2015000000000002
1.345,1.1512
2.1464000000000003,1.8305
2.6982,2.1914000000000002
1.1676,1.0969
2.1175,2.5483000000000002
3.108,2.1338
0.9424,1.0354
2.1838,1.8244
2.7174,2.0159000000000002
1.0227000000000002,1.0862
2.1129000000000002,1.7977
2.8,2.1824000000000003
1.6277000000000001,1.1835
2.3076,1.8030000000000002
2.6439000000000004,2.0892000000000004
1.2057,1.1641000000000001
2.3561,1.7967
2.8715,2.0844
1.1343,1.1434000000000002
2.2508000000000004,1.8552000000000002
2.8306000000000004,2.174
1.209,1.1159
2.2632,1.8859000000000001
3.3403,2.0977
1.0512,1.0828
2.2111,1.8645
2.5403000000000002,2.0992
1.0454,1.1194
2.2108000000000003,1.8997
2.8869,2.1364
1.2575,1.139
2.3723000000000005,1.8652
2.6486,2.0721000000000003
1.3210000000000002,1.1657
2.0952,1.7687
2.9072,2.1088
1.0329,1.0808
2.1256,1.7556000000000003
2.4781,2.0925000000000002
1.3195999999999999,1.1602000000000001
2.1558,2.1173
2.7327000000000004,2.0913
0.9822000000000002,1.0709
2.1854999999999998,1.7837
3.2574,2.1892
1.2619,1.1543
2.2552000000000003,2.5214
2.6226000000000003,2.1241000000000003
1.1251,1.1684
2.4899,1.8091000000000002
2.579,3.031
1.0407000000000002,1.0886
2.2507,1.7703
2.6589,2.0495
1.2612,1.2325000000000002
2.136,1.7552
3.6933000000000002,2.1278
1.2469,1.1379000000000001
2.1276,1.7342000000000002
2.978,2.1969000000000003
1.2345000000000002,1.1181
2.078,1.7459
2.5668,1.9784
1.1223,1.1057000000000001
2.1404,1.7267000000000001
2.9555000000000002,2.1098000000000003
1.1088,1.0978
2.2184,1.8196
2.8877,2.0976000000000004
1.2688000000000001,1.1283
2.3389,1.7871
2.7115000000000005,2.1366
1.338,1.2241000000000002
2.3529000000000004,1.8146000000000002
2.744,2.1151
1.2178,1.1167
2.4548,1.9419000000000002
2.9215,2.0946000000000002
1.0444,1.0978999999999999
2.4761,1.8587
3.0643000000000002,2.2276000000000002
1.1506,1.1170000000000002
2.0959,1.8208
3.0631,2.1088
1.1019,1.1056
2.2448000000000006,1.8422000000000003
3.0156,2.1
1.1575000000000002,1.1573
2.3294,1.8886
3.1749,2.447
1.1456000000000002,1.7533
3.6372,1.8357000000000003
2.8824,2.1467
1.2732,1.112
1.9294000000000002,1.7559
2.7366,2.0484999999999998
1.0728,1.1499000000000001
2.0364000000000004,1.8114000000000001
2.7900000000000005,2.1536000000000004
1.1751,1.1081
1.9980000000000002,1.8096
2.5287,2.0845
1.0452000000000001,1.1049
1.9232,1.7460000000000002
2.7592000000000003,3.2032000000000003
1.3100000000000003,1.2213
2.0557000000000003,1.7385
2.7671,2.1609000000000003
1.0163000000000002,1.1221
2.4244000000000003,1.8567000000000002
2.7109,2.0959
1.0781,1.1029
1.9791,1.7226000000000001
2.6126,2.1574000000000004
0.7183,1.1714000000000002
2.1864000000000003,1.7951000000000001
2.769,2.0207
1.0865,1.0711
1.9774000000000003,1.7154000000000003
2.9544,2.2095000000000002
1.1018,1.2568
2.4988,1.8130000000000002
2.8728,2.0858
1.1819,1.1201
2.117,1.7786000000000002
2.5547,2.0522
1.1617000000000002,1.0873
2.0062,1.7976
3.2762000000000002,2.0894
1.3036,1.2015
2.1382000000000003,1.7628000000000001
2.8769000000000005,2.0866000000000002
1.2177000000000002,1.1792
2.1064,1.7338000000000002
4.1799,3.4254000000000002
0.9656,1.0819
2.1753000000000005,1.8467000000000002
2.4520000000000004,2.9477
1.3526,1.7782000000000002
2.2736,1.7989000000000002
2.8142,2.1398
1.3014000000000001,1.1211
2.216,1.7679000000000002
2.7361,2.0817
1.1187,1.1154000000000002
2.3618,1.7807000000000002
2.4945000000000004,2.1213
1.018,1.0592000000000001
2.1692,1.7967
3.8216,2.2468000000000004
1.2419,1.6927
2.3375000000000004,1.7761
2.9763,2.2027
1.074,1.0961
2.1513999999999998,1.9662
2.49,2.0534
1.1265,1.101
2.3275,1.9157000000000002
3.0580000000000003,2.8512000000000004
1.0094,1.0897000000000001
2.2412,1.8021
2.9453,2.9625000000000004
1.1622000000000001,1.1551
2.4089000000000005,1.9212
2.8022000000000005,2.1426000000000003
1.0733000000000001,1.086
2.5146,2.0325
2.5843000000000003,1.9998
1.3075,1.1706
2.2421,1.9901000000000002
2.9257000000000004,2.248
1.2149,1.1269
2.2629,1.8351000000000002
2.9669000000000003,2.1929000000000003
1.3002,1.1685
2.3329,1.8743
3.0009000000000006,2.1524
1.1438000000000001,1.1194
2.6488,1.996
2.7119,2.1752
1.0683,1.1300000000000001
2.2721,1.7970000000000002
2.7210000000000005,2.0624000000000002
0.9342,1.0614000000000001
2.4465000000000003,1.7652
2.8756000000000004,2.0667000000000004
1.0032,1.1002
2.3712,1.9031
2.6529000000000003,2.1315
1.1375,1.1697000000000002
2.2907,1.9542000000000002
2.6363000000000003,2.0808000000000004
1.1183,1.1131000000000002
2.1899,1.7705000000000002
2.8679,2.1204
1.1615,1.1205
2.0917000000000003,1.7288000000000001
2.9909000000000003,2.123
1.1815,1.5116
2.2586,1.8083
2.7098,2.1414000000000004
1.1572000000000002,1.1202
1.9953000000000003,1.7770000000000001
2.9207,2.1572
1.4077,1.1869
2.2269,1.7991000000000001
2.5541,2.1907
1.2566000000000002,1.1578000000000002
2.1601000000000004,2.1232
2.9346,2.2331
1.7608000000000001,1.2173
2.1642,1.7922
2.7215,2.1235
1.0744,1.0954000000000002
2.0022,1.7883
2.7411000000000003,2.2236000000000002
1.1283,1.0987
2.2671,1.8586000000000003
2.5633,2.058
1.2031,1.084
2.5181999999999998,1.7964
2.8028000000000004,2.1698
1.1222,1.1139999999999999
2.076,1.8010000000000002
2.8328,2.0958
1.1621000000000001,1.2187000000000001
2.1061,1.7416
3.0577,2.1605000000000003
2.0807,1.1896
2.5332000000000003,1.8382
2.6008000000000004,2.7673000000000005
1.098,1.1437000000000002
2.0989000000000004,1.8092000000000001
2.6732,2.0587
1.1692,1.1688
2.1887,1.7774
2.6072,2.0922
1.2977,1.1343
2.3859000000000004,1.8820000000000001
2.8386,2.1441000000000003
1.0456,1.1794000000000002
2.3505000000000003,1.8207000000000002
2.7246,2.0941
1.227,1.2227000000000001
2.4457000000000004,1.8218
2.9956,2.1502000000000003
1.054,1.0739
2.1085000000000003,1.7724000000000002
2.5542,2.2222
1.1697000000000002,1.1403
2.5688,1.8331
2.6565,2.1789
1.1672,1.4267
2.1321,2.5374
3.4567,3.3072000000000004
1.0552000000000001,1.1427
2.2143,2.9124000000000003
2.7008,2.0916
1.1766,1.1679000000000002
2.4794,1.7847000000000002
2.6233000000000004,2.1164
1.3082,1.1411000000000002
2.3365,1.8404
2.8418,2.1159
1.2769000000000001,1.1274
2.3241,1.8297
2.7344,2.1119000000000003
1.2473,1.1417000000000002
2.5744000000000002,1.8327
2.7817000000000003,2.0931
1.0487,1.0886
2.1998,1.9223000000000001
2.9248,2.1129000000000002
1.1227,1.0975000000000001
2.3167,1.7478
2.5877,2.1071000000000004
1.0616,1.1261
2.1853000000000002,1.8829
2.7961,2.1215
1.0167000000000002,1.0571000000000002
2.2696,1.9220000000000002
2.8552,3.0962000000000005
1.0193,1.1175
2.6835,1.7870000000000001
2.899,2.1954000000000002
1.1113,1.1099
2.1405,1.8280000000000003
4.3185,3.1807000000000003
1.1561,1.6059
2.2281000000000004,1.9808000000000001
2.8572,2.1293
1.1702000000000001,1.1756000000000002
2.1269,1.7869000000000002
2.7140000000000004,2.0967
1.2677,1.1805999999999999
2.2058,1.8201
2.6989,2.7894
1.3493000000000002,1.1972
2.1385,1.8232000000000002
2.9917000000000002,2.1933
1.1399000000000001,1.1559000000000001
2.2437,1.8307000000000002
3.065,2.1437
1.2441000000000002,1.1189000000000002
2.5865000000000005,1.8920000000000001
2.8579,2.1552000000000002
0.9530000000000001,1.0510000000000002
2.2795,1.7851000000000001
2.923,2.1390000000000002
1.2707,1.1572000000000002
2.2331,1.8966
2.8898,2.2903000000000002
1.2195,1.1599000000000002
2.3361,2.9745000000000004
2.7428,2.1667
1.1268,1.1336
2.1502000000000003,1.8233000000000001
2.9336,2.1046000000000005
1.1441000000000001,1.1551
2.2079,1.7498000000000002
2.9705,2.2758000000000003
1.0797,1.1485
2.1857,3.422
2.9977000000000005,2.1194
1.1495000000000002,1.1207
2.1864000000000003,1.7986
2.5171,1.9874000000000003
1.0427000000000002,1.0709
2.4194,1.8445000000000003
3.0567,2.1324
1.2471,1.1170000000000002
2.2801,1.8245000000000002
2.5832,2.0761
1.0676,1.0822000000000003
2.0245,2.5595000000000003
2.7862,2.2065
1.0809000000000002,1.0792
2.4546000000000006,1.915
2.5924000000000005,2.0902
1.1191,1.1571
2.2385,1.7942000000000002
2.7956,2.1605000000000003
1.2064000000000001,1.7232
2.0986,2.8312000000000004
3.0393,2.5566
1.2981000000000003,1.2917
2.1336000000000004,1.8948
2.8228000000000004,2.0908
1.2467000000000001,1.198
2.0759000000000003,1.7842
2.543,2.1001000000000003
1.0258,1.0877000000000001
2.2449000000000003,1.8217
2.8409000000000004,2.1918
1.1525,1.1915
2.784,1.9363000000000001
2.9751,2.1788000000000003
1.2311,1.1503
2.2497000000000003,1.8576000000000001
2.5399000000000003,2.1103
1.1361999999999999,1.0984
2.506,1.9291000000000003
2.7084,2.0767
1.0572000000000001,1.0943
2.0194,1.8929
2.9524,2.166
1.3585,1.1608
2.2319,1.7899
2.6969000000000003,2.0802
1.1234000000000002,1.0791000000000002
2.1071000000000004,1.8392
3.0628,2.2205000000000004
1.3035,1.1375
2.3034000000000003,3.7074
2.5603000000000002,2.1531000000000002
1.1641000000000001,1.118
2.1856000000000004,1.7908000000000002
2.9932000000000003,2.0815
1.0526000000000002,1.0814000000000001
2.2786,1.923
2.7468000000000004,2.0484999999999998
1.0714000000000001,1.0924
2.3809,1.8221
2.8454,2.1801
1.4151,1.2305000000000001
2.2125,1.7932000000000001
3.2974,2.3303
1.2155,1.1529
2.0951,1.7793
2.894,2.2152000000000003
2.0170000000000003,1.0829000000000002
2.365,1.8802
2.8543000000000003,2.1183
1.127,1.1334000000000002
2.0283,1.7485
2.8188000000000004,2.0849
1.1345,1.1374
2.1376,1.7879
2.6642,2.0610000000000004
1.133,1.0341
2.2321000000000004,1.7799
2.9082,2.145
1.177,1.1451
2.2836000000000003,1.8449
2.8436000000000003,2.21
1.1528,2.2047
2.0424,1.7803
2.7488,2.1218
0.9857000000000001,1.0527000000000002
2.5188,1.8082
2.84,2.2911
1.1784000000000001,1.1337000000000002
2.2135000000000002,1.8331
2.708,2.0595000000000003
1.0209000000000001,1.1043
2.2759,1.8558000000000001
2.7326,2.1607000000000003
1.1536,1.1177000000000001
2.2872,1.8553
3.0064,2.1924
1.1134000000000002,1.0838
2.2004,1.7521000000000002
2.7419000000000002,2.1786000000000003
1.1493,1.0942
2.3217000000000003,2.8438
2.9379000000000004,2.3162
1.1297,1.1165
2.4956,2.0014
2.9827,2.7189
1.1853,1.104
2.1356,1.798
3.0376000000000003,2.1333
1.3417999999999999,1.1482
1.9797,1.7621000000000002
2.6189,2.1513999999999998
1.5346000000000002,1.2292
2.0674,1.7279
2.5983,2.0192
1.2459,1.1891
2.5555,2.9495000000000005
2.5821000000000005,2.0325
1.2151,1.1688
2.245,1.8279
2.8783000000000003,2.1023
1.4818000000000002,1.4151
2.1504000000000003,1.8195000000000001
2.7126,2.0803000000000003
1.1668000000000003,1.1599000000000002
2.1804,1.9196
2.8822,2.3985
1.5803000000000003,1.1135000000000002
2.4373000000000005,1.7805000000000002
2.8556000000000004,2.1403
1.0606,1.1247
2.4553000000000003,1.8736000000000002
2.9163,2.1241000000000003
1.2158000000000002,1.1658
2.1866000000000003,1.7815
2.9517,2.1978
1.127,1.0901
2.0907,1.7927000000000002
2.7959,2.2382999999999997
1.1263,1.1146
2.4471000000000003,1.8334000000000001
3.8081,2.1425000000000005
1.1403999999999999,1.1218000000000001
2.1633,2.3365
2.7837,2.1263
1.2147,1.1244
2.0541,1.7535
2.7949,2.1667
1.0447,1.0927
2.4406000000000003,1.8727000000000003
2.7643000000000004,2.0552
1.2587000000000002,1.1923000000000001
2.0124,1.7486000000000002
3.2525000000000004,2.3097
1.0518,1.1164
2.0179,1.8281
2.8563,2.1281
1.0865,1.1228
2.3341,1.844
3.0516,2.1511
0.9772000000000001,1.086
2.1166,1.9964000000000002
3.0068,2.1289
1.0763,1.1023
2.2046,1.9624
2.8486000000000002,2.1169000000000002
1.0711,1.0974000000000002
2.3659000000000003,1.7859000000000003
2.6820000000000004,2.0727
1.2069,1.1347
2.3071,1.7589000000000001
3.1289,2.145
1.1843000000000001,1.1573
2.2713,1.8393000000000002
3.071,2.1315
1.5023,1.0910000000000002
2.4943,1.8441000000000003
2.7349,2.1131
1.2572,1.1025
2.3427000000000002,1.8230000000000002
2.5083,2.0493
1.2365,1.1111
2.2009,1.8014000000000001
3.3426000000000005,2.1793000000000005
1.1822,1.1276000000000002
2.4294,1.8601
2.6781,2.1220000000000003
1.2005000000000001,1.1561
2.3656,1.8548000000000002
2.8412,2.0873000000000004
1.2125000000000001,1.1848
2.2903000000000002,1.7949000000000002
2.5522,2.0371
1.237,1.15
2.5279,1.8587
2.8527,2.109
0.9975000000000002,1.0537
2.1094,1.7454
2.7879000000000005,2.0977
1.1163,1.0961
2.405,1.8935000000000002
2.6394,2.0478
1.3940000000000001,1.1789
2.3933,2.0286000000000004
2.7568,2.0868
1.0479,1.1266000000000003
1.9723000000000002,1.8357000000000003
2.6697,2.121
1.0728,1.1029
2.3407000000000004,1.8892000000000002
2.9468,2.0914
1.0759,1.0982
2.3726000000000003,1.78
2.8129,2.1017
1.0667,1.1105000000000003
2.2157,1.8788
2.6131,2.2024000000000004
1.1369000000000002,1.1346
2.3368,1.8379
3.2598000000000003,2.1859
1.5285000000000002,1.0735000000000001
2.3859000000000004,1.827
2.8251,2.0969
1.0828,1.0730000000000002
4.0032000000000005,1.8544000000000003
4.5233,4.0834
1.85,1.7294
4.016900000000001,2.621
2.6585,2.2107000000000006
1.1393,1.1134000000000002
2.2979000000000003,1.7975
2.8221000000000003,2.1542000000000003
1.0464,1.1146
2.1491000000000002,2.8558000000000003
2.601,2.0839
1.2380000000000002,1.1734
2.0722,1.7392000000000003
3.1677000000000004,2.2045000000000003
0.9824,1.0715
2.3159,1.7830000000000001
2.6823,2.1412000000000004
1.2262,1.1776
2.2961,1.8428000000000002
2.8637,2.1918
1.2097,1.123
2.3877,2.5561
2.8617,2.2336
1.2492,1.133
2.2308000000000003,1.8419
2.7294000000000005,2.1425000000000005
1.1673,1.1493
2.3811999999999998,1.7934
3.0569,2.0437000000000003
1.1137,1.1276000000000002
2.3528,1.9136000000000002
2.7797,2.1213
1.1802000000000001,1.1242
2.2478000000000002,1.7968000000000002
2.7815000000000003,2.1159
1.0132,1.0953
2.2974,1.8205
2.9117,2.1909
1.0923,1.2207000000000001
2.2435,1.7875
3.9390000000000005,2.2508000000000004
1.2015,1.1545
2.1828,1.806
2.9346,2.1695
1.1735,1.1176000000000001
2.2559000000000005,1.7405000000000002
2.7739000000000003,3.0714
1.2081000000000002,1.1163
1.8135000000000001,1.8993
3.7875,2.1361000000000003
1.1546,1.2388
2.3502,1.9902000000000002
2.7379000000000002,2.0759000000000003
1.1376000000000002,1.1248
2.3336000000000006,1.7933000000000001
2.9646000000000003,2.1351
1.2567000000000002,1.1797000000000002
2.1155000000000004,1.7993000000000001
2.8481,2.1319
1.2137,1.1436
2.1963,1.8774000000000002
2.9218,2.1629
1.0255,1.0571000000000002
2.1064,1.7935
3.103,2.1387000000000005
1.2280000000000002,1.1463
2.3206,1.8460000000000003
2.898,2.0706
1.1881000000000002,1.1583
1.9196,1.7911000000000001
2.5724000000000005,2.0735
1.4937000000000002,1.1318000000000001
2.2442,1.8351000000000002
2.7717,2.1359
1.4259000000000002,1.6901000000000002
2.3914,1.7911000000000001
2.5571,2.0340000000000003
1.1091,1.1256
2.1483000000000003,4.0963
2.6648,2.2679
1.1244,1.1389
2.1175,2.0835000000000004
2.8118000000000003,2.1936
1.0428,1.1253000000000002
2.2046,1.8245000000000002
2.6045000000000003,2.1165000000000003
1.2028,1.1013000000000002
2.3962000000000003,1.8119000000000003
2.6529000000000003,2.0286000000000004
1.1381000000000001,1.1156
2.3023000000000002,1.8143
2.9218,2.1276
1.1494,1.0814000000000001
2.3049000000000004,1.8547000000000002
2.899,2.0526000000000004
1.2134,1.1280000000000001
2.4641,1.7967
2.8107,2.0764
1.2059,1.1671
3.0575,1.8659000000000001
2.9354000000000005,2.0884
1.042,1.0812
2.2225,1.9446
2.8306000000000004,2.1088
1.2867,1.1696
2.6264000000000003,1.8616000000000001
2.4529,3.0317
1.1417000000000002,1.1376000000000002
2.7001,1.7829
2.7467,2.1425000000000005
1.2421000000000002,1.1185
2.5143,1.8729
2.8959,2.3029
1.2815,1.1396000000000002
2.6595,1.9697
2.8139000000000003,2.1441000000000003
1.2454,1.1999
2.2787,1.7934
2.6749,2.0504
1.1081,1.0997000000000001
2.3007,1.8390000000000002
2.8936,3.1305
1.0559,1.1337000000000002
2.3613000000000004,1.8697000000000001
2.9985000000000004,2.1322000000000005
1.2395,1.1213
2.1271000000000004,1.7854
4.4508,3.1014000000000004
1.1994,1.1721000000000001
2.4018,1.76
2.9785000000000004,2.1738
0.9720000000000001,1.0951000000000002
2.0348,1.7571
2.7544,2.1115
1.1341,1.1509
2.2292,1.7558
2.8072000000000004,2.1681
1.0887000000000002,1.1135000000000002
2.2395,1.8082
2.8839,2.1942000000000004
1.141,1.1009000000000002
2.2381,1.8348000000000002
3.2047,2.2415
0.9432,1.1266000000000003
2.2326,1.8794
2.9313000000000002,2.116
1.181,1.1117
2.1922,1.7722
2.9449000000000005,2.1260000000000003
1.1920000000000002,1.1239000000000001
2.1921000000000004,1.7934
2.7635000000000005,2.9483
1.0439000000000003,1.0675000000000001
2.5298,1.8217
2.8617,2.1136000000000004
1.2871,1.178
2.2189,1.818
3.0166000000000004,2.5692000000000004
1.2216,1.1300000000000001
2.2101,1.8502000000000003
2.7385,2.0692000000000004
1.0718,1.0794000000000001
2.4548,2.4295000000000004
2.6843000000000004,2.4591000000000003
1.1663000000000001,1.1439
2.7528,1.8566
2.9090000000000003,2.3810000000000002
1.0832000000000002,1.1224000000000003
2.1828,1.8096
3.1734000000000004,2.1331
1.0004,1.0862
2.3925,1.8771
3.1408,2.859
1.2137,1.2283000000000002
2.2586,2.0916
2.9408000000000003,2.12
1.2109,1.1226
2.2744000000000004,1.7637000000000003
2.4674,2.9129000000000005
0.9627,1.0462000000000002
2.2911,1.8135000000000001
2.8599,2.179
1.0550000000000002,1.0679
2.5103,1.7834
2.8787000000000003,2.1128
1.2129,1.1291
2.0380000000000003,1.7604
2.7791,3.0828
1.2213,1.1629
2.3092,1.8135000000000001
3.0369,2.1671
1.1091,1.1094
2.9110000000000005,1.8820000000000001
4.5612,2.1636
1.0728,1.1569
1.9189,1.9992
3.0307000000000004,2.1354
1.0801,1.129
2.7702,1.9454
2.6143,2.0552
1.0658,1.1425
2.8373,1.7268000000000001
2.7718000000000003,2.1543
1.1399000000000001,1.1143
2.5340000000000003,1.8637000000000001
3.1177,2.1177
1.2258,1.1378
2.326,1.8121
2.9798000000000004,2.217
1.1713,1.1150000000000002
2.4967,1.8241
2.8586,2.134
0.9977,1.0797
2.2243000000000004,1.8209000000000002
2.9914000000000005,2.1751
1.2748,1.1551
2.8503,1.7684
3.0159000000000002,2.2210000000000005
1.3241,1.0832000000000002
2.2858,1.8016000000000003
2.6979,2.0557000000000003
1.113,1.1467
2.3033,1.8136
4.505,3.2645
1.0907,1.1300999999999999
3.3048,1.8432000000000002
2.8825000000000003,2.0942
1.0070000000000001,1.0628
3.0629000000000004,2.7175000000000002
2.995,2.1356
1.2002,1.1287
2.0263,1.7510000000000001
2.7614,2.17
1.5953,1.0826
2.2302000000000004,1.7830000000000001
2.6896000000000004,2.0933
1.2278,1.1328
2.1556,1.7938
2.7099,2.1603
1.1753,1.3031000000000001
2.2806,1.9092000000000002
2.7539000000000002,2.0535
1.0742,1.1233
2.7101,1.9105
2.8836,2.0862000000000003
1.1855000000000002,1.1250000000000002
3.0969,1.8461
2.5459,2.1316
1.2212,1.1516
2.3964000000000003,1.9003
2.8220000000000005,2.0461
1.1616,1.0958
2.403,1.9065000000000003
2.6438,2.2866
0.9727,1.0450000000000002
2.0986,1.8376000000000001
2.9890000000000003,3.1475
1.1374,1.1601000000000001
2.2081,2.8027
2.8846000000000003,2.1992000000000003
0.9529,1.1074000000000002
2.1307,1.7777
2.9724,2.2095000000000002
1.0254,1.0909000000000002
2.3144000000000005,1.8031000000000001
2.5823,3.0849
1.0389000000000002,1.1054000000000002
2.0825,1.917
2.8461000000000003,2.1352
1.1267,1.1331000000000002
2.0678,1.7832000000000001
2.7684,2.0471
1.0819,1.0922
2.1284000000000005,1.7754
2.6261,2.1359
1.2447000000000001,1.1349
2.1457,1.7935
3.2259,2.1311
1.2950000000000002,1.1219000000000001
2.2191000000000005,1.7884000000000002
2.6586000000000003,2.06
1.1280000000000001,1.7857
2.0882,1.7543000000000002
2.8552,3.1208000000000005
1.1844000000000001,1.0944
2.2272,1.8369
2.8612,2.0816000000000003
1.4182000000000001,1.2607
2.3275,1.8397000000000001
2.8346,2.1404
0.9646,1.0429
2.3003000000000005,1.7771000000000001
3.6691000000000003,2.2004
1.2079,1.1949
2.4589,1.7935
2.3754,2.0937
1.1503,1.0982
2.2904,1.9473
3.0618000000000003,2.4875000000000003
1.1732,1.1711
2.4086000000000003,1.8252000000000002
2.7139,2.4117
1.2709000000000001,1.1525
2.3384,1.8947
2.926,3.1364
1.266,1.1668000000000003
2.1343,1.8512000000000002
3.608,2.0975
1.0207,1.1271
2.266,1.8289
2.6658000000000004,2.2081
1.2599,1.1446000000000003
2.2539000000000002,1.7752000000000001
2.9276000000000004,2.1615
1.0104,1.086
2.2024000000000004,1.9147
2.9256,2.1088
1.0154,1.1074000000000002
2.3426,1.7835
4.7623999999999995,3.0799
1.8137,1.6476000000000002
2.3195,1.9054
2.5976000000000004,2.067
1.3384,1.1197000000000001
2.2627,1.7687
2.7095000000000002,2.1159
1.4886000000000001,1.2081000000000002
1.9845000000000002,1.7374
3.2039000000000004,3.0986000000000002
1.1683000000000001,1.0973000000000002
2.2110000000000003,1.7563000000000002
2.8053000000000003,2.1141
1.0273,1.0734
2.4179000000000004,1.98
2.8923,2.0576000000000003
1.3626,1.1414000000000002
2.2216,1.7802
2.8055000000000003,2.1317000000000004
1.1128000000000002,1.1297
2.3035,1.8477000000000001
2.6867,2.0474
1.0869,1.1308000000000002
2.2292,1.7986
2.7064000000000004,2.1001000000000003
1.3318,1.1917000000000002
2.2888,1.7993000000000001
3.3927,2.1703
1.2918,1.1427
2.3832000000000004,1.8881000000000001
2.6729000000000003,2.0887000000000002
1.1072,1.1129
2.9677000000000002,2.5649
3.4102000000000006,2.2612
1.1271,1.0955000000000001
2.0828,1.8815000000000002
2.9405,2.2475
1.2283000000000002,1.1272
2.2342,1.7698000000000003
2.6290000000000004,2.1891000000000003
1.118,1.183
2.2498,1.7938
2.7519000000000005,2.1069
1.1657,1.1873
1.9008,1.6958000000000002
2.7356000000000003,2.0871
1.1563,1.1177000000000001
2.2494,1.8110000000000002
2.5752,2.1383
1.0487,1.1102
2.2947,1.8658000000000001
2.8105,2.2354000000000003
1.2334000000000003,1.1951
2.3145000000000002,2.2318
2.8634000000000004,2.1701
1.059,1.0874000000000001
2.0856,1.7389000000000001
2.8458,2.116
1.2815,1.2324
2.1413,1.8033000000000001
2.9063000000000003,2.2164
1.1706,1.1609
2.3158000000000003,1.9688
2.802,2.1485000000000003
1.0957000000000001,1.1536
2.3635,1.7848
2.5084,2.375
1.2016000000000002,1.1389
2.3569000000000004,1.8106000000000002
2.7829,2.0690999999999997
1.3682,1.1629
2.3764000000000003,1.9771000000000003
3.015,2.1391
1.2585000000000002,1.1421000000000001
2.1383,1.7510000000000001
2.7793,2.0623
1.1017000000000001,1.3815000000000002
2.0884,1.7464000000000002
2.6435,2.1867
1.1890000000000003,1.1546
2.3572,1.8147
2.668,3.1747000000000005
1.0434,1.0618
2.3189,1.8209000000000002
2.7652,2.1634
1.1734,1.1380000000000001
2.2066,1.7794000000000003
2.9224000000000006,2.1685000000000003
1.227,1.1757
2.2485,1.8083
2.7758000000000003,2.1591
1.2679,1.1105000000000003
2.3836,1.8930000000000002
2.9118,2.1906
1.1633000000000002,1.1261
2.4400000000000004,1.8734000000000002
2.9307,2.1284000000000005
1.6932000000000003,1.2912000000000001
2.7741000000000002,2.7335000000000003
2.5874,2.0943000000000005
1.1492000000000002,1.1744
2.2849000000000004,1.7813
2.6100000000000003,2.0766
1.5506,1.1735
2.1751,1.7975
2.9454000000000002,2.2042
1.0257,1.0595
2.3021000000000003,1.8337
3.1734000000000004,2.1327
1.1318000000000001,1.1069
1.9634,1.8399000000000003
2.6735,2.0987
1.0708,1.0778
2.2623,1.804
2.8031,2.2636000000000003
1.2255,1.1617000000000002
2.363,1.812
2.7769,3.1246000000000005
1.1824000000000001,1.1557000000000002
2.1424,1.7627000000000002
2.6864000000000003,2.8661000000000003
1.2197,1.1264
2.4046000000000003,1.8722
2.5640000000000005,2.0908
0.9386000000000001,1.1308000000000002
2.2070000000000003,1.8152000000000001
2.9584,2.1460000000000004
1.1168,1.1085
2.2435,1.7656000000000003
3.1196,2.1843000000000004
1.3136,1.1579000000000002
3.6702000000000004,1.8843000000000003
2.9359,2.1383
1.1758,1.1279000000000001
2.1825,1.7878000000000003
2.6675,2.1174000000000004
1.4186,1.1694000000000002
2.1537,1.7574
2.9052000000000002,2.1302
1.2812000000000001,1.2393
2.2904,1.8007000000000002
2.7983000000000002,2.0791
1.0659,1.1432
2.1835999999999998,1.7854
2.9774000000000003,2.1211
1.2044,1.1300000000000001
2.3062,2.6329000000000002
2.6742000000000004,2.1594
1.1353000000000002,1.1361999999999999
2.1233000000000004,1.8046000000000002
2.8803,2.8743000000000003
1.1285,1.0807
2.2885,1.9041000000000001
2.7208,2.1123000000000003
0.9946,1.1466
2.6567000000000003,1.9428
2.8294,2.2074
1.3699000000000001,1.185
2.208,2.0092
2.7669,2.0627000000000004
1.1047000000000002,1.1071
2.1541,1.7919
2.9344,2.1310000000000002
1.111,1.0889
2.0852,1.7854
4.2825,2.2004
1.3911000000000002,1.1733000000000002
2.2276000000000002,2.3015000000000003
2.9612000000000003,2.0965000000000003
1.1739000000000002,1.1084
2.3327,1.8653000000000002
2.7336,3.0246
1.2086,1.1188
2.1461,1.7661
2.8528000000000002,2.1066000000000003
1.1935000000000002,1.1715
2.2912000000000003,1.7594
3.3523000000000005,2.2005000000000003
1.2984000000000002,1.1484
2.2500000000000004,1.8510000000000002
2.7093,2.7517
1.0289000000000001,1.0766
1.9799000000000002,7.714500000000001
3.1229,2.1736
1.2101,1.1394
2.0113000000000003,1.9624
2.7392000000000003,2.1063
1.2684,1.1647
2.2726,1.8223000000000003
2.9983,2.1298000000000004
1.0711,1.1296000000000002
2.4921,1.8149000000000002
2.6907,2.0806
1.4789,1.0964
2.2003,2.2969
4.252300000000001,3.1380000000000003
1.1163,1.2286000000000001
2.047,1.7421000000000002
3.0723000000000003,2.1464000000000003
1.1605,1.1911
2.1892,1.7705000000000002
2.6416,2.0544000000000002
1.2026000000000001,1.0822000000000003
2.1734000000000004,1.8310000000000002
2.8597,2.1260000000000003
1.1821000000000002,1.1043
2.3557,1.7849000000000002
2.7997,2.2774
0.9921000000000001,1.0724
2.1185,2.6864000000000003
3.3906,2.1925
1.2627000000000002,1.1807
2.3131000000000004,1.8903
2.863,2.2569
1.3024,1.2793999999999999
2.3184,1.8311000000000002
2.8489,2.1093
1.1471,1.1151000000000002
1.9776,1.7573
2.8921,2.085
1.1801000000000001,1.3809
2.0649,1.7372
2.6023,2.0334000000000003
1.141,1.0938
2.1069999999999998,1.8008000000000002
2.882,2.0897
1.3415000000000001,1.1506
2.423,1.7997000000000003
2.9316000000000004,2.2839
1.1576000000000002,1.1278
2.3583000000000003,1.7295
3.0692000000000004,3.1991000000000005
1.2268000000000001,1.1209
2.1824000000000003,1.7925
2.7704999999999997,2.044
1.2572,1.1302
2.5091,1.8606
2.6892,2.1221
1.2353,1.3247
2.3082000000000003,1.8398
2.9669000000000003,2.1499
0.9816,1.0626000000000002
2.3256,7.878300000000001
2.7496,2.0775
1.1246,1.2085000000000001
2.3181,1.7544000000000002
2.9345,2.1063
0.9570000000000001,1.1708
2.0762,1.8029000000000002
2.9465000000000003,2.3353
1.2486000000000002,1.2383000000000002
2.4712,1.8958000000000002
2.979,2.2054
1.2244000000000002,1.1276000000000002
2.1535,1.7644000000000002
2.5678,2.1223
1.1865,1.1124
2.2565000000000004,1.8716000000000002
2.9491,2.0181
1.2453,1.1285
2.3875,1.8818000000000001
2.8681,2.1378
1.1599000000000002,1.1241
2.1713999999999998,1.7787
2.9325,2.0839
1.2427,1.1666
2.2085,1.8154000000000001
3.1855,2.1747000000000005
1.1062,1.0849
2.8681,2.0155
2.6218,2.111
1.1136,1.0959999999999999
2.2497000000000003,1.8315
2.7969000000000004,2.181
1.1660000000000001,1.1575000000000002
2.2282,1.8650000000000002
3.0084,2.0570000000000004
1.1792,1.1883
2.8222,1.7523
2.9358,2.1067
1.1166,1.0913000000000002
2.0131,1.7552
3.0152,2.1878
1.1583,1.1312000000000002
2.3266000000000004,1.7925
3.0939,2.2267
1.1264,1.0773
2.1005,1.7431
2.7924,2.0765000000000002
1.0258,1.0665000000000002
2.1111000000000004,1.8196
2.8664000000000005,3.0834
1.1586,1.1877
3.559,2.6629
2.8393,2.1466000000000003
1.0127000000000002,1.0945
2.1318,1.8010000000000002
2.8657,2.1109
1.087,1.2971000000000001
2.4791000000000003,1.8637000000000001
2.6148000000000002,2.0839
1.3029000000000002,1.1905999999999999
2.3566000000000003,1.9112
2.6654,2.0744000000000002
1.1206,1.1027
2.3474000000000004,1.7912000000000001
3.3819000000000004,2.1091
0.9526000000000001,1.09
2.2405000000000004,1.8124
3.0848000000000004,2.14
1.1526,1.094
2.0887000000000002,1.8020000000000003
3.0306,2.217
1.0697,1.1022
2.3751,1.9452000000000003
2.7655000000000003,2.0403000000000002
1.225,1.1402
2.0733,1.8129000000000002
2.8240000000000003,2.1351
1.0871000000000002,1.1003
2.7442,1.9112
2.7574,2.1766000000000005
1.018,1.0586
2.0439,1.8459
2.8786,2.1309000000000005
1.1904000000000001,1.1165
2.2887000000000004,1.7762000000000002
2.8759,2.1379
1.1485,1.7556000000000003
2.1431,1.7261000000000002
2.8797,2.9709000000000003
1.1511000000000002,1.0973000000000002
2.6297,1.8827000000000003
2.9233000000000002,2.1229
1.3211000000000002,1.1447
2.2609000000000004,1.789
2.432,2.0052
1.1538,1.1169
2.2691,1.7957
2.7243000000000004,2.153
1.0944,1.1263
2.3240000000000003,1.8289
2.7201,2.1379
1.2482000000000002,1.1433
2.2349,1.8481
2.6018,2.0806
1.3234000000000001,1.1668000000000003
2.715,3.1812000000000005
2.8263000000000003,2.1957999999999998
1.0792,1.0905
2.0351000000000004,1.7793
2.6330000000000005,2.0313000000000003
1.1601000000000001,1.1246
2.1667,1.8086
3.8607000000000005,2.1854999999999998
1.2578,1.1536
2.0415,1.7504
2.5775000000000006,2.2394000000000003
1.1619,1.1461000000000001
2.1981,2.856
2.7513000000000005,2.1291
1.2261000000000002,1.1788
2.1047000000000002,1.8929
2.9037,2.2572
1.2376000000000003,1.1653
2.1204,1.8323
2.9112,2.1625
1.1373000000000002,1.1139000000000001
2.1887,1.8577000000000001
3.5625,2.0358
1.1094,1.1094
2.4413,1.9381000000000002
2.8240000000000003,2.1012
1.1888,1.1405
2.1623,1.7743000000000002
2.5678,2.0356
1.1941,1.2953000000000001
2.1062000000000003,1.7691000000000001
2.6176000000000004,2.1274
1.1231000000000002,1.2316
2.2611000000000003,1.8335000000000001
2.8483,2.0722
1.2012,1.1576000000000002
2.2402,2.946
2.6791,2.0906000000000002
1.0096,1.108
2.1453,1.7818
2.7455000000000003,2.1207000000000003
0.9723,1.1036000000000001
2.3726000000000003,1.9399
2.5708,2.0716
1.2138000000000002,1.1463
2.1925,1.7935
2.845,2.2554000000000003
1.1311000000000002,1.1963
2.2443000000000004,1.7621000000000002
2.7207000000000003,2.0618
1.3255000000000001,1.1497
2.2399,1.8305
2.7433,2.1954000000000002
1.1331000000000002,1.1201
2.6515000000000004,2.1421
3.5439000000000003,3.0191000000000003
1.113,1.1141
2.2635000000000005,1.8003
2.5849,2.0967
1.2626,1.1376000000000002
2.4311000000000003,1.8873000000000002
2.6457,2.0918
1.2588,1.1300999999999999
2.1071000000000004,1.8576000000000001
2.7845,2.0676
1.191,1.1692
2.935,1.8522
3.3383000000000003,2.1975000000000002
1.1502000000000001,1.1068
2.3251,1.9218000000000002
2.6123000000000003,2.1022000000000003
1.0449000000000002,1.0994000000000002
2.4581,1.8747000000000003
2.9683,2.2163
1.1809,1.1237000000000001
2.0170000000000003,2.0282
3.0082000000000004,2.1882
1.0651,1.1241
1.9712000000000003,1.7265000000000001
3.0106,2.1062000000000003
1.2915,1.1322
2.1647000000000003,1.7416
3.0974000000000004,2.2228
1.2076,1.1022
2.2329000000000003,1.7765000000000002
2.7485,2.0968000000000004
1.2063,1.1141
2.1538,1.8571000000000002
2.7237000000000005,2.1787
1.3770000000000002,1.1886
2.2056000000000004,1.8169000000000002
2.8626000000000005,2.1781
1.1838,1.0898
2.3811999999999998,1.8022
2.7502000000000004,3.1234
0.9756,1.086
2.5826,2.8105
2.6215,2.0544000000000002
1.1559000000000001,1.1261
2.5071,1.8715000000000002
2.6486,2.1409000000000002
1.0797,1.0855000000000001
2.258,1.8502000000000003
2.7947,2.1091
1.1356000000000002,1.1552
2.1887,1.8243
2.6264000000000003,2.1178
1.1802000000000001,1.1227
2.2505,1.7918
2.5612,2.0654000000000003
1.1158000000000001,1.1076000000000001
2.3712,1.8655000000000002
2.9933000000000005,2.2470000000000003
1.074,1.1499000000000001
2.3474000000000004,1.8860000000000001
2.7404,2.0322
1.12,1.1042
2.4934000000000003,1.9367
2.883,2.0926
1.2929,1.1429
2.3329,1.8012000000000001
2.6921000000000004,2.0441000000000003
1.1771000000000003,1.1359
2.4178,1.7904000000000002
2.8371000000000004,2.1057
1.0879,1.1539
2.0828,1.768
2.9773,2.1366
1.1413,1.1351
1.9853,1.9617000000000002
2.7486,2.0425
1.1844000000000001,1.1202
2.4207,1.7985000000000002
2.9423,2.1602
1.3209,1.1148
2.1246,1.8212
2.8636,2.1787
1.0374,1.1151000000000002
2.5162999999999998,1.7889000000000002
2.8537000000000003,2.1313
1.7421000000000002,1.6951000000000003
2.0549,2.6380000000000003
2.9972000000000003,2.1201000000000003
1.173,1.1069
2.3803,1.7957
2.9452000000000003,2.121
1.2144,1.1159
2.2574,1.7784
2.9446000000000003,2.1422
1.3128,1.1616
2.4128000000000003,1.872
3.0411,2.1831000000000005
1.0768000000000002,1.1959000000000002
1.9702000000000002,1.7085000000000001
2.7629,2.1470000000000002
1.1854,1.1175
2.395,1.8216
2.7664,2.1764
1.1070000000000002,1.111
2.2414,1.8448000000000002
2.8424,2.1060000000000003
1.0427000000000002,1.0638
2.4754,1.8541
2.9890000000000003,2.172
1.1478,1.1168
2.2318,1.8591
2.8425,2.0763000000000003
1.159,1.1395000000000002
2.6628000000000003,2.0303
2.6871,2.0916
1.0346000000000002,1.0482
2.2209,1.7607
2.652,2.0388
1.0564,1.0887000000000002
2.0387,1.7739
2.8148,2.1754000000000002
1.1862000000000001,1.129
2.246,1.8267000000000002
2.7264000000000004,2.1131
1.17,1.0959
2.2334,1.7257000000000002
3.0019,2.1906
1.0712,1.0951000000000002
2.3078,1.7649
2.8689,2.1833
1.2368999999999999,1.1276000000000002
2.6819,1.8407
2.7751,2.1534
1.1786,1.1485
2.4606000000000003,1.8191000000000002
2.9609,2.1271000000000004
1.1529,1.1099
2.1979,1.7766000000000002
2.7891,2.1656
1.1426,1.1447
2.1697,1.8063
2.6191,2.0805000000000002
1.137,1.1456000000000002
2.8641,2.0133
3.1129000000000002,2.2561
1.1943000000000001,1.1158000000000001
2.2561,1.7481
2.7601999999999998,2.0686000000000004
1.2687,1.1265
2.6288,1.9266
2.8214000000000006,2.0481000000000003
1.2562,1.0833000000000002
2.0284999999999997,1.8137
2.6943,2.0842
1.0983,1.0690000000000002
2.1334,1.8159
2.8269,2.0993
1.0914,1.0783
2.1668,1.8263
2.8349,3.1323000000000003
1.1978000000000002,1.1428
2.0026,2.836
2.7765000000000004,2.1081000000000003
1.1559000000000001,1.0986000000000002
2.9075,1.8847000000000003
3.6614000000000004,2.1638
1.3762,1.1562000000000001
2.2946,1.817
2.7145,2.1293
1.2055,1.1409
2.6997,1.9521
2.8394000000000004,2.1641
1.0712,1.133
2.4533000000000005,1.8561
2.5005,2.0505000000000004
1.2181000000000002,1.2802
2.0388,1.7268000000000001
2.5443000000000002,2.0446
1.0667,1.1543
2.1365,1.7652
3.0858,2.3504000000000005
1.1069,1.1351
3.6664000000000003,2.4704
2.9576000000000002,2.0646
1.1219000000000001,1.1542
2.4521,1.8859000000000001
2.8488,2.1469
0.9134000000000001,1.0319
2.3901,1.7976
2.9505,2.1237
1.2418000000000002,1.1676
2.1309000000000005,1.817
2.9160000000000004,2.2236000000000002
1.2332,1.1275
2.2251000000000003,1.7781
2.8892,2.7496
1.2374,1.1615
2.0787,1.7917
2.5536,2.2201
1.0509,1.0774000000000001
2.2559000000000005,1.9493000000000003
2.7766,2.1284000000000005
1.1065,1.0804
2.4864,1.8115
2.6076,2.1411
1.0387,1.0662
2.212,1.8427
3.072,2.2005000000000003
1.1596,1.1078999999999999
2.5667000000000004,2.0237000000000003
2.7635000000000005,2.1196
1.0794000000000001,1.103
2.4142,1.8019
3.0684,2.3119
1.0839,1.2387000000000001
2.2316000000000003,1.8111000000000002
3.0346,2.1315
1.0849,1.0959
2.0616000000000003,1.7625000000000002
2.6892,2.0748
1.244,1.2296000000000002
2.1055,1.7944
2.7666,2.1609000000000003
0.9707,1.1789
2.1762,1.8173000000000001
2.6306000000000003,2.0565
1.3175000000000001,1.1280000000000001
2.3909000000000002,1.8109
2.8041000000000005,2.1347
1.1071,1.0876
2.0716,1.8564
2.7064000000000004,2.1201000000000003
1.2027,1.1305
2.2821,1.9386
3.0528,2.0835000000000004
1.2232,1.1112000000000002
2.4143000000000003,1.7917
2.9102000000000006,2.1456
1.2831000000000001,1.1289000000000002
2.1134,1.7863000000000002
2.8288,2.1396
2.7764,1.1037
2.2552000000000003,1.7831000000000001
2.9303000000000003,2.1405
1.2936,1.1489
2.1928,1.8563000000000003
3.2757000000000005,2.1336000000000004
1.1224000000000003,1.1094
3.1553,1.8678000000000001
2.9003,2.22
1.2991000000000001,1.1743000000000001
2.2068,1.8162
3.0427,2.1345
1.5612,1.0790000000000002
2.0356,1.7845
3.6342000000000003,2.1207000000000003
1.1256,1.1801000000000001
2.4061,2.1765
3.4499,2.0461
1.2373,1.1983
2.2934,1.943
2.6378,2.0740000000000003
1.0949,1.0917000000000001
2.6358,1.858
2.8709000000000002,2.3307
1.3522,1.1712
2.4355,1.8584
2.7091000000000003,2.0831
1.1589,1.1223
2.4157,2.0020000000000002
3.2084,2.1029
1.034,1.0682
2.7645,1.8496000000000001
2.7389,2.0883
1.2106000000000001,1.1265
2.2283000000000004,1.7681
2.8775000000000004,2.1151
1.2466000000000002,1.1626
2.5151000000000003,1.8278
4.0544,3.1872000000000003
0.9824,1.0839
2.2736,1.8127000000000002
3.18,2.1763
1.0549000000000002,1.0748000000000002
2.2375000000000003,1.7918
2.6839000000000004,2.0993
1.1796,1.1137
2.3876,1.8410000000000002
2.8043,2.0862000000000003
1.1452,1.1511000000000002
2.0956,1.8305
2.8856,2.2262000000000004
1.1257000000000001,1.0882
2.225,1.9889000000000001
2.8417000000000003,2.1031
0.9741000000000001,1.0586
2.0629000000000004,1.78
2.7865,2.0831
1.1374,1.1102
2.1095,1.8109
2.8945000000000003,2.1527
1.3100000000000003,1.1991
2.3256,1.8393000000000002
2.7104,2.148
1.1363,1.094
2.5782000000000003,3.0278
2.8292,2.1458000000000004
1.1285,1.0991
2.0751000000000004,1.7703
2.921,2.1361000000000003
1.1826,2.085
2.2108000000000003,2.0715
2.6246000000000005,2.1063
1.2848,1.1426
2.3389,2.8680000000000003
3.0702000000000003,2.1769000000000003
1.1261,1.1073000000000002
2.0655,1.7787
3.0893,2.2057
1.1881000000000002,1.214
2.8367,1.9231
4.2048,2.1945
1.3124,1.157
2.2081,1.7532
2.8352,2.1526
1.1219000000000001,1.1116000000000001
2.3608000000000002,1.8054000000000001
2.7159000000000004,2.1568
1.0322,1.0871000000000002
2.2314000000000003,1.9373
2.7152000000000003,2.0652
1.2091,1.0804
2.4577,1.8406000000000002
3.281,2.6534000000000004
1.1264,1.0926
2.1081000000000003,1.7708000000000002
3.0211,2.1697
1.1049,1.1524
2.2539000000000002,1.7906
2.8572,2.1122
1.0816000000000001,1.145
2.5814000000000004,1.8356000000000001
2.7407,2.0683
1.0883000000000003,1.1367
2.3446000000000002,1.8062000000000002
2.8472000000000004,2.1350000000000002
1.1865,1.1198
2.3137000000000003,1.8068000000000002
2.9101,2.1002
0.9249,1.1274
2.2614,1.8919000000000001
2.7416000000000005,2.1937
1.2117,1.1044000000000003
2.1539,1.9008
2.5233,1.9987
1.1245,1.1054000000000002
2.1004,1.7487000000000001
2.8355,2.1082
1.2165000000000001,1.0754
2.1094,1.7916
2.7982000000000005,2.0727
1.3407,1.1687
2.2556,1.9344000000000001
2.8206,2.4961
0.9961,1.054
2.1399,1.7483000000000002
2.7624000000000004,2.1454
1.2172,1.1657
2.3596000000000004,1.9067
2.7091000000000003,2.2044
1.1477,1.1300000000000001
2.0651,3.0495
2.8635,2.1277000000000004
1.2096000000000002,1.1089000000000002
2.2517,1.7690000000000001
3.2050000000000005,2.0548
1.9641000000000004,1.6792
2.3496,1.9938
2.5387,2.0348
1.1642,1.1066
2.3401000000000005,1.9263000000000001
2.8253000000000004,2.1776
1.038,1.0901
2.1654,1.8150000000000002
2.8868,2.079
1.0315,1.0571000000000002
2.3207,1.7575
2.6196,2.0713000000000004
1.0448,1.108
2.3933,2.4273000000000002
3.3375000000000004,2.3377000000000003
1.1096000000000001,1.1491000000000002
2.3707000000000003,1.8519
3.2048,2.1717
1.0863,1.0986000000000002
2.0854000000000004,1.7593
3.3030000000000004,2.1286
1.2618,1.1871000000000003
2.2162,1.7574
2.7155,2.0742
1.1776,1.1326
2.1571000000000002,1.7443
2.7431,2.0852
1.3299,1.1421000000000001
2.1693000000000002,1.8281
2.618,2.0216000000000003
1.2117,1.1123
2.3866,1.8327
2.6163000000000003,2.081
1.2947,1.1536
2.0914,2.9335000000000004
2.8341,2.2249000000000003
1.4511,1.2419
2.0482,1.8850000000000002
3.1139,2.0762
1.1348,1.1343
2.2797,1.776
2.8848000000000003,2.1381
1.2728000000000002,1.1587
2.1072,1.7645
2.7110000000000003,2.0712
1.1345,1.1201
2.1513999999999998,1.7778000000000003
2.6086,2.0755
1.1243,1.0678
2.2066,1.7767000000000002
2.8738,2.1274
1.0661000000000003,1.1211
1.9591,1.7359
3.8973000000000004,2.2597000000000005
1.2403000000000002,1.1354000000000002
2.3995,2.2531
2.9523,2.2766
1.2839,1.1595000000000002
2.3001,1.8754000000000002
2.8411,2.0593
1.1342,1.1261
2.8803,1.8016000000000003
2.8898,2.1077
1.2870000000000001,1.1616
2.6508,1.9626000000000001
2.9621,2.1922
1.1136,1.1306
2.2434,2.2527000000000004
2.7951,2.0766
1.0706000000000002,1.0843
2.0134000000000003,1.7475
2.8991000000000002,2.2538
1.1324,1.0865
2.9638000000000004,1.8246
2.7943,2.02
0.909,1.0662
2.3379,1.8185
3.3544,2.1052000000000004
1.1073000000000002,1.0834
2.3155,1.853
2.745,2.1276
1.3053000000000001,1.1875
2.2896,1.8248000000000002
2.9682000000000004,2.1424
1.1485,1.1089000000000002
2.059,1.9357
2.6356,3.2044
1.0946,1.2654
2.4229,2.8457
2.9621,2.1812000000000005
1.1925,1.1507
2.1344000000000003,1.7626
2.9566000000000003,2.1287000000000003
0.9605000000000001,1.0937
2.1197,1.9197000000000002
3.6266000000000003,2.273
1.1084,1.0842
2.2377,2.7795
2.8469,2.0871
1.0119,1.0809000000000002
2.5349,1.8409000000000002
2.773,2.2128
1.2128,1.1206
2.2561,1.7994
2.6791,2.0596
1.3351000000000002,1.1537000000000002
2.0380000000000003,1.7568000000000001
3.5247000000000006,2.0805000000000002
1.3559,1.2716
2.2922000000000002,1.8463
2.8587000000000002,2.1242
1.1247,1.0582
2.1477000000000004,1.8014000000000001
2.8674,2.1487000000000003
1.1161,1.1092
2.1058000000000003,1.8445000000000003
3.0579,2.2104
1.3095,1.1836000000000002
2.0806,2.6694
2.3965,2.0595000000000003
1.216,1.1659000000000002
2.2716000000000003,2.2844
3.1124000000000005,2.166
1.0777,1.1114
2.3994000000000004,1.8603
2.6763000000000003,2.1382000000000003
1.0611000000000002,1.0842
2.2093,1.8291000000000002
2.7916,2.1001000000000003
1.2321,1.111
2.2734,1.8218
2.7357,2.1183
1.0568000000000002,1.0718
2.2526,1.7948
2.8178,2.1546
1.0098000000000003,1.0351000000000001
1.9874000000000003,1.7246000000000001
2.6468000000000003,2.0862000000000003
1.022,1.1203
2.4671000000000003,2.9665000000000004
2.5277000000000003,2.1268000000000002
1.1464,1.1069
2.742,2.2828000000000004
2.5684,2.047
1.1403999999999999,1.0943
2.2275000000000005,1.8329000000000002
2.8949000000000003,3.1276
1.2413,1.1913000000000002
2.0534,2.7454
2.8147,2.1253
1.1134000000000002,1.1168
2.2615,1.7989000000000002
2.9857,2.1468
1.0735000000000001,1.1478
2.0821,1.8664
2.8629000000000002,2.1663000000000006
1.233,1.1518000000000002
2.0931,1.7594
3.096,2.1509000000000005
1.0804,1.3495
2.3821000000000003,1.8721
2.9733000000000005,2.1247000000000003
1.2844,1.1900000000000002
2.4200000000000004,1.8504
2.6147,2.1271000000000004
1.1909,1.1627
2.2089000000000003,1.7959
2.4046000000000003,2.078
1.1271,1.0945
2.0544000000000002,2.8783000000000003
3.0717000000000003,2.1108
1.2131,1.1669
2.2355,1.8935000000000002
3.0952,2.1737
1.0370000000000001,1.0743
2.1491000000000002,1.8717
2.5209,2.0362
1.1833,1.1974000000000002
2.6753000000000005,1.8059
2.9181000000000004,2.1084000000000005
1.195,1.1250000000000002
2.3773,1.8737000000000001
3.0479000000000003,2.1217
1.2431,1.1685
2.2157,1.9571000000000003
2.5805000000000002,2.0500000000000003
1.0428,1.0825
2.1561000000000003,1.9776
2.7462000000000004,2.0764
0.888,1.0688
2.1048,1.7844
2.587,2.3725
1.0123,1.0659
2.2809000000000004,1.7691000000000001
3.0941,2.1491000000000002
1.1318000000000001,1.0573000000000001
2.4436,1.8545
2.6663000000000006,2.0748
1.0541,1.1
2.0624000000000002,3.0314
3.0039000000000002,2.1942000000000004
1.3556,1.1487
2.4028,1.8281
2.9742,2.1336000000000004
1.0652000000000001,1.112
2.3583000000000003,1.8237
2.9033,2.2171
1.0612,1.1309
2.5401,1.8445000000000003
2.7017,2.1685000000000003
1.1424,1.1001
2.6594,1.8650000000000002
2.9152,2.1798
1.1214,1.1289000000000002
2.326,1.9130000000000003
2.7678000000000003,2.2615
1.0079000000000002,1.0602
2.1931000000000003,1.8190000000000002
2.9085,2.1426000000000003
0.9721000000000001,1.0849
2.2566,1.7702000000000002
2.9193000000000002,2.2590000000000003
1.3133000000000001,1.1661
2.1526,1.8331
3.2063,2.1562
1.1756000000000002,1.1294
2.2013000000000003,2.1676
2.5693,2.1296
0.9057000000000001,1.075
2.0660000000000003,1.8000000000000003
2.7082,2.0461
1.1288,1.4492
2.4563,1.9267
2.8568000000000002,2.0825
1.2004000000000001,1.1162
2.2022,1.7398
3.1961000000000004,2.1947
1.0596,1.0906000000000002
2.2329000000000003,2.7701000000000002
2.5863,2.1297
1.0835000000000001,1.1606
2.2866,1.8008000000000002
2.8766,2.1972000000000005
1.0859,1.2127000000000001
2.3204000000000002,1.8980000000000001
3.4994,2.1490000000000005
1.2554,1.1658
2.3201000000000005,1.8388
2.6245000000000003,2.1601000000000004
1.0667,1.1831
2.2566,1.8125
2.6434,2.0698000000000003
1.1176000000000001,1.2197
1.9715000000000003,1.8885000000000003
3.0803000000000003,2.1956
1.178,1.1078000000000001
2.0674,1.7691000000000001
2.9791000000000003,2.1896000000000004
1.6077000000000001,1.3803
2.0061000000000004,3.3697000000000004
2.8686000000000003,2.1267
1.2312,1.1116000000000001
2.4224000000000006,1.8389
2.8719,2.2084
1.3059,1.1383
2.3617,1.8513000000000002
2.9073,2.2297000000000002
1.1339,1.085
2.3261000000000003,1.8708000000000002
3.0201000000000002,2.6006
1.1166,1.1361999999999999
2.2124,1.8090000000000002
2.7877,2.2489000000000003
1.1684,1.1149
2.2974,1.8770000000000002
2.6197,2.0507
1.1855000000000002,1.1112000000000002
2.2982000000000005,1.7704000000000002
2.7615,2.1214000000000004
1.0872,1.1184
2.2577000000000003,1.953
2.8672000000000004,2.0932
1.1576000000000002,1.118
2.9722000000000004,1.8009
2.6675,2.0389000000000004
0.9176000000000001,1.0592000000000001
2.3385000000000002,1.9775
2.7728,2.1617
1.1249,1.1088
2.3728,3.0338000000000003
2.6545,2.0820000000000003
1.1551,1.0922
2.1586000000000003,1.7501
3.1199,2.2046
1.0568000000000002,1.1324
2.0032,1.7387000000000001
2.9522000000000004,3.161
1.3243,1.1817000000000002
2.2445,1.7808000000000002
2.7954,2.1045
1.3463,1.1563
2.5862000000000003,1.8779000000000001
2.9416,2.1251
1.2649,1.1687
2.1111000000000004,1.7921
2.5589000000000004,2.1264000000000003
1.1205,1.1513
1.9988000000000001,1.7578
2.3963,2.075
1.2841,1.1653
1.9448000000000003,1.7541000000000002
2.6979,2.2188
1.1292000000000002,1.0973000000000002
2.3502,1.8585
2.7039,2.1950000000000003
1.2145000000000001,1.1483
2.3229,1.8788
3.1223,2.1382000000000003
1.1229,1.1035000000000001
2.134,1.7813
2.3878000000000004,2.0587
1.2536,1.1213
2.509,1.8487000000000002
2.7934,2.0627000000000004
1.3423,1.191
2.2241,1.8870000000000002
3.7513000000000005,2.0997
1.3299,1.1772
2.1456,1.7649
3.0171,2.1871
1.2262,1.1534000000000002
2.3031,1.8603
2.9881,2.1390000000000002
0.9353,1.0983
2.1297,1.8811000000000002
2.7396,2.2589
1.2236,1.1407
2.2498,1.8518000000000001
2.7581,2.1194
1.1483,1.1386
2.2396,1.8115
3.0328,2.1878
1.23,1.1557000000000002
2.0452,1.7379000000000002
2.6895000000000002,2.45
1.3134000000000001,1.1522999999999999
2.3578,1.8173000000000001
2.7355,2.0137
1.1036000000000001,1.1108
2.2746000000000004,1.7559
2.9711000000000003,2.4617000000000004
1.1706,1.1216000000000002
2.3910000000000005,1.9533000000000003
2.2091000000000003,2.5503
1.177,1.2216
2.4811,1.8167
2.6973000000000003,2.2048
1.1994,1.1871000000000003
2.0042000000000004,1.7453000000000003
2.9437,2.1587
1.113,1.1036000000000001
2.3756000000000004,1.8918000000000001
3.3305000000000002,2.1336000000000004
1.036,1.0941
2.1633,7.850700000000001
2.8902,2.1856000000000004
1.1217,1.1184
2.1464000000000003,1.7682000000000002
2.9748,2.1872000000000003
1.2445000000000002,1.1380000000000001
2.0813,1.8219000000000003
3.2992000000000004,2.1445000000000003
1.1385,1.1433
2.3599,1.7895
2.6380000000000003,2.0357000000000003
1.4203,1.1703
2.2591,1.8082
2.6068000000000002,2.0178000000000003
1.0112,1.0605
2.3904,1.8518000000000001
2.6027000000000005,2.1041000000000003
1.0816000000000001,1.1429
2.3294,1.8237
2.6171,2.0798
1.1693,1.1298000000000001
3.0847,2.2264000000000004
2.9794,2.1182000000000003
1.3267000000000002,1.1208000000000002
2.361,1.8203000000000003
2.8965,2.1504000000000003
1.1818,1.1101
2.5273000000000003,1.8806
2.8659000000000003,2.1741
1.2956,1.244
2.3924000000000003,1.9726000000000001
2.6636,2.0812
1.1355,1.1241
2.176,1.7578
2.6998,2.1208
1.342,1.4851
2.2661000000000002,1.8167
2.8993,2.0817
1.1797000000000002,1.1576000000000002
2.1279000000000003,1.7834
2.8814,2.1596
1.262,1.1098
2.2631,1.8791
2.6537,2.1673
1.6474,1.1143
2.3789000000000002,1.9451000000000003
2.8153,2.1048
1.1747,1.1820000000000002
1.9143000000000001,1.7712
3.1109,2.1778
1.2729,1.1298000000000001
2.2230000000000003,1.8495
2.7501,2.1056
1.2274,1.1719
2.4504,1.8361
2.7319,2.0385
1.0309,1.0644
2.3034000000000003,1.7820000000000003
2.6713,2.0705000000000005
1.3345000000000002,1.1772
2.4682000000000004,1.9485000000000001
3.0403000000000002,2.2263
1.1387,1.0987
2.4853,2.0179
2.7788,2.1296
1.2668,1.1178000000000001
2.2270000000000003,1.9011000000000002
2.5479000000000003,2.023
1.1652000000000002,1.2539
2.3166,1.7976
2.547,2.04
1.1488000000000003,1.142
2.3616,1.8113000000000001
2.5538000000000003,2.072
1.1543,1.1366
2.408,1.8588
2.7354000000000003,2.1050999999999997
1.66,1.6070000000000002
3.1596,2.6738
3.6301,2.7847000000000004
1.5193,1.4836
2.9200000000000004,2.4176
2.8855,2.5526000000000004
1.1781000000000001,1.133
2.2700000000000005,2.1194
2.7913,2.1803
1.0822000000000003,1.0973000000000002
2.2618,1.8724000000000003
2.7399,2.8995
1.1067000000000002,1.0916000000000001
2.2346000000000004,1.9673
2.9669000000000003,2.1634
1.077,1.0941
2.3242000000000003,1.8518000000000001
2.5965000000000003,2.1301
1.2323,1.1704
2.2154000000000003,1.7773
2.6137,2.0637000000000003
1.0630000000000002,1.0609
2.3371,2.4014
3.2608,2.0791
0.9715,1.1027
2.3428000000000004,1.8362
2.726,2.1261
1.1841,1.1053
2.3856,1.7425000000000002
2.7309,2.1797
1.1816000000000002,1.1343
2.3349,1.8254000000000001
2.8239,2.0640000000000005
1.1940000000000002,1.1963
1.9381000000000002,1.9258000000000002
2.7963000000000005,2.0952
1.0525,1.0965
2.3533,1.7823000000000002
2.9014,2.1311
1.1361,1.1432
2.3311,1.8608000000000002
2.9681,2.1123000000000003
1.2244000000000002,1.1315000000000002
2.4368000000000003,1.9758000000000002
3.8080000000000003,3.0277000000000003
1.214,1.4240000000000002
3.2285,1.8238000000000003
2.8335,2.1558
1.1057000000000001,1.2745
2.4913000000000003,1.8207000000000002
3.0621000000000005,2.1532
1.0298,1.0933000000000002
2.0899,1.7285
2.8974,2.1774000000000004
1.0373,1.0676
2.3007,1.8476000000000001
3.1281000000000003,2.1516
1.2930000000000001,1.1541000000000001
2.6350000000000002,2.3150000000000004
3.0684,2.2013000000000003
1.1977000000000002,1.1463
2.5004000000000004,2.0949000000000004
2.7579000000000002,2.0768
1.0181,1.1133
2.515,1.8632000000000002
2.7508000000000004,2.0672
1.2020000000000002,1.1518000000000002
2.3594000000000004,1.77
2.7790000000000004,2.1087000000000002
1.1447,1.1422
2.668,1.8317
2.6742000000000004,2.1634
1.2043000000000001,1.1078000000000001
2.1750000000000003,1.8691
2.6195000000000004,2.0238
1.1361,1.1091
2.2871,1.9016
2.4534000000000002,2.0137
1.0276,1.0686
2.5477,1.8629
3.3223000000000003,2.0783
1.2514,1.201
2.4551,1.8115
2.8358000000000003,2.0946000000000002
0.9748000000000001,1.0657
2.3223000000000003,1.8211000000000002
2.8069,2.1489
1.3575,1.1497
1.9946,1.7702000000000002
2.9271000000000003,2.3433
1.1102,1.1026
2.6155000000000004,1.8949000000000003
2.7399,2.1019
1.0752000000000002,1.1167
2.0916,1.7854
2.8018,2.0594
1.3715000000000002,2.2443000000000004
2.152,1.8165000000000002
3.0128000000000004,2.1413
1.185,1.1337000000000002
2.1492,1.8149000000000002
3.0313000000000003,2.1262
1.2068,1.1167
2.1461,7.8759
2.7677,2.202
1.1478,1.1516
2.3762000000000003,1.8267000000000002
2.6599000000000004,2.1243
1.0449000000000002,1.0917999999999999
2.2024000000000004,1.9273
3.3271,2.2547
1.2595,1.1582000000000001
2.4890000000000003,1.8363
2.9358,2.1187000000000005
1.0887000000000002,1.1283
3.2658,1.7583000000000002
3.0679000000000003,2.1068000000000002
1.1312000000000002,1.1242
2.2590000000000003,1.7715
2.8198000000000003,2.0662000000000003
1.2839,1.2617
2.4826,1.8718000000000001
2.7265,2.0821
1.6506,1.2068
2.2993,1.8321
2.8868,2.1433000000000004
1.1611,1.1323
2.4924,1.8644000000000003
2.9097000000000004,2.1493
1.1377000000000002,1.3212
2.0629000000000004,1.7441000000000002
2.6792000000000002,2.1713999999999998
1.0609,1.0663
2.1924,7.8423
2.6757,2.1231
1.1479000000000001,1.1206
2.0978,1.7675000000000003
2.8185000000000002,2.0941
1.3633,1.1685
2.5293,1.8524
2.7451000000000003,2.0985
1.3741,1.5101000000000002
3.8978,2.7252
2.7281000000000004,2.0774
1.2113,1.1356000000000002
2.0934,1.7178
2.6328,2.0303
1.2968000000000002,1.1296000000000002
2.3014,1.8024
3.0606,2.2814
1.1834,1.1799
2.1136000000000004,1.78
2.6614,2.3437
1.1727,1.0934
2.2520000000000002,1.8183
2.8964000000000003,2.1405
1.1012000000000002,1.077
2.2073,1.7459
2.684,2.1008000000000004
1.2178,1.1254000000000002
2.1545,1.8442
2.8214000000000006,2.922
1.2506000000000002,1.1297
2.1811000000000003,1.9479
2.5740000000000003,2.1295
1.2761,1.165
2.2251000000000003,1.8224
2.5319000000000003,2.1343
1.0563,1.0667
1.9262000000000001,2.6842
2.8711,2.137
1.2318000000000002,1.1292000000000002
2.3844,1.8632000000000002
2.6201000000000003,3.1005000000000003
1.0655000000000001,1.1062
1.9686000000000001,1.7714
2.8403,2.1627
1.2397,1.1288
2.2456,1.8361
2.7031000000000005,2.1296
1.3471000000000002,1.2375
2.0457,1.7073
2.6515000000000004,2.0886
1.258,1.1542
2.1310000000000002,1.8095
2.6115,2.0388
1.1831,1.1
2.0314,1.7376000000000003
3.1251,2.2483
1.1898,1.1440000000000001
2.2717,1.8558000000000001
3.101,2.1169000000000002
1.2451,1.1660000000000001
2.509,1.8562
2.7898,2.2458
1.2022000000000002,1.1215000000000002
2.1961000000000004,1.8068000000000002
2.9196,2.1390000000000002
1.2803,1.1638
2.0981000000000005,1.7954
2.5166000000000004,2.5116
1.039,1.0881
2.1761000000000004,1.7883
3.1308,2.0374
0.9888,1.1086000000000003
2.3917,1.7829
2.8337000000000003,2.0554
1.0411000000000001,1.1062
2.1781,2.0020000000000002
3.0020000000000002,2.1398
1.1373000000000002,1.1288
2.047,1.7201
2.6334,2.0949000000000004
1.2415,1.1227
2.1088,1.7280000000000002
2.886,2.1075
1.1280000000000001,1.4378000000000002
2.2315,1.794
2.9205000000000005,2.1620000000000004
1.1696,1.1473
2.2316000000000003,1.7722
2.7091000000000003,2.8844
1.2864,1.1043
2.2069,8.003900000000002
2.7104,2.0863
1.0808,1.0867000000000002
2.0033,1.7632
2.7774,2.0527
1.3063,1.0742
2.0843000000000003,1.8017
2.9713000000000003,2.2604
1.9875,1.1800000000000002
2.1109,1.7571
2.8008,2.0892000000000004
1.2316,1.2000000000000002
2.3819000000000004,1.7846000000000002
2.8844,2.1488
1.029,1.0574
1.991,1.7708000000000002
2.6973000000000003,2.1343
0.9811000000000002,1.0774000000000001
2.1288,1.7348000000000001
2.7117,2.1233000000000004
1.2385,1.1618000000000002
2.4363,2.0591000000000004
2.7564,2.0656000000000003
1.2038000000000002,1.1271
2.2936,1.8389
2.7495000000000003,2.1147
1.2798,1.2016000000000002
2.1501,1.8190000000000002
3.1041000000000003,2.8510000000000004
1.3027000000000002,1.1705
2.2599,1.9687000000000003
3.0232,2.1697
1.1787,1.1149
2.2674000000000003,1.8484
2.7678000000000003,2.0517
1.1349,1.0792
2.2708000000000004,1.7765000000000002
2.6262,2.0628
1.1743000000000001,1.2874
1.9915000000000003,1.7803
3.8109,2.16
1.2966000000000002,1.1114
2.1419,1.8254000000000001
2.9935,2.1491000000000002
0.9596,1.0872
2.462,1.8216
2.7795,2.1254
1.1528,1.161
2.0098,1.8048
2.8251,3.2858
1.2735,1.2054
2.2585,1.9001000000000001
2.7361,2.1011
1.0212,1.0686
2.4359,1.9036000000000002
2.8403,2.1658000000000004
1.3632000000000002,1.1942000000000002
2.3397,1.8233000000000001
2.8695,2.222
0.9012,1.0708
2.0970000000000004,7.8618999999999994
2.6238,2.065
1.1982000000000002,1.1282
2.1076,1.7446
2.8063000000000002,2.1638
1.1214,1.0823
1.9688,1.7926000000000002
2.8326000000000002,2.1458000000000004
1.0623,1.108
2.4270000000000005,1.9624
3.0273000000000003,2.1202
0.9925000000000002,1.0643
2.6526,1.8364000000000003
2.7236000000000002,2.0373
1.1592,1.1134000000000002
2.1265,1.7886000000000002
2.8880000000000003,2.101
1.2299000000000002,1.2086
2.4712,1.8103000000000002
2.7111,2.0468
1.1923000000000001,1.6427000000000003
2.2818,1.7740000000000002
2.7679,2.1598
1.2606000000000002,1.2650000000000001
2.173,1.8112
2.6442,2.0395
1.2203000000000002,1.1691000000000003
2.1942000000000004,1.7868000000000002
2.7624000000000004,2.9321
0.9572,1.0581
2.6894,8.078
2.8409000000000004,2.1301
1.1081,1.0985
2.2393,1.7747000000000002
2.8203,2.1307
1.1033,1.1155000000000002
2.5208,1.9107000000000003
2.9584,2.1713
1.2235,1.1246
2.1315,1.7546
3.1574000000000004,2.1118
1.2462,1.124
2.2235,1.7868000000000002
3.0825,2.1834000000000002
1.1205,1.1593
2.0738000000000003,1.7913000000000001
3.0056000000000003,2.1382000000000003
1.1937,1.1518000000000002
2.4170000000000003,1.8636000000000001
2.7291000000000003,2.0685000000000002
1.3456000000000001,1.1636000000000002
2.395,1.8224
3.0821000000000005,2.3321
1.083,1.1001
2.8309,1.8012000000000001
3.0879000000000003,2.5946000000000002
0.935,1.0936000000000001
1.9643,1.7579000000000002
2.6155000000000004,2.0946000000000002
1.1271,1.0947
2.5934,1.8145000000000002
2.4802,2.0781
1.1331000000000002,1.1208000000000002
2.3382000000000005,1.7905000000000002
4.420100000000001,2.2093
1.284,1.1646
2.5657,1.9077
2.8224,2.1127000000000002
1.1300999999999999,1.1136
2.7288,1.8439
2.7437,2.1063
1.1496,1.1108
2.225,1.7644000000000002
2.947,2.1656
1.1281,1.1925
2.5241000000000002,1.8553
2.7943,2.1153999999999997
1.1074000000000002,1.2259
2.3151,1.7783
2.7545,2.0425
1.2735,1.1308000000000002
2.5118,1.8129000000000002
2.9294,2.0959
1.0409,1.102
2.7998000000000003,1.7978
2.6947,2.0814000000000004
1.1912,1.1062
2.1193,1.8075
2.7905,2.0961
1.1503,1.1203
2.3672000000000004,1.8558000000000001
3.1791,2.1945
1.0661000000000003,1.1165
2.1589,1.7544000000000002
2.7047,2.0653
1.1081,1.3102
2.2843,1.7962000000000002
2.9786,2.1212
1.2779,1.1194
2.3636,1.8663000000000003
2.8172,2.1031999999999997
1.2147,1.1280000000000001
2.1975000000000002,1.8023000000000002
2.8658000000000006,2.0725000000000002
1.4249,1.1800000000000002
2.5327,1.8781
2.7684,2.7149
1.0631,1.0756000000000001
2.317,1.7936
2.5483000000000002,2.0769
1.1848,1.5819
2.9138,1.9196
3.0698000000000003,2.0841000000000003
1.2887,1.1699
2.4464,1.8836
3.148,2.2337000000000002
1.2078,1.1561
2.0827000000000004,1.731
3.5484,2.8929000000000005
1.233,1.1285
2.1292,1.8621000000000003
2.6713999999999998,2.0826
1.0237,1.0712
2.3488,1.8396000000000001
2.8539000000000003,3.1583
1.0293999999999999,1.0574
2.0475000000000003,1.7917
2.827,2.0284
1.1588,1.1069
2.2511,1.8263
3.0065,2.0820000000000003
1.2067,1.1646
2.4614000000000003,1.7671000000000001
3.31,2.8433
1.1689,1.1831
2.3842,1.8751000000000002
2.6441000000000003,2.0853
1.1537000000000002,1.1413
2.1295,1.7588000000000001
2.6882,2.136
1.0881,1.3978
2.0793,2.6917
2.7579000000000002,2.1062000000000003
1.1974000000000002,1.1712
2.1454,1.8385
3.3477,2.1935000000000002
0.9826000000000001,1.1720000000000002
2.1378,1.9894
2.6872000000000003,2.0661
1.0324000000000002,1.1486
2.1921000000000004,1.8109
3.0131,3.2146000000000003
1.0985,1.1396000000000002
2.1987,1.8169000000000002
2.9322000000000004,2.1969000000000003
0.9934,1.0808
2.3769,1.8283000000000003
2.5583000000000005,2.0955000000000004
1.2125000000000001,1.2903
2.0081,1.6940000000000002
2.7985,2.0849
1.1413,1.1401000000000001
2.5005,1.8726
2.6709000000000005,2.1424
1.3148000000000002,1.121
2.3098000000000005,1.8357000000000003
3.0606,2.1330000000000005
1.2675,1.1647
2.4982,1.8793000000000002
2.6991000000000005,2.1384
1.028,1.0497
2.2493000000000003,1.8055
2.6618000000000004,2.0748
1.0241,1.0677
2.1136000000000004,1.8469
3.2776000000000005,2.1235
1.0946,1.157
2.2477,1.8798000000000001
2.947,2.2204
1.1508,1.1042
2.4186000000000005,1.8806
2.6427,2.0987
1.2004000000000001,1.1794000000000002
2.0412,1.7383000000000002
3.0149,2.1542000000000003
1.1701000000000001,1.0836000000000001
2.2811000000000003,1.8517000000000001
2.4952000000000005,2.0432
1.1679000000000002,1.1318000000000001
2.4422,1.8059
3.302,2.1679
1.1795,1.1183
2.3697000000000004,1.7879
2.7465,2.1134
1.1720000000000002,1.1703
2.2992,1.8026000000000002
2.4519,2.0725000000000002
1.0415,1.2482000000000002
2.6055,1.8945
3.1005000000000003,2.2185
1.09,1.2086
2.9782,1.7439
2.7699000000000003,2.1578999999999997
1.3484,1.2037
2.1751,1.8191000000000002
3.1468000000000003,2.2093
1.3548000000000002,1.1446000000000003
2.136,1.7719
3.2823,2.1122
0.9391000000000002,1.0446000000000002
3.0020000000000002,1.8864
2.6805000000000003,2.1651000000000002
1.2147,1.1170000000000002
2.0996,1.7981000000000003
2.6978,2.1259
1.1013000000000002,1.1035000000000001
1.9132,1.6941
2.9862,2.1531000000000002
1.1729,1.0949
2.1416,1.8053000000000001
2.8836,2.1898
1.106,1.0931
2.0172000000000003,1.8373
2.8836,2.0855
0.9319000000000001,1.0828
2.068,1.7464000000000002
2.7424000000000004,2.0855
1.0990000000000002,1.1489
2.1018,1.7722
3.0065,2.2305
0.8786000000000002,1.0838
2.2945,1.8241
3.024,2.1271000000000004
1.3269,1.4377
2.0210000000000004,1.7325000000000002
2.6344000000000003,2.0294000000000003
1.1436,1.0728
2.4415,1.8761
2.7639,2.0811
1.1084,1.1259
2.1935000000000002,1.9058
2.5211,2.0606
1.0884,1.0827
2.076,2.0291
3.1013,2.1598
1.1871000000000003,1.2195
2.357,1.8271000000000002
2.6505,2.0458
1.5585,1.1364
3.4600000000000004,2.6033000000000004
2.8866,2.0820000000000003
1.1379000000000001,1.1537000000000002
2.1380000000000003,1.8000000000000003
2.8043,2.1443
1.0607000000000002,1.0614000000000001
2.1004,1.7966000000000002
2.8514,2.1985
1.031,1.1168
2.3257,1.7906
2.5125,2.2396
1.1355,1.1149
2.5306,1.8318
2.7520000000000002,2.1775
1.0439000000000003,1.0688
2.21,1.7789000000000001
2.7364,2.0836
0.9634000000000001,1.0777
2.2123,1.9231
2.9941,2.9457000000000004
1.1887,1.1929
2.4084000000000003,2.9038000000000004
3.3106000000000004,2.2317
1.1212000000000002,1.0747
2.2723999999999998,1.8282
3.1034,2.3252
1.2201,1.1376000000000002
2.33,1.915
2.9159,2.1541
1.3017,1.1408
2.2232000000000003,1.8637000000000001
2.7424000000000004,2.1417
1.1355,1.1312000000000002
2.0643000000000002,1.7912000000000001
2.4966000000000004,2.0463
1.3960000000000001,1.6567
2.075,1.9461000000000002
2.6042,2.0684
1.1419000000000001,1.1927
2.3317000000000005,1.8171000000000002
2.6984,2.1158
1.2173,1.3163
2.1106000000000003,1.8014000000000001
2.9528000000000003,2.1479000000000004
1.1196000000000002,1.1788
2.1976,1.7935
2.7008,2.0565
1.1883,1.1227
2.1764,1.9268000000000003
2.9557,2.1284000000000005
0.9969,1.0263000000000002
2.2226,8.379600000000002
2.7842000000000002,2.1917
1.1483,1.1205
2.1035000000000004,1.7659000000000002
2.5904000000000003,2.0528
1.314,1.1467
2.3944,1.8762
2.8657,2.1363000000000003
1.1011,1.1117
2.2680000000000002,1.8475000000000001
2.7362,2.0655
1.2483000000000002,1.1298000000000001
2.1738,1.8903
3.1811000000000003,2.1693000000000002
1.2161000000000002,1.1073000000000002
2.058,1.7976
2.7676000000000003,2.0519000000000003
1.1105000000000003,1.1061
2.2487000000000004,1.7778000000000003
3.0669,2.1478
1.0978,2.0436
2.2755,1.8776000000000002
3.016,2.081
1.2345000000000002,1.1568
2.1729000000000003,1.8552000000000002
2.8473,2.0770000000000004
1.1958000000000002,1.1202
2.4932000000000003,1.8211000000000002
2.9467,2.1059
1.1587,1.083
2.7337000000000002,1.9032
2.653,2.1167
1.1305,1.1063
2.2123,1.7967
2.6413,2.0501
1.1695,1.1565
2.5857,1.814
2.4149000000000003,2.0562
1.1946,1.1502000000000001
2.1916,1.7921
2.8292,2.0998
1.6455,1.1086000000000003
2.1609000000000003,1.7946000000000002
2.7456000000000005,2.0486000000000004
1.0550000000000002,1.0881
2.4194,1.8650000000000002
4.1022,3.0424
0.9756,1.461
2.3089,1.807
2.9484000000000004,2.1672000000000002
1.2212,1.1061
2.0596,1.7733
2.753,2.1137
1.1851,1.1096000000000001
2.3294,1.8513000000000002
2.8558000000000003,2.1547
1.2084000000000001,1.1305
2.1754000000000002,1.8163
2.9342,2.1671
0.9155000000000001,1.0297
2.3432,7.9853000000000005
2.8277,2.1448
1.1263,1.1473
2.2842000000000002,1.8012000000000001
2.7662000000000004,2.1287000000000003
1.1813000000000002,1.106
2.1575,1.7849000000000002
2.97,2.1544000000000003
1.0871000000000002,1.1048
2.2723,1.7999
2.637,2.1302
1.1768,1.1464
2.0069000000000004,2.2825
2.6781,2.3578
1.1890000000000003,1.1408
2.4842000000000004,1.7956
3.614,2.1257
1.1316,1.1218000000000001
2.3526000000000002,2.1573
2.9686,2.0864
1.2797,1.1331000000000002
2.4578,1.8203000000000003
2.7499,2.0587
1.0198,1.1491000000000002
2.4059000000000004,1.7881000000000002
3.0561000000000003,2.0898000000000003
1.0707000000000002,1.1133
2.1542000000000003,1.8042000000000002
3.7142000000000004,2.4938
1.7049,1.1577
1.9389,8.1671
2.7464,2.5884
1.3437000000000001,1.1805999999999999
2.1879,1.8322000000000003
2.8226,2.1264000000000003
1.2075,1.3837000000000002
2.1207000000000003,1.9194000000000002
2.6983,2.1
1.1460000000000001,1.1257000000000001
2.6916,1.7968000000000002
2.7932,2.1404
1.0391000000000001,1.3939
1.9721,1.7950000000000002
2.8121,2.121
1.1436,1.1103
2.2949,1.856
2.9239,2.2022
1.2556000000000003,1.1185
2.1341,1.8121
2.5373,2.0725000000000002
1.34,1.1538
2.281,1.8763
2.653,2.0454000000000003
1.0184,1.0721
2.0362,1.7688000000000001
2.9361,2.2061
1.1045,1.093
2.4256,1.8884
2.4412000000000003,2.0906000000000002
1.2589000000000001,1.1415000000000002
2.2866,1.8832
2.7848,2.6543
1.1431,1.2312
2.2802000000000002,1.8009
3.1323000000000003,2.2746000000000004
1.0612,1.0531000000000001
2.262,1.9610999999999998
2.8584,2.1431
1.2575,1.0925000000000002
2.2416000000000005,1.8003
3.2775,2.2784000000000004
1.0729000000000002,1.0691000000000002
2.0636,1.7777
2.9824,2.1321
1.3323,1.7948
3.1149000000000004,1.7123000000000002
2.8595,2.0639
1.1032000000000002,1.1157000000000001
2.1565,1.8490000000000002
2.6636,2.1031
1.0031,1.0661000000000003
2.2376,1.8133000000000001
2.4818000000000002,2.0099
1.1353000000000002,1.093
2.3457,1.8047
2.7419000000000002,2.0649
1.1092,1.1291
2.32,1.7938
2.7819000000000003,2.1091
1.1992,1.2696
2.3105,1.8781
2.3921,2.1179
1.0689,1.1024
2.0336,1.7786000000000002
2.5263,2.0134000000000003
1.3115,1.1088
2.0269000000000004,1.7733
2.9253,2.701
2.0919000000000003,1.1056
2.204,1.8291000000000002
3.0461000000000005,2.1128
1.0974000000000002,1.09
3.4946,1.8187000000000002
2.7002,2.161
1.0701,1.0965
2.0216000000000003,1.7728000000000002
3.6001000000000003,2.1082
1.3494000000000002,1.2028
2.1086,1.8608000000000002
2.9121000000000006,2.153
1.1799,1.1595000000000002
2.2717,1.8076
2.6788000000000003,2.3546
1.0513000000000001,1.0731
2.2202,1.7819
3.1033000000000004,2.1289
1.1136,1.1053
2.4591000000000003,1.874
2.4663000000000004,2.184
1.1169,1.1233
2.2796000000000003,1.8533000000000002
2.7071,2.1541
1.1372000000000002,1.1004
2.1316,1.8020000000000003
2.9622,2.8030000000000004
1.2626,1.1332
2.2298,1.8213000000000001
2.9053,2.137
1.1287,1.1287
2.2394000000000003,1.8037
2.9383,2.127
1.3131,1.1708
2.5058000000000002,1.7912000000000001
2.8925,2.0994
1.3561,1.1720000000000002
1.8419,1.7451
2.8781000000000003,2.2847000000000004
1.2964,1.1629
2.3776,1.8752
2.829,2.1311
1.1197000000000001,1.1391
2.0977,1.7741
2.9098,2.1247000000000003
1.0755000000000001,1.098
2.599,1.8670000000000002
2.331,2.0107000000000004
1.3843,1.1385
2.1478,1.806
2.5616000000000003,2.9302
1.2605000000000002,1.1596
2.2571000000000003,1.8948
2.7003,2.0875
1.1206,1.1152
2.269,1.8496000000000001
3.0744000000000002,2.1657
1.1058000000000001,1.1069
2.1881,1.8177000000000003
2.4585000000000004,2.173
1.2727000000000002,1.1402
2.0407,1.8778000000000001
2.5845,2.1532999999999998
1.0287,1.0892
2.3827000000000003,1.8442
3.6647000000000003,2.1330000000000005
1.2831000000000001,1.1356000000000002
2.1642,1.7365000000000002
2.8799,2.105
1.2337,1.1224000000000003
2.5262000000000002,1.8206000000000002
3.9317000000000006,2.1980000000000004
1.5543,1.1184
2.5161000000000002,2.0825
2.7716000000000003,2.0654000000000003
1.0548,1.0988
2.5867000000000004,1.8341000000000003
2.9147000000000003,2.1471000000000005
1.1898,1.1436
2.3212,1.8004000000000002
2.7979000000000003,2.1114
1.2225000000000001,1.155
3.3311,2.6586000000000003
2.8249,2.1713
1.111,1.0851000000000002
2.4493,1.9424000000000001
2.8148,2.0994
1.1352,1.0926
2.33,1.8181
2.9939000000000004,2.2604
1.1647,1.0974000000000002
2.3833,2.2859
3.1988000000000003,2.1998
1.0487,1.0946
2.4171,1.8826
2.7091000000000003,2.1003000000000003
1.0686,1.0639
2.1556,1.7711000000000001
2.872,2.1296
1.1127,1.1012000000000002
1.9291000000000003,1.701
2.8109,2.1207000000000003
1.0891,1.1487
1.8645,1.7517
2.8186,2.1615
1.1152,1.2292
2.0044,1.7756
2.7184000000000004,2.0877
1.1184,1.0937
2.3888,1.8761
2.9675000000000002,2.1502000000000003
1.0234,1.0739
2.2416000000000005,8.636600000000001
3.1647000000000003,2.2891
1.0206,1.1052
2.2397000000000005,1.7919
2.9033,2.1838
1.2971000000000001,1.175
2.4307,1.8564
2.968,2.123
1.1728,1.1168
2.2412,1.7464000000000002
2.8875,3.5702000000000003
1.0609,1.0643
2.4196,1.7996
3.2084,2.722
1.2171,1.1364
2.1996,1.8675
2.7583,2.1038
1.1847,1.1102
2.4881,1.816
2.827,2.2355
1.2944,1.1305
2.0477,1.7821
2.7613000000000003,2.2254
1.0316,1.2797
2.4091,1.7894
3.0541,2.2775
1.0975000000000001,1.5381000000000002
2.1376,1.8207000000000002
2.8079000000000005,2.1042
0.9226000000000001,1.0473000000000001
2.1475999999999997,2.0482
2.967,2.2067
1.1662000000000001,1.2187000000000001
2.14,1.8164000000000002
2.5854000000000004,2.1036
1.1545,1.1082
2.2349,1.8290000000000002
2.9541000000000004,2.0099
1.1662000000000001,1.1239000000000001
2.2784000000000004,1.8226000000000002
2.9315,2.1314
1.1952,1.1278
2.2095000000000002,1.7849000000000002
2.6723000000000003,2.0862000000000003
1.5406,1.0954000000000002
2.431,1.8009
2.5435000000000003,2.0525
1.3724000000000003,1.1792
2.3743000000000003,1.8412000000000002
3.435,2.105
1.1457000000000002,1.0905
2.2316000000000003,1.8928
4.1501,2.083
1.1742000000000001,1.141
2.2176,2.1086
2.8972,2.0903
1.1633000000000002,1.1302
2.1345,1.7811000000000001
2.5541,2.0855
1.1461000000000001,1.1291
2.168,1.7934
2.6583,2.1420000000000003
1.3503,1.4323000000000001
2.66,1.9465000000000001
2.5152,2.0625999999999998
1.1486,1.0806000000000002
2.1833,1.7845
4.677300000000001,3.2239
1.1373000000000002,1.3708000000000002
2.2615,1.9101000000000001
2.8347,2.111
1.2824000000000002,1.1289000000000002
2.5949000000000004,1.7259
2.8868,2.1483000000000003
1.1164,1.0682
2.1635,1.7852000000000001
2.6289,2.2187
0.9356000000000001,1.1134000000000002
2.1205,1.8214000000000001
2.861,2.1643
1.3378,1.1815
2.1928,1.8349000000000002
3.0753,2.1629
1.0508000000000002,1.1306
2.2407,1.8791
3.0023000000000004,2.1288
1.1183,1.1565
2.3893,1.8754000000000002
2.7935,2.1812000000000005
1.0833000000000002,1.0917999999999999
1.9348000000000003,1.7509000000000001
2.7880000000000003,2.2318
1.0534999999999999,1.0663
2.1076,1.8353000000000002
2.7815000000000003,2.18
1.1243,1.0824
2.3913,1.9760000000000004
2.7761,2.1599000000000004
1.2862000000000002,1.1682000000000001
2.3891000000000004,1.8733
2.8522,2.1639000000000004
1.2646,1.1378
2.2223,1.7647000000000002
2.9313000000000002,2.1101
0.9864999999999999,1.1804000000000001
2.3991000000000002,1.8074000000000001
2.6125000000000003,2.1098000000000003
1.5530000000000002,1.3542
2.3349,1.7873
2.7537,3.0761
1.0228000000000002,1.0622
2.1212,2.8567
2.7255000000000003,2.118
1.2341000000000002,1.1236
2.2033,1.7939000000000003
2.7943,2.1506000000000003
1.2544000000000002,1.0974000000000002
2.2214,1.7858
2.8549,2.2653
1.0248,1.1041
2.1164,1.8843000000000003
2.5753,2.1746
1.0759,1.111
2.1029,1.8239
2.7581,2.0985
0.9927,1.0893000000000002
2.2206,2.0469
2.8105,2.1081000000000003
1.3215,1.1481
2.8889,1.8071000000000002
2.7942,2.0835000000000004
1.1044000000000003,1.1129
2.3204000000000002,1.7876
2.9174,2.0847
1.0287,1.0817
2.7643000000000004,1.8318
2.6377,2.177
1.1054000000000002,1.1387
2.0697,1.7366000000000001
2.6784,2.0728999999999997
0.9056,1.062
2.5545000000000004,1.8641
2.6870000000000003,2.0652
1.1607,1.12
2.3018,1.7856
2.7206,2.1123000000000003
1.205,1.1953
2.2303,2.9243
2.9151000000000002,2.1124
1.2125000000000001,1.1741
1.9712000000000003,1.7576
2.8069,2.7968
1.1209,1.0961
2.4948,1.8879000000000001
3.1962,2.087
1.0279,1.098
2.2154000000000003,1.8949000000000003
2.9239,2.1456
1.0250000000000001,1.0795000000000001
2.3377000000000003,1.8366
3.2005000000000003,2.0226
0.9868000000000001,1.1078999999999999
2.7215,1.8024
3.088,2.1232
1.048,1.1108
3.5197000000000003,2.66
3.1553,2.2286
1.3110000000000002,1.2194
2.1434,1.7752000000000001
2.9873,3.1603
1.1154000000000002,1.1747
2.2937000000000003,2.8098000000000005
3.0583000000000005,2.1488
1.0529000000000002,1.2084000000000001
2.1256,1.7398
2.6754000000000002,3.1795
1.0201000000000002,1.0592000000000001
2.2407,1.83
2.689,2.0925000000000002
1.2236,1.1852
2.4264,1.8370000000000002
2.5596,2.0797000000000003
1.0921,1.0818
2.1642,1.7513
2.7724,2.1771
1.3017,1.1296000000000002
2.3918000000000004,1.8455000000000001
2.787,2.1283
1.6402,2.1892
2.2032000000000003,1.8265000000000002
2.7813,2.1005
1.1271,1.087
2.0292,1.7373000000000003
2.9463000000000004,2.8981000000000003
1.1333,1.1300000000000001
2.3836,1.8641
2.8057000000000003,2.2191000000000005
1.1325,1.1033
2.3389,1.8697000000000001
2.8619000000000003,3.2941000000000003
1.1897000000000002,1.1353000000000002
2.0404,2.6109
2.7270000000000003,2.2348000000000003
1.2183000000000002,1.177
2.3631,1.8597000000000001
2.7464,2.216
1.2745,1.1842000000000001
2.2859,1.8701
3.2880000000000003,3.2770000000000006
1.108,1.0990000000000002
2.0879000000000003,8.0995
2.6677000000000004,2.0456000000000003
1.5797,1.1277000000000001
2.3181,3.2795
3.2534,2.1421
1.2268000000000001,1.0907
2.4139,1.8622
3.1394,2.2230000000000003
1.0955000000000001,1.1466
2.0761,1.8044
3.4858000000000002,2.0868
1.2928,1.1111
2.2375000000000003,1.9276
2.8502,2.1481
1.0592000000000001,1.1058000000000001
2.4102000000000006,1.9446
2.7354000000000003,2.1456
1.0672000000000001,1.0718
2.2727000000000004,1.8545
3.2752000000000003,2.1380000000000003
1.1965000000000001,1.1163
3.4865,1.9174
3.0431000000000004,2.1128
1.2918,1.1434000000000002
2.1596,1.8687
2.6307,2.076
1.0990000000000002,1.1041
2.9504,1.7725000000000002
2.6138000000000003,2.0605
1.1503,1.3526
2.6622,1.9009
2.5795000000000003,2.2819000000000003
1.0754,1.0839
2.062,2.3038
3.0971,2.1980000000000004
1.1498000000000002,1.1421000000000001
2.2569,1.7892000000000001
2.5363,2.0495
1.113,1.0790000000000002
2.1919,1.7818
2.8119,2.0593
1.1352,1.095
2.0821,1.7367000000000001
2.6089,2.0551000000000004
1.0021000000000002,1.0623
2.1409000000000002,2.3401000000000005
2.9850000000000003,2.1406000000000005
1.2739,1.1425
1.9066,1.7504
2.7654000000000005,2.1601000000000004
1.0806000000000002,1.1090000000000002
3.2674000000000003,2.5713000000000004
3.0082000000000004,2.145
1.2967,1.1920000000000002
2.1726,1.8028
2.6316,2.1311
1.0407000000000002,1.0802
2.3334,1.7972000000000001
2.9521,2.3574
1.3956000000000002,1.6745
2.3927,1.8823
2.8712,2.1444
1.0637,1.0836000000000001
2.3632000000000004,1.7627000000000002
3.0032,2.124
0.9911,1.0615
2.2695000000000003,1.7766000000000002
2.9040000000000004,2.0947999999999998
1.1660000000000001,1.118
2.0775,1.8445000000000003
2.8978,2.1976
1.278,1.1516
2.0394,1.7743000000000002
2.8891000000000004,2.1294
0.9721000000000001,1.0349000000000002
2.3656,1.8293000000000001
2.7328,1.9997
1.2042000000000002,1.1867
2.3857,1.7948
2.5946000000000002,2.0188
1.1694000000000002,1.1151000000000002
2.3089,1.9476
2.6773000000000002,2.1108
1.0623,1.1261
2.2465,1.7818
2.337,2.0460000000000003
1.1838,1.1435
2.0673000000000004,1.7624000000000002
2.6261,2.0797000000000003
1.8505000000000003,1.1284
2.3526000000000002,1.8566
2.9699,2.1513
1.216,1.1061
2.2444,1.8424
2.9399,2.1105
1.0273,1.142
2.1060000000000003,1.7607
2.6472,2.0541
1.234,1.1223
2.3862,1.8333000000000002
3.1517000000000004,2.1678
1.1439,1.1457000000000002
2.2412,1.7626
2.5113000000000003,2.024
1.6047000000000002,1.1051000000000002
2.3449,1.8521
2.6092000000000004,2.0657
1.1487,1.1847
2.2314000000000003,2.0722
2.7204,2.0692000000000004
1.09,1.087
2.677,1.7795
2.6975000000000002,2.2433
1.0477,1.0851000000000002
2.1818000000000004,1.7724000000000002
3.531,2.1989
1.28,1.1837
2.0368,1.7865000000000002
2.7897,2.1141
1.1801000000000001,1.1135000000000002
2.0579,1.8409000000000002
