seed,abstraction_vertices_count,n_wings,n_supplies,salient_vertices,solution_len,runtime
10102000,79,3,5,16,195,2.421
10102001,97,4,5,20,203,2.0448000000000004
10102002,55,2,4,11,108,1.1143
10102003,74,3,5,16,249,1.7578
10102004,98,4,5,20,234,2.0282
10102005,46,2,4,11,125,1.0473000000000001
10102006,73,3,5,16,229,1.7988000000000002
10102007,95,4,5,20,225,2.0194
10102008,51,2,4,11,141,1.1627
10102009,62,3,5,16,251,1.7775000000000003
10102010,107,4,5,20,249,2.1739
10102011,50,2,4,11,185,1.1095
10102012,73,3,5,16,186,1.8467000000000002
10102013,105,4,5,20,246,2.0658
10102014,49,2,4,11,153,1.1116000000000001
10102015,65,3,5,16,135,1.7194
10102016,100,4,5,20,238,2.0446
10102017,47,2,4,11,123,1.0731
10102018,76,3,5,16,205,1.7603
10102019,106,4,5,20,218,2.0599
10102020,45,2,4,11,128,1.0996000000000001
10102021,71,3,5,16,142,1.7765000000000002
10102022,99,4,5,20,252,2.0838
10102023,42,2,4,11,149,1.0522
10102024,65,3,5,16,207,1.7055000000000002
10102025,94,4,5,20,278,2.0481000000000003
10102026,43,2,4,11,185,1.0739
10102027,72,3,5,16,124,1.8124
10102028,96,4,5,20,302,2.1127000000000002
10102029,46,2,4,11,103,1.0922
10102030,67,3,5,16,247,1.7820000000000003
10102031,91,4,5,20,202,2.0097
10102032,42,2,4,11,177,1.0747
10102033,71,3,5,16,184,1.7259
10102034,88,4,5,20,232,1.9685000000000001
10102035,46,2,4,11,182,1.0856000000000001
10102036,64,3,5,16,261,1.7865000000000002
10102037,103,4,5,20,164,2.0541
10102038,49,2,4,11,179,1.1007
10102039,80,3,5,16,225,1.8000000000000003
10102040,103,4,5,20,221,2.1127000000000002
10102041,41,2,4,11,159,1.0905
10102042,79,3,5,16,175,1.7382
10102043,94,4,5,20,260,2.0178000000000003
10102044,43,2,4,11,150,1.0812
10102045,79,3,5,16,146,1.7714
10102046,111,4,5,20,146,2.1122
10102047,49,2,4,11,208,1.0886
10102048,70,3,5,16,235,1.7388000000000001
10102049,108,4,5,20,255,2.1368000000000005
10102050,47,2,4,11,182,1.0871000000000002
10102051,82,3,5,16,157,1.8336000000000001
10102052,90,4,5,20,239,1.9975
10102053,38,2,4,11,99,1.0629000000000002
10102054,67,3,5,16,227,1.7448000000000001
10102055,97,4,5,20,232,2.2628
10102056,45,2,4,11,91,1.0564
10102057,65,3,5,16,197,1.7224
10102058,92,4,5,20,272,2.0040999999999998
10102059,48,2,4,11,193,1.0719
10102060,67,3,5,16,252,1.8174000000000001
10102061,94,4,5,20,260,2.0675000000000003
10102062,56,2,4,11,155,1.1264
10102063,65,3,5,16,187,1.725
10102064,92,4,5,20,231,2.0538000000000003
10102065,48,2,4,11,141,1.0667
10102066,68,3,5,16,183,1.7399000000000002
10102067,101,4,5,20,251,2.1221
10102068,51,2,4,11,209,1.1251
10102069,56,3,5,16,258,1.7170000000000003
10102070,94,4,5,20,230,1.9937000000000002
10102071,48,2,4,11,113,1.0882
10102072,71,3,5,16,193,1.7823000000000002
10102073,85,4,5,20,263,1.9756
10102074,49,2,4,11,116,1.0825
10102075,78,3,5,16,199,1.7627000000000002
10102076,93,4,5,20,250,2.0637000000000003
10102077,55,2,4,11,170,1.1213
10102078,63,3,5,16,265,1.7859000000000003
10102079,102,4,5,20,282,2.0341
10102080,49,2,4,11,141,1.1064
10102081,74,3,5,16,207,1.6985000000000001
10102082,109,4,5,20,252,2.3545000000000003
10102083,41,2,4,11,141,1.0743
10102084,70,3,5,16,208,1.7324
10102085,101,4,5,20,173,2.0061000000000004
10102086,50,2,4,11,169,1.0705
10102087,78,3,5,16,214,1.8045000000000002
10102088,104,4,5,20,192,2.1155000000000004
10102089,55,2,4,11,145,1.0928000000000002
10102090,72,3,5,16,225,1.7057
10102091,102,4,5,20,212,2.0341
10102092,54,2,4,11,179,1.0976
10102093,82,3,5,16,168,1.8665
10102094,109,4,5,20,251,2.105
10102095,54,2,4,11,207,1.1273000000000002
10102096,73,3,5,16,191,2.1592000000000002
10102097,95,4,5,20,247,1.9964000000000002
10102098,52,2,4,11,200,1.1368
10102099,76,3,5,16,230,1.7569000000000001
10102100,95,4,5,20,264,2.0016000000000003
10102101,46,2,4,11,205,1.0731
10102102,80,3,5,16,196,1.8485
10102103,99,4,5,20,240,2.1926
10102104,52,2,4,11,190,1.083
10102105,69,3,5,16,241,1.7545000000000002
10102106,93,4,5,20,248,2.0201
10102107,45,2,4,11,163,1.0639
10102108,70,3,5,16,171,1.7467000000000001
10102109,90,4,5,20,250,2.0706
10102110,51,2,4,11,160,1.1360000000000001
10102111,71,3,5,16,190,1.8280000000000003
10102112,91,4,5,20,234,2.0368
10102113,46,2,4,11,192,1.1515000000000002
10102114,76,3,5,16,224,1.7515
10102115,94,4,5,20,229,2.0325
10102116,44,2,4,11,173,1.0866
10102117,76,3,5,16,182,1.8020000000000003
10102118,100,4,5,20,256,2.0598
10102119,49,2,4,11,105,1.1034
10102120,73,3,5,16,223,1.7764
10102121,98,4,5,20,262,2.0816000000000003
10102122,48,2,4,11,170,1.1321
10102123,72,3,5,16,154,1.7574
10102124,101,4,5,20,238,2.0921
10102125,41,2,4,11,161,1.059
10102126,78,3,5,16,181,2.6455
10102127,97,4,5,20,175,2.0486000000000004
10102128,46,2,4,11,166,1.0739
10102129,66,3,5,16,212,1.6885000000000001
10102130,83,4,5,20,289,1.9701000000000002
10102131,56,2,4,11,96,1.1376000000000002
10102132,69,3,5,16,231,1.7350000000000003
10102133,105,4,5,20,172,2.0582000000000003
10102134,47,2,4,11,117,1.0869
10102135,73,3,5,16,187,1.7099000000000002
10102136,100,4,5,20,266,2.0699
10102137,44,2,4,11,167,1.076
10102138,84,3,5,16,236,1.8166
10102139,93,4,5,20,234,1.9702000000000002
10102140,44,2,4,11,170,1.0473000000000001
10102141,64,3,5,16,246,1.7037
10102142,93,4,5,20,315,2.5548
10102143,46,2,4,11,156,1.0963
10102144,69,3,5,16,175,1.9220000000000002
10102145,99,4,5,20,253,2.4339
10102146,53,2,4,11,148,1.1478
10102147,73,3,5,16,178,1.8134000000000001
10102148,103,4,5,20,322,2.1215
10102149,44,2,4,11,147,1.066
10102150,72,3,5,16,199,1.7328000000000001
10102151,89,4,5,20,270,2.0031000000000003
10102152,49,2,4,11,119,1.1300000000000001
10102153,66,3,5,16,213,1.7314
10102154,100,4,5,20,237,2.1008000000000004
10102155,47,2,4,11,169,1.0445
10102156,82,3,5,16,127,1.7603
10102157,97,4,5,20,202,2.0629000000000004
10102158,41,2,4,11,134,1.0877000000000001
10102159,70,3,5,16,212,1.7435
10102160,103,4,5,20,250,2.2812
10102161,42,2,4,11,128,1.0863
10102162,73,3,5,16,168,1.8288000000000002
10102163,88,4,5,20,190,2.0651
10102164,51,2,4,11,184,1.1037
10102165,87,3,5,16,254,1.8477000000000001
10102166,99,4,5,20,231,2.079
10102167,50,2,4,11,141,1.0947
10102168,72,3,5,16,183,1.7579000000000002
10102169,95,4,5,20,235,1.9768
10102170,48,2,4,11,142,1.1184
10102171,71,3,5,16,345,1.7646000000000002
10102172,98,4,5,20,230,2.1008000000000004
10102173,42,2,4,11,106,1.0607000000000002
10102174,66,3,5,16,179,1.7533
10102175,93,4,5,20,152,1.9819
10102176,45,2,4,11,155,1.0814000000000001
10102177,67,3,5,16,211,1.6941
10102178,97,4,5,20,189,1.9875
10102179,53,2,4,11,167,1.1089000000000002
10102180,78,3,5,16,206,1.8596000000000001
10102181,99,4,5,20,260,2.0638
10102182,44,2,4,11,139,1.0602
10102183,72,3,5,16,229,1.7895
10102184,100,4,5,20,269,2.1363000000000003
10102185,50,2,4,11,179,1.1
10102186,68,3,5,16,239,1.7723
10102187,99,4,5,20,264,2.0970000000000004
10102188,53,2,4,11,130,1.1414000000000002
10102189,65,3,5,16,175,1.8298
10102190,96,4,5,20,205,2.0044
10102191,48,2,4,11,146,1.1587
10102192,81,3,5,16,161,1.8349000000000002
10102193,89,4,5,20,219,2.0484
10102194,57,2,4,11,158,1.1331000000000002
10102195,71,3,5,16,237,1.7283000000000002
10102196,85,4,5,20,252,1.9957
10102197,45,2,4,11,239,1.092
10102198,65,3,5,16,156,1.7078000000000002
10102199,97,4,5,20,290,2.6574000000000004
10102200,48,2,4,11,112,1.0983
10102201,67,3,5,16,123,1.7602000000000002
10102202,93,4,5,20,184,2.0001
10102203,46,2,4,11,207,1.0935000000000001
10102204,76,3,5,16,195,1.7711000000000001
10102205,98,4,5,20,222,2.172
10102206,48,2,4,11,143,1.0961
10102207,69,3,5,16,221,1.7314
10102208,99,4,5,20,233,2.0949000000000004
10102209,51,2,4,11,226,1.1458
10102210,77,3,5,16,207,1.804
10102211,83,4,5,20,211,2.0421000000000005
10102212,44,2,4,11,189,1.1349
10102213,87,3,5,16,186,1.7816
10102214,100,4,5,20,221,2.0995000000000004
10102215,52,2,4,11,148,1.1606
10102216,70,3,5,16,229,2.4342
10102217,96,4,5,20,291,2.0449
10102218,50,2,4,11,177,1.1350000000000002
10102219,79,3,5,16,208,1.7995
10102220,91,4,5,20,288,2.0625999999999998
10102221,38,2,4,11,195,1.1027
10102222,66,3,5,16,283,1.7504
10102223,108,4,5,20,224,2.1327
10102224,53,2,4,11,151,1.1525
10102225,71,3,5,16,180,1.7704000000000002
10102226,114,4,5,20,252,2.1205
10102227,48,2,4,11,130,1.0881
10102228,73,3,5,16,216,1.7498000000000002
10102229,101,4,5,20,245,2.1372
10102230,38,2,4,11,176,1.2007
10102231,64,3,5,16,232,1.7730000000000001
10102232,90,4,5,20,224,2.0236
10102233,44,2,4,11,193,1.0879
10102234,82,3,5,16,187,1.8549
10102235,98,4,5,20,230,2.056
10102236,54,2,4,11,177,1.1137
10102237,75,3,5,16,236,1.7782000000000002
10102238,91,4,5,20,228,2.0192
10102239,46,2,4,11,134,1.1237000000000001
10102240,66,3,5,16,214,1.7617000000000003
10102241,102,4,5,20,216,2.0624000000000002
10102242,50,2,4,11,179,1.1261
10102243,73,3,5,16,189,1.8684
10102244,92,4,5,20,234,2.0937
10102245,47,2,4,11,124,1.0924
10102246,75,3,5,16,214,1.8008000000000002
10102247,100,4,5,20,272,2.0773
10102248,52,2,4,11,136,1.1592
10102249,78,3,5,16,130,1.7227000000000001
10102250,93,4,5,20,284,2.7445
10102251,53,2,4,11,99,1.0514000000000001
10102252,67,3,5,16,208,1.7276000000000002
10102253,111,4,5,20,248,2.116
10102254,45,2,4,11,153,1.1226
10102255,77,3,5,16,184,1.8444000000000003
10102256,96,4,5,20,240,2.2714000000000003
10102257,50,2,4,11,150,1.0916000000000001
10102258,71,3,5,16,229,1.8154000000000001
10102259,104,4,5,20,245,2.2212
10102260,46,2,4,11,175,1.1241
10102261,75,3,5,16,226,1.8073000000000001
10102262,101,4,5,20,195,2.1004
10102263,46,2,4,11,125,1.0941
10102264,74,3,5,16,204,1.7744000000000002
10102265,97,4,5,20,193,2.212
10102266,55,2,4,11,150,1.1540000000000001
10102267,75,3,5,16,247,1.8196
10102268,85,4,5,20,229,2.0135
10102269,40,2,4,11,116,1.2543
10102270,73,3,5,16,168,1.7758
10102271,102,4,5,20,274,2.2239
10102272,45,2,4,11,137,1.0767
10102273,58,3,5,16,189,1.8477000000000001
10102274,91,4,5,20,292,2.0616000000000003
10102275,53,2,4,11,150,1.2775
10102276,69,3,5,16,233,1.7396
10102277,114,4,5,20,284,2.1748000000000003
10102278,32,2,4,11,138,1.0146
10102279,75,3,5,16,224,2.0553
10102280,95,4,5,20,307,2.0965000000000003
10102281,52,2,4,11,153,1.1937
10102282,73,3,5,16,190,1.7933000000000001
10102283,99,4,5,20,223,2.0541
10102284,52,2,4,11,206,1.0957000000000001
10102285,80,3,5,16,209,1.7534
10102286,97,4,5,20,329,2.0561
10102287,50,2,4,11,209,1.1319000000000001
10102288,71,3,5,16,194,1.8502000000000003
10102289,105,4,5,20,198,2.4248
10102290,39,2,4,11,139,1.0674000000000001
10102291,79,3,5,16,202,1.7804000000000002
10102292,91,4,5,20,240,2.0401
10102293,47,2,4,11,183,1.1095
10102294,74,3,5,16,249,1.7896
10102295,87,4,5,20,243,1.9823000000000002
10102296,56,2,4,11,127,1.1005
10102297,68,3,5,16,162,1.7639
10102298,106,4,5,20,233,2.1181
10102299,49,2,4,11,112,1.1238000000000001
10102300,76,3,5,16,204,1.8034000000000001
10102301,97,4,5,20,286,2.0487
10102302,54,2,4,11,159,1.1478
10102303,80,3,5,16,195,1.7647000000000002
10102304,88,4,5,20,190,2.0410000000000004
10102305,50,2,4,11,145,1.1055000000000001
10102306,59,3,5,16,222,1.7078000000000002
10102307,89,4,5,20,257,1.9977000000000003
10102308,44,2,4,11,139,1.0811
10102309,75,3,5,16,226,1.7808000000000002
10102310,86,4,5,20,301,1.9764000000000002
10102311,44,2,4,11,158,1.0883000000000003
10102312,64,3,5,16,182,1.7332
10102313,103,4,5,20,323,2.1406000000000005
10102314,49,2,4,11,175,1.0736
10102315,78,3,5,16,201,1.7781
10102316,108,4,5,20,269,2.1028000000000002
10102317,51,2,4,11,175,1.1028000000000002
10102318,62,3,5,16,215,1.7088
10102319,99,4,5,20,270,2.0842
10102320,49,2,4,11,132,1.1049
10102321,64,3,5,16,203,1.6831
10102322,102,4,5,20,216,2.0952
10102323,40,2,4,11,131,1.0361
10102324,75,3,5,16,188,1.8050000000000002
10102325,99,4,5,20,196,2.0610000000000004
10102326,49,2,4,11,156,1.1289000000000002
10102327,69,3,5,16,184,1.7601000000000002
10102328,85,4,5,20,197,2.0916
10102329,43,2,4,11,164,1.0779
10102330,61,3,5,16,144,1.7209
10102331,109,4,5,20,235,2.0815
10102332,58,2,4,11,140,1.1473
10102333,69,3,5,16,158,1.6731
10102334,97,4,5,20,260,2.1067
10102335,47,2,4,11,202,1.0828
10102336,73,3,5,16,182,1.7719
10102337,99,4,5,20,245,2.0873000000000004
10102338,49,2,4,11,139,1.1101
10102339,77,3,5,16,226,1.7822
10102340,86,4,5,20,216,1.9927000000000001
10102341,46,2,4,11,213,1.1054000000000002
10102342,69,3,5,16,252,1.7429000000000001
10102343,88,4,5,20,226,2.0193
10102344,47,2,4,11,135,1.1126
10102345,66,3,5,16,206,1.729
10102346,97,4,5,20,259,2.0605
10102347,48,2,4,11,152,1.7196000000000002
10102348,74,3,5,16,201,2.1350000000000002
10102349,97,4,5,20,226,2.3926
10102350,48,2,4,11,207,1.1037
10102351,72,3,5,16,197,1.8811000000000002
10102352,79,4,5,20,215,2.0115000000000003
10102353,41,2,4,11,181,1.1279000000000001
10102354,74,3,5,16,204,1.7904000000000002
10102355,97,4,5,20,214,2.0991
10102356,47,2,4,11,101,1.0687000000000002
10102357,79,3,5,16,181,1.9404000000000001
10102358,105,4,5,20,180,2.0936000000000003
10102359,45,2,4,11,116,1.1096000000000001
10102360,62,3,5,16,252,1.6917000000000002
10102361,95,4,5,20,205,2.0289
10102362,44,2,4,11,189,1.0872
10102363,69,3,5,16,162,1.6988
10102364,103,4,5,20,173,2.1152
10102365,49,2,4,11,156,1.1280000000000001
10102366,74,3,5,16,229,1.6853
10102367,90,4,5,20,305,2.0915
10102368,49,2,4,11,133,1.0531000000000001
10102369,65,3,5,16,229,1.7091
10102370,84,4,5,20,291,2.0059
10102371,48,2,4,11,168,1.0866
10102372,71,3,5,16,170,1.7218000000000002
10102373,96,4,5,20,205,2.0642
10102374,53,2,4,11,150,1.1380000000000001
10102375,75,3,5,16,185,1.7775000000000003
10102376,106,4,5,20,245,2.1237
10102377,48,2,4,11,209,1.1022
10102378,76,3,5,16,210,1.8242000000000003
10102379,107,4,5,20,347,2.0854000000000004
10102380,49,2,4,11,159,1.0724
10102381,74,3,5,16,138,1.6920000000000002
10102382,100,4,5,20,209,2.5105
10102383,48,2,4,11,140,1.0990000000000002
10102384,79,3,5,16,186,1.7856
10102385,102,4,5,20,303,2.085
10102386,44,2,4,11,134,1.3521
10102387,72,3,5,16,184,1.7908000000000002
10102388,108,4,5,20,201,2.0897
10102389,40,2,4,11,156,1.084
10102390,71,3,5,16,213,1.8001
10102391,85,4,5,20,200,1.9813999999999998
10102392,50,2,4,11,131,1.1188
10102393,71,3,5,16,170,1.7507000000000001
10102394,90,4,5,20,322,2.0725000000000002
10102395,47,2,4,11,175,1.1331000000000002
10102396,73,3,5,16,243,1.7435
10102397,87,4,5,20,176,2.0252
10102398,47,2,4,11,119,1.1456000000000002
10102399,69,3,5,16,249,1.8603
10102400,87,4,5,20,216,1.9794999999999998
10102401,50,2,4,11,173,1.1049
10102402,68,3,5,16,294,1.7590000000000001
10102403,94,4,5,20,221,2.0372000000000003
10102404,49,2,4,11,159,1.6911
10102405,74,3,5,16,194,1.8087000000000002
10102406,90,4,5,20,275,2.0751000000000004
10102407,47,2,4,11,159,1.0904
10102408,72,3,5,16,239,1.7544000000000002
10102409,93,4,5,20,198,1.9977000000000003
10102410,58,2,4,11,103,1.1162
10102411,73,3,5,16,204,1.8476000000000001
10102412,88,4,5,20,334,2.0159000000000002
10102413,42,2,4,11,140,1.1433
10102414,83,3,5,16,203,1.8224
10102415,90,4,5,20,286,2.0084
10102416,44,2,4,11,161,1.0807
10102417,81,3,5,16,257,1.8118
10102418,101,4,5,20,203,2.2641000000000004
10102419,39,2,4,11,145,1.0816000000000001
10102420,77,3,5,16,266,1.7986
10102421,115,4,5,20,233,2.1328
10102422,43,2,4,11,173,1.0815
10102423,67,3,5,16,199,1.6813000000000002
10102424,87,4,5,20,281,2.0276
10102425,47,2,4,11,165,1.0938
10102426,78,3,5,16,224,1.7833
10102427,89,4,5,20,349,2.0555
10102428,48,2,4,11,209,1.1249
10102429,76,3,5,16,183,1.7505000000000002
10102430,90,4,5,20,200,2.0354
10102431,44,2,4,11,213,1.0981
10102432,66,3,5,16,242,1.7216000000000002
10102433,90,4,5,20,225,2.4699
10102434,50,2,4,11,169,1.1697000000000002
10102435,75,3,5,16,172,1.7688000000000001
10102436,97,4,5,20,200,2.0641000000000003
10102437,41,2,4,11,97,1.0655000000000001
10102438,73,3,5,16,196,1.8007000000000002
10102439,99,4,5,20,177,2.0509
10102440,44,2,4,11,116,1.0953
10102441,69,3,5,16,254,1.8484
10102442,107,4,5,20,185,2.0784000000000002
10102443,48,2,4,11,170,1.1007
10102444,79,3,5,16,222,1.799
10102445,102,4,5,20,235,2.0852
10102446,50,2,4,11,168,1.1015000000000001
10102447,71,3,5,16,257,2.8186
10102448,98,4,5,20,224,2.0373
10102449,52,2,4,11,133,1.0653000000000001
10102450,77,3,5,16,144,1.7499000000000002
10102451,109,4,5,20,284,2.0967
10102452,50,2,4,11,129,1.1235000000000002
10102453,68,3,5,16,120,1.7189
10102454,89,4,5,20,209,1.9553
10102455,52,2,4,11,129,1.1169
10102456,68,3,5,16,163,1.7994
10102457,94,4,5,20,228,2.0096000000000003
10102458,40,2,4,11,161,1.0703000000000003
10102459,74,3,5,16,210,2.0021
10102460,105,4,5,20,180,2.0357000000000003
10102461,55,2,4,11,150,1.1271
10102462,58,3,5,16,169,1.8079
10102463,93,4,5,20,291,2.0202
10102464,49,2,4,11,125,1.1361
10102465,66,3,5,16,162,1.6905000000000001
10102466,80,4,5,20,156,1.9535
10102467,48,2,4,11,171,1.0883000000000003
10102468,69,3,5,16,216,1.7611
10102469,102,4,5,20,217,2.0395
10102470,48,2,4,11,197,1.1419000000000001
10102471,74,3,5,16,168,1.7354
10102472,81,4,5,20,267,1.9934000000000003
10102473,52,2,4,11,146,1.1349
10102474,67,3,5,16,190,1.7805000000000002
10102475,110,4,5,20,188,2.1443
10102476,53,2,4,11,125,1.0970000000000002
10102477,62,3,5,16,191,1.7253
10102478,95,4,5,20,235,2.0623
10102479,50,2,4,11,172,1.1642
10102480,84,3,5,16,194,1.8487000000000002
10102481,102,4,5,20,248,2.0753
10102482,49,2,4,11,171,1.1083
10102483,73,3,5,16,131,1.8197
10102484,100,4,5,20,260,2.0821
10102485,53,2,4,11,141,1.1475000000000002
10102486,68,3,5,16,232,1.724
10102487,105,4,5,20,210,2.089
10102488,50,2,4,11,139,1.1135000000000002
10102489,68,3,5,16,188,1.7929
10102490,102,4,5,20,256,2.1237
10102491,41,2,4,11,159,1.5509
10102492,86,3,5,16,162,1.8315
10102493,90,4,5,20,258,2.0106
10102494,43,2,4,11,109,1.083
10102495,74,3,5,16,194,2.0911000000000004
10102496,99,4,5,20,195,3.0965000000000003
10102497,47,2,4,11,151,1.1181
10102498,79,3,5,16,206,1.7942000000000002
10102499,97,4,5,20,224,2.0225
10102500,50,2,4,11,217,1.1658
10102501,70,3,5,16,182,1.7185000000000001
10102502,89,4,5,20,272,2.0609
10102503,46,2,4,11,139,1.0819
10102504,72,3,5,16,205,1.8395000000000001
10102505,106,4,5,20,182,2.0947
10102506,44,2,4,11,135,1.1144
10102507,80,3,5,16,224,1.7590000000000001
10102508,101,4,5,20,291,2.172
10102509,52,2,4,11,103,1.0934
10102510,70,3,5,16,203,2.0292
10102511,103,4,5,20,233,2.0622000000000003
10102512,49,2,4,11,184,1.1096000000000001
10102513,74,3,5,16,179,1.7427
10102514,96,4,5,20,230,2.0483000000000002
10102515,41,2,4,11,173,1.0501
10102516,81,3,5,16,176,1.8132000000000001
10102517,103,4,5,20,197,2.0039000000000002
10102518,54,2,4,11,143,1.1793
10102519,65,3,5,16,230,1.6524
10102520,96,4,5,20,289,2.1037
10102521,46,2,4,11,151,1.0582
10102522,76,3,5,16,184,1.7515
10102523,110,4,5,20,236,2.1323000000000003
10102524,46,2,4,11,158,1.1658
10102525,76,3,5,16,166,1.7383000000000002
10102526,98,4,5,20,222,2.1445000000000003
10102527,49,2,4,11,146,1.1061
10102528,71,3,5,16,186,1.7838
10102529,110,4,5,20,194,2.1390000000000002
10102530,42,2,4,11,163,1.1226
10102531,75,3,5,16,152,1.7416
10102532,93,4,5,20,235,2.1161000000000003
10102533,52,2,4,11,154,1.1277000000000001
10102534,73,3,5,16,174,1.7554
10102535,104,4,5,20,246,2.0836
10102536,52,2,4,11,153,1.1554
10102537,74,3,5,16,261,2.2408
10102538,92,4,5,20,273,2.0341
10102539,47,2,4,11,128,1.1482
10102540,75,3,5,16,179,1.7307000000000001
10102541,103,4,5,20,223,2.0985
10102542,55,2,4,11,114,1.1053
10102543,69,3,5,16,142,1.6800000000000002
10102544,106,4,5,20,130,2.0363
10102545,48,2,4,11,150,1.1076000000000001
10102546,72,3,5,16,130,1.7725000000000002
10102547,105,4,5,20,211,2.0922
10102548,42,2,4,11,158,1.0875000000000001
10102549,77,3,5,16,197,1.7972000000000001
10102550,103,4,5,20,253,2.0789000000000004
10102551,41,2,4,11,204,1.0401
10102552,77,3,5,16,227,1.7618000000000003
10102553,91,4,5,20,197,2.2057
10102554,51,2,4,11,95,1.059
10102555,68,3,5,16,200,1.7432
10102556,98,4,5,20,264,2.0373
10102557,55,2,4,11,130,1.1248
10102558,65,3,5,16,243,1.7969000000000002
10102559,91,4,5,20,237,2.0406
10102560,50,2,4,11,102,1.0808
10102561,82,3,5,16,188,1.7885000000000002
10102562,101,4,5,20,272,2.059
10102563,50,2,4,11,121,1.1909
10102564,71,3,5,16,246,1.794
10102565,91,4,5,20,288,2.0697
10102566,50,2,4,11,100,1.0795000000000001
10102567,70,3,5,16,211,2.2228
10102568,83,4,5,20,271,2.0395
10102569,54,2,4,11,159,1.1084
10102570,77,3,5,16,209,1.7093000000000003
10102571,97,4,5,20,234,2.0644
10102572,61,2,4,11,135,1.1422
10102573,77,3,5,16,246,1.7627000000000002
10102574,84,4,5,20,256,2.0331
10102575,55,2,4,11,150,1.1354000000000002
10102576,76,3,5,16,157,1.7697
10102577,99,4,5,20,209,2.0152
10102578,52,2,4,11,154,1.1155000000000002
10102579,76,3,5,16,233,1.7618000000000003
10102580,92,4,5,20,222,2.1311
10102581,49,2,4,11,138,1.1128000000000002
10102582,91,3,5,16,173,1.8505000000000003
10102583,105,4,5,20,195,2.0410000000000004
10102584,51,2,4,11,124,1.1388
10102585,75,3,5,16,238,1.8191000000000002
10102586,100,4,5,20,199,2.0376000000000003
10102587,35,2,4,11,102,1.0839
10102588,51,3,5,16,204,1.6475000000000002
10102589,93,4,5,20,259,2.0100000000000002
10102590,50,2,4,11,117,1.0957000000000001
10102591,64,3,5,16,202,1.7338000000000002
10102592,91,4,5,20,172,2.1006
10102593,54,2,4,11,103,1.0784
10102594,60,3,5,16,228,1.7487000000000001
10102595,85,4,5,20,250,2.0109
10102596,41,2,4,11,149,1.0734
10102597,82,3,5,16,215,1.7634
10102598,86,4,5,20,317,2.1745
10102599,54,2,4,11,155,1.1441000000000001
10102600,64,3,5,16,259,1.7020000000000002
10102601,95,4,5,20,275,2.0970000000000004
10102602,45,2,4,11,137,1.0695000000000001
10102603,73,3,5,16,265,1.7685000000000002
10102604,100,4,5,20,218,2.116
10102605,46,2,4,11,159,1.0633000000000001
10102606,76,3,5,16,156,1.7658
10102607,92,4,5,20,208,2.0447
10102608,59,2,4,11,105,1.1654
10102609,81,3,5,16,172,1.8056
10102610,99,4,5,20,289,2.1288
10102611,47,2,4,11,165,1.0586
10102612,73,3,5,16,186,1.7499000000000002
10102613,95,4,5,20,144,2.0099
10102614,38,2,4,11,187,1.0831
10102615,61,3,5,16,254,1.6890000000000003
10102616,97,4,5,20,250,2.0311
10102617,43,2,4,11,144,1.1312000000000002
10102618,63,3,5,16,192,2.5291
10102619,94,4,5,20,266,2.0738000000000003
10102620,39,2,4,11,208,1.0917000000000001
10102621,72,3,5,16,206,1.8169000000000002
10102622,87,4,5,20,215,2.0276
10102623,43,2,4,11,126,1.054
10102624,73,3,5,16,270,1.8145000000000002
10102625,84,4,5,20,231,2.0728
10102626,42,2,4,11,192,1.0706000000000002
10102627,67,3,5,16,202,1.7272
10102628,104,4,5,20,240,2.0979
10102629,56,2,4,11,146,1.1674
10102630,74,3,5,16,246,1.8018
10102631,95,4,5,20,246,2.0928999999999998
10102632,42,2,4,11,170,1.0671000000000002
10102633,68,3,5,16,263,1.7382
10102634,103,4,5,20,283,2.0738000000000003
10102635,47,2,4,11,196,1.1194
10102636,66,3,5,16,189,1.8126000000000002
10102637,94,4,5,20,275,2.1101
10102638,49,2,4,11,132,1.1046
10102639,80,3,5,16,217,1.7851000000000001
10102640,96,4,5,20,269,2.1122
10102641,48,2,4,11,92,1.0995
10102642,62,3,5,16,135,1.7346000000000001
10102643,91,4,5,20,270,2.0827000000000004
10102644,49,2,4,11,191,1.231
10102645,76,3,5,16,190,1.7830000000000001
10102646,89,4,5,20,221,2.0278
10102647,42,2,4,11,149,1.0725
10102648,78,3,5,16,172,1.9652000000000003
10102649,93,4,5,20,247,2.0358
10102650,49,2,4,11,183,1.1867
10102651,77,3,5,16,228,1.8248000000000002
10102652,99,4,5,20,241,2.1001000000000003
10102653,55,2,4,11,146,1.1189000000000002
10102654,65,3,5,16,172,1.7203000000000002
10102655,99,4,5,20,238,2.1871
10102656,46,2,4,11,158,1.0741
10102657,73,3,5,16,140,1.6758000000000002
10102658,91,4,5,20,238,2.0186
10102659,43,2,4,11,104,1.0698
10102660,83,3,5,16,214,1.7863000000000002
10102661,98,4,5,20,247,2.0819
10102662,54,2,4,11,162,1.1673
10102663,62,3,5,16,202,1.7438000000000002
10102664,107,4,5,20,311,2.1291
10102665,55,2,4,11,167,1.1103
10102666,70,3,5,16,186,1.7886000000000002
10102667,106,4,5,20,205,3.0610000000000004
10102668,50,2,4,11,165,1.1114
10102669,74,3,5,16,216,1.8059
10102670,97,4,5,20,259,2.0528
10102671,48,2,4,11,138,1.0955000000000001
10102672,71,3,5,16,176,1.7891000000000001
10102673,102,4,5,20,124,2.1804
10102674,47,2,4,11,173,1.0945
10102675,72,3,5,16,160,1.7266
10102676,83,4,5,20,342,2.0179
10102677,50,2,4,11,177,1.1046
10102678,73,3,5,16,210,1.7508000000000001
10102679,92,4,5,20,174,2.1485000000000003
10102680,48,2,4,11,196,1.1318000000000001
10102681,70,3,5,16,168,1.8294000000000001
10102682,106,4,5,20,252,2.1071000000000004
10102683,39,2,4,11,103,1.0799
10102684,61,3,5,16,201,1.7085000000000001
10102685,101,4,5,20,216,2.0554
10102686,55,2,4,11,104,1.1165
10102687,61,3,5,16,223,1.8131000000000002
10102688,86,4,5,20,225,2.0936000000000003
10102689,54,2,4,11,109,1.1643000000000001
10102690,66,3,5,16,188,1.8018
10102691,90,4,5,20,260,2.0946000000000002
10102692,54,2,4,11,149,1.2086
10102693,76,3,5,16,202,1.7796
10102694,98,4,5,20,171,2.3524000000000003
10102695,55,2,4,11,116,1.1108
10102696,78,3,5,16,247,1.8481
10102697,100,4,5,20,235,2.1012
10102698,42,2,4,11,131,1.0529000000000002
10102699,74,3,5,16,208,1.7438000000000002
10102700,97,4,5,20,256,2.1330000000000005
10102701,47,2,4,11,153,1.0793000000000001
10102702,80,3,5,16,214,1.8493000000000002
10102703,82,4,5,20,212,1.9335
10102704,49,2,4,11,150,1.0603000000000002
10102705,61,3,5,16,192,1.7396
10102706,93,4,5,20,266,2.5899
10102707,44,2,4,11,122,1.0688
10102708,73,3,5,16,189,1.7564000000000002
10102709,98,4,5,20,176,2.0265
10102710,42,2,4,11,169,1.0910000000000002
10102711,76,3,5,16,188,1.7576
10102712,108,4,5,20,275,2.1843000000000004
10102713,48,2,4,11,155,1.0962
10102714,79,3,5,16,212,1.7308
10102715,82,4,5,20,291,1.9904000000000002
10102716,51,2,4,11,159,1.1142
10102717,76,3,5,16,199,1.7560000000000002
10102718,88,4,5,20,232,2.1447000000000003
10102719,46,2,4,11,176,1.1007
10102720,81,3,5,16,188,1.7874
10102721,90,4,5,20,187,2.0203
10102722,55,2,4,11,160,1.6122
10102723,75,3,5,16,176,1.7813
10102724,95,4,5,20,151,1.9934000000000003
10102725,52,2,4,11,130,1.1429
10102726,76,3,5,16,136,1.7630000000000001
10102727,104,4,5,20,246,2.0932
10102728,43,2,4,11,132,1.0441
10102729,83,3,5,16,184,1.7959
10102730,105,4,5,20,238,2.0832
10102731,47,2,4,11,117,1.1113
10102732,64,3,5,16,273,1.7200000000000002
10102733,91,4,5,20,172,2.0305
10102734,53,2,4,11,133,1.0853
10102735,71,3,5,16,225,1.8317
10102736,120,4,5,20,209,2.1349000000000005
10102737,55,2,4,11,126,1.1021
10102738,66,3,5,16,222,1.7832000000000001
10102739,95,4,5,20,291,2.0093000000000005
10102740,39,2,4,11,165,1.0388000000000002
10102741,80,3,5,16,187,1.8693000000000002
10102742,88,4,5,20,255,2.0716
10102743,56,2,4,11,120,1.2454
10102744,81,3,5,16,156,1.8247
10102745,91,4,5,20,209,2.0376000000000003
10102746,49,2,4,11,108,1.1078000000000001
10102747,78,3,5,16,208,1.8238000000000003
10102748,108,4,5,20,277,2.1562
10102749,49,2,4,11,157,1.2395
10102750,66,3,5,16,154,1.7411
10102751,101,4,5,20,269,1.9927000000000001
10102752,59,2,4,11,163,1.1716
10102753,79,3,5,16,212,1.8090000000000002
10102754,79,4,5,20,262,1.9763000000000002
10102755,54,2,4,11,135,1.1287
10102756,71,3,5,16,231,1.7604
10102757,98,4,5,20,278,3.1109
10102758,47,2,4,11,215,1.1219000000000001
10102759,76,3,5,16,188,2.7308000000000003
10102760,98,4,5,20,243,2.0819
10102761,42,2,4,11,161,1.0668000000000002
10102762,66,3,5,16,132,1.7248
10102763,101,4,5,20,188,2.0984000000000003
10102764,43,2,4,11,134,1.0676
10102765,77,3,5,16,206,1.8378
10102766,114,4,5,20,291,2.1767000000000003
10102767,50,2,4,11,88,1.0687000000000002
10102768,81,3,5,16,153,1.7757
10102769,99,4,5,20,173,2.0147
10102770,42,2,4,11,153,1.1973
10102771,79,3,5,16,180,1.8027000000000002
10102772,100,4,5,20,311,2.1202
10102773,54,2,4,11,141,1.1207
10102774,77,3,5,16,192,1.7919
10102775,101,4,5,20,181,2.0733
10102776,41,2,4,11,126,1.062
10102777,70,3,5,16,218,1.7748000000000002
10102778,114,4,5,20,232,2.1049
10102779,49,2,4,11,125,1.0853
10102780,85,3,5,16,196,1.8264000000000002
10102781,92,4,5,20,224,2.0927000000000002
10102782,50,2,4,11,138,1.1056
10102783,70,3,5,16,234,1.713
10102784,97,4,5,20,220,2.1675
10102785,58,2,4,11,223,1.1502000000000001
10102786,83,3,5,16,155,2.1938
10102787,99,4,5,20,228,2.8379
10102788,43,2,4,11,134,1.1719
10102789,69,3,5,16,185,1.7669000000000001
10102790,94,4,5,20,271,2.0168
10102791,44,2,4,11,156,1.0808
10102792,64,3,5,16,191,1.7128
10102793,99,4,5,20,247,2.0594
10102794,48,2,4,11,151,1.0673
10102795,70,3,5,16,261,1.7596
10102796,102,4,5,20,226,1.9919
10102797,43,2,4,11,147,1.0712
10102798,75,3,5,16,169,1.7373000000000003
10102799,88,4,5,20,225,2.0511
10102800,42,2,4,11,169,1.0435
10102801,73,3,5,16,170,1.7769000000000001
10102802,106,4,5,20,241,2.0814000000000004
10102803,46,2,4,11,182,1.1056
10102804,69,3,5,16,320,1.7481
10102805,84,4,5,20,318,2.0091
10102806,52,2,4,11,99,1.1076000000000001
10102807,66,3,5,16,251,1.7026000000000001
10102808,96,4,5,20,210,2.0629000000000004
10102809,43,2,4,11,153,1.0517
10102810,74,3,5,16,217,1.78
10102811,98,4,5,20,244,2.0883
10102812,44,2,4,11,204,1.1063
10102813,78,3,5,16,204,1.7986
10102814,101,4,5,20,245,2.0811
10102815,49,2,4,11,197,1.1524
10102816,71,3,5,16,214,1.7138000000000002
10102817,81,4,5,20,224,1.9771000000000003
10102818,41,2,4,11,189,1.0809000000000002
10102819,69,3,5,16,179,1.7466000000000002
10102820,86,4,5,20,274,2.3257
10102821,46,2,4,11,193,1.0681
10102822,76,3,5,16,230,1.796
10102823,103,4,5,20,270,2.1202
10102824,48,2,4,11,137,1.0832000000000002
10102825,81,3,5,16,243,1.8125
10102826,94,4,5,20,176,2.5501
10102827,55,2,4,11,123,1.1300000000000001
10102828,79,3,5,16,184,1.7511
10102829,105,4,5,20,219,2.1036
10102830,43,2,4,11,194,1.0567
10102831,64,3,5,16,201,1.7407000000000001
10102832,114,4,5,20,280,2.1513
10102833,52,2,4,11,161,1.0891
10102834,64,3,5,16,260,1.7641000000000002
10102835,92,4,5,20,222,2.0168
10102836,48,2,4,11,175,1.11
10102837,69,3,5,16,209,1.8053000000000001
10102838,104,4,5,20,274,2.1657
10102839,47,2,4,11,125,1.1278
10102840,82,3,5,16,198,1.8219000000000003
10102841,88,4,5,20,259,2.0408
10102842,48,2,4,11,157,1.0917999999999999
10102843,67,3,5,16,225,1.7422000000000002
10102844,98,4,5,20,169,2.14
10102845,44,2,4,11,189,1.1262
10102846,72,3,5,16,237,1.7679000000000002
10102847,101,4,5,20,246,2.1156
10102848,45,2,4,11,175,1.0729000000000002
10102849,76,3,5,16,238,1.7621000000000002
10102850,88,4,5,20,174,2.0234
10102851,47,2,4,11,163,1.1419000000000001
10102852,87,3,5,16,153,1.7665
10102853,91,4,5,20,277,2.1026000000000002
10102854,44,2,4,11,158,1.1055000000000001
10102855,66,3,5,16,176,1.7453000000000003
10102856,85,4,5,20,202,2.1035000000000004
10102857,51,2,4,11,153,1.0816000000000001
10102858,76,3,5,16,170,1.7681
10102859,92,4,5,20,200,1.9994
10102860,48,2,4,11,138,1.0798
10102861,60,3,5,16,192,1.729
10102862,97,4,5,20,228,3.0418000000000003
10102863,49,2,4,11,132,1.2118
10102864,65,3,5,16,164,1.691
10102865,94,4,5,20,182,2.0106
10102866,51,2,4,11,98,1.1259
10102867,63,3,5,16,172,1.7446
10102868,99,4,5,20,218,2.0824000000000003
10102869,55,2,4,11,132,1.1643000000000001
10102870,77,3,5,16,254,1.9763000000000002
10102871,109,4,5,20,201,2.0942
10102872,59,2,4,11,150,1.1713
10102873,79,3,5,16,196,1.8452000000000002
10102874,99,4,5,20,294,2.0502000000000002
10102875,51,2,4,11,157,1.1166
10102876,80,3,5,16,170,1.7831000000000001
10102877,121,4,5,20,212,2.1448
10102878,47,2,4,11,130,1.0781
10102879,75,3,5,16,189,1.7806
10102880,94,4,5,20,194,2.1454
10102881,55,2,4,11,138,1.1336
10102882,76,3,5,16,202,1.8816000000000002
10102883,102,4,5,20,230,2.0954
10102884,49,2,4,11,137,1.1004
10102885,74,3,5,16,269,1.7601000000000002
10102886,100,4,5,20,258,2.0723
10102887,47,2,4,11,187,1.1489
10102888,67,3,5,16,217,1.7166000000000001
10102889,101,4,5,20,252,2.0167
10102890,45,2,4,11,203,1.1289000000000002
10102891,64,3,5,16,203,1.7359
10102892,90,4,5,20,321,1.9903
10102893,51,2,4,11,124,1.0989
10102894,72,3,5,16,195,1.8931000000000002
10102895,96,4,5,20,241,2.0593
10102896,49,2,4,11,199,1.1713
10102897,60,3,5,16,226,1.6479000000000001
10102898,105,4,5,20,174,2.0677
10102899,52,2,4,11,152,1.1295000000000002
10102900,67,3,5,16,179,1.8802
10102901,101,4,5,20,199,2.0648000000000004
10102902,46,2,4,11,95,1.121
10102903,64,3,5,16,220,1.6924000000000001
10102904,100,4,5,20,329,2.1134999999999997
10102905,44,2,4,11,130,1.0531000000000001
10102906,71,3,5,16,265,1.8074000000000001
10102907,88,4,5,20,261,2.0367
10102908,48,2,4,11,140,1.0612
10102909,75,3,5,16,231,1.7428000000000001
10102910,98,4,5,20,222,2.0566
10102911,56,2,4,11,186,1.167
10102912,70,3,5,16,179,1.7204000000000002
10102913,99,4,5,20,243,2.2399
10102914,38,2,4,11,141,1.0441
10102915,70,3,5,16,213,1.8030000000000002
10102916,99,4,5,20,250,2.0458
10102917,50,2,4,11,163,1.1452
10102918,74,3,5,16,239,1.7484000000000002
10102919,88,4,5,20,190,2.1358
10102920,53,2,4,11,128,1.0938
10102921,63,3,5,16,184,1.6903000000000001
10102922,102,4,5,20,182,2.1202
10102923,48,2,4,11,153,1.0926
10102924,65,3,5,16,204,1.7423
10102925,88,4,5,20,254,2.0769
10102926,49,2,4,11,191,1.1044000000000003
10102927,70,3,5,16,182,1.7697
10102928,94,4,5,20,226,2.036
10102929,49,2,4,11,120,1.0885
10102930,78,3,5,16,180,1.7472
10102931,92,4,5,20,248,2.1544000000000003
10102932,50,2,4,11,156,1.0932000000000002
10102933,74,3,5,16,240,1.7698000000000003
10102934,96,4,5,20,216,2.1762
10102935,46,2,4,11,101,1.0565000000000002
10102936,69,3,5,16,194,1.8365
10102937,96,4,5,20,217,2.0835000000000004
10102938,48,2,4,11,88,1.131
10102939,72,3,5,16,200,1.8103000000000002
10102940,89,4,5,20,203,2.0862000000000003
10102941,45,2,4,11,169,1.0936000000000001
10102942,66,3,5,16,232,1.7427
10102943,93,4,5,20,212,2.0774
10102944,62,2,4,11,127,1.1709
10102945,70,3,5,16,203,2.5879000000000003
10102946,96,4,5,20,259,2.095
10102947,43,2,4,11,133,1.0942
10102948,67,3,5,16,164,1.6829000000000003
10102949,104,4,5,20,244,2.0753
10102950,49,2,4,11,148,1.0848000000000002
10102951,81,3,5,16,203,1.8792000000000002
10102952,98,4,5,20,244,2.1809
10102953,50,2,4,11,155,1.1196000000000002
10102954,70,3,5,16,171,1.7653
10102955,111,4,5,20,258,2.1607000000000003
10102956,50,2,4,11,139,1.1549000000000003
10102957,85,3,5,16,141,2.4000000000000004
10102958,95,4,5,20,219,2.3657
10102959,44,2,4,11,196,1.0756999999999999
10102960,71,3,5,16,148,1.7525000000000002
10102961,100,4,5,20,226,2.0690999999999997
10102962,52,2,4,11,178,1.1395000000000002
10102963,70,3,5,16,249,2.3845000000000005
10102964,106,4,5,20,220,2.0668
10102965,54,2,4,11,182,1.1092
10102966,78,3,5,16,140,1.7993000000000001
10102967,97,4,5,20,271,2.0606999999999998
10102968,41,2,4,11,185,1.0856999999999999
10102969,69,3,5,16,167,1.7011
10102970,91,4,5,20,290,2.0382
10102971,54,2,4,11,105,1.1536
10102972,62,3,5,16,178,1.7108
10102973,104,4,5,20,289,2.0970000000000004
10102974,52,2,4,11,122,1.1087
10102975,80,3,5,16,205,1.8773000000000002
10102976,108,4,5,20,223,2.1564
10102977,44,2,4,11,153,1.0691000000000002
10102978,84,3,5,16,173,1.8378
10102979,94,4,5,20,280,2.2042
10102980,45,2,4,11,147,1.1117
10102981,71,3,5,16,288,3.0833000000000004
10102982,96,4,5,20,269,2.0486000000000004
10102983,48,2,4,11,135,1.5571000000000002
10102984,72,3,5,16,182,2.5786000000000002
10102985,99,4,5,20,263,2.1055
10102986,52,2,4,11,124,1.1561
10102987,66,3,5,16,223,1.7152
10102988,103,4,5,20,209,2.1076
10102989,46,2,4,11,129,1.0755000000000001
10102990,74,3,5,16,259,1.8494000000000002
10102991,99,4,5,20,280,2.0677
10102992,46,2,4,11,99,1.1833
10102993,70,3,5,16,240,1.7332
10102994,108,4,5,20,219,2.0997
10102995,47,2,4,11,173,1.0647
10102996,72,3,5,16,182,1.7513
10102997,105,4,5,20,184,2.1399
10102998,50,2,4,11,167,1.1344
10102999,78,3,5,16,246,1.8324
10103000,100,4,5,20,295,2.0847
10103001,49,2,4,11,144,1.0792
10103002,79,3,5,16,259,1.7947000000000002
10103003,95,4,5,20,328,2.0961
10103004,47,2,4,11,211,1.1195000000000002
10103005,72,3,5,16,196,1.7695
10103006,91,4,5,20,263,2.0236
10103007,40,2,4,11,164,1.1112000000000002
10103008,88,3,5,16,184,1.8584
10103009,94,4,5,20,232,2.0441000000000003
10103010,36,2,4,11,214,1.0349000000000002
10103011,66,3,5,16,216,1.7548000000000001
10103012,96,4,5,20,251,2.0422000000000002
10103013,53,2,4,11,111,1.0863
10103014,72,3,5,16,192,1.7723
10103015,92,4,5,20,317,2.0779
10103016,46,2,4,11,140,1.0834
10103017,68,3,5,16,271,1.8031000000000001
10103018,91,4,5,20,225,2.0578000000000003
10103019,42,2,4,11,213,1.0909000000000002
10103020,67,3,5,16,158,1.7499000000000002
10103021,89,4,5,20,273,1.9985000000000004
10103022,49,2,4,11,173,1.1075
10103023,71,3,5,16,194,2.2475
10103024,102,4,5,20,287,2.0567
10103025,40,2,4,11,207,1.0615
10103026,72,3,5,16,205,1.7222000000000002
10103027,97,4,5,20,215,2.0906000000000002
10103028,48,2,4,11,145,1.1096000000000001
10103029,74,3,5,16,169,1.7631000000000001
10103030,100,4,5,20,223,2.0436
10103031,53,2,4,11,163,1.4814
10103032,72,3,5,16,168,1.8043000000000002
10103033,97,4,5,20,263,2.2942
10103034,48,2,4,11,167,1.1569
10103035,77,3,5,16,134,1.7568000000000001
10103036,99,4,5,20,182,2.1203000000000003
10103037,52,2,4,11,101,1.0988
10103038,74,3,5,16,140,1.771
10103039,87,4,5,20,220,2.0204000000000004
10103040,46,2,4,11,83,1.0959
10103041,66,3,5,16,231,1.7424000000000002
10103042,99,4,5,20,223,2.0501
10103043,41,2,4,11,120,1.0051
10103044,73,3,5,16,232,2.3467000000000002
10103045,99,4,5,20,158,2.0998
10103046,56,2,4,11,148,1.1422
10103047,73,3,5,16,194,1.7630000000000001
10103048,88,4,5,20,254,2.0451
10103049,51,2,4,11,162,1.1477
10103050,68,3,5,16,236,1.7302000000000002
10103051,105,4,5,20,218,2.0714
10103052,43,2,4,11,150,1.0592000000000001
10103053,77,3,5,16,214,1.7631000000000001
10103054,85,4,5,20,290,2.0129
10103055,55,2,4,11,102,1.12
10103056,74,3,5,16,194,1.8195000000000001
10103057,98,4,5,20,225,2.0725000000000002
10103058,42,2,4,11,144,1.0395
10103059,71,3,5,16,158,1.7197
10103060,103,4,5,20,242,2.1745
10103061,56,2,4,11,144,1.1827
10103062,83,3,5,16,190,1.7881000000000002
10103063,92,4,5,20,234,2.0233
10103064,44,2,4,11,171,1.0985
10103065,65,3,5,16,206,1.7647000000000002
10103066,93,4,5,20,267,2.0386
10103067,52,2,4,11,171,1.1242
10103068,67,3,5,16,227,1.7597
10103069,89,4,5,20,225,1.9965
10103070,43,2,4,11,178,1.0446000000000002
10103071,77,3,5,16,280,1.8390000000000002
10103072,97,4,5,20,250,2.032
10103073,46,2,4,11,142,1.1461000000000001
10103074,74,3,5,16,203,2.0873000000000004
10103075,85,4,5,20,231,2.0081
10103076,52,2,4,11,170,1.1014
10103077,75,3,5,16,172,1.8427
10103078,91,4,5,20,248,1.9994
10103079,47,2,4,11,191,1.0948000000000002
10103080,70,3,5,16,211,1.7774
10103081,96,4,5,20,198,2.0375
10103082,40,2,4,11,131,1.0774000000000001
10103083,82,3,5,16,168,1.8343
10103084,103,4,5,20,238,2.1157000000000004
10103085,41,2,4,11,150,1.0651
10103086,76,3,5,16,205,3.1326
10103087,100,4,5,20,295,2.5210000000000004
10103088,49,2,4,11,219,1.1051000000000002
10103089,68,3,5,16,177,1.7469000000000001
10103090,100,4,5,20,238,2.1801
10103091,47,2,4,11,185,1.1031000000000002
10103092,71,3,5,16,152,1.7514000000000003
10103093,98,4,5,20,275,2.0242000000000004
10103094,42,2,4,11,130,1.0252
10103095,69,3,5,16,233,1.7721000000000002
10103096,97,4,5,20,312,1.9957
10103097,51,2,4,11,153,1.1081
10103098,81,3,5,16,200,1.8022
10103099,95,4,5,20,220,2.0312
10103100,50,2,4,11,105,1.0852000000000002
10103101,89,3,5,16,214,1.8196
10103102,106,4,5,20,188,2.1355000000000004
10103103,42,2,4,11,104,1.0888
10103104,79,3,5,16,179,1.7848
10103105,82,4,5,20,245,2.0183000000000004
10103106,44,2,4,11,132,1.0735000000000001
10103107,77,3,5,16,170,1.7421000000000002
10103108,98,4,5,20,221,2.0713000000000004
10103109,45,2,4,11,116,1.0617
10103110,70,3,5,16,216,1.7831000000000001
10103111,92,4,5,20,245,2.0239
10103112,39,2,4,11,189,1.1765
10103113,73,3,5,16,185,1.7252
10103114,95,4,5,20,205,2.004
10103115,49,2,4,11,165,1.1094
10103116,75,3,5,16,216,1.7787
10103117,99,4,5,20,213,2.0478
10103118,51,2,4,11,155,1.1222
10103119,64,3,5,16,266,1.7570000000000001
10103120,102,4,5,20,206,2.0321000000000002
10103121,49,2,4,11,114,1.0794000000000001
10103122,79,3,5,16,176,1.8304
10103123,90,4,5,20,204,2.0717000000000003
10103124,50,2,4,11,118,1.1159
10103125,69,3,5,16,216,1.7683000000000002
10103126,99,4,5,20,222,2.0273000000000003
10103127,54,2,4,11,112,1.1601000000000001
10103128,78,3,5,16,190,1.7597
10103129,90,4,5,20,257,2.1
10103130,52,2,4,11,145,1.1145
10103131,70,3,5,16,194,1.7485
10103132,111,4,5,20,230,2.0931
10103133,42,2,4,11,141,1.0669
10103134,79,3,5,16,184,1.7829
10103135,87,4,5,20,233,2.0081
10103136,44,2,4,11,133,1.1131000000000002
10103137,67,3,5,16,178,1.7503000000000002
10103138,93,4,5,20,272,2.0529
10103139,51,2,4,11,189,1.1093000000000002
10103140,75,3,5,16,240,1.7449000000000001
10103141,98,4,5,20,274,2.081
10103142,44,2,4,11,125,1.0926
10103143,54,3,5,16,233,1.6337000000000002
10103144,99,4,5,20,245,2.0873000000000004
10103145,53,2,4,11,173,1.6894000000000002
10103146,87,3,5,16,201,1.8382
10103147,91,4,5,20,248,2.0653
10103148,53,2,4,11,124,1.1942000000000002
10103149,77,3,5,16,209,1.806
10103150,97,4,5,20,190,2.0135
10103151,43,2,4,11,184,1.1034
10103152,72,3,5,16,204,1.7559
10103153,103,4,5,20,286,2.0271
10103154,49,2,4,11,157,1.0839
10103155,74,3,5,16,167,1.7363000000000002
10103156,105,4,5,20,275,2.1251
10103157,50,2,4,11,175,1.1431
10103158,61,3,5,16,249,1.6753
10103159,101,4,5,20,217,2.34
10103160,45,2,4,11,111,1.106
10103161,70,3,5,16,181,1.7687
10103162,104,4,5,20,232,2.1276
10103163,53,2,4,11,200,1.1528
10103164,66,3,5,16,183,1.677
10103165,91,4,5,20,263,2.0233
10103166,44,2,4,11,154,1.1291
10103167,73,3,5,16,211,1.8243
10103168,100,4,5,20,210,2.0636
10103169,42,2,4,11,138,1.0606
10103170,70,3,5,16,219,1.7779
10103171,99,4,5,20,289,2.0487
10103172,58,2,4,11,120,1.1532
10103173,63,3,5,16,241,1.8498
10103174,98,4,5,20,229,2.1025
10103175,46,2,4,11,142,1.094
10103176,71,3,5,16,210,1.7463000000000002
10103177,91,4,5,20,263,2.0852
10103178,49,2,4,11,153,1.1108
10103179,66,3,5,16,231,1.7295
10103180,102,4,5,20,252,2.0721000000000003
10103181,42,2,4,11,141,1.0922
10103182,68,3,5,16,218,1.7688000000000001
10103183,92,4,5,20,196,2.0468
10103184,50,2,4,11,142,1.11
10103185,84,3,5,16,159,1.7446
10103186,89,4,5,20,224,2.0228
10103187,37,2,4,11,187,1.0515
10103188,70,3,5,16,166,1.7152
10103189,95,4,5,20,259,2.0868
10103190,49,2,4,11,222,1.0927
10103191,74,3,5,16,190,1.7650000000000001
10103192,97,4,5,20,298,2.0403000000000002
10103193,53,2,4,11,106,1.1075
10103194,82,3,5,16,188,1.8112
10103195,103,4,5,20,218,2.0827000000000004
10103196,61,2,4,11,114,1.0886
10103197,74,3,5,16,244,1.7705000000000002
10103198,102,4,5,20,242,2.0716
10103199,49,2,4,11,124,1.1150000000000002
10103200,75,3,5,16,249,1.7685000000000002
10103201,93,4,5,20,273,2.7666
10103202,53,2,4,11,122,1.1374
10103203,69,3,5,16,170,1.8169000000000002
10103204,93,4,5,20,212,2.0185000000000004
10103205,42,2,4,11,164,1.064
10103206,71,3,5,16,185,1.7131
10103207,99,4,5,20,245,2.0635000000000003
10103208,46,2,4,11,194,1.0605
10103209,69,3,5,16,194,1.7327000000000001
10103210,88,4,5,20,176,2.0951
10103211,50,2,4,11,147,1.0775000000000001
10103212,82,3,5,16,155,1.8607
10103213,105,4,5,20,246,2.0978
10103214,53,2,4,11,176,1.137
10103215,75,3,5,16,229,1.7798000000000003
10103216,105,4,5,20,193,2.0355
10103217,51,2,4,11,138,1.1125
10103218,69,3,5,16,167,1.749
10103219,100,4,5,20,202,2.0179
10103220,49,2,4,11,158,1.0754
10103221,64,3,5,16,228,1.701
10103222,90,4,5,20,264,2.0139000000000005
10103223,47,2,4,11,187,1.101
10103224,79,3,5,16,134,1.7391
10103225,95,4,5,20,224,2.0402000000000005
10103226,47,2,4,11,209,1.0779
10103227,67,3,5,16,190,1.7622
10103228,108,4,5,20,235,2.085
10103229,49,2,4,11,210,1.603
10103230,85,3,5,16,234,1.9079000000000002
10103231,103,4,5,20,292,2.0797000000000003
10103232,53,2,4,11,139,1.1803
10103233,67,3,5,16,329,1.7417
10103234,95,4,5,20,176,2.0382
10103235,46,2,4,11,147,1.0848000000000002
10103236,66,3,5,16,214,1.7123000000000002
10103237,98,4,5,20,226,2.451
10103238,45,2,4,11,134,1.0764000000000002
10103239,77,3,5,16,233,1.7619
10103240,107,4,5,20,246,2.0896
10103241,36,2,4,11,142,1.0432
10103242,67,3,5,16,222,1.8052000000000001
10103243,107,4,5,20,225,2.1086
10103244,59,2,4,11,141,1.1157000000000001
10103245,77,3,5,16,148,1.7910000000000001
10103246,92,4,5,20,243,1.9894
10103247,45,2,4,11,171,1.0959
10103248,66,3,5,16,170,1.7765000000000002
10103249,96,4,5,20,259,2.016
10103250,46,2,4,11,159,1.0429
10103251,78,3,5,16,216,1.7664000000000002
10103252,99,4,5,20,220,2.0795000000000003
10103253,40,2,4,11,140,1.0854000000000001
10103254,78,3,5,16,200,1.7870000000000001
10103255,92,4,5,20,244,2.3473
10103256,42,2,4,11,123,1.0609
10103257,72,3,5,16,182,1.7565
10103258,98,4,5,20,164,2.0395
10103259,39,2,4,11,153,1.0475
10103260,67,3,5,16,140,1.7407000000000001
10103261,109,4,5,20,202,2.1106000000000003
10103262,47,2,4,11,148,1.0897000000000001
10103263,63,3,5,16,227,2.2344
10103264,87,4,5,20,266,2.0372000000000003
10103265,45,2,4,11,149,1.0872
10103266,74,3,5,16,188,1.7842
10103267,103,4,5,20,238,2.078
10103268,45,2,4,11,193,1.1074000000000002
10103269,77,3,5,16,281,2.2267
10103270,92,4,5,20,303,2.1006
10103271,64,2,4,11,161,1.2452
10103272,77,3,5,16,266,1.7927000000000002
10103273,106,4,5,20,232,2.0861
10103274,53,2,4,11,147,1.2633
10103275,65,3,5,16,205,1.7254000000000003
10103276,101,4,5,20,221,1.9920000000000002
10103277,52,2,4,11,124,1.0714000000000001
10103278,70,3,5,16,202,1.7444000000000002
10103279,93,4,5,20,296,2.0463
10103280,50,2,4,11,149,1.3878
10103281,77,3,5,16,227,1.7726
10103282,93,4,5,20,232,2.2802000000000002
10103283,47,2,4,11,195,1.1014
10103284,76,3,5,16,219,1.8572
10103285,96,4,5,20,220,2.0543
10103286,42,2,4,11,106,1.0894000000000001
10103287,69,3,5,16,138,1.7241000000000002
10103288,106,4,5,20,223,2.1071000000000004
10103289,43,2,4,11,82,1.0105000000000002
10103290,69,3,5,16,177,1.7836000000000003
10103291,108,4,5,20,202,2.0856
10103292,50,2,4,11,154,1.1114
10103293,76,3,5,16,193,1.7758
10103294,92,4,5,20,264,2.0689
10103295,40,2,4,11,202,1.0354999999999999
10103296,75,3,5,16,171,1.7691000000000001
10103297,91,4,5,20,253,2.0640000000000005
10103298,49,2,4,11,188,1.1352
10103299,72,3,5,16,227,1.7640000000000002
10103300,100,4,5,20,224,2.0717000000000003
10103301,47,2,4,11,128,1.0774000000000001
10103302,71,3,5,16,298,1.7665
10103303,81,4,5,20,261,1.9588
10103304,43,2,4,11,195,1.0955000000000001
10103305,71,3,5,16,183,1.7047
10103306,99,4,5,20,236,2.089
10103307,41,2,4,11,158,1.0977000000000001
10103308,81,3,5,16,236,1.8136
10103309,102,4,5,20,228,2.0024
10103310,49,2,4,11,141,1.1206
10103311,78,3,5,16,208,1.7578
10103312,98,4,5,20,333,2.1309000000000005
10103313,48,2,4,11,140,1.0914
10103314,76,3,5,16,252,1.8277
10103315,93,4,5,20,162,1.9986000000000002
10103316,54,2,4,11,129,1.1229
10103317,79,3,5,16,160,1.7388000000000001
10103318,92,4,5,20,213,2.0469
10103319,48,2,4,11,163,1.0996000000000001
10103320,76,3,5,16,222,1.8098
10103321,83,4,5,20,222,1.9968
10103322,48,2,4,11,175,1.0968
10103323,66,3,5,16,235,1.7034
10103324,94,4,5,20,225,2.0261000000000005
10103325,45,2,4,11,154,1.1056
10103326,81,3,5,16,104,1.8271000000000002
10103327,97,4,5,20,316,2.164
10103328,43,2,4,11,169,1.0682
10103329,74,3,5,16,158,1.7167000000000001
10103330,102,4,5,20,333,2.1199
10103331,53,2,4,11,86,1.1201
10103332,61,3,5,16,186,1.7249
10103333,109,4,5,20,236,2.2882000000000002
10103334,44,2,4,11,151,1.0906000000000002
10103335,78,3,5,16,203,1.8298
10103336,108,4,5,20,186,2.0764
10103337,48,2,4,11,122,1.1153
10103338,72,3,5,16,188,1.7441000000000002
10103339,115,4,5,20,210,2.2773000000000003
10103340,57,2,4,11,157,1.124
10103341,67,3,5,16,180,1.7158000000000002
10103342,94,4,5,20,281,2.042
10103343,47,2,4,11,121,1.0636
10103344,76,3,5,16,178,1.799
10103345,107,4,5,20,150,2.0618
10103346,52,2,4,11,180,1.1359
10103347,67,3,5,16,215,1.7456
10103348,90,4,5,20,246,2.0176
10103349,39,2,4,11,175,1.0574
10103350,71,3,5,16,154,1.7429000000000001
10103351,86,4,5,20,191,1.9783000000000002
10103352,43,2,4,11,124,1.0695000000000001
10103353,68,3,5,16,177,1.7847000000000002
10103354,87,4,5,20,327,2.0473000000000003
10103355,55,2,4,11,202,1.1736000000000002
10103356,67,3,5,16,179,1.725
10103357,100,4,5,20,215,2.0726
10103358,42,2,4,11,169,1.0966
10103359,81,3,5,16,207,2.0457
10103360,90,4,5,20,183,2.0431
10103361,52,2,4,11,156,1.1479000000000001
10103362,85,3,5,16,160,1.8259
10103363,94,4,5,20,295,2.0345000000000004
10103364,55,2,4,11,167,1.1663000000000001
10103365,83,3,5,16,142,1.734
10103366,96,4,5,20,234,2.0069000000000004
10103367,48,2,4,11,181,1.1055000000000001
10103368,87,3,5,16,164,1.7491
10103369,104,4,5,20,247,2.112
10103370,48,2,4,11,116,1.0633000000000001
10103371,70,3,5,16,184,1.8132000000000001
10103372,90,4,5,20,246,2.0402000000000005
10103373,46,2,4,11,115,1.3523
10103374,72,3,5,16,258,1.7059000000000002
10103375,91,4,5,20,331,2.1952
10103376,43,2,4,11,165,1.0457
10103377,76,3,5,16,168,1.8628000000000002
10103378,88,4,5,20,236,1.9915000000000003
10103379,37,2,4,11,138,1.057
10103380,81,3,5,16,244,1.7922
10103381,99,4,5,20,187,2.0280000000000005
10103382,51,2,4,11,151,1.12
10103383,77,3,5,16,248,1.8673000000000002
10103384,102,4,5,20,242,2.1746
10103385,49,2,4,11,228,1.1096000000000001
10103386,76,3,5,16,169,1.7752000000000001
10103387,92,4,5,20,236,2.0246
10103388,40,2,4,11,191,1.0558
10103389,80,3,5,16,214,1.8171000000000002
10103390,107,4,5,20,221,2.0773
10103391,49,2,4,11,164,1.0518
10103392,74,3,5,16,147,1.7476000000000003
10103393,101,4,5,20,220,2.1079000000000003
10103394,48,2,4,11,166,1.1009000000000002
10103395,72,3,5,16,180,2.1516
10103396,89,4,5,20,226,2.0106
10103397,52,2,4,11,180,1.1338000000000001
10103398,79,3,5,16,222,1.8252000000000002
10103399,90,4,5,20,294,2.0526000000000004
10103400,41,2,4,11,164,1.1068
10103401,68,3,5,16,178,1.7750000000000001
10103402,87,4,5,20,242,2.0411
10103403,46,2,4,11,154,1.0573000000000001
10103404,67,3,5,16,141,1.8043000000000002
10103405,96,4,5,20,188,2.04
10103406,47,2,4,11,96,1.0978999999999999
10103407,62,3,5,16,246,1.7681
10103408,97,4,5,20,220,2.1121
10103409,50,2,4,11,182,1.1213
10103410,78,3,5,16,234,2.1114
10103411,112,4,5,20,206,2.154
10103412,45,2,4,11,118,1.2200000000000002
10103413,73,3,5,16,203,1.7891000000000001
10103414,102,4,5,20,192,2.0631
10103415,49,2,4,11,202,1.0878
10103416,69,3,5,16,150,1.7837
10103417,98,4,5,20,202,2.085
10103418,52,2,4,11,150,1.1227
10103419,75,3,5,16,192,1.7618000000000003
10103420,100,4,5,20,146,1.9877000000000002
10103421,45,2,4,11,155,1.06
10103422,67,3,5,16,200,1.8034000000000001
10103423,106,4,5,20,254,2.1414000000000004
10103424,46,2,4,11,157,1.0928000000000002
10103425,80,3,5,16,210,1.844
10103426,96,4,5,20,164,2.0484
10103427,50,2,4,11,74,1.0547
10103428,75,3,5,16,207,1.7975
10103429,100,4,5,20,196,2.042
10103430,49,2,4,11,109,1.0858
10103431,84,3,5,16,175,1.7711000000000001
10103432,109,4,5,20,232,2.1475
10103433,50,2,4,11,192,1.1639000000000002
10103434,78,3,5,16,208,1.7847000000000002
10103435,112,4,5,20,299,2.1499
10103436,45,2,4,11,158,1.0969
10103437,64,3,5,16,175,1.6831
10103438,101,4,5,20,217,2.1015
10103439,45,2,4,11,159,1.1105000000000003
10103440,80,3,5,16,243,1.8376000000000001
10103441,102,4,5,20,239,2.0821
10103442,47,2,4,11,149,1.0724
10103443,83,3,5,16,158,1.8662
10103444,97,4,5,20,252,2.0195
10103445,43,2,4,11,152,1.0712
10103446,81,3,5,16,172,1.8329000000000002
10103447,94,4,5,20,215,2.0272
10103448,49,2,4,11,122,1.1380000000000001
10103449,77,3,5,16,251,2.4896000000000003
10103450,92,4,5,20,231,2.0519000000000003
10103451,46,2,4,11,185,1.0768000000000002
10103452,79,3,5,16,190,1.8112
10103453,102,4,5,20,218,2.136
10103454,49,2,4,11,153,1.083
10103455,74,3,5,16,206,1.8073000000000001
10103456,107,4,5,20,184,1.9879
10103457,40,2,4,11,176,1.0928000000000002
10103458,62,3,5,16,231,1.6857
10103459,85,4,5,20,288,2.0505000000000004
10103460,43,2,4,11,227,1.1156
10103461,74,3,5,16,180,1.7396
10103462,97,4,5,20,240,2.4596
10103463,45,2,4,11,172,1.1090000000000002
10103464,73,3,5,16,160,1.8352000000000002
10103465,106,4,5,20,220,2.0781
10103466,47,2,4,11,114,1.0992
10103467,69,3,5,16,213,1.7555
10103468,92,4,5,20,211,1.9894
10103469,45,2,4,11,158,1.0772000000000002
10103470,74,3,5,16,222,1.7436
10103471,95,4,5,20,247,2.1388000000000003
10103472,46,2,4,11,184,1.1293
10103473,76,3,5,16,185,1.7612
10103474,99,4,5,20,194,3.0214
10103475,48,2,4,11,205,1.1135000000000002
10103476,85,3,5,16,201,1.8652
10103477,93,4,5,20,216,2.0372000000000003
10103478,50,2,4,11,128,1.1234000000000002
10103479,64,3,5,16,168,2.045
10103480,90,4,5,20,246,2.0664
10103481,50,2,4,11,169,1.1848
10103482,81,3,5,16,194,1.8823
10103483,95,4,5,20,251,2.1683000000000003
10103484,46,2,4,11,162,1.1588
10103485,66,3,5,16,259,1.7456
10103486,93,4,5,20,262,2.049
10103487,48,2,4,11,140,1.1391
10103488,55,3,5,16,257,1.7156
10103489,111,4,5,20,239,2.1801
10103490,47,2,4,11,189,1.1235000000000002
10103491,72,3,5,16,166,1.7779
10103492,96,4,5,20,244,2.0569
10103493,48,2,4,11,198,1.1049
10103494,69,3,5,16,162,1.7401
10103495,108,4,5,20,259,2.1181
10103496,45,2,4,11,148,1.0717
10103497,80,3,5,16,170,1.863
10103498,88,4,5,20,263,2.0426
10103499,50,2,4,11,144,1.1097000000000001
10103500,69,3,5,16,176,1.7535
10103501,104,4,5,20,250,2.2052
10103502,47,2,4,11,140,1.1225
10103503,65,3,5,16,217,1.7459
10103504,109,4,5,20,267,2.2052
10103505,48,2,4,11,148,1.1209
10103506,65,3,5,16,206,1.7479000000000002
10103507,93,4,5,20,219,2.0352
10103508,53,2,4,11,134,1.1139999999999999
10103509,57,3,5,16,148,1.6244
10103510,96,4,5,20,172,3.4728000000000003
10103511,45,2,4,11,156,1.1207
10103512,80,3,5,16,166,1.7298
10103513,103,4,5,20,272,2.0962000000000005
10103514,49,2,4,11,197,1.0986000000000002
10103515,53,3,5,16,196,1.6318000000000001
10103516,92,4,5,20,295,2.0689
10103517,47,2,4,11,108,1.0687000000000002
10103518,60,3,5,16,250,1.7578
10103519,98,4,5,20,209,1.9962
10103520,47,2,4,11,140,1.1159
10103521,69,3,5,16,196,1.75
10103522,89,4,5,20,273,2.0181
10103523,45,2,4,11,174,1.0792
10103524,70,3,5,16,199,1.7560000000000002
10103525,87,4,5,20,194,1.9861000000000002
10103526,49,2,4,11,105,1.1054000000000002
10103527,78,3,5,16,237,1.8333000000000002
10103528,85,4,5,20,241,1.9524000000000001
10103529,48,2,4,11,157,1.0861
10103530,83,3,5,16,250,1.8488
10103531,104,4,5,20,258,2.1054000000000004
10103532,49,2,4,11,163,1.1314
10103533,70,3,5,16,194,1.7740000000000002
10103534,93,4,5,20,202,2.0205
10103535,48,2,4,11,120,1.1051000000000002
10103536,73,3,5,16,140,1.7096000000000002
10103537,90,4,5,20,172,2.0258
10103538,52,2,4,11,121,1.1252
10103539,65,3,5,16,233,1.7814
10103540,101,4,5,20,188,2.1288
10103541,49,2,4,11,86,1.0994000000000002
10103542,75,3,5,16,178,1.7633
10103543,93,4,5,20,202,2.0441000000000003
10103544,55,2,4,11,202,1.1097000000000001
10103545,62,3,5,16,239,1.7197
10103546,112,4,5,20,267,2.1033000000000004
10103547,51,2,4,11,165,1.1337000000000002
10103548,70,3,5,16,252,1.7004000000000001
10103549,95,4,5,20,293,2.0575
10103550,54,2,4,11,158,1.0716
10103551,65,3,5,16,187,1.7166000000000001
10103552,114,4,5,20,221,2.1401000000000003
10103553,51,2,4,11,122,1.0784
10103554,77,3,5,16,184,2.1303000000000005
10103555,89,4,5,20,199,2.117
10103556,38,2,4,11,179,1.0233
10103557,74,3,5,16,224,1.7983
10103558,90,4,5,20,206,1.9899000000000002
10103559,55,2,4,11,167,1.1411000000000002
10103560,75,3,5,16,218,1.7254000000000003
10103561,101,4,5,20,223,2.1965
10103562,47,2,4,11,122,1.0703000000000003
10103563,74,3,5,16,213,1.799
10103564,102,4,5,20,244,2.0657
10103565,44,2,4,11,150,1.0891
10103566,74,3,5,16,196,1.7709000000000001
10103567,91,4,5,20,229,2.0005
10103568,57,2,4,11,120,1.1145
10103569,81,3,5,16,268,1.8330000000000002
10103570,87,4,5,20,249,2.0405
10103571,46,2,4,11,162,1.1489
10103572,77,3,5,16,224,1.7910000000000001
10103573,102,4,5,20,239,2.0816000000000003
10103574,55,2,4,11,171,1.133
10103575,74,3,5,16,210,1.7792000000000001
10103576,101,4,5,20,282,2.0961
10103577,48,2,4,11,210,1.1242
10103578,70,3,5,16,122,1.7303000000000002
10103579,102,4,5,20,235,2.0671
10103580,50,2,4,11,122,1.0677
10103581,79,3,5,16,239,1.7852000000000001
10103582,98,4,5,20,286,2.7544
10103583,38,2,4,11,203,1.0712
10103584,81,3,5,16,164,1.7280000000000002
10103585,103,4,5,20,166,1.9958000000000002
10103586,48,2,4,11,169,1.7861
10103587,64,3,5,16,212,1.6931
10103588,101,4,5,20,222,2.1322000000000005
10103589,47,2,4,11,143,1.1052
10103590,74,3,5,16,209,1.7903
10103591,95,4,5,20,233,2.0462000000000002
10103592,54,2,4,11,144,1.1608
10103593,72,3,5,16,195,1.7277000000000002
10103594,95,4,5,20,308,2.1297
10103595,46,2,4,11,169,1.1585
10103596,69,3,5,16,168,1.6784000000000001
10103597,92,4,5,20,279,2.0435000000000003
10103598,53,2,4,11,148,1.6498000000000002
10103599,80,3,5,16,170,1.7857
10103600,93,4,5,20,251,2.0836
10103601,43,2,4,11,147,1.0972
10103602,71,3,5,16,243,1.7506000000000002
10103603,103,4,5,20,279,2.0804
10103604,39,2,4,11,202,1.0293999999999999
10103605,68,3,5,16,216,1.7153
10103606,105,4,5,20,230,2.081
10103607,46,2,4,11,185,1.084
10103608,65,3,5,16,154,1.7013000000000003
10103609,93,4,5,20,213,2.0527
10103610,52,2,4,11,147,1.1175
10103611,75,3,5,16,226,1.8100000000000003
10103612,95,4,5,20,278,2.0426
10103613,46,2,4,11,134,1.0894000000000001
10103614,68,3,5,16,178,1.7921
10103615,106,4,5,20,248,2.1203000000000003
10103616,50,2,4,11,170,1.1029
10103617,71,3,5,16,180,1.7509000000000001
10103618,97,4,5,20,244,2.1284000000000005
10103619,50,2,4,11,102,1.0925000000000002
10103620,67,3,5,16,200,1.7482000000000002
10103621,119,4,5,20,207,2.1099
10103622,50,2,4,11,127,1.1085
10103623,75,3,5,16,237,1.7421000000000002
10103624,99,4,5,20,237,2.0263
10103625,56,2,4,11,153,1.1466
10103626,59,3,5,16,193,1.7608000000000001
10103627,102,4,5,20,234,2.6197
10103628,30,2,4,11,172,0.9966
10103629,78,3,5,16,198,1.8039000000000003
10103630,89,4,5,20,203,2.0941
10103631,48,2,4,11,143,1.1251
10103632,71,3,5,16,220,1.716
10103633,106,4,5,20,190,2.0845
10103634,47,2,4,11,177,1.1222
10103635,76,3,5,16,192,1.9062000000000001
10103636,97,4,5,20,276,2.1655
10103637,42,2,4,11,145,1.1218000000000001
10103638,74,3,5,16,249,1.7212000000000003
10103639,87,4,5,20,315,2.0135
10103640,48,2,4,11,151,1.0910000000000002
10103641,72,3,5,16,165,1.8211000000000002
10103642,93,4,5,20,142,2.0529
10103643,45,2,4,11,161,1.1162
10103644,75,3,5,16,206,1.7582000000000002
10103645,111,4,5,20,276,2.1891000000000003
10103646,43,2,4,11,213,1.1178000000000001
10103647,82,3,5,16,196,1.7805000000000002
10103648,81,4,5,20,257,2.0011
10103649,57,2,4,11,108,1.1647
10103650,74,3,5,16,243,1.794
10103651,93,4,5,20,274,2.1282
10103652,48,2,4,11,157,1.0828
10103653,65,3,5,16,197,1.7650000000000001
10103654,103,4,5,20,203,2.0904000000000003
10103655,48,2,4,11,201,1.105
10103656,67,3,5,16,215,1.7629000000000001
10103657,98,4,5,20,212,2.0692000000000004
10103658,48,2,4,11,143,1.0916000000000001
10103659,67,3,5,16,176,1.7083000000000002
10103660,101,4,5,20,206,2.1095
10103661,57,2,4,11,137,1.1477
10103662,82,3,5,16,182,1.8214000000000001
10103663,79,4,5,20,269,1.9815000000000003
10103664,48,2,4,11,124,1.088
10103665,77,3,5,16,231,1.7499000000000002
10103666,101,4,5,20,264,2.1201000000000003
10103667,40,2,4,11,207,1.0521
10103668,78,3,5,16,199,1.7733
10103669,102,4,5,20,241,2.6393000000000004
10103670,51,2,4,11,104,1.095
10103671,82,3,5,16,190,1.7670000000000001
10103672,81,4,5,20,312,1.9767000000000001
10103673,50,2,4,11,131,1.1964000000000001
10103674,82,3,5,16,199,1.7869000000000002
10103675,88,4,5,20,236,1.9998
10103676,50,2,4,11,116,1.0812
10103677,66,3,5,16,252,2.0663
10103678,90,4,5,20,283,2.0779
10103679,42,2,4,11,165,1.0541
10103680,81,3,5,16,155,1.7416
10103681,103,4,5,20,214,2.1143
10103682,36,2,4,11,125,1.0426
10103683,71,3,5,16,194,1.8529000000000002
10103684,96,4,5,20,195,2.0314
10103685,58,2,4,11,150,1.1896
10103686,75,3,5,16,202,1.8602000000000003
10103687,95,4,5,20,231,2.1254
10103688,50,2,4,11,136,1.1261
10103689,73,3,5,16,156,1.7638
10103690,105,4,5,20,230,2.1262
10103691,50,2,4,11,107,1.0785
10103692,75,3,5,16,142,1.7297
10103693,100,4,5,20,240,2.0264
10103694,56,2,4,11,158,1.1261
10103695,79,3,5,16,222,1.7475
10103696,87,4,5,20,238,2.1343
10103697,49,2,4,11,173,1.0974000000000002
10103698,60,3,5,16,269,1.679
10103699,92,4,5,20,188,2.0451
10103700,45,2,4,11,107,1.1285
10103701,56,3,5,16,232,1.7144000000000001
10103702,94,4,5,20,226,2.0459
10103703,53,2,4,11,119,1.1517000000000002
10103704,71,3,5,16,235,1.7635
10103705,99,4,5,20,260,2.0556
10103706,51,2,4,11,149,1.0934
10103707,72,3,5,16,232,1.7487000000000001
10103708,102,4,5,20,303,2.0788
10103709,47,2,4,11,127,1.0916000000000001
10103710,76,3,5,16,228,1.7925
10103711,91,4,5,20,218,2.0208
10103712,44,2,4,11,149,1.0806000000000002
10103713,72,3,5,16,207,1.7925
10103714,106,4,5,20,208,2.4803
10103715,48,2,4,11,156,1.1264
10103716,65,3,5,16,166,1.7688000000000001
10103717,104,4,5,20,227,2.0471
10103718,49,2,4,11,112,1.1121
10103719,65,3,5,16,203,1.7630000000000001
10103720,107,4,5,20,214,2.0777
10103721,57,2,4,11,134,1.1401000000000001
10103722,67,3,5,16,210,1.7995
10103723,106,4,5,20,320,2.1868
10103724,47,2,4,11,159,1.1031000000000002
10103725,77,3,5,16,173,2.0833000000000004
10103726,99,4,5,20,244,2.1029
10103727,49,2,4,11,117,1.1553000000000002
10103728,84,3,5,16,198,1.7912000000000001
10103729,102,4,5,20,261,2.1428000000000003
10103730,50,2,4,11,158,1.1340000000000001
10103731,70,3,5,16,214,1.7263000000000002
10103732,90,4,5,20,238,2.0127
10103733,57,2,4,11,169,1.1256
10103734,75,3,5,16,204,1.7811000000000001
10103735,95,4,5,20,265,2.1222000000000003
10103736,45,2,4,11,173,1.0742
10103737,75,3,5,16,158,1.7567000000000002
10103738,110,4,5,20,210,2.0973
10103739,61,2,4,11,166,1.1383
10103740,80,3,5,16,160,1.753
10103741,88,4,5,20,249,2.2784000000000004
10103742,40,2,4,11,158,1.4547
10103743,72,3,5,16,172,1.7976
10103744,95,4,5,20,249,2.0244
10103745,54,2,4,11,149,1.1167
10103746,74,3,5,16,197,1.7619
10103747,98,4,5,20,198,2.0101000000000004
10103748,44,2,4,11,97,1.039
10103749,71,3,5,16,171,1.8431000000000002
10103750,97,4,5,20,179,2.0317
10103751,44,2,4,11,165,1.1174000000000002
10103752,68,3,5,16,187,1.8534000000000002
10103753,98,4,5,20,233,2.0639
10103754,51,2,4,11,171,1.1247
10103755,75,3,5,16,228,1.7433
10103756,96,4,5,20,284,2.0446
10103757,43,2,4,11,119,1.0555
10103758,78,3,5,16,138,1.7601000000000002
10103759,96,4,5,20,253,2.0338000000000003
10103760,52,2,4,11,125,1.1176000000000001
10103761,70,3,5,16,213,1.7100000000000002
10103762,84,4,5,20,214,1.9549000000000003
10103763,45,2,4,11,183,1.0688
10103764,72,3,5,16,197,1.7633
10103765,98,4,5,20,217,2.0391000000000004
10103766,41,2,4,11,143,1.0905
10103767,75,3,5,16,184,1.8197
10103768,101,4,5,20,299,2.1504000000000003
10103769,42,2,4,11,191,1.0466
10103770,66,3,5,16,221,1.679
10103771,94,4,5,20,243,2.0104
10103772,46,2,4,11,151,1.1139999999999999
10103773,73,3,5,16,151,1.7336
10103774,93,4,5,20,248,2.0637000000000003
10103775,52,2,4,11,102,1.102
10103776,68,3,5,16,192,1.8197
10103777,88,4,5,20,228,2.0269000000000004
10103778,58,2,4,11,98,1.2622
10103779,64,3,5,16,222,1.7055000000000002
10103780,106,4,5,20,214,2.1306000000000003
10103781,50,2,4,11,100,1.0702
10103782,52,3,5,16,277,1.6734
10103783,103,4,5,20,238,2.105
10103784,53,2,4,11,147,1.1491000000000002
10103785,69,3,5,16,167,1.7098
10103786,96,4,5,20,252,2.1008000000000004
10103787,38,2,4,11,180,1.0831
10103788,66,3,5,16,295,1.7372
10103789,109,4,5,20,232,2.1088
10103790,48,2,4,11,148,1.1031000000000002
10103791,80,3,5,16,263,2.0535
10103792,104,4,5,20,211,2.0461
10103793,45,2,4,11,188,1.1008
10103794,71,3,5,16,191,1.9363000000000001
10103795,104,4,5,20,174,2.0688
10103796,45,2,4,11,117,1.0624
10103797,82,3,5,16,224,1.8094000000000001
10103798,98,4,5,20,213,2.0859000000000005
10103799,46,2,4,11,168,1.0890000000000002
10103800,63,3,5,16,212,1.7251
10103801,101,4,5,20,210,2.0514
10103802,57,2,4,11,141,1.1683000000000001
10103803,85,3,5,16,195,1.8475000000000001
10103804,95,4,5,20,212,2.0501
10103805,44,2,4,11,106,1.0968
10103806,75,3,5,16,170,1.8135000000000001
10103807,111,4,5,20,208,2.1511
10103808,44,2,4,11,124,1.0709
10103809,70,3,5,16,228,1.7267000000000001
10103810,95,4,5,20,216,2.0275000000000003
10103811,53,2,4,11,128,1.1601000000000001
10103812,77,3,5,16,176,1.7550000000000001
10103813,85,4,5,20,236,2.0753
10103814,56,2,4,11,147,1.127
10103815,71,3,5,16,208,1.7667000000000002
10103816,92,4,5,20,305,2.0389000000000004
10103817,45,2,4,11,223,1.1453000000000002
10103818,73,3,5,16,232,1.7422000000000002
10103819,99,4,5,20,204,2.0476
10103820,45,2,4,11,139,1.0469000000000002
10103821,61,3,5,16,240,1.6996000000000002
10103822,84,4,5,20,221,1.9623000000000002
10103823,47,2,4,11,196,1.0662
10103824,55,3,5,16,170,1.7131
10103825,105,4,5,20,314,2.0816000000000003
10103826,51,2,4,11,147,1.1293
10103827,67,3,5,16,224,1.7156
10103828,109,4,5,20,210,2.072
10103829,49,2,4,11,114,1.1002
10103830,67,3,5,16,196,2.0134000000000003
10103831,95,4,5,20,281,2.0638
10103832,35,2,4,11,115,1.0618
10103833,73,3,5,16,187,1.7809000000000001
10103834,92,4,5,20,186,2.0148
10103835,48,2,4,11,215,1.1131000000000002
10103836,78,3,5,16,154,1.7891000000000001
10103837,87,4,5,20,243,2.0854000000000004
10103838,54,2,4,11,168,1.1424
10103839,64,3,5,16,242,1.715
10103840,90,4,5,20,241,2.0674
10103841,42,2,4,11,194,1.0649000000000002
10103842,62,3,5,16,218,1.7579000000000002
10103843,92,4,5,20,216,3.0444
10103844,42,2,4,11,155,1.1360000000000001
10103845,69,3,5,16,196,1.7605000000000002
10103846,106,4,5,20,246,2.1387000000000005
10103847,46,2,4,11,170,1.1209
10103848,78,3,5,16,234,1.7703
10103849,94,4,5,20,233,2.049
10103850,53,2,4,11,193,1.1340000000000001
10103851,68,3,5,16,214,1.6867
10103852,96,4,5,20,285,2.0939
10103853,44,2,4,11,131,1.0866
10103854,70,3,5,16,146,1.7460000000000002
10103855,97,4,5,20,292,2.1093
10103856,51,2,4,11,137,1.1136
10103857,64,3,5,16,258,1.7534
10103858,111,4,5,20,243,2.0896
10103859,43,2,4,11,171,1.0298
10103860,79,3,5,16,182,1.8132000000000001
10103861,110,4,5,20,217,2.0319000000000003
10103862,43,2,4,11,169,1.0690000000000002
10103863,70,3,5,16,144,1.7479000000000002
10103864,89,4,5,20,260,2.0743000000000005
10103865,45,2,4,11,201,1.0773
10103866,73,3,5,16,243,1.714
10103867,94,4,5,20,244,2.1455
10103868,46,2,4,11,138,1.08
10103869,72,3,5,16,213,1.7573
10103870,100,4,5,20,226,2.049
10103871,46,2,4,11,108,1.0539
10103872,62,3,5,16,284,1.7804000000000002
10103873,82,4,5,20,316,2.0179
10103874,48,2,4,11,134,1.1479000000000001
10103875,61,3,5,16,179,2.078
10103876,107,4,5,20,256,2.2022
10103877,51,2,4,11,168,1.2053
10103878,76,3,5,16,196,1.7483000000000002
10103879,99,4,5,20,198,2.0467000000000004
10103880,43,2,4,11,149,1.0539
10103881,83,3,5,16,238,1.7920000000000003
10103882,88,4,5,20,235,2.1446
10103883,46,2,4,11,151,1.0972
10103884,72,3,5,16,239,1.7194
10103885,88,4,5,20,238,2.0339
10103886,44,2,4,11,163,1.0652000000000001
10103887,74,3,5,16,212,1.7204000000000002
10103888,92,4,5,20,241,2.5058000000000002
10103889,49,2,4,11,154,1.0599
10103890,64,3,5,16,202,1.8148000000000002
10103891,115,4,5,20,280,2.124
10103892,41,2,4,11,193,1.0468000000000002
10103893,64,3,5,16,156,1.725
10103894,111,4,5,20,210,2.1264000000000003
10103895,49,2,4,11,150,1.0729000000000002
10103896,76,3,5,16,188,1.7669000000000001
10103897,91,4,5,20,276,2.0321000000000002
10103898,45,2,4,11,142,1.0856999999999999
10103899,88,3,5,16,198,1.8191000000000002
10103900,78,4,5,20,205,2.0529
10103901,52,2,4,11,105,1.0672000000000001
10103902,65,3,5,16,134,1.6703
10103903,105,4,5,20,183,2.1074
10103904,51,2,4,11,114,1.1454
10103905,70,3,5,16,290,1.8725
10103906,93,4,5,20,265,2.0269000000000004
10103907,47,2,4,11,167,1.093
10103908,68,3,5,16,263,1.7546
10103909,81,4,5,20,235,2.024
10103910,45,2,4,11,127,1.0646
10103911,70,3,5,16,240,1.7632
10103912,101,4,5,20,186,2.0616000000000003
10103913,53,2,4,11,150,1.1174000000000002
10103914,69,3,5,16,159,1.8001
10103915,104,4,5,20,260,2.2065
10103916,54,2,4,11,114,1.1201
10103917,71,3,5,16,214,1.8165000000000002
10103918,93,4,5,20,196,2.0406
10103919,40,2,4,11,133,1.0841
10103920,83,3,5,16,135,1.8190000000000002
10103921,96,4,5,20,237,2.2006
10103922,47,2,4,11,151,1.0694000000000001
10103923,81,3,5,16,207,1.9419000000000002
10103924,106,4,5,20,216,2.1164
10103925,48,2,4,11,188,1.1414000000000002
10103926,71,3,5,16,231,1.7640000000000002
10103927,105,4,5,20,213,2.1178
10103928,43,2,4,11,124,1.08
10103929,84,3,5,16,221,1.8713000000000002
10103930,96,4,5,20,216,2.0469
10103931,48,2,4,11,146,1.1787
10103932,71,3,5,16,168,1.7825
10103933,95,4,5,20,225,2.079
10103934,43,2,4,11,149,1.1009000000000002
10103935,72,3,5,16,263,1.7871
10103936,96,4,5,20,292,2.0437000000000003
10103937,51,2,4,11,126,1.1065
10103938,78,3,5,16,231,1.8096
10103939,99,4,5,20,228,2.1511
10103940,46,2,4,11,140,1.1065
10103941,75,3,5,16,211,1.7878000000000003
10103942,95,4,5,20,287,2.2438000000000002
10103943,56,2,4,11,134,1.1945000000000001
10103944,82,3,5,16,204,1.9188
10103945,94,4,5,20,229,2.0028
10103946,42,2,4,11,135,1.0601
10103947,64,3,5,16,243,2.1816
10103948,102,4,5,20,187,2.1013
10103949,40,2,4,11,139,1.0839
10103950,58,3,5,16,177,1.6469000000000003
10103951,100,4,5,20,226,2.0949000000000004
10103952,52,2,4,11,147,1.1137
10103953,76,3,5,16,249,1.7988000000000002
10103954,96,4,5,20,189,2.016
10103955,46,2,4,11,199,1.0926
10103956,73,3,5,16,207,1.7619
10103957,97,4,5,20,264,2.0552
10103958,49,2,4,11,186,1.1091
10103959,71,3,5,16,205,1.7449000000000001
10103960,96,4,5,20,218,2.0248000000000004
10103961,48,2,4,11,125,1.8609000000000002
10103962,94,3,5,16,225,1.9273
10103963,97,4,5,20,136,1.9928000000000003
10103964,56,2,4,11,195,1.1931
10103965,76,3,5,16,176,1.8130000000000002
10103966,88,4,5,20,248,2.083
10103967,46,2,4,11,132,1.0786
10103968,81,3,5,16,255,1.8099
10103969,96,4,5,20,198,2.0357000000000003
10103970,43,2,4,11,173,1.0804
10103971,71,3,5,16,158,1.7032000000000003
10103972,108,4,5,20,202,2.1026000000000002
10103973,42,2,4,11,142,1.0744
10103974,71,3,5,16,190,1.8295000000000001
10103975,89,4,5,20,228,2.0040999999999998
10103976,53,2,4,11,165,1.0934
10103977,67,3,5,16,213,1.7525000000000002
10103978,97,4,5,20,250,2.0284
10103979,45,2,4,11,142,1.0837
10103980,63,3,5,16,212,1.7263000000000002
10103981,98,4,5,20,216,2.1134999999999997
10103982,45,2,4,11,138,1.0913000000000002
10103983,75,3,5,16,223,1.7778000000000003
10103984,107,4,5,20,248,2.1083
10103985,49,2,4,11,177,1.1033
10103986,77,3,5,16,194,1.7752000000000001
10103987,84,4,5,20,220,2.0984000000000003
10103988,51,2,4,11,108,1.1007
10103989,68,3,5,16,186,1.7374
10103990,95,4,5,20,194,2.0007
10103991,48,2,4,11,130,1.1507
10103992,71,3,5,16,212,1.725
10103993,101,4,5,20,227,2.0928
10103994,40,2,4,11,136,1.0334
10103995,75,3,5,16,212,1.7298
10103996,105,4,5,20,262,2.0955000000000004
10103997,45,2,4,11,165,1.105
10103998,65,3,5,16,198,1.6815
10103999,99,4,5,20,318,2.0849
10104000,43,2,4,11,133,1.0252
10104001,75,3,5,16,154,1.7729000000000001
10104002,94,4,5,20,297,2.0122
10104003,47,2,4,11,133,1.1316
10104004,76,3,5,16,156,1.7955
10104005,99,4,5,20,240,2.6372999999999998
10104006,50,2,4,11,118,1.1233
10104007,80,3,5,16,221,1.8052000000000001
10104008,96,4,5,20,259,2.0036
10104009,42,2,4,11,160,1.0835000000000001
10104010,78,3,5,16,174,1.7849000000000002
10104011,107,4,5,20,198,2.1169000000000002
10104012,44,2,4,11,148,1.1138000000000001
10104013,58,3,5,16,290,1.7061000000000002
10104014,78,4,5,20,224,1.9443000000000001
10104015,58,2,4,11,112,1.1512
10104016,69,3,5,16,208,1.7106000000000001
10104017,96,4,5,20,222,2.0775
10104018,49,2,4,11,223,1.1344
10104019,52,3,5,16,181,1.6515000000000002
10104020,91,4,5,20,242,2.0476
10104021,41,2,4,11,114,1.0951000000000002
10104022,68,3,5,16,203,1.7284000000000002
10104023,89,4,5,20,236,2.0264
10104024,52,2,4,11,194,1.1444
10104025,70,3,5,16,252,1.6984000000000001
10104026,103,4,5,20,234,2.1898
10104027,56,2,4,11,111,1.1361999999999999
10104028,68,3,5,16,194,1.7579000000000002
10104029,100,4,5,20,203,2.0597000000000003
10104030,45,2,4,11,141,1.1207
10104031,63,3,5,16,178,1.7062000000000002
10104032,106,4,5,20,260,2.3416
10104033,48,2,4,11,132,1.1007
10104034,79,3,5,16,150,1.7624000000000002
10104035,100,4,5,20,259,2.0283
10104036,50,2,4,11,131,1.1372000000000002
10104037,76,3,5,16,158,1.8032000000000001
10104038,99,4,5,20,269,2.0957000000000003
10104039,56,2,4,11,105,1.1175
10104040,67,3,5,16,238,1.8015
10104041,88,4,5,20,200,2.1397
10104042,49,2,4,11,132,1.0959999999999999
10104043,74,3,5,16,173,1.7351
10104044,89,4,5,20,239,2.0252
10104045,48,2,4,11,167,1.1151000000000002
10104046,82,3,5,16,174,1.9139000000000002
10104047,105,4,5,20,273,2.0857
10104048,49,2,4,11,109,1.0952000000000002
10104049,77,3,5,16,212,1.8057
10104050,106,4,5,20,233,3.0500000000000003
10104051,37,2,4,11,197,1.0109000000000001
10104052,77,3,5,16,209,1.8408
10104053,105,4,5,20,242,2.1413
10104054,42,2,4,11,124,1.142
10104055,71,3,5,16,239,1.7761
10104056,84,4,5,20,268,2.0354
10104057,53,2,4,11,165,1.1231000000000002
10104058,76,3,5,16,229,1.83
10104059,90,4,5,20,279,1.9848999999999999
10104060,48,2,4,11,149,1.1473
10104061,81,3,5,16,126,1.7892000000000001
10104062,99,4,5,20,256,2.0709999999999997
10104063,49,2,4,11,151,1.1454
10104064,75,3,5,16,276,1.7727000000000002
10104065,94,4,5,20,228,2.0348
10104066,45,2,4,11,190,1.0804
10104067,66,3,5,16,194,1.7545000000000002
10104068,91,4,5,20,194,2.0014
10104069,41,2,4,11,109,1.0764000000000002
10104070,79,3,5,16,183,1.8288000000000002
10104071,96,4,5,20,212,2.2720000000000002
10104072,52,2,4,11,178,1.1355
10104073,72,3,5,16,165,1.7266
10104074,97,4,5,20,247,2.1964
10104075,46,2,4,11,126,1.0956000000000001
10104076,72,3,5,16,239,1.8000000000000003
10104077,96,4,5,20,230,2.0955000000000004
10104078,39,2,4,11,187,1.0794000000000001
10104079,69,3,5,16,191,1.7977
10104080,97,4,5,20,199,2.0657
10104081,50,2,4,11,174,1.0923
10104082,62,3,5,16,227,1.7246000000000001
10104083,96,4,5,20,242,2.0426
10104084,53,2,4,11,172,1.1340000000000001
10104085,66,3,5,16,244,1.8607
10104086,94,4,5,20,260,2.0246999999999997
10104087,50,2,4,11,180,1.1518000000000002
10104088,72,3,5,16,182,1.7810000000000001
10104089,99,4,5,20,242,3.1529000000000003
10104090,53,2,4,11,151,1.1563
10104091,73,3,5,16,178,1.7814
10104092,111,4,5,20,194,2.0932
10104093,45,2,4,11,178,1.1243
10104094,72,3,5,16,219,2.0284999999999997
10104095,103,4,5,20,247,2.2234
10104096,44,2,4,11,174,1.29
10104097,73,3,5,16,142,1.8767
10104098,106,4,5,20,208,2.0758
10104099,46,2,4,11,171,1.0831
10104100,75,3,5,16,182,1.7558
10104101,96,4,5,20,233,2.0502000000000002
10104102,49,2,4,11,89,2.1827
10104103,67,3,5,16,219,1.8366
10104104,87,4,5,20,201,1.9724
10104105,47,2,4,11,153,1.1070000000000002
10104106,69,3,5,16,213,1.7639
10104107,97,4,5,20,244,2.1091
10104108,45,2,4,11,129,1.0928000000000002
10104109,70,3,5,16,176,1.7473
10104110,101,4,5,20,216,2.0679000000000003
10104111,49,2,4,11,162,1.1891
10104112,75,3,5,16,193,1.7188
10104113,110,4,5,20,164,2.1409000000000002
10104114,51,2,4,11,154,1.0881
10104115,61,3,5,16,230,1.7344000000000002
10104116,107,4,5,20,256,2.1811000000000003
10104117,45,2,4,11,153,1.1982000000000002
10104118,72,3,5,16,240,1.817
10104119,91,4,5,20,181,2.9938000000000002
10104120,48,2,4,11,147,1.0788
10104121,65,3,5,16,183,2.1527
10104122,97,4,5,20,288,2.116
10104123,49,2,4,11,191,1.1498000000000002
10104124,83,3,5,16,263,1.8339
10104125,97,4,5,20,288,2.0587
10104126,54,2,4,11,159,1.1821000000000002
10104127,68,3,5,16,178,1.7879
10104128,94,4,5,20,319,2.2244
10104129,58,2,4,11,137,1.1662000000000001
10104130,69,3,5,16,230,1.7806
10104131,100,4,5,20,250,2.0900000000000003
10104132,47,2,4,11,205,1.1840000000000002
10104133,69,3,5,16,203,2.15
10104134,93,4,5,20,263,2.6078
10104135,40,2,4,11,179,1.1083
10104136,70,3,5,16,212,1.7839000000000003
10104137,108,4,5,20,210,2.0926
10104138,51,2,4,11,138,1.1749
10104139,71,3,5,16,198,1.7338000000000002
10104140,97,4,5,20,220,2.0956
10104141,44,2,4,11,100,1.1047000000000002
10104142,56,3,5,16,244,1.6547
10104143,94,4,5,20,293,2.0738000000000003
10104144,48,2,4,11,151,1.0885
10104145,81,3,5,16,238,1.7499000000000002
10104146,93,4,5,20,242,2.0856
10104147,55,2,4,11,153,1.1405
10104148,78,3,5,16,182,1.7625000000000002
10104149,88,4,5,20,241,1.9871000000000003
10104150,43,2,4,11,147,1.0695999999999999
10104151,69,3,5,16,198,1.7650000000000001
10104152,91,4,5,20,244,2.0725000000000002
10104153,42,2,4,11,218,1.0542000000000002
10104154,73,3,5,16,270,1.7801000000000002
10104155,99,4,5,20,196,2.0363
10104156,55,2,4,11,211,1.1530000000000002
10104157,67,3,5,16,294,1.7266
10104158,103,4,5,20,241,2.063
10104159,48,2,4,11,144,1.0792
10104160,66,3,5,16,157,1.7298
10104161,92,4,5,20,126,2.0411
10104162,52,2,4,11,117,1.1720000000000002
10104163,72,3,5,16,246,1.7337
10104164,101,4,5,20,246,2.0804
10104165,49,2,4,11,126,1.0983
10104166,72,3,5,16,223,1.7905000000000002
10104167,104,4,5,20,188,2.0778000000000003
10104168,32,2,4,11,150,1.0437
10104169,73,3,5,16,226,1.7350000000000003
10104170,94,4,5,20,244,2.0501
10104171,53,2,4,11,181,1.1033
10104172,75,3,5,16,210,1.7440000000000002
10104173,103,4,5,20,226,2.0515
10104174,61,2,4,11,166,1.177
10104175,53,3,5,16,214,1.6184
10104176,99,4,5,20,234,2.0601
10104177,49,2,4,11,136,1.0974000000000002
10104178,67,3,5,16,193,1.7711000000000001
10104179,84,4,5,20,266,1.9972
10104180,45,2,4,11,198,1.0728
10104181,77,3,5,16,208,1.7774
10104182,95,4,5,20,270,2.0817
10104183,55,2,4,11,199,1.1318000000000001
10104184,91,3,5,16,176,1.8026000000000002
10104185,97,4,5,20,244,2.0193
10104186,59,2,4,11,143,1.1208000000000002
10104187,64,3,5,16,199,1.7356
10104188,86,4,5,20,192,2.0313000000000003
10104189,48,2,4,11,111,1.1021
10104190,62,3,5,16,219,1.7427
10104191,107,4,5,20,236,2.1132
10104192,55,2,4,11,119,1.0965
10104193,81,3,5,16,149,1.7957
10104194,96,4,5,20,287,2.2066
10104195,50,2,4,11,177,1.1663000000000001
10104196,81,3,5,16,200,1.8666000000000003
10104197,101,4,5,20,231,2.0946000000000002
10104198,56,2,4,11,160,1.1444
10104199,68,3,5,16,242,1.7008
10104200,89,4,5,20,265,2.0904000000000003
10104201,49,2,4,11,189,1.1403999999999999
10104202,57,3,5,16,186,1.7023000000000001
10104203,94,4,5,20,205,2.0584000000000002
10104204,47,2,4,11,127,1.0779
10104205,72,3,5,16,220,1.7556000000000003
10104206,89,4,5,20,181,1.9916
10104207,55,2,4,11,155,1.1537000000000002
10104208,64,3,5,16,243,1.7932000000000001
10104209,96,4,5,20,248,2.0502000000000002
10104210,54,2,4,11,125,1.1311000000000002
10104211,57,3,5,16,240,1.6848
10104212,99,4,5,20,194,2.1279000000000003
10104213,44,2,4,11,228,1.1291
10104214,83,3,5,16,233,1.8385
10104215,96,4,5,20,258,2.1129000000000002
10104216,41,2,4,11,146,1.0465000000000002
10104217,72,3,5,16,199,1.8875000000000002
10104218,105,4,5,20,217,2.0755
10104219,57,2,4,11,136,1.1064
10104220,85,3,5,16,234,1.8242000000000003
10104221,91,4,5,20,293,2.7954
10104222,50,2,4,11,137,1.1551
10104223,71,3,5,16,183,1.7734
10104224,86,4,5,20,197,2.0083
10104225,45,2,4,11,178,1.1252
10104226,73,3,5,16,195,1.7349
10104227,94,4,5,20,232,2.0591000000000004
10104228,53,2,4,11,99,1.0644
10104229,79,3,5,16,165,1.7986
10104230,102,4,5,20,192,2.0436
10104231,51,2,4,11,122,1.1525
10104232,60,3,5,16,164,1.7501
10104233,91,4,5,20,246,3.1888000000000005
10104234,45,2,4,11,183,1.1292000000000002
10104235,71,3,5,16,223,1.8859000000000001
10104236,106,4,5,20,223,2.0540000000000003
10104237,48,2,4,11,209,1.1555
10104238,78,3,5,16,208,1.8667000000000002
10104239,99,4,5,20,232,2.0923000000000003
10104240,50,2,4,11,156,1.129
10104241,63,3,5,16,173,1.7465
10104242,101,4,5,20,221,2.115
10104243,46,2,4,11,137,1.0634000000000001
10104244,77,3,5,16,180,1.7637000000000003
10104245,101,4,5,20,269,2.0933
10104246,47,2,4,11,179,1.0906000000000002
10104247,72,3,5,16,190,1.8159
10104248,90,4,5,20,308,2.1924
10104249,38,2,4,11,138,1.0451
10104250,63,3,5,16,207,1.7121
10104251,95,4,5,20,252,2.0887000000000002
10104252,46,2,4,11,184,1.1025
10104253,72,3,5,16,202,1.7536
10104254,95,4,5,20,286,2.1443
10104255,46,2,4,11,207,1.1316
10104256,74,3,5,16,222,1.8052000000000001
10104257,105,4,5,20,233,3.5826000000000002
10104258,50,2,4,11,197,1.1546
10104259,78,3,5,16,188,1.8999000000000001
10104260,105,4,5,20,254,2.1622
10104261,52,2,4,11,136,1.1287
10104262,82,3,5,16,213,1.8483000000000003
10104263,94,4,5,20,199,2.007
10104264,35,2,4,11,166,0.9935
10104265,77,3,5,16,256,1.7439
10104266,99,4,5,20,293,2.1002
10104267,56,2,4,11,119,1.1475000000000002
10104268,77,3,5,16,165,1.8008000000000002
10104269,94,4,5,20,223,2.0080000000000005
10104270,45,2,4,11,176,1.0433000000000001
10104271,73,3,5,16,170,1.7314
10104272,86,4,5,20,299,1.9776
10104273,42,2,4,11,139,1.0604
10104274,78,3,5,16,211,1.8037
10104275,93,4,5,20,233,2.0732000000000004
10104276,54,2,4,11,183,1.1614000000000002
10104277,68,3,5,16,220,1.7817000000000003
10104278,79,4,5,20,223,1.9975
10104279,40,2,4,11,201,1.0568000000000002
10104280,65,3,5,16,183,1.6763000000000001
10104281,94,4,5,20,264,2.0213
10104282,51,2,4,11,131,1.0629000000000002
10104283,74,3,5,16,245,1.8247
10104284,90,4,5,20,193,2.0689
10104285,52,2,4,11,199,1.1043
10104286,75,3,5,16,153,1.7684
10104287,101,4,5,20,202,2.1483000000000003
10104288,52,2,4,11,148,1.1297
10104289,61,3,5,16,222,1.7459
10104290,101,4,5,20,303,2.0565
10104291,51,2,4,11,133,1.0933000000000002
10104292,74,3,5,16,264,1.8631000000000002
10104293,105,4,5,20,193,2.091
10104294,51,2,4,11,133,1.1043
10104295,83,3,5,16,179,1.8878
10104296,85,4,5,20,278,2.1599000000000004
10104297,47,2,4,11,159,1.1056
10104298,65,3,5,16,172,1.7442
10104299,101,4,5,20,247,2.1407000000000003
10104300,45,2,4,11,124,1.1304
10104301,76,3,5,16,190,1.7707000000000002
10104302,96,4,5,20,184,2.0366
10104303,61,2,4,11,163,1.1658
10104304,63,3,5,16,234,1.7099000000000002
10104305,90,4,5,20,231,2.0465
10104306,42,2,4,11,145,1.1144
10104307,82,3,5,16,230,1.9734000000000003
10104308,93,4,5,20,240,2.0678
10104309,42,2,4,11,205,1.09
10104310,75,3,5,16,194,1.7509000000000001
10104311,97,4,5,20,174,2.1104000000000003
10104312,46,2,4,11,146,1.1185
10104313,89,3,5,16,191,2.058
10104314,102,4,5,20,237,2.1302
10104315,49,2,4,11,124,1.1328
10104316,74,3,5,16,243,1.7672
10104317,100,4,5,20,183,2.0797000000000003
10104318,53,2,4,11,181,1.1425
10104319,78,3,5,16,212,1.8239
10104320,102,4,5,20,233,2.0956
10104321,53,2,4,11,78,1.0791000000000002
10104322,82,3,5,16,154,1.7696
10104323,93,4,5,20,269,2.0034
10104324,46,2,4,11,86,1.0767
10104325,65,3,5,16,182,1.7694
10104326,87,4,5,20,207,2.0549
10104327,45,2,4,11,137,1.1119
10104328,67,3,5,16,262,1.7888000000000002
10104329,98,4,5,20,194,2.0218000000000003
10104330,40,2,4,11,163,1.0652000000000001
10104331,69,3,5,16,177,1.7460000000000002
10104332,93,4,5,20,206,2.1427
10104333,44,2,4,11,120,1.0642000000000003
10104334,71,3,5,16,166,1.768
10104335,106,4,5,20,277,2.0766
10104336,50,2,4,11,122,1.0897000000000001
10104337,71,3,5,16,209,1.7427
10104338,94,4,5,20,193,2.0783
10104339,47,2,4,11,138,1.1107
10104340,76,3,5,16,150,1.8197
10104341,101,4,5,20,229,2.0749
10104342,52,2,4,11,159,1.1459000000000001
10104343,72,3,5,16,262,1.7534
10104344,91,4,5,20,233,1.9986000000000002
10104345,47,2,4,11,212,1.1430000000000002
10104346,75,3,5,16,213,1.7449000000000001
10104347,101,4,5,20,351,2.0587999999999997
10104348,49,2,4,11,186,1.1086000000000003
10104349,90,3,5,16,224,1.8470000000000002
10104350,86,4,5,20,236,2.033
10104351,56,2,4,11,111,1.1250000000000002
10104352,74,3,5,16,236,1.7720000000000002
10104353,94,4,5,20,237,2.0818
10104354,50,2,4,11,135,1.0981
10104355,63,3,5,16,210,1.7121
10104356,94,4,5,20,219,2.0558
10104357,45,2,4,11,182,1.0969
10104358,63,3,5,16,170,1.6608
10104359,91,4,5,20,180,2.0494000000000003
10104360,51,2,4,11,149,1.1565
10104361,65,3,5,16,220,1.7109
10104362,106,4,5,20,273,2.1094
10104363,57,2,4,11,165,1.1473
10104364,66,3,5,16,213,1.9038000000000002
10104365,102,4,5,20,221,2.2030000000000003
10104366,45,2,4,11,140,1.1506
10104367,62,3,5,16,205,1.7402000000000002
10104368,95,4,5,20,176,2.059
10104369,48,2,4,11,186,1.1152
10104370,69,3,5,16,176,1.7867
10104371,92,4,5,20,208,2.0054
10104372,51,2,4,11,186,1.2003000000000001
10104373,77,3,5,16,201,1.7443
10104374,89,4,5,20,246,2.0502000000000002
10104375,45,2,4,11,139,1.0792
10104376,83,3,5,16,227,1.8512000000000002
10104377,98,4,5,20,233,2.1199
10104378,46,2,4,11,158,1.116
10104379,75,3,5,16,182,1.7651000000000001
10104380,95,4,5,20,243,2.0707
10104381,56,2,4,11,179,1.1878000000000002
10104382,81,3,5,16,162,1.8072000000000001
10104383,101,4,5,20,297,2.0570000000000004
10104384,39,2,4,11,164,1.0661000000000003
10104385,78,3,5,16,180,1.7375
10104386,105,4,5,20,208,2.0552
10104387,46,2,4,11,181,1.1112000000000002
10104388,69,3,5,16,184,1.7750000000000001
10104389,88,4,5,20,320,1.9985000000000004
10104390,58,2,4,11,143,1.123
10104391,84,3,5,16,229,1.8021
10104392,93,4,5,20,224,2.2066
10104393,54,2,4,11,198,1.1506
10104394,83,3,5,16,174,1.8164000000000002
10104395,98,4,5,20,283,2.1084000000000005
10104396,50,2,4,11,142,1.2081000000000002
10104397,81,3,5,16,200,1.7790000000000001
10104398,110,4,5,20,175,2.1308
10104399,48,2,4,11,139,1.0723
10104400,75,3,5,16,241,1.7871
10104401,113,4,5,20,214,2.1134999999999997
10104402,51,2,4,11,112,1.0796000000000001
10104403,70,3,5,16,205,1.7782000000000002
10104404,102,4,5,20,261,2.2439
10104405,55,2,4,11,137,1.1568
10104406,82,3,5,16,198,1.7920000000000003
10104407,108,4,5,20,219,2.2213000000000003
10104408,43,2,4,11,187,1.0853
10104409,71,3,5,16,257,1.7529000000000001
10104410,99,4,5,20,216,2.0725000000000002
10104411,47,2,4,11,134,1.0849
10104412,74,3,5,16,127,1.7009000000000003
10104413,97,4,5,20,253,2.5258000000000003
10104414,30,2,4,11,163,1.0215
10104415,73,3,5,16,182,1.7423
10104416,91,4,5,20,229,2.0728999999999997
10104417,44,2,4,11,162,1.0665000000000002
10104418,63,3,5,16,198,1.76
10104419,102,4,5,20,161,2.0305
10104420,56,2,4,11,108,1.1273000000000002
10104421,75,3,5,16,150,1.8492
10104422,96,4,5,20,243,2.027
10104423,46,2,4,11,154,1.1289000000000002
10104424,72,3,5,16,184,1.8347
10104425,98,4,5,20,205,2.1173
10104426,49,2,4,11,141,1.1145
10104427,73,3,5,16,253,1.7866000000000002
10104428,107,4,5,20,252,2.1289
10104429,55,2,4,11,160,1.1236
10104430,82,3,5,16,232,1.8121
10104431,99,4,5,20,241,2.0535
10104432,41,2,4,11,136,1.0341
10104433,80,3,5,16,201,1.9299
10104434,108,4,5,20,204,2.1577
10104435,55,2,4,11,144,1.1615
10104436,76,3,5,16,277,1.8448000000000002
10104437,114,4,5,20,208,2.104
10104438,52,2,4,11,155,1.1084
10104439,69,3,5,16,194,1.7411
10104440,101,4,5,20,225,2.0402000000000005
10104441,52,2,4,11,136,1.1219000000000001
10104442,73,3,5,16,235,1.7614000000000003
10104443,87,4,5,20,184,2.0139000000000005
10104444,46,2,4,11,165,1.0752000000000002
10104445,81,3,5,16,145,1.7766000000000002
10104446,101,4,5,20,186,2.075
10104447,48,2,4,11,118,1.1053
10104448,72,3,5,16,140,1.7168
10104449,111,4,5,20,279,2.1501
10104450,47,2,4,11,131,1.0723
10104451,76,3,5,16,142,1.7388000000000001
10104452,99,4,5,20,232,2.1185
10104453,46,2,4,11,128,1.0772000000000002
10104454,76,3,5,16,204,1.8447
10104455,95,4,5,20,219,2.9999000000000002
10104456,45,2,4,11,125,1.0539
10104457,70,3,5,16,246,1.7547000000000001
10104458,103,4,5,20,327,2.1534
10104459,42,2,4,11,187,1.0785
10104460,69,3,5,16,243,1.7496
10104461,83,4,5,20,218,1.9572
10104462,46,2,4,11,135,1.0776000000000001
10104463,70,3,5,16,188,1.723
10104464,82,4,5,20,234,2.0484999999999998
10104465,40,2,4,11,106,1.0694000000000001
10104466,63,3,5,16,221,1.7215000000000003
10104467,98,4,5,20,146,2.0170000000000003
10104468,61,2,4,11,102,1.1367
10104469,61,3,5,16,151,1.7121
10104470,103,4,5,20,212,2.0633
10104471,44,2,4,11,171,1.1077000000000001
10104472,62,3,5,16,232,1.7188
10104473,100,4,5,20,174,2.0862000000000003
10104474,47,2,4,11,138,1.0811
10104475,65,3,5,16,162,1.7650000000000001
10104476,90,4,5,20,212,2.0516
10104477,50,2,4,11,138,1.1052
10104478,73,3,5,16,210,1.7448000000000001
10104479,81,4,5,20,275,2.0172000000000003
10104480,57,2,4,11,123,1.0952000000000002
10104481,72,3,5,16,226,2.2491
10104482,89,4,5,20,255,2.0403000000000002
10104483,52,2,4,11,154,1.1062
10104484,76,3,5,16,188,2.031
10104485,90,4,5,20,246,2.0147
10104486,53,2,4,11,158,1.1181
10104487,73,3,5,16,140,1.7416
10104488,98,4,5,20,211,2.0821
10104489,53,2,4,11,136,1.112
10104490,71,3,5,16,185,1.7123000000000002
10104491,108,4,5,20,212,2.1441000000000003
10104492,48,2,4,11,203,1.1045
10104493,66,3,5,16,187,1.8572
10104494,88,4,5,20,243,2.0213
10104495,45,2,4,11,136,1.0836000000000001
10104496,69,3,5,16,166,1.7273000000000003
10104497,98,4,5,20,219,2.3472000000000004
10104498,50,2,4,11,162,1.0931
10104499,66,3,5,16,229,1.7085000000000001
10104500,103,4,5,20,190,2.0698000000000003
10104501,47,2,4,11,173,1.084
10104502,65,3,5,16,175,1.714
10104503,102,4,5,20,277,2.1741
10104504,45,2,4,11,169,1.1037
10104505,76,3,5,16,197,1.7875
10104506,93,4,5,20,166,1.9962
10104507,47,2,4,11,199,1.0991
10104508,72,3,5,16,201,1.7163
10104509,94,4,5,20,257,2.1311
10104510,44,2,4,11,125,1.0727
10104511,68,3,5,16,246,1.7904000000000002
10104512,106,4,5,20,215,2.1222000000000003
10104513,54,2,4,11,85,1.1695
10104514,75,3,5,16,261,1.7790000000000001
10104515,94,4,5,20,323,2.1333
10104516,57,2,4,11,166,1.1519
10104517,70,3,5,16,172,1.7042000000000002
10104518,96,4,5,20,274,2.0621000000000005
10104519,34,2,4,11,137,0.9977
10104520,76,3,5,16,212,1.7654
10104521,85,4,5,20,224,2.0249
10104522,51,2,4,11,161,1.0951000000000002
10104523,71,3,5,16,281,1.7864
10104524,95,4,5,20,247,2.0175
10104525,52,2,4,11,121,1.1502000000000001
10104526,71,3,5,16,196,1.7345000000000002
10104527,99,4,5,20,262,2.0411
10104528,45,2,4,11,148,1.0646
10104529,62,3,5,16,214,1.7215000000000003
10104530,95,4,5,20,279,2.0806
10104531,50,2,4,11,220,1.1
10104532,46,3,5,16,224,1.62
10104533,97,4,5,20,312,2.0302000000000002
10104534,42,2,4,11,142,1.0737
10104535,73,3,5,16,182,1.7026000000000001
10104536,97,4,5,20,289,2.0894
10104537,50,2,4,11,153,1.0939
10104538,83,3,5,16,142,1.7891000000000001
10104539,110,4,5,20,228,2.0947999999999998
10104540,51,2,4,11,176,1.1202
10104541,64,3,5,16,162,1.6980000000000002
10104542,93,4,5,20,292,2.0393
10104543,43,2,4,11,157,1.0912000000000002
10104544,82,3,5,16,215,1.7786000000000002
10104545,107,4,5,20,246,2.0357000000000003
10104546,50,2,4,11,142,1.1188
10104547,79,3,5,16,222,1.7978
10104548,99,4,5,20,154,1.9747000000000003
10104549,50,2,4,11,148,1.1561
10104550,67,3,5,16,175,1.7292
10104551,104,4,5,20,244,2.0326000000000004
10104552,41,2,4,11,182,1.0484000000000002
10104553,66,3,5,16,232,1.7386000000000001
10104554,106,4,5,20,199,2.0536
10104555,44,2,4,11,161,1.0636
10104556,68,3,5,16,188,1.7589000000000001
10104557,98,4,5,20,268,2.1117000000000004
10104558,45,2,4,11,175,1.0735000000000001
10104559,70,3,5,16,162,1.7142000000000002
10104560,97,4,5,20,227,2.0796
10104561,45,2,4,11,184,1.0658
10104562,76,3,5,16,150,1.7664000000000002
10104563,102,4,5,20,244,2.0316
10104564,50,2,4,11,126,1.0982
10104565,74,3,5,16,185,1.7703
10104566,107,4,5,20,268,2.1001000000000003
10104567,48,2,4,11,184,1.0779
10104568,71,3,5,16,148,1.7387000000000001
10104569,91,4,5,20,232,2.0686000000000004
10104570,52,2,4,11,118,1.0984
10104571,68,3,5,16,257,1.7701000000000002
10104572,88,4,5,20,173,1.9200000000000002
10104573,47,2,4,11,138,1.1435
10104574,66,3,5,16,201,1.7575
10104575,93,4,5,20,283,2.1850000000000005
10104576,38,2,4,11,134,1.0315
10104577,78,3,5,16,184,2.6838
10104578,97,4,5,20,243,2.1221
10104579,54,2,4,11,145,1.098
10104580,73,3,5,16,173,1.7233
10104581,92,4,5,20,182,1.9732
10104582,45,2,4,11,130,1.0527000000000002
10104583,78,3,5,16,144,1.7983
10104584,96,4,5,20,276,2.1236
10104585,36,2,4,11,154,1.0373
10104586,76,3,5,16,273,1.8573000000000002
10104587,94,4,5,20,246,2.0338000000000003
10104588,44,2,4,11,98,1.1192000000000002
10104589,74,3,5,16,180,1.7556000000000003
10104590,94,4,5,20,241,2.016
10104591,54,2,4,11,169,1.1425
10104592,62,3,5,16,203,1.6913000000000002
10104593,100,4,5,20,298,2.0311
10104594,43,2,4,11,96,1.0754
10104595,73,3,5,16,161,1.7196000000000002
10104596,99,4,5,20,314,2.0749
10104597,44,2,4,11,132,1.0868
10104598,71,3,5,16,186,1.7535
10104599,91,4,5,20,313,2.1858000000000004
10104600,47,2,4,11,148,1.1068
10104601,70,3,5,16,274,1.8269
10104602,84,4,5,20,228,1.9949
10104603,46,2,4,11,138,1.1545
10104604,65,3,5,16,239,1.9978
10104605,98,4,5,20,164,2.0124
10104606,45,2,4,11,120,1.09
10104607,75,3,5,16,209,1.7798000000000003
10104608,95,4,5,20,254,2.0261000000000005
10104609,53,2,4,11,140,1.1181999999999999
10104610,75,3,5,16,184,1.8034000000000001
10104611,102,4,5,20,212,2.0833000000000004
10104612,50,2,4,11,141,1.0768000000000002
10104613,62,3,5,16,148,1.7276000000000002
10104614,84,4,5,20,252,1.9846
10104615,54,2,4,11,157,1.1785
10104616,81,3,5,16,208,1.8171000000000002
10104617,95,4,5,20,216,2.0143
10104618,47,2,4,11,132,1.0722
10104619,77,3,5,16,247,1.796
10104620,102,4,5,20,243,2.0197000000000003
10104621,46,2,4,11,204,1.1300999999999999
10104622,77,3,5,16,211,1.7573
10104623,103,4,5,20,242,2.0433
10104624,36,2,4,11,189,1.0473999999999999
10104625,72,3,5,16,251,1.941
10104626,86,4,5,20,243,2.0863
10104627,52,2,4,11,170,1.1043
10104628,69,3,5,16,144,1.7047
10104629,107,4,5,20,237,2.0919000000000003
10104630,46,2,4,11,147,1.0832000000000002
10104631,75,3,5,16,204,1.7674
10104632,95,4,5,20,183,2.0549
10104633,42,2,4,11,183,1.0903
10104634,76,3,5,16,171,1.7312
10104635,97,4,5,20,246,2.0841000000000003
10104636,42,2,4,11,166,1.0675000000000001
10104637,76,3,5,16,150,1.789
10104638,93,4,5,20,308,2.0514
10104639,41,2,4,11,209,1.0412000000000001
10104640,80,3,5,16,254,1.7801000000000002
10104641,96,4,5,20,201,2.0614000000000003
10104642,43,2,4,11,152,1.1077000000000001
10104643,74,3,5,16,197,1.7485
10104644,100,4,5,20,266,2.0667000000000004
10104645,46,2,4,11,135,1.0783
10104646,77,3,5,16,237,1.7636
10104647,91,4,5,20,232,2.1437
10104648,46,2,4,11,124,1.0881
10104649,74,3,5,16,173,1.7616
10104650,101,4,5,20,296,2.1023
10104651,44,2,4,11,215,1.1877
10104652,80,3,5,16,245,1.7918
10104653,94,4,5,20,196,2.1943
10104654,45,2,4,11,134,1.0631
10104655,81,3,5,16,194,1.7622
10104656,101,4,5,20,184,1.9936000000000003
10104657,56,2,4,11,105,1.1078999999999999
10104658,70,3,5,16,220,1.7448000000000001
10104659,103,4,5,20,252,2.1155000000000004
10104660,54,2,4,11,104,1.0668000000000002
10104661,71,3,5,16,218,1.7850000000000001
10104662,109,4,5,20,245,2.0925000000000002
10104663,60,2,4,11,122,1.1208000000000002
10104664,69,3,5,16,179,1.7528000000000001
10104665,96,4,5,20,230,2.1718
10104666,44,2,4,11,138,1.2082
10104667,71,3,5,16,270,1.7358
10104668,94,4,5,20,335,2.3604000000000003
10104669,45,2,4,11,118,1.0635
10104670,75,3,5,16,194,1.9204
10104671,96,4,5,20,312,2.0866000000000002
10104672,47,2,4,11,78,1.0978
10104673,73,3,5,16,180,1.7703
10104674,81,4,5,20,238,1.9630000000000003
10104675,45,2,4,11,124,1.1042
10104676,74,3,5,16,194,1.8092000000000001
10104677,97,4,5,20,214,2.1599000000000004
10104678,50,2,4,11,199,1.132
10104679,67,3,5,16,191,1.7613
10104680,96,4,5,20,304,2.0833000000000004
10104681,44,2,4,11,167,1.1381000000000001
10104682,68,3,5,16,217,1.7484000000000002
10104683,107,4,5,20,194,2.0535
10104684,45,2,4,11,123,1.0949
10104685,68,3,5,16,220,1.7487000000000001
10104686,105,4,5,20,275,2.091
10104687,39,2,4,11,155,1.054
10104688,65,3,5,16,172,1.7077000000000002
10104689,97,4,5,20,279,2.087
10104690,49,2,4,11,145,1.1273000000000002
10104691,69,3,5,16,133,1.7647000000000002
10104692,99,4,5,20,260,2.1129000000000002
10104693,49,2,4,11,118,1.1025
10104694,80,3,5,16,176,1.7333
10104695,108,4,5,20,232,2.1284000000000005
10104696,46,2,4,11,152,1.0904
10104697,74,3,5,16,166,1.7738
10104698,98,4,5,20,282,2.0809
10104699,39,2,4,11,139,1.5238
10104700,71,3,5,16,218,2.4355
10104701,88,4,5,20,276,2.0079
10104702,46,2,4,11,134,1.1086000000000003
10104703,67,3,5,16,248,2.2954
10104704,92,4,5,20,185,2.0165
10104705,50,2,4,11,122,1.0924
10104706,88,3,5,16,220,1.9754
10104707,97,4,5,20,208,2.1336000000000004
10104708,48,2,4,11,207,1.4139000000000002
10104709,76,3,5,16,230,1.7547000000000001
10104710,95,4,5,20,258,2.0421000000000005
10104711,49,2,4,11,121,1.1178000000000001
10104712,70,3,5,16,208,1.7892000000000001
10104713,105,4,5,20,256,2.0619
10104714,44,2,4,11,123,1.1024
10104715,72,3,5,16,192,1.7684
10104716,92,4,5,20,179,2.0097
10104717,48,2,4,11,134,1.1174000000000002
10104718,71,3,5,16,194,1.7588000000000001
10104719,92,4,5,20,191,2.2615
10104720,47,2,4,11,103,1.067
10104721,77,3,5,16,237,1.7901000000000002
10104722,88,4,5,20,316,2.0295
10104723,45,2,4,11,152,1.0732000000000002
10104724,68,3,5,16,219,1.7076
10104725,97,4,5,20,220,2.1603
10104726,51,2,4,11,179,1.0898
10104727,75,3,5,16,127,1.7728000000000002
10104728,104,4,5,20,232,2.0637000000000003
10104729,46,2,4,11,100,1.0547
10104730,70,3,5,16,227,1.7423
10104731,110,4,5,20,206,2.0973
10104732,51,2,4,11,100,1.1041
10104733,77,3,5,16,222,1.9899000000000002
10104734,104,4,5,20,248,2.1262
10104735,45,2,4,11,148,1.197
10104736,60,3,5,16,257,1.8018
10104737,91,4,5,20,272,2.0905000000000005
10104738,52,2,4,11,169,1.1183
10104739,66,3,5,16,261,1.7472
10104740,92,4,5,20,238,2.0049
10104741,50,2,4,11,136,1.1193000000000002
10104742,81,3,5,16,240,1.7939000000000003
10104743,97,4,5,20,214,2.0218000000000003
10104744,46,2,4,11,163,1.0587000000000002
10104745,73,3,5,16,202,1.8297
10104746,96,4,5,20,233,2.1001000000000003
10104747,43,2,4,11,114,1.0612
10104748,77,3,5,16,238,1.8130000000000002
10104749,96,4,5,20,208,2.0437000000000003
10104750,48,2,4,11,171,1.1274
10104751,81,3,5,16,176,1.8331
10104752,98,4,5,20,203,2.0802
10104753,49,2,4,11,127,1.1198
10104754,65,3,5,16,240,1.7790000000000001
10104755,94,4,5,20,263,2.1629
10104756,46,2,4,11,164,1.1241
10104757,72,3,5,16,210,1.7838
10104758,92,4,5,20,211,2.205
10104759,46,2,4,11,112,1.0969
10104760,65,3,5,16,220,1.7717000000000003
10104761,113,4,5,20,235,2.065
10104762,44,2,4,11,106,1.0505
10104763,70,3,5,16,160,1.7373000000000003
10104764,100,4,5,20,282,2.0756
10104765,51,2,4,11,168,1.1103
10104766,69,3,5,16,228,1.7698000000000003
10104767,98,4,5,20,262,2.0904000000000003
10104768,47,2,4,11,155,1.0947
10104769,70,3,5,16,196,1.7931000000000001
10104770,91,4,5,20,310,2.0397000000000003
10104771,47,2,4,11,173,1.1132000000000002
10104772,69,3,5,16,240,1.7358
10104773,105,4,5,20,263,2.0944000000000003
10104774,50,2,4,11,133,1.0872
10104775,75,3,5,16,185,1.7542
10104776,99,4,5,20,220,2.2148000000000003
10104777,48,2,4,11,142,1.0586
10104778,74,3,5,16,279,1.7930000000000001
10104779,98,4,5,20,218,2.0046
10104780,40,2,4,11,175,1.1168
10104781,59,3,5,16,255,1.7116000000000002
10104782,100,4,5,20,213,2.1196
10104783,51,2,4,11,179,1.0817
10104784,69,3,5,16,247,1.8695000000000002
10104785,107,4,5,20,213,2.1362
10104786,53,2,4,11,189,1.1984000000000001
10104787,73,3,5,16,207,1.8136
10104788,95,4,5,20,249,2.0570000000000004
10104789,54,2,4,11,158,1.1346
10104790,75,3,5,16,150,1.7435
10104791,92,4,5,20,228,2.0024
10104792,39,2,4,11,165,1.0482
10104793,59,3,5,16,188,1.6660000000000001
10104794,95,4,5,20,213,2.0970000000000004
10104795,48,2,4,11,126,1.086
10104796,70,3,5,16,193,1.7324
10104797,91,4,5,20,247,2.0262000000000002
10104798,39,2,4,11,185,1.0347000000000002
10104799,64,3,5,16,193,1.7356
10104800,101,4,5,20,248,2.3178
10104801,40,2,4,11,155,1.0367
10104802,80,3,5,16,197,1.8001
10104803,86,4,5,20,261,1.9702000000000002
10104804,56,2,4,11,169,1.2005000000000001
10104805,71,3,5,16,191,1.7208
10104806,98,4,5,20,238,2.4574000000000003
10104807,48,2,4,11,133,1.1
10104808,68,3,5,16,179,1.8149000000000002
10104809,101,4,5,20,252,2.0801000000000003
10104810,45,2,4,11,170,1.1421000000000001
10104811,83,3,5,16,194,1.8478
10104812,100,4,5,20,313,2.0933
10104813,41,2,4,11,189,1.0989
10104814,69,3,5,16,215,1.7415000000000003
10104815,112,4,5,20,169,2.0473000000000003
10104816,50,2,4,11,102,1.0819
10104817,82,3,5,16,114,1.8290000000000002
10104818,96,4,5,20,267,2.0363
10104819,39,2,4,11,197,1.0745000000000002
10104820,70,3,5,16,252,1.8308
10104821,98,4,5,20,261,2.3773
10104822,52,2,4,11,139,1.0965
10104823,79,3,5,16,213,2.6251
10104824,101,4,5,20,187,2.0655
10104825,49,2,4,11,125,1.0878
10104826,82,3,5,16,218,2.4594
10104827,93,4,5,20,254,1.9642000000000002
10104828,54,2,4,11,171,1.1333
10104829,71,3,5,16,211,1.7950000000000002
10104830,105,4,5,20,216,2.0902
10104831,52,2,4,11,98,1.0937
10104832,69,3,5,16,218,1.8538000000000001
10104833,92,4,5,20,249,1.9420000000000002
10104834,46,2,4,11,154,1.0806000000000002
10104835,72,3,5,16,247,1.7167000000000001
10104836,97,4,5,20,184,2.0069000000000004
10104837,47,2,4,11,109,1.0728
10104838,72,3,5,16,216,1.7877
10104839,109,4,5,20,165,2.1119000000000003
10104840,46,2,4,11,164,1.4448
10104841,78,3,5,16,177,1.7738
10104842,103,4,5,20,276,2.1310000000000002
10104843,51,2,4,11,184,1.1121
10104844,76,3,5,16,154,2.5462000000000002
10104845,105,4,5,20,207,2.0352
10104846,42,2,4,11,112,1.0707000000000002
10104847,65,3,5,16,217,1.844
10104848,94,4,5,20,253,2.1725
10104849,48,2,4,11,100,1.1427
10104850,89,3,5,16,190,1.8522
10104851,92,4,5,20,170,2.0807
10104852,40,2,4,11,133,1.0812
10104853,74,3,5,16,221,1.7161000000000002
10104854,100,4,5,20,201,2.0322
10104855,50,2,4,11,131,1.0626000000000002
10104856,78,3,5,16,249,1.8294000000000001
10104857,104,4,5,20,229,2.1239000000000003
10104858,51,2,4,11,166,1.1216000000000002
10104859,68,3,5,16,198,1.6887
10104860,99,4,5,20,256,2.0778000000000003
10104861,50,2,4,11,203,1.1203
10104862,69,3,5,16,188,1.8992000000000002
10104863,111,4,5,20,225,2.1277000000000004
10104864,53,2,4,11,122,1.1071
10104865,72,3,5,16,239,1.7755
10104866,91,4,5,20,249,2.0321000000000002
10104867,44,2,4,11,153,1.0772000000000002
10104868,74,3,5,16,148,1.7635
10104869,94,4,5,20,261,2.0067000000000004
10104870,52,2,4,11,179,1.1249
10104871,69,3,5,16,186,1.7293
10104872,100,4,5,20,229,1.9946
10104873,44,2,4,11,144,1.0643
10104874,65,3,5,16,200,1.9466
10104875,94,4,5,20,290,2.031
10104876,48,2,4,11,169,1.4369
10104877,71,3,5,16,159,1.7498000000000002
10104878,93,4,5,20,265,2.3502
10104879,48,2,4,11,191,1.1231000000000002
10104880,72,3,5,16,190,1.8764
10104881,91,4,5,20,168,2.0265999999999997
10104882,51,2,4,11,250,1.1662000000000001
10104883,70,3,5,16,221,1.7732
10104884,99,4,5,20,208,2.1457
10104885,43,2,4,11,162,1.0995
10104886,64,3,5,16,193,1.8114000000000001
10104887,98,4,5,20,256,2.0873000000000004
10104888,39,2,4,11,124,1.1217
10104889,79,3,5,16,166,1.7578
10104890,105,4,5,20,236,2.1116
10104891,44,2,4,11,159,1.0572000000000001
10104892,76,3,5,16,276,1.7556000000000003
10104893,103,4,5,20,273,2.0539
10104894,52,2,4,11,97,1.1511000000000002
10104895,74,3,5,16,197,1.7489000000000001
10104896,96,4,5,20,257,2.0733
10104897,43,2,4,11,151,1.0492000000000001
10104898,79,3,5,16,194,1.8688
10104899,112,4,5,20,200,2.1341
10104900,53,2,4,11,138,1.1044000000000003
10104901,68,3,5,16,168,1.9025
10104902,100,4,5,20,278,2.0765000000000002
10104903,46,2,4,11,180,1.1355
10104904,71,3,5,16,172,1.7408000000000001
10104905,105,4,5,20,282,2.1148
10104906,52,2,4,11,179,1.1178000000000001
10104907,72,3,5,16,220,1.8583
10104908,99,4,5,20,215,2.0336
10104909,47,2,4,11,106,1.0467
10104910,81,3,5,16,179,1.8165000000000002
10104911,89,4,5,20,210,2.3264
10104912,52,2,4,11,119,1.1502000000000001
10104913,77,3,5,16,203,1.8187000000000002
10104914,89,4,5,20,202,1.9493000000000003
10104915,51,2,4,11,115,1.1516
10104916,71,3,5,16,193,1.8325000000000002
10104917,93,4,5,20,246,2.1751
10104918,50,2,4,11,151,1.1123
10104919,70,3,5,16,213,1.7539
10104920,92,4,5,20,198,2.0148
10104921,49,2,4,11,173,1.122
10104922,72,3,5,16,218,1.7928000000000002
10104923,82,4,5,20,195,2.0596
10104924,49,2,4,11,162,1.1162
10104925,73,3,5,16,188,1.7665
10104926,89,4,5,20,255,2.0928999999999998
10104927,50,2,4,11,171,1.0931
10104928,73,3,5,16,162,1.7816
10104929,102,4,5,20,303,2.17
10104930,37,2,4,11,176,1.0430000000000001
10104931,75,3,5,16,224,1.7757
10104932,99,4,5,20,224,2.0272
10104933,53,2,4,11,135,1.0896000000000001
10104934,72,3,5,16,177,1.7399000000000002
10104935,104,4,5,20,266,2.1653000000000002
10104936,57,2,4,11,157,1.1469000000000003
10104937,77,3,5,16,196,1.8822
10104938,85,4,5,20,268,2.0296000000000003
10104939,42,2,4,11,183,1.09
10104940,78,3,5,16,199,1.9369
10104941,95,4,5,20,154,2.0196000000000005
10104942,54,2,4,11,165,1.1525
10104943,70,3,5,16,236,1.7611
10104944,86,4,5,20,226,2.0605
10104945,48,2,4,11,217,1.6065
10104946,71,3,5,16,266,1.7386000000000001
10104947,114,4,5,20,333,2.136
10104948,40,2,4,11,152,1.0449000000000002
10104949,68,3,5,16,154,1.6986
10104950,92,4,5,20,230,2.1619
10104951,51,2,4,11,133,1.2283000000000002
10104952,78,3,5,16,218,1.7966000000000002
10104953,100,4,5,20,230,2.1525000000000003
10104954,45,2,4,11,141,1.0647
10104955,65,3,5,16,242,1.7334000000000003
10104956,95,4,5,20,211,2.0911000000000004
10104957,47,2,4,11,134,1.0972
10104958,73,3,5,16,204,1.7815
10104959,95,4,5,20,255,2.0421000000000005
10104960,49,2,4,11,191,1.0890000000000002
10104961,70,3,5,16,224,1.7970000000000002
10104962,98,4,5,20,246,2.0415
10104963,50,2,4,11,136,1.0589
10104964,62,3,5,16,173,2.2916
10104965,98,4,5,20,255,2.0695
10104966,54,2,4,11,117,1.1999
10104967,74,3,5,16,257,1.8083
10104968,89,4,5,20,289,2.1047000000000002
10104969,53,2,4,11,144,1.1448
10104970,74,3,5,16,191,1.788
10104971,101,4,5,20,222,2.0298
10104972,50,2,4,11,149,1.1430000000000002
10104973,77,3,5,16,218,1.7735
10104974,114,4,5,20,152,2.1075
10104975,48,2,4,11,197,1.0688
10104976,69,3,5,16,212,1.7519
10104977,97,4,5,20,236,2.1358
10104978,49,2,4,11,130,1.0591000000000002
10104979,59,3,5,16,180,2.2173000000000003
10104980,89,4,5,20,214,2.049
10104981,44,2,4,11,94,1.0402
10104982,71,3,5,16,177,1.7388000000000001
10104983,107,4,5,20,263,2.1945
10104984,40,2,4,11,150,1.0573000000000001
10104985,65,3,5,16,213,1.7378
10104986,113,4,5,20,186,2.0625
10104987,49,2,4,11,152,1.0987
10104988,73,3,5,16,173,1.6804000000000001
10104989,91,4,5,20,251,2.0178000000000003
10104990,47,2,4,11,105,1.1213
10104991,77,3,5,16,150,1.7426000000000001
10104992,95,4,5,20,212,2.0578000000000003
10104993,53,2,4,11,176,1.1461999999999999
10104994,81,3,5,16,229,1.8554000000000002
10104995,90,4,5,20,264,2.0745
10104996,46,2,4,11,155,1.0671000000000002
10104997,76,3,5,16,188,1.7658
10104998,98,4,5,20,209,2.0532000000000004
10104999,50,2,4,11,125,1.092
10105000,77,3,5,16,232,1.7524000000000002
10105001,100,4,5,20,274,2.1217
10105002,45,2,4,11,104,1.1045
10105003,73,3,5,16,229,1.8113000000000001
10105004,98,4,5,20,226,2.0267000000000004
10105005,46,2,4,11,202,1.1070000000000002
10105006,76,3,5,16,209,1.7198
10105007,94,4,5,20,191,2.2041
10105008,56,2,4,11,135,1.1098
10105009,71,3,5,16,188,1.7155
10105010,103,4,5,20,238,2.0340000000000003
10105011,50,2,4,11,145,1.1344
10105012,80,3,5,16,154,1.7454
10105013,112,4,5,20,239,2.1273
10105014,55,2,4,11,112,1.0978999999999999
10105015,64,3,5,16,240,1.7893000000000001
10105016,110,4,5,20,282,2.0987
10105017,50,2,4,11,174,1.1317
10105018,71,3,5,16,143,1.7585000000000002
10105019,95,4,5,20,212,2.0434000000000005
10105020,47,2,4,11,149,1.0987
10105021,67,3,5,16,219,1.6689
10105022,102,4,5,20,211,2.0211
10105023,45,2,4,11,148,1.0772000000000002
10105024,76,3,5,16,205,1.8401
10105025,99,4,5,20,171,2.0101000000000004
10105026,62,2,4,11,187,1.2039000000000002
10105027,71,3,5,16,154,1.7092
10105028,92,4,5,20,243,2.0169
10105029,49,2,4,11,186,1.1368
10105030,72,3,5,16,203,1.7678
10105031,100,4,5,20,220,2.0809
10105032,43,2,4,11,148,1.0871000000000002
10105033,79,3,5,16,201,1.7740000000000002
10105034,96,4,5,20,194,2.0734
10105035,51,2,4,11,187,1.1001
10105036,69,3,5,16,193,1.6704
10105037,107,4,5,20,168,2.0712
10105038,49,2,4,11,130,1.1425
10105039,68,3,5,16,193,1.7699
10105040,97,4,5,20,203,2.1199
10105041,53,2,4,11,191,1.0978
10105042,67,3,5,16,200,1.8687
10105043,86,4,5,20,273,2.0694000000000004
10105044,54,2,4,11,134,1.2465
10105045,88,3,5,16,144,1.8051
10105046,91,4,5,20,274,2.0635000000000003
10105047,50,2,4,11,150,1.0863
10105048,74,3,5,16,128,1.8841
10105049,98,4,5,20,194,2.0226
10105050,46,2,4,11,187,1.2134
10105051,74,3,5,16,188,1.7274
10105052,105,4,5,20,152,2.1017
10105053,46,2,4,11,173,1.5554000000000001
10105054,66,3,5,16,242,1.7391
10105055,101,4,5,20,271,2.0605
10105056,45,2,4,11,164,1.085
10105057,75,3,5,16,218,1.8419
10105058,101,4,5,20,191,2.1
10105059,45,2,4,11,191,1.4118000000000002
10105060,57,3,5,16,217,1.6999
10105061,98,4,5,20,291,2.0985
10105062,50,2,4,11,129,1.0931
10105063,75,3,5,16,266,1.7461000000000002
10105064,92,4,5,20,293,2.0671
10105065,56,2,4,11,223,1.1512
10105066,69,3,5,16,196,1.7908000000000002
10105067,100,4,5,20,298,2.2302000000000004
10105068,48,2,4,11,167,1.6637000000000002
10105069,74,3,5,16,182,1.7926000000000002
10105070,97,4,5,20,264,2.0609
10105071,47,2,4,11,137,1.1294
10105072,80,3,5,16,209,1.8307000000000002
10105073,100,4,5,20,223,2.0905000000000005
10105074,47,2,4,11,142,1.0729000000000002
10105075,61,3,5,16,184,1.6649000000000003
10105076,110,4,5,20,210,2.1559
10105077,48,2,4,11,186,1.1449
10105078,80,3,5,16,275,1.7749000000000001
10105079,107,4,5,20,253,2.1218
10105080,56,2,4,11,155,1.1387
10105081,69,3,5,16,185,1.7638
10105082,104,4,5,20,268,2.1802
10105083,52,2,4,11,116,1.0923
10105084,74,3,5,16,128,2.0967
10105085,108,4,5,20,224,2.1961000000000004
10105086,48,2,4,11,148,1.064
10105087,81,3,5,16,224,1.7677
10105088,92,4,5,20,217,2.08
10105089,52,2,4,11,141,1.1289000000000002
10105090,59,3,5,16,184,1.6835
10105091,99,4,5,20,190,2.0316
10105092,42,2,4,11,172,1.1008
10105093,87,3,5,16,200,1.8147
10105094,93,4,5,20,242,2.0667000000000004
10105095,47,2,4,11,142,1.0972
10105096,76,3,5,16,225,1.8162
10105097,93,4,5,20,326,2.0338000000000003
10105098,48,2,4,11,148,1.0983
10105099,80,3,5,16,219,1.8268000000000002
10105100,106,4,5,20,274,2.134
10105101,46,2,4,11,169,1.1256
10105102,76,3,5,16,150,1.7969000000000002
10105103,81,4,5,20,299,2.0513000000000003
10105104,55,2,4,11,134,1.1068
10105105,74,3,5,16,210,1.8009
10105106,98,4,5,20,268,2.0793
10105107,48,2,4,11,126,1.0867000000000002
10105108,71,3,5,16,254,1.7781
10105109,97,4,5,20,242,2.467
10105110,54,2,4,11,129,1.1393
10105111,71,3,5,16,172,1.6728
10105112,90,4,5,20,222,2.0331
10105113,47,2,4,11,150,1.0669
10105114,71,3,5,16,216,1.7306000000000001
10105115,103,4,5,20,210,2.4629
10105116,53,2,4,11,130,1.0893000000000002
10105117,86,3,5,16,263,1.8183
10105118,98,4,5,20,252,2.094
10105119,45,2,4,11,112,1.0803
10105120,76,3,5,16,268,1.7505000000000002
10105121,98,4,5,20,243,2.0951
10105122,42,2,4,11,174,1.0530000000000002
10105123,72,3,5,16,216,1.8201
10105124,91,4,5,20,265,2.1663000000000006
10105125,47,2,4,11,175,1.1057000000000001
10105126,64,3,5,16,188,1.649
10105127,87,4,5,20,265,1.9993000000000003
10105128,54,2,4,11,136,1.1965000000000001
10105129,76,3,5,16,231,1.8214000000000001
10105130,112,4,5,20,189,2.1709000000000005
10105131,38,2,4,11,168,1.022
10105132,74,3,5,16,160,1.7178
10105133,100,4,5,20,205,1.9981
10105134,49,2,4,11,155,1.2272
10105135,71,3,5,16,206,1.7121
10105136,86,4,5,20,254,2.0300000000000002
10105137,39,2,4,11,113,1.0536
10105138,68,3,5,16,210,2.2481000000000004
10105139,103,4,5,20,182,1.9927000000000001
10105140,49,2,4,11,141,1.0954000000000002
10105141,88,3,5,16,156,1.8071000000000002
10105142,96,4,5,20,207,2.0281000000000002
10105143,51,2,4,11,165,1.0981
10105144,76,3,5,16,190,1.7533
10105145,89,4,5,20,236,2.0381
10105146,54,2,4,11,155,1.1172
10105147,85,3,5,16,187,1.8175000000000001
10105148,98,4,5,20,202,2.4017
10105149,51,2,4,11,158,1.1289000000000002
10105150,74,3,5,16,179,1.8868
10105151,97,4,5,20,264,2.043
10105152,45,2,4,11,161,1.064
10105153,70,3,5,16,204,1.7695
10105154,96,4,5,20,242,2.209
10105155,48,2,4,11,129,1.0653000000000001
10105156,66,3,5,16,207,1.7008
10105157,92,4,5,20,230,2.0651
10105158,41,2,4,11,177,1.1428
10105159,80,3,5,16,154,1.7690000000000001
10105160,98,4,5,20,227,2.0536
10105161,46,2,4,11,131,1.0883000000000003
10105162,69,3,5,16,221,1.7936
10105163,100,4,5,20,232,2.1478
10105164,41,2,4,11,134,1.101
10105165,77,3,5,16,210,1.7767000000000002
10105166,103,4,5,20,254,2.0622000000000003
10105167,39,2,4,11,110,1.0235
10105168,81,3,5,16,161,1.853
10105169,96,4,5,20,238,2.1122
10105170,53,2,4,11,136,1.1018
10105171,72,3,5,16,224,1.7624000000000002
10105172,98,4,5,20,219,1.9931000000000003
10105173,50,2,4,11,202,1.1631
10105174,61,3,5,16,144,1.6753
10105175,90,4,5,20,276,2.0583000000000005
10105176,55,2,4,11,128,1.0902
10105177,75,3,5,16,214,1.7953000000000001
10105178,104,4,5,20,252,2.0624000000000002
10105179,52,2,4,11,135,1.0733000000000001
10105180,70,3,5,16,190,1.7009000000000003
10105181,94,4,5,20,263,2.0389000000000004
10105182,47,2,4,11,146,1.0822000000000003
10105183,66,3,5,16,231,2.1490000000000005
10105184,103,4,5,20,236,2.0772
10105185,52,2,4,11,123,1.8823
10105186,61,3,5,16,219,1.7124000000000001
10105187,101,4,5,20,208,2.1984
10105188,41,2,4,11,161,1.0450000000000002
10105189,73,3,5,16,153,1.8770000000000002
10105190,100,4,5,20,227,3.0571
10105191,46,2,4,11,163,1.093
10105192,71,3,5,16,180,1.7247000000000001
10105193,104,4,5,20,229,2.1643
10105194,43,2,4,11,154,1.0914
10105195,77,3,5,16,161,1.7535
10105196,97,4,5,20,204,2.0005
10105197,52,2,4,11,171,1.2020000000000002
10105198,68,3,5,16,175,1.7302000000000002
10105199,104,4,5,20,271,2.0859000000000005
10105200,42,2,4,11,110,1.0499
10105201,73,3,5,16,243,1.7717000000000003
10105202,100,4,5,20,254,2.0797000000000003
10105203,37,2,4,11,153,1.1205
10105204,81,3,5,16,202,1.7459
10105205,84,4,5,20,194,2.0366
10105206,45,2,4,11,181,1.0690000000000002
10105207,68,3,5,16,235,1.7027
10105208,101,4,5,20,233,2.0717000000000003
10105209,40,2,4,11,197,1.0769
10105210,79,3,5,16,144,1.7414
10105211,107,4,5,20,200,2.0967
10105212,44,2,4,11,151,1.1361
10105213,76,3,5,16,272,1.9146
10105214,96,4,5,20,264,2.0677
10105215,45,2,4,11,130,1.2344000000000002
10105216,76,3,5,16,183,1.7412
10105217,96,4,5,20,267,2.2153000000000005
10105218,56,2,4,11,143,1.1227
10105219,64,3,5,16,197,1.7151
10105220,92,4,5,20,280,2.1895000000000002
10105221,52,2,4,11,104,1.1382
10105222,69,3,5,16,263,1.79
10105223,90,4,5,20,268,2.0851
10105224,48,2,4,11,217,1.1165
10105225,67,3,5,16,126,1.8325000000000002
10105226,96,4,5,20,268,2.0757000000000003
10105227,47,2,4,11,181,1.0881
10105228,59,3,5,16,258,1.6828
10105229,97,4,5,20,232,2.0725000000000002
10105230,56,2,4,11,165,1.1895
10105231,73,3,5,16,220,1.7904000000000002
10105232,105,4,5,20,356,2.1199
10105233,52,2,4,11,192,1.1327000000000003
10105234,83,3,5,16,188,1.8237
10105235,97,4,5,20,253,2.0461
10105236,46,2,4,11,178,1.1437000000000002
10105237,75,3,5,16,230,1.7582000000000002
10105238,93,4,5,20,284,2.0276
10105239,49,2,4,11,109,1.1077000000000001
10105240,63,3,5,16,223,1.7112000000000003
10105241,95,4,5,20,234,2.7327000000000004
10105242,50,2,4,11,156,1.106
10105243,66,3,5,16,176,1.7298
10105244,98,4,5,20,276,2.0585
10105245,49,2,4,11,151,1.1194
10105246,68,3,5,16,204,1.7566000000000002
10105247,88,4,5,20,238,2.3498
10105248,48,2,4,11,146,1.0797
10105249,83,3,5,16,169,1.8048
10105250,105,4,5,20,238,2.0848
10105251,41,2,4,11,177,1.0709
10105252,59,3,5,16,223,1.6513
10105253,99,4,5,20,249,2.0349
10105254,43,2,4,11,152,1.0375
10105255,68,3,5,16,150,1.6914
10105256,90,4,5,20,234,2.0617
10105257,40,2,4,11,178,1.0712
10105258,73,3,5,16,223,1.788
10105259,90,4,5,20,274,2.0147
10105260,54,2,4,11,131,1.1694000000000002
10105261,76,3,5,16,216,1.8388
10105262,105,4,5,20,242,2.1469
10105263,50,2,4,11,120,1.1071
10105264,58,3,5,16,275,1.6676000000000002
10105265,85,4,5,20,282,1.9794999999999998
10105266,47,2,4,11,149,1.0707000000000002
10105267,75,3,5,16,222,1.7568000000000001
10105268,107,4,5,20,278,2.104
10105269,55,2,4,11,205,1.1033
10105270,73,3,5,16,221,1.7512
10105271,94,4,5,20,246,2.0048000000000004
10105272,49,2,4,11,147,1.1102
10105273,74,3,5,16,203,1.7421000000000002
10105274,85,4,5,20,319,2.0559000000000003
10105275,38,2,4,11,139,1.0562
10105276,71,3,5,16,162,1.7417
10105277,114,4,5,20,222,2.1333
10105278,52,2,4,11,159,1.1958000000000002
10105279,70,3,5,16,242,1.7826
10105280,96,4,5,20,213,2.0741
10105281,47,2,4,11,206,1.1085
10105282,72,3,5,16,177,1.8608000000000002
10105283,101,4,5,20,214,2.0758
10105284,50,2,4,11,156,1.1089000000000002
10105285,75,3,5,16,154,2.2318
10105286,96,4,5,20,317,2.0744000000000002
10105287,47,2,4,11,225,1.1338000000000001
10105288,71,3,5,16,268,1.8307000000000002
10105289,102,4,5,20,214,2.0895
10105290,48,2,4,11,132,1.0935000000000001
10105291,77,3,5,16,162,1.7874
10105292,107,4,5,20,241,2.1060000000000003
10105293,41,2,4,11,171,1.1943000000000001
10105294,69,3,5,16,213,1.7238000000000002
10105295,102,4,5,20,205,2.0356
10105296,56,2,4,11,127,1.0957000000000001
10105297,72,3,5,16,215,1.8541
10105298,93,4,5,20,185,2.0507
10105299,40,2,4,11,148,1.0815
10105300,73,3,5,16,198,1.7408000000000001
10105301,102,4,5,20,216,2.0553
10105302,39,2,4,11,142,1.0186000000000002
10105303,63,3,5,16,261,1.7364000000000002
10105304,94,4,5,20,275,2.0721000000000003
10105305,54,2,4,11,163,1.155
10105306,71,3,5,16,135,1.7120000000000002
10105307,98,4,5,20,282,2.068
10105308,52,2,4,11,153,1.1066
10105309,74,3,5,16,185,1.7219000000000002
10105310,90,4,5,20,185,2.0992
10105311,54,2,4,11,155,1.1443
10105312,68,3,5,16,138,1.6865
10105313,98,4,5,20,263,3.1232
10105314,52,2,4,11,147,1.1280000000000001
10105315,83,3,5,16,219,1.7908000000000002
10105316,93,4,5,20,256,2.0250000000000004
10105317,42,2,4,11,178,1.0765
10105318,73,3,5,16,127,1.7342000000000002
10105319,86,4,5,20,271,2.016
10105320,47,2,4,11,125,1.1059
10105321,74,3,5,16,207,1.7384000000000002
10105322,90,4,5,20,281,2.0388
10105323,57,2,4,11,222,1.1191
10105324,74,3,5,16,274,1.77
10105325,86,4,5,20,199,1.9624
10105326,50,2,4,11,157,1.0891
10105327,72,3,5,16,226,1.7396
10105328,90,4,5,20,260,1.9909000000000003
10105329,51,2,4,11,160,1.0993000000000002
10105330,69,3,5,16,100,1.6820000000000002
10105331,93,4,5,20,273,2.0221
10105332,46,2,4,11,139,1.0894000000000001
10105333,59,3,5,16,231,1.8112
10105334,98,4,5,20,240,2.0226
10105335,50,2,4,11,159,1.0789
10105336,67,3,5,16,253,1.7185000000000001
10105337,88,4,5,20,297,2.0035000000000003
10105338,39,2,4,11,141,1.0288000000000002
10105339,75,3,5,16,151,2.9739000000000004
10105340,94,4,5,20,274,2.1546
10105341,49,2,4,11,138,1.0914
10105342,82,3,5,16,160,1.8460000000000003
10105343,107,4,5,20,267,2.4284000000000003
10105344,45,2,4,11,122,1.0676
10105345,84,3,5,16,214,2.0037000000000003
10105346,91,4,5,20,267,2.0658
10105347,49,2,4,11,156,1.2035000000000002
10105348,80,3,5,16,140,1.7937
10105349,108,4,5,20,218,2.2124
10105350,60,2,4,11,165,1.1437000000000002
10105351,77,3,5,16,146,1.7202000000000002
10105352,107,4,5,20,209,1.9844000000000004
10105353,43,2,4,11,137,1.0782
10105354,62,3,5,16,213,1.6784000000000001
10105355,95,4,5,20,230,2.0199000000000003
10105356,45,2,4,11,173,1.1145
10105357,78,3,5,16,213,1.7692
10105358,91,4,5,20,286,2.0289
10105359,48,2,4,11,137,1.108
10105360,62,3,5,16,237,1.6845
10105361,92,4,5,20,253,2.0265
10105362,45,2,4,11,164,1.0835000000000001
10105363,80,3,5,16,263,1.9499
10105364,96,4,5,20,260,2.0309
10105365,54,2,4,11,143,1.1545
10105366,74,3,5,16,247,1.8502000000000003
10105367,105,4,5,20,243,2.0895
10105368,46,2,4,11,112,1.1049
10105369,70,3,5,16,248,1.7594
10105370,94,4,5,20,226,2.112
10105371,48,2,4,11,88,1.0782
10105372,66,3,5,16,206,1.7299000000000002
10105373,89,4,5,20,225,2.0102
10105374,50,2,4,11,184,1.1091
10105375,67,3,5,16,210,1.7582000000000002
10105376,97,4,5,20,288,2.0896
10105377,44,2,4,11,141,1.048
10105378,84,3,5,16,240,1.8708000000000002
10105379,84,4,5,20,194,2.0183000000000004
10105380,46,2,4,11,199,1.1145
10105381,76,3,5,16,153,1.7555
10105382,88,4,5,20,247,2.3536
10105383,47,2,4,11,135,1.0799
10105384,64,3,5,16,177,1.7754
10105385,110,4,5,20,301,2.1933
10105386,45,2,4,11,108,1.0801
10105387,68,3,5,16,196,1.7681
10105388,88,4,5,20,297,2.0358
10105389,45,2,4,11,158,1.0917000000000001
10105390,73,3,5,16,146,1.7985000000000002
10105391,108,4,5,20,237,2.2064000000000004
10105392,45,2,4,11,227,1.0978999999999999
10105393,72,3,5,16,202,1.8042000000000002
10105394,108,4,5,20,295,2.085
10105395,47,2,4,11,120,1.1620000000000001
10105396,73,3,5,16,218,1.7869000000000002
10105397,103,4,5,20,212,2.0491
10105398,48,2,4,11,126,1.0793000000000001
10105399,67,3,5,16,212,1.7550000000000001
10105400,94,4,5,20,141,2.0603000000000002
10105401,49,2,4,11,86,1.1122
10105402,68,3,5,16,239,1.7315000000000003
10105403,86,4,5,20,216,2.0127
10105404,46,2,4,11,167,1.0902
10105405,86,3,5,16,235,1.8319
10105406,97,4,5,20,250,2.0454000000000003
10105407,50,2,4,11,80,1.0617
10105408,86,3,5,16,168,1.8097
10105409,89,4,5,20,192,2.0343
10105410,42,2,4,11,139,1.0447
10105411,61,3,5,16,159,2.7600000000000002
10105412,97,4,5,20,168,2.0303
10105413,36,2,4,11,147,1.1056
10105414,79,3,5,16,238,1.7793
10105415,101,4,5,20,232,2.2219
10105416,49,2,4,11,146,1.0746
10105417,83,3,5,16,198,1.9767000000000001
10105418,110,4,5,20,263,2.0695
10105419,41,2,4,11,157,1.0643
10105420,65,3,5,16,210,1.7385
10105421,106,4,5,20,215,2.1787
10105422,48,2,4,11,165,1.1172
10105423,75,3,5,16,156,1.7198
10105424,88,4,5,20,295,2.0517
10105425,50,2,4,11,153,1.1081
10105426,66,3,5,16,190,1.7729000000000001
10105427,98,4,5,20,260,2.0817
10105428,44,2,4,11,186,1.1096000000000001
10105429,77,3,5,16,184,1.8065000000000002
10105430,96,4,5,20,202,2.0061000000000004
10105431,47,2,4,11,159,1.1619
10105432,75,3,5,16,163,1.7833
10105433,100,4,5,20,242,2.0844
10105434,49,2,4,11,169,1.4291
10105435,76,3,5,16,178,1.7345000000000002
10105436,90,4,5,20,282,1.9912000000000003
10105437,44,2,4,11,192,1.0845
10105438,67,3,5,16,261,1.7719
10105439,93,4,5,20,201,2.0777
10105440,46,2,4,11,108,1.0695000000000001
10105441,77,3,5,16,261,1.8206000000000002
10105442,110,4,5,20,176,2.0795000000000003
10105443,52,2,4,11,140,1.1388
10105444,78,3,5,16,204,1.79
10105445,90,4,5,20,227,2.116
10105446,48,2,4,11,179,1.1633000000000002
10105447,69,3,5,16,198,1.7748000000000002
10105448,101,4,5,20,277,2.0701
10105449,42,2,4,11,168,1.0706000000000002
10105450,68,3,5,16,188,1.7498000000000002
10105451,91,4,5,20,238,2.0367
10105452,42,2,4,11,156,1.0813000000000001
10105453,61,3,5,16,256,1.6772
10105454,96,4,5,20,212,2.0541
10105455,56,2,4,11,112,1.1384
10105456,77,3,5,16,173,1.8182
10105457,95,4,5,20,234,2.0125
10105458,45,2,4,11,172,1.1007
10105459,80,3,5,16,155,1.7443
10105460,99,4,5,20,203,2.0775
10105461,50,2,4,11,163,1.1311000000000002
10105462,61,3,5,16,271,1.7538
10105463,95,4,5,20,185,2.1081000000000003
10105464,53,2,4,11,149,1.1093000000000002
10105465,72,3,5,16,204,1.7774
10105466,98,4,5,20,253,2.0858
10105467,50,2,4,11,122,1.1449
10105468,77,3,5,16,149,1.7750000000000001
10105469,101,4,5,20,303,2.118
10105470,56,2,4,11,122,1.1259
10105471,68,3,5,16,243,1.7459
10105472,103,4,5,20,159,2.108
10105473,57,2,4,11,96,1.1466
10105474,72,3,5,16,250,1.7932000000000001
10105475,106,4,5,20,243,2.0595000000000003
10105476,42,2,4,11,128,1.0462000000000002
10105477,59,3,5,16,200,1.6893
10105478,100,4,5,20,219,2.0152
10105479,41,2,4,11,126,1.0503
10105480,74,3,5,16,175,1.7791000000000001
10105481,97,4,5,20,226,2.0296000000000003
10105482,50,2,4,11,172,1.0861
10105483,69,3,5,16,176,1.7797
10105484,94,4,5,20,238,2.0296000000000003
10105485,35,2,4,11,152,1.0647
10105486,60,3,5,16,246,1.6968
10105487,101,4,5,20,194,2.1986000000000003
10105488,46,2,4,11,127,1.0372000000000001
10105489,78,3,5,16,190,1.8139
10105490,97,4,5,20,250,2.04
10105491,52,2,4,11,141,1.1638
10105492,81,3,5,16,233,1.7667000000000002
10105493,91,4,5,20,188,2.0319000000000003
10105494,47,2,4,11,216,1.0890000000000002
10105495,75,3,5,16,170,1.7742
10105496,98,4,5,20,200,2.0180000000000002
10105497,48,2,4,11,107,1.1057000000000001
10105498,80,3,5,16,180,1.7517
10105499,93,4,5,20,265,2.0276
10105500,41,2,4,11,164,1.1238000000000001
10105501,68,3,5,16,192,1.7573
10105502,101,4,5,20,215,2.0545000000000004
10105503,58,2,4,11,138,1.1097000000000001
10105504,71,3,5,16,166,2.2205000000000004
10105505,105,4,5,20,206,2.0697
10105506,33,2,4,11,175,1.0615
10105507,73,3,5,16,225,1.7118
10105508,99,4,5,20,255,2.0507
10105509,50,2,4,11,143,1.0852000000000002
10105510,76,3,5,16,149,1.7146000000000001
10105511,108,4,5,20,196,2.0502000000000002
10105512,56,2,4,11,73,1.1922
10105513,76,3,5,16,203,1.7876
10105514,107,4,5,20,322,2.1457
10105515,47,2,4,11,143,1.0729000000000002
10105516,75,3,5,16,244,1.8150000000000002
10105517,105,4,5,20,251,2.1122
10105518,43,2,4,11,132,1.0990000000000002
10105519,80,3,5,16,226,1.8134000000000001
10105520,100,4,5,20,199,2.0655
10105521,44,2,4,11,200,1.1759000000000002
10105522,72,3,5,16,195,1.8284000000000002
10105523,104,4,5,20,257,2.1178
10105524,41,2,4,11,126,1.0430000000000001
10105525,72,3,5,16,168,1.7088
10105526,85,4,5,20,230,2.0695
10105527,51,2,4,11,175,1.2909
10105528,59,3,5,16,224,1.7447000000000001
10105529,85,4,5,20,246,2.0679000000000003
10105530,60,2,4,11,159,1.1345
10105531,75,3,5,16,265,1.7578
10105532,99,4,5,20,188,2.0498
10105533,43,2,4,11,175,1.0894000000000001
10105534,82,3,5,16,218,1.8011000000000001
10105535,97,4,5,20,234,2.2699000000000003
10105536,54,2,4,11,115,1.0995
10105537,72,3,5,16,243,1.7637000000000003
10105538,94,4,5,20,224,2.0451
10105539,57,2,4,11,167,1.268
10105540,71,3,5,16,290,1.8039000000000003
10105541,99,4,5,20,243,2.0622000000000003
10105542,47,2,4,11,118,1.0683
10105543,75,3,5,16,147,1.8068000000000002
10105544,101,4,5,20,218,2.1187000000000005
10105545,48,2,4,11,141,1.1072
10105546,66,3,5,16,194,1.7143000000000002
10105547,100,4,5,20,235,2.0811
10105548,46,2,4,11,153,1.1529
10105549,67,3,5,16,253,1.7232
10105550,100,4,5,20,294,2.1191
10105551,45,2,4,11,140,1.1021
10105552,72,3,5,16,190,1.7435
10105553,98,4,5,20,268,2.0899
10105554,51,2,4,11,146,1.1298000000000001
10105555,81,3,5,16,221,2.644
10105556,110,4,5,20,258,2.1871
10105557,48,2,4,11,191,1.1463
10105558,78,3,5,16,247,1.8743
10105559,100,4,5,20,273,2.063
10105560,49,2,4,11,102,1.1119
10105561,76,3,5,16,246,1.7637000000000003
10105562,89,4,5,20,186,2.0183000000000004
10105563,42,2,4,11,143,1.054
10105564,81,3,5,16,173,1.8118
10105565,80,4,5,20,254,2.0412
10105566,48,2,4,11,131,1.094
10105567,77,3,5,16,192,1.7945
10105568,102,4,5,20,236,2.0156
10105569,52,2,4,11,141,1.0793000000000001
10105570,62,3,5,16,170,1.6937
10105571,104,4,5,20,227,2.1025
10105572,53,2,4,11,150,1.1223
10105573,73,3,5,16,166,1.788
10105574,86,4,5,20,264,2.0293
10105575,55,2,4,11,141,1.163
10105576,78,3,5,16,229,1.739
10105577,98,4,5,20,196,2.1015
10105578,45,2,4,11,161,1.0885
10105579,82,3,5,16,127,2.0441000000000003
10105580,103,4,5,20,254,2.0288000000000004
10105581,46,2,4,11,167,1.0605
10105582,64,3,5,16,170,1.7424000000000002
10105583,101,4,5,20,253,2.1418
10105584,59,2,4,11,131,1.0921
10105585,67,3,5,16,226,1.752
10105586,95,4,5,20,206,2.0206
10105587,59,2,4,11,137,1.1365
10105588,82,3,5,16,184,1.8043000000000002
10105589,104,4,5,20,271,2.1123000000000003
10105590,38,2,4,11,160,1.0572000000000001
10105591,76,3,5,16,188,1.7432
10105592,102,4,5,20,258,2.0044
10105593,44,2,4,11,165,1.0655000000000001
10105594,84,3,5,16,200,1.9582000000000002
10105595,107,4,5,20,232,2.1459
10105596,48,2,4,11,121,1.0841
10105597,60,3,5,16,227,1.6856000000000002
10105598,95,4,5,20,252,2.0467000000000004
10105599,47,2,4,11,183,1.0768000000000002
10105600,56,3,5,16,173,1.7344000000000002
10105601,105,4,5,20,186,2.0947
10105602,45,2,4,11,212,1.1205
10105603,69,3,5,16,146,1.7824000000000002
10105604,87,4,5,20,250,2.0529
10105605,36,2,4,11,145,1.0426
10105606,63,3,5,16,192,1.6774000000000002
10105607,94,4,5,20,220,2.0348
10105608,53,2,4,11,141,1.103
10105609,71,3,5,16,183,1.7553
10105610,98,4,5,20,266,2.4489
10105611,47,2,4,11,173,1.1244
10105612,67,3,5,16,247,1.7408000000000001
10105613,92,4,5,20,255,2.007
10105614,46,2,4,11,151,1.0585
10105615,81,3,5,16,261,1.8116
10105616,94,4,5,20,313,2.3796
10105617,54,2,4,11,187,1.1132000000000002
10105618,67,3,5,16,229,1.9712000000000003
10105619,100,4,5,20,212,2.0634
10105620,39,2,4,11,206,1.1052
10105621,76,3,5,16,220,1.7962000000000002
10105622,86,4,5,20,235,2.0392
10105623,46,2,4,11,172,1.072
10105624,62,3,5,16,186,1.7051000000000003
10105625,94,4,5,20,316,2.0171
10105626,51,2,4,11,184,1.08
10105627,70,3,5,16,162,1.7194
10105628,89,4,5,20,275,2.0693
10105629,46,2,4,11,124,1.0647
10105630,70,3,5,16,204,1.7312
10105631,98,4,5,20,227,2.1048
10105632,58,2,4,11,186,1.1684
10105633,69,3,5,16,241,1.6681000000000001
10105634,94,4,5,20,244,2.0281000000000002
10105635,45,2,4,11,129,1.0743
10105636,67,3,5,16,148,1.6947
10105637,103,4,5,20,243,2.1312
10105638,41,2,4,11,167,1.0499
10105639,72,3,5,16,139,1.7162000000000002
10105640,97,4,5,20,232,2.0931
10105641,47,2,4,11,171,1.0867000000000002
10105642,76,3,5,16,238,1.7693
10105643,107,4,5,20,192,2.1061
10105644,50,2,4,11,113,1.0756999999999999
10105645,76,3,5,16,146,1.7343
10105646,82,4,5,20,207,1.9839000000000002
10105647,52,2,4,11,163,1.1299000000000001
10105648,73,3,5,16,228,1.7683000000000002
10105649,95,4,5,20,226,2.0531
10105650,47,2,4,11,115,1.0553000000000001
10105651,69,3,5,16,212,1.7722
10105652,99,4,5,20,237,2.0180000000000002
10105653,39,2,4,11,165,1.0636
10105654,63,3,5,16,165,1.7086
10105655,98,4,5,20,196,2.0738000000000003
10105656,41,2,4,11,191,1.0404000000000002
10105657,66,3,5,16,163,1.7547000000000001
10105658,100,4,5,20,184,2.0406
10105659,49,2,4,11,235,1.1119
10105660,63,3,5,16,206,1.732
10105661,85,4,5,20,212,2.4876
10105662,40,2,4,11,90,1.0214
10105663,68,3,5,16,189,1.8896000000000002
10105664,99,4,5,20,236,2.1244
10105665,45,2,4,11,197,1.0677
10105666,79,3,5,16,216,1.8032000000000001
10105667,93,4,5,20,249,2.0279
10105668,44,2,4,11,239,1.1071
10105669,93,3,5,16,222,1.8592000000000002
10105670,91,4,5,20,235,2.0634
10105671,43,2,4,11,124,1.0530000000000002
10105672,76,3,5,16,198,1.7867
10105673,95,4,5,20,323,2.032
10105674,43,2,4,11,194,1.0849
10105675,70,3,5,16,176,1.7138000000000002
10105676,73,4,5,20,246,2.0674
10105677,55,2,4,11,127,1.5953
10105678,75,3,5,16,180,1.7950000000000002
10105679,96,4,5,20,186,1.9797
10105680,44,2,4,11,70,1.0489
10105681,76,3,5,16,233,1.7981000000000003
10105682,100,4,5,20,268,2.1577
10105683,44,2,4,11,147,1.0894000000000001
10105684,86,3,5,16,185,1.7957
10105685,90,4,5,20,237,2.9189000000000003
10105686,39,2,4,11,188,1.0347000000000002
10105687,73,3,5,16,192,1.7436
10105688,93,4,5,20,217,2.0845
10105689,40,2,4,11,186,1.042
10105690,78,3,5,16,282,1.8336000000000001
10105691,89,4,5,20,273,2.0215
10105692,53,2,4,11,105,1.0764000000000002
10105693,67,3,5,16,238,1.7766000000000002
10105694,102,4,5,20,212,2.0777
10105695,52,2,4,11,172,1.1361
10105696,80,3,5,16,121,1.7921
10105697,98,4,5,20,199,2.0762
10105698,46,2,4,11,132,1.0964
10105699,74,3,5,16,176,1.7335
10105700,98,4,5,20,256,2.0257
10105701,47,2,4,11,160,1.1135000000000002
10105702,79,3,5,16,218,1.8217
10105703,90,4,5,20,244,2.058
10105704,49,2,4,11,199,1.0796000000000001
10105705,74,3,5,16,176,1.7881000000000002
10105706,83,4,5,20,280,1.9712000000000003
10105707,48,2,4,11,129,1.0689
10105708,68,3,5,16,186,1.7373000000000003
10105709,100,4,5,20,236,2.0837
10105710,40,2,4,11,151,1.0517
10105711,72,3,5,16,158,1.7819
10105712,105,4,5,20,316,2.084
10105713,48,2,4,11,120,1.0659
10105714,71,3,5,16,179,1.7108
10105715,84,4,5,20,234,1.9853
10105716,50,2,4,11,152,1.1422
10105717,85,3,5,16,173,1.8356000000000001
10105718,94,4,5,20,240,1.9992
10105719,40,2,4,11,165,1.0691000000000002
10105720,73,3,5,16,188,1.7368000000000001
10105721,109,4,5,20,210,2.1321
10105722,52,2,4,11,126,1.1502000000000001
10105723,68,3,5,16,192,1.7123000000000002
10105724,105,4,5,20,210,2.2976000000000005
10105725,46,2,4,11,186,1.0917000000000001
10105726,73,3,5,16,243,1.7891000000000001
10105727,95,4,5,20,220,2.0565
10105728,54,2,4,11,132,1.1176000000000001
10105729,77,3,5,16,188,1.7785000000000002
10105730,91,4,5,20,244,2.439
10105731,37,2,4,11,151,1.0487
10105732,75,3,5,16,206,1.8494000000000002
10105733,89,4,5,20,255,2.0641000000000003
10105734,48,2,4,11,239,1.1061
10105735,70,3,5,16,234,1.8611
10105736,90,4,5,20,312,2.0625
10105737,48,2,4,11,131,1.1352
10105738,67,3,5,16,190,1.7062000000000002
10105739,108,4,5,20,249,2.1006
10105740,42,2,4,11,177,1.0681
10105741,76,3,5,16,192,1.7374
10105742,93,4,5,20,222,1.9924000000000002
10105743,49,2,4,11,149,1.0752000000000002
10105744,80,3,5,16,196,1.7834
10105745,104,4,5,20,224,2.0799
10105746,42,2,4,11,165,1.0883000000000003
10105747,67,3,5,16,225,2.0641000000000003
10105748,100,4,5,20,168,2.0802
10105749,60,2,4,11,134,1.1621000000000001
10105750,80,3,5,16,186,1.7508000000000001
10105751,95,4,5,20,281,2.0426
10105752,50,2,4,11,127,1.0903
10105753,64,3,5,16,309,1.7201
10105754,101,4,5,20,158,2.0623
10105755,45,2,4,11,126,1.0692
10105756,75,3,5,16,193,1.7621000000000002
10105757,108,4,5,20,168,2.0628
10105758,46,2,4,11,130,1.0704
10105759,62,3,5,16,202,1.7057
10105760,85,4,5,20,274,2.0617
10105761,51,2,4,11,159,1.1266000000000003
10105762,72,3,5,16,186,1.7947000000000002
10105763,103,4,5,20,291,2.0722
10105764,48,2,4,11,143,1.0854000000000001
10105765,72,3,5,16,217,1.8458
10105766,94,4,5,20,276,2.0435000000000003
10105767,44,2,4,11,127,1.0606
10105768,65,3,5,16,236,1.7042000000000002
10105769,99,4,5,20,260,2.1052000000000004
10105770,43,2,4,11,173,1.075
10105771,71,3,5,16,204,1.8294000000000001
10105772,91,4,5,20,316,2.0734
10105773,53,2,4,11,162,1.2456
10105774,75,3,5,16,186,1.7707000000000002
10105775,94,4,5,20,293,2.0461
10105776,43,2,4,11,166,1.0833000000000002
10105777,62,3,5,16,172,2.8691000000000004
10105778,105,4,5,20,226,2.1641
10105779,36,2,4,11,189,1.0358
10105780,68,3,5,16,261,1.7297
10105781,90,4,5,20,205,2.0125
10105782,48,2,4,11,127,1.1555
10105783,75,3,5,16,179,1.7635
10105784,91,4,5,20,290,2.0380000000000003
10105785,39,2,4,11,185,1.0597
10105786,72,3,5,16,168,2.0122
10105787,91,4,5,20,244,2.0756
10105788,44,2,4,11,120,1.8966
10105789,65,3,5,16,218,1.731
10105790,99,4,5,20,256,2.0453
10105791,51,2,4,11,119,1.2282
10105792,71,3,5,16,264,1.7335
10105793,98,4,5,20,290,2.1246
10105794,42,2,4,11,104,1.0643
10105795,76,3,5,16,244,1.7513
10105796,84,4,5,20,249,2.0132000000000003
10105797,44,2,4,11,127,1.0876
10105798,63,3,5,16,172,1.7013000000000003
10105799,99,4,5,20,271,2.0357000000000003
10105800,49,2,4,11,193,1.1157000000000001
10105801,67,3,5,16,230,1.7183000000000002
10105802,92,4,5,20,271,2.0272
10105803,51,2,4,11,155,1.119
10105804,63,3,5,16,249,1.7136
10105805,89,4,5,20,249,2.0276
10105806,48,2,4,11,145,1.0488000000000002
10105807,69,3,5,16,180,1.7126000000000001
10105808,95,4,5,20,223,2.0126000000000004
10105809,53,2,4,11,172,1.1036000000000001
10105810,74,3,5,16,226,1.7920000000000003
10105811,104,4,5,20,244,2.0535
10105812,59,2,4,11,159,1.1215000000000002
10105813,76,3,5,16,214,1.84
10105814,87,4,5,20,234,2.0207
10105815,51,2,4,11,144,1.1709
10105816,73,3,5,16,261,1.7554
10105817,104,4,5,20,196,2.0809
10105818,47,2,4,11,171,1.0970000000000002
10105819,75,3,5,16,176,1.8577000000000001
10105820,104,4,5,20,194,2.2590000000000003
10105821,55,2,4,11,140,1.2789000000000001
10105822,62,3,5,16,232,1.6858000000000002
10105823,98,4,5,20,188,2.069
10105824,48,2,4,11,151,1.1057000000000001
10105825,77,3,5,16,251,1.7973000000000001
10105826,101,4,5,20,258,2.1006
10105827,48,2,4,11,126,1.0729000000000002
10105828,73,3,5,16,252,1.8911000000000002
10105829,92,4,5,20,243,2.0146
10105830,48,2,4,11,126,1.1881000000000002
10105831,87,3,5,16,154,1.7783
10105832,101,4,5,20,265,2.0896
10105833,40,2,4,11,158,1.0646
10105834,74,3,5,16,162,1.7920000000000003
10105835,86,4,5,20,291,2.0077000000000003
10105836,44,2,4,11,153,1.0652000000000001
10105837,78,3,5,16,176,1.7455
10105838,96,4,5,20,223,2.6432
10105839,56,2,4,11,134,1.1153
10105840,77,3,5,16,204,1.7401
10105841,85,4,5,20,283,2.0048000000000004
10105842,49,2,4,11,118,1.0785
10105843,84,3,5,16,211,1.8345000000000002
10105844,100,4,5,20,221,2.0738000000000003
10105845,47,2,4,11,123,1.0991
10105846,78,3,5,16,227,1.8238000000000003
10105847,99,4,5,20,281,2.0597000000000003
10105848,45,2,4,11,120,1.1948
10105849,66,3,5,16,171,1.7709000000000001
10105850,107,4,5,20,270,2.1898
10105851,41,2,4,11,190,1.0619
10105852,68,3,5,16,197,1.7763000000000002
10105853,99,4,5,20,207,2.0357000000000003
10105854,46,2,4,11,160,1.0968
10105855,79,3,5,16,162,1.7524000000000002
10105856,99,4,5,20,299,2.055
10105857,53,2,4,11,153,1.1284
10105858,73,3,5,16,161,1.6958000000000002
10105859,95,4,5,20,256,2.0449
10105860,46,2,4,11,200,1.1515000000000002
10105861,61,3,5,16,250,1.7302000000000002
10105862,98,4,5,20,234,2.1282
10105863,50,2,4,11,122,1.1517000000000002
10105864,67,3,5,16,194,1.8261000000000003
10105865,92,4,5,20,310,2.0279
10105866,43,2,4,11,103,1.0611000000000002
10105867,70,3,5,16,144,1.7368000000000001
10105868,93,4,5,20,226,2.0039000000000002
10105869,42,2,4,11,129,1.0576999999999999
10105870,71,3,5,16,180,1.8264000000000002
10105871,107,4,5,20,218,2.0912
10105872,52,2,4,11,145,1.1400000000000001
10105873,77,3,5,16,168,1.7697
10105874,99,4,5,20,216,2.0718
10105875,55,2,4,11,119,1.1235000000000002
10105876,76,3,5,16,205,1.7841
10105877,85,4,5,20,300,2.0275000000000003
10105878,45,2,4,11,118,1.1253000000000002
10105879,62,3,5,16,160,1.7392000000000003
10105880,85,4,5,20,262,2.0049
10105881,49,2,4,11,211,1.1532
10105882,76,3,5,16,186,1.7576
10105883,98,4,5,20,273,2.1456
10105884,47,2,4,11,131,1.0675000000000001
10105885,86,3,5,16,244,2.1743
10105886,101,4,5,20,280,2.0886
10105887,45,2,4,11,167,1.0725
10105888,62,3,5,16,190,1.7563000000000002
10105889,102,4,5,20,299,2.1561000000000003
10105890,49,2,4,11,159,1.1272
10105891,76,3,5,16,187,1.794
10105892,91,4,5,20,217,2.5682
10105893,46,2,4,11,149,1.0803
10105894,75,3,5,16,216,1.7674
10105895,94,4,5,20,212,2.0416000000000003
10105896,46,2,4,11,122,1.1244
10105897,66,3,5,16,209,1.7460000000000002
10105898,90,4,5,20,333,2.0687
10105899,43,2,4,11,176,1.0749000000000002
10105900,79,3,5,16,226,1.7575
10105901,103,4,5,20,250,2.0416000000000003
10105902,52,2,4,11,129,1.1585
10105903,69,3,5,16,154,1.6724
10105904,86,4,5,20,179,2.0006
10105905,47,2,4,11,189,1.1111
10105906,70,3,5,16,247,1.8532000000000002
10105907,94,4,5,20,225,2.7247
10105908,41,2,4,11,148,1.0629000000000002
10105909,71,3,5,16,178,1.7073
10105910,90,4,5,20,229,1.9989999999999999
10105911,48,2,4,11,137,1.07
10105912,76,3,5,16,175,1.7848
10105913,101,4,5,20,229,2.0155
10105914,44,2,4,11,199,1.0834
10105915,76,3,5,16,221,1.7324
10105916,97,4,5,20,264,2.0363
10105917,49,2,4,11,96,1.0752000000000002
10105918,78,3,5,16,173,1.7604
10105919,100,4,5,20,206,2.1069999999999998
10105920,49,2,4,11,142,1.1227
10105921,74,3,5,16,197,1.7368000000000001
10105922,98,4,5,20,248,2.0380000000000003
10105923,45,2,4,11,174,1.0667
10105924,69,3,5,16,277,1.7771000000000001
10105925,107,4,5,20,266,2.1297
10105926,47,2,4,11,118,1.0899
10105927,70,3,5,16,192,1.7222000000000002
10105928,100,4,5,20,222,2.0228
10105929,51,2,4,11,162,1.1248
10105930,62,3,5,16,227,1.7034
10105931,96,4,5,20,178,2.1598
10105932,50,2,4,11,141,1.1232
10105933,80,3,5,16,245,1.8103000000000002
10105934,84,4,5,20,249,1.9838
10105935,52,2,4,11,139,1.1078000000000001
10105936,71,3,5,16,201,1.7775000000000003
10105937,96,4,5,20,168,2.3727
10105938,40,2,4,11,161,1.0882
10105939,75,3,5,16,274,1.8025
10105940,89,4,5,20,244,1.9967000000000001
10105941,41,2,4,11,155,1.0690000000000002
10105942,68,3,5,16,213,1.7841
10105943,109,4,5,20,206,2.2063
10105944,47,2,4,11,174,1.2283000000000002
10105945,73,3,5,16,219,1.8094000000000001
10105946,92,4,5,20,186,2.1891000000000003
10105947,38,2,4,11,133,1.104
10105948,71,3,5,16,238,1.7414
10105949,96,4,5,20,206,2.4066
10105950,50,2,4,11,123,1.1350000000000002
10105951,62,3,5,16,212,1.7325000000000002
10105952,82,4,5,20,220,2.0074000000000005
10105953,54,2,4,11,114,1.1560000000000001
10105954,71,3,5,16,171,1.7341000000000002
10105955,90,4,5,20,307,2.0628
10105956,47,2,4,11,151,1.106
10105957,71,3,5,16,190,1.7228
10105958,99,4,5,20,241,2.1922
10105959,50,2,4,11,116,1.1044000000000003
10105960,73,3,5,16,212,1.8353000000000002
10105961,96,4,5,20,237,2.0718
10105962,41,2,4,11,147,1.1057000000000001
10105963,73,3,5,16,153,1.7132
10105964,88,4,5,20,299,2.0407
10105965,57,2,4,11,124,1.1184
10105966,64,3,5,16,218,1.6737000000000002
10105967,83,4,5,20,233,1.9856
10105968,51,2,4,11,120,1.122
10105969,79,3,5,16,214,1.8297
10105970,95,4,5,20,216,2.0075000000000003
10105971,47,2,4,11,214,1.1319000000000001
10105972,69,3,5,16,207,1.7737
10105973,100,4,5,20,279,2.1342000000000003
10105974,45,2,4,11,164,1.058
10105975,69,3,5,16,243,1.741
10105976,109,4,5,20,188,2.1777
10105977,55,2,4,11,149,1.1605
10105978,60,3,5,16,242,1.6779000000000002
10105979,96,4,5,20,188,1.9964000000000002
10105980,43,2,4,11,173,1.0423000000000002
10105981,73,3,5,16,202,1.7512
10105982,91,4,5,20,215,2.1519
10105983,43,2,4,11,161,1.0422
10105984,76,3,5,16,190,1.7856
10105985,100,4,5,20,256,2.2112
10105986,32,2,4,11,98,1.0765
10105987,74,3,5,16,234,1.7703
10105988,95,4,5,20,272,2.0740000000000003
10105989,42,2,4,11,172,1.0593
10105990,72,3,5,16,238,1.8294000000000001
10105991,93,4,5,20,197,2.0445
10105992,50,2,4,11,119,1.1905999999999999
10105993,62,3,5,16,193,1.7337
10105994,109,4,5,20,253,2.2301
10105995,49,2,4,11,160,1.0828
10105996,76,3,5,16,237,1.7718
10105997,94,4,5,20,252,2.0770000000000004
10105998,50,2,4,11,172,1.1421000000000001
10105999,79,3,5,16,202,1.8413000000000002
10106000,106,4,5,20,243,2.069
10106001,49,2,4,11,124,1.1059
10106002,70,3,5,16,163,1.7070000000000003
10106003,107,4,5,20,235,2.1783
10106004,50,2,4,11,131,1.0768000000000002
10106005,78,3,5,16,194,1.796
10106006,92,4,5,20,215,2.0518000000000005
10106007,45,2,4,11,147,1.0779
10106008,74,3,5,16,202,1.7326000000000001
10106009,102,4,5,20,249,2.0631
10106010,43,2,4,11,151,1.1258000000000001
10106011,78,3,5,16,206,1.7616
10106012,98,4,5,20,207,2.0568
10106013,51,2,4,11,135,1.0932000000000002
10106014,70,3,5,16,198,1.7627000000000002
10106015,97,4,5,20,212,2.0054
10106016,42,2,4,11,134,1.0492000000000001
10106017,77,3,5,16,176,1.8110000000000002
10106018,96,4,5,20,212,2.1153
10106019,44,2,4,11,126,1.0724
10106020,87,3,5,16,215,1.8564
10106021,95,4,5,20,192,2.1002
10106022,44,2,4,11,127,1.0721
10106023,72,3,5,16,180,2.4674
10106024,101,4,5,20,181,2.2422
10106025,49,2,4,11,141,1.2071
10106026,69,3,5,16,195,1.6992
10106027,101,4,5,20,236,2.0361000000000002
10106028,49,2,4,11,138,1.1158000000000001
10106029,75,3,5,16,241,2.1981
10106030,92,4,5,20,252,2.0218000000000003
10106031,52,2,4,11,98,1.4457
10106032,76,3,5,16,199,1.7347000000000001
10106033,106,4,5,20,238,2.1018
10106034,48,2,4,11,137,1.1208000000000002
10106035,80,3,5,16,179,1.7574
10106036,87,4,5,20,195,2.173
10106037,53,2,4,11,98,1.1606
10106038,74,3,5,16,201,1.8978000000000002
10106039,110,4,5,20,231,2.1152
10106040,41,2,4,11,124,1.0631
10106041,65,3,5,16,191,1.7145000000000001
10106042,97,4,5,20,255,3.1163000000000003
10106043,42,2,4,11,223,1.5530000000000002
10106044,63,3,5,16,266,1.7208
10106045,105,4,5,20,285,2.0808000000000004
10106046,48,2,4,11,123,1.1178000000000001
10106047,78,3,5,16,171,1.7744000000000002
10106048,96,4,5,20,264,2.1189
10106049,46,2,4,11,142,1.1566
10106050,67,3,5,16,196,1.7551
10106051,96,4,5,20,194,2.0658
10106052,52,2,4,11,198,1.1309
10106053,64,3,5,16,177,1.8307000000000002
10106054,107,4,5,20,193,2.1624
10106055,46,2,4,11,129,1.0991
10106056,70,3,5,16,213,1.6908
10106057,105,4,5,20,236,2.1201000000000003
10106058,40,2,4,11,140,1.1144
10106059,80,3,5,16,188,1.7636
10106060,91,4,5,20,212,2.0102
10106061,32,2,4,11,146,1.0354
10106062,75,3,5,16,222,1.8359
10106063,103,4,5,20,287,2.2379000000000002
10106064,50,2,4,11,119,1.1059
10106065,83,3,5,16,158,1.7473
10106066,104,4,5,20,279,2.1036
10106067,49,2,4,11,133,1.0656
10106068,72,3,5,16,240,1.7807000000000002
10106069,96,4,5,20,248,2.0695
10106070,42,2,4,11,139,1.1068
10106071,71,3,5,16,179,1.7322000000000002
10106072,99,4,5,20,305,2.0143
10106073,55,2,4,11,109,1.0999
10106074,76,3,5,16,196,1.8269
10106075,100,4,5,20,176,2.0544000000000002
10106076,53,2,4,11,148,1.1385
10106077,77,3,5,16,233,1.8467000000000002
10106078,97,4,5,20,188,2.0738000000000003
10106079,45,2,4,11,88,1.0978
10106080,71,3,5,16,170,1.7726
10106081,81,4,5,20,219,1.9638
10106082,46,2,4,11,131,1.1139999999999999
10106083,75,3,5,16,319,1.8020000000000003
10106084,98,4,5,20,273,2.051
10106085,46,2,4,11,143,1.0972
10106086,51,3,5,16,210,1.6258000000000001
10106087,91,4,5,20,267,2.0099
10106088,51,2,4,11,197,1.1194
10106089,66,3,5,16,211,1.7466000000000002
10106090,109,4,5,20,226,2.1298000000000004
10106091,50,2,4,11,120,1.0856999999999999
10106092,65,3,5,16,183,1.7102
10106093,92,4,5,20,239,2.0605
10106094,44,2,4,11,132,1.0457
10106095,70,3,5,16,239,1.7382
10106096,88,4,5,20,306,2.0315000000000003
10106097,40,2,4,11,189,1.0943
10106098,66,3,5,16,166,1.6968
10106099,108,4,5,20,203,2.0778000000000003
10106100,48,2,4,11,138,1.0787000000000002
10106101,67,3,5,16,145,1.7045000000000001
10106102,95,4,5,20,237,2.092
10106103,48,2,4,11,169,1.1067000000000002
10106104,75,3,5,16,196,1.7517
10106105,96,4,5,20,247,2.0289
10106106,49,2,4,11,184,1.1340000000000001
10106107,71,3,5,16,197,1.7166000000000001
10106108,107,4,5,20,301,2.088
10106109,52,2,4,11,156,1.1432
10106110,68,3,5,16,218,1.7639
10106111,115,4,5,20,153,2.0779
10106112,50,2,4,11,120,1.0676
10106113,70,3,5,16,140,1.7103000000000002
10106114,96,4,5,20,217,2.0132000000000003
10106115,48,2,4,11,143,1.1032000000000002
10106116,67,3,5,16,184,1.7632
10106117,103,4,5,20,227,2.1088
10106118,52,2,4,11,160,1.1267
10106119,67,3,5,16,230,1.7196000000000002
10106120,102,4,5,20,197,2.0364000000000004
10106121,48,2,4,11,127,1.0995
10106122,71,3,5,16,211,1.7181000000000002
10106123,100,4,5,20,158,2.029
10106124,48,2,4,11,144,1.1209
10106125,68,3,5,16,213,1.7503000000000002
10106126,100,4,5,20,260,2.075
10106127,45,2,4,11,104,1.0530000000000002
10106128,64,3,5,16,142,1.7936
10106129,88,4,5,20,178,2.0534
10106130,44,2,4,11,147,1.0718
10106131,75,3,5,16,212,1.7740000000000002
10106132,111,4,5,20,230,2.0563000000000002
10106133,50,2,4,11,168,1.1045
10106134,72,3,5,16,239,2.1797
10106135,97,4,5,20,185,2.0039000000000002
10106136,45,2,4,11,144,1.1129
10106137,76,3,5,16,203,1.7611
10106138,106,4,5,20,226,2.1125000000000003
10106139,36,2,4,11,213,1.0293999999999999
10106140,62,3,5,16,221,1.7000000000000002
10106141,95,4,5,20,230,2.0896
10106142,44,2,4,11,150,1.1453000000000002
10106143,81,3,5,16,181,1.7748000000000002
10106144,85,4,5,20,214,1.9928000000000003
10106145,47,2,4,11,158,1.1218000000000001
10106146,73,3,5,16,188,1.7962000000000002
10106147,108,4,5,20,259,2.0978
10106148,50,2,4,11,186,1.1888
10106149,59,3,5,16,192,1.6881000000000002
10106150,92,4,5,20,245,2.0738000000000003
10106151,49,2,4,11,201,1.0718
10106152,86,3,5,16,136,1.7998
10106153,102,4,5,20,151,2.0561
10106154,45,2,4,11,149,1.068
10106155,67,3,5,16,189,1.6717000000000002
10106156,94,4,5,20,270,2.0690999999999997
10106157,39,2,4,11,106,1.0699
10106158,61,3,5,16,227,1.9004000000000003
10106159,87,4,5,20,259,2.0057
10106160,34,2,4,11,143,1.0414
10106161,67,3,5,16,202,1.6990000000000003
10106162,99,4,5,20,215,2.0231000000000003
10106163,47,2,4,11,139,1.1016000000000001
10106164,69,3,5,16,281,1.7703
10106165,101,4,5,20,207,2.0904000000000003
10106166,51,2,4,11,146,1.1602000000000001
10106167,76,3,5,16,167,1.8485
10106168,94,4,5,20,215,2.977
10106169,36,2,4,11,197,1.0435
10106170,69,3,5,16,316,1.8462
10106171,98,4,5,20,212,2.1018
10106172,50,2,4,11,151,1.0722
10106173,61,3,5,16,239,1.7869000000000002
10106174,96,4,5,20,358,2.9074
10106175,52,2,4,11,149,1.1133
10106176,85,3,5,16,164,1.8712000000000002
10106177,106,4,5,20,231,2.1001000000000003
10106178,50,2,4,11,207,1.1746
10106179,71,3,5,16,194,1.7426000000000001
10106180,103,4,5,20,267,2.0577
10106181,57,2,4,11,135,1.083
10106182,73,3,5,16,208,1.7841
10106183,94,4,5,20,165,2.1106000000000003
10106184,46,2,4,11,154,1.1024
10106185,78,3,5,16,193,1.8218
10106186,103,4,5,20,217,2.085
10106187,55,2,4,11,147,1.1475000000000002
10106188,63,3,5,16,183,1.7215000000000003
10106189,99,4,5,20,232,2.0344
10106190,50,2,4,11,188,1.1193000000000002
10106191,56,3,5,16,221,1.6668000000000003
10106192,87,4,5,20,273,2.0696
10106193,53,2,4,11,121,1.1156
10106194,62,3,5,16,267,1.6888
10106195,102,4,5,20,223,2.0265999999999997
10106196,46,2,4,11,128,1.178
10106197,77,3,5,16,194,1.7650000000000001
10106198,101,4,5,20,178,2.0254000000000003
10106199,41,2,4,11,213,1.0537
10106200,75,3,5,16,194,1.7917
10106201,93,4,5,20,259,2.0809
10106202,54,2,4,11,191,1.1804000000000001
10106203,65,3,5,16,212,1.7446
10106204,96,4,5,20,227,2.0186
10106205,44,2,4,11,164,1.0994000000000002
10106206,79,3,5,16,192,1.8906
10106207,88,4,5,20,204,2.0900000000000003
10106208,60,2,4,11,144,1.1620000000000001
10106209,77,3,5,16,204,1.7607
10106210,101,4,5,20,268,2.1022000000000003
10106211,44,2,4,11,165,1.0779
10106212,70,3,5,16,217,1.7427
10106213,90,4,5,20,264,2.0096000000000003
10106214,51,2,4,11,126,1.1251
10106215,77,3,5,16,176,1.7863000000000002
10106216,103,4,5,20,242,2.0459
10106217,45,2,4,11,145,1.1054000000000002
10106218,72,3,5,16,213,1.7626
10106219,109,4,5,20,224,2.1894
10106220,48,2,4,11,175,1.2572
10106221,69,3,5,16,197,1.7564000000000002
10106222,99,4,5,20,193,2.0284
10106223,45,2,4,11,158,1.1155000000000002
10106224,68,3,5,16,198,1.7347000000000001
10106225,103,4,5,20,198,2.1116
10106226,54,2,4,11,141,1.1354000000000002
10106227,75,3,5,16,146,1.8041
10106228,96,4,5,20,246,2.0332000000000003
10106229,46,2,4,11,163,1.0689
10106230,73,3,5,16,211,1.7681
10106231,95,4,5,20,253,2.1144000000000003
10106232,44,2,4,11,231,1.1017000000000001
10106233,83,3,5,16,256,1.843
10106234,102,4,5,20,239,2.1321
10106235,56,2,4,11,140,1.1025
10106236,68,3,5,16,208,1.7341000000000002
10106237,100,4,5,20,169,2.0484
10106238,48,2,4,11,150,1.0863
10106239,71,3,5,16,211,1.7476000000000003
10106240,100,4,5,20,256,2.8252
10106241,45,2,4,11,162,1.1081
10106242,72,3,5,16,241,1.7777
10106243,94,4,5,20,195,2.0371
10106244,54,2,4,11,132,1.0719
10106245,69,3,5,16,256,1.7871
10106246,99,4,5,20,247,2.0258
10106247,46,2,4,11,134,1.064
10106248,74,3,5,16,166,2.12
10106249,103,4,5,20,171,2.0189
10106250,39,2,4,11,167,1.0672000000000001
10106251,56,3,5,16,220,1.6515000000000002
10106252,101,4,5,20,273,2.0627000000000004
10106253,55,2,4,11,156,1.1482
10106254,67,3,5,16,189,1.7274
10106255,96,4,5,20,233,2.0293
10106256,42,2,4,11,180,1.0917000000000001
10106257,73,3,5,16,166,1.7264000000000002
10106258,98,4,5,20,244,2.052
10106259,32,2,4,11,194,1.0283
10106260,70,3,5,16,190,1.7376000000000003
10106261,93,4,5,20,249,2.0081
10106262,56,2,4,11,112,1.1722
10106263,85,3,5,16,181,1.8294000000000001
10106264,103,4,5,20,198,2.0860000000000003
10106265,59,2,4,11,81,1.1265
10106266,82,3,5,16,285,1.79
10106267,103,4,5,20,247,2.0346
10106268,45,2,4,11,180,1.1195000000000002
10106269,78,3,5,16,251,1.799
10106270,98,4,5,20,251,2.1302
10106271,40,2,4,11,216,1.0686
10106272,63,3,5,16,240,1.7523
10106273,94,4,5,20,200,2.0579
10106274,46,2,4,11,160,1.0958
10106275,69,3,5,16,206,1.7502000000000002
10106276,98,4,5,20,229,2.0502000000000002
10106277,49,2,4,11,238,1.1185
10106278,65,3,5,16,159,1.7162000000000002
10106279,102,4,5,20,303,2.0734
10106280,47,2,4,11,169,1.0751000000000002
10106281,68,3,5,16,228,1.7573
10106282,103,4,5,20,204,2.1293
10106283,42,2,4,11,157,1.0519
10106284,71,3,5,16,198,1.747
10106285,93,4,5,20,270,2.072
10106286,52,2,4,11,148,1.1530000000000002
10106287,71,3,5,16,163,1.7385
10106288,101,4,5,20,220,2.0081
10106289,48,2,4,11,175,1.5970000000000002
10106290,72,3,5,16,206,2.0295
10106291,99,4,5,20,265,3.4832
10106292,45,2,4,11,151,1.1038000000000001
10106293,66,3,5,16,211,1.6986
10106294,90,4,5,20,235,2.0178000000000003
10106295,45,2,4,11,198,1.0938
10106296,68,3,5,16,209,1.7347000000000001
10106297,114,4,5,20,197,2.1803
10106298,41,2,4,11,96,1.0639
10106299,86,3,5,16,188,1.8876000000000002
10106300,104,4,5,20,282,2.1088999999999998
10106301,51,2,4,11,173,1.1124
10106302,69,3,5,16,181,1.7603
10106303,91,4,5,20,233,2.0043
10106304,42,2,4,11,96,1.0851000000000002
10106305,70,3,5,16,166,1.7518000000000002
10106306,95,4,5,20,259,2.0399000000000003
10106307,40,2,4,11,228,1.0963
10106308,66,3,5,16,225,1.7257000000000002
10106309,93,4,5,20,251,2.0523
10106310,48,2,4,11,143,1.1092
10106311,73,3,5,16,210,1.9175000000000002
10106312,101,4,5,20,210,2.1183
10106313,54,2,4,11,160,1.1433
10106314,65,3,5,16,209,1.7208
10106315,88,4,5,20,242,2.1253
10106316,47,2,4,11,122,1.0512
10106317,71,3,5,16,150,1.7316
10106318,107,4,5,20,223,2.0921
10106319,51,2,4,11,151,1.1396000000000002
10106320,68,3,5,16,177,1.7300000000000002
10106321,93,4,5,20,238,2.0749
10106322,48,2,4,11,160,1.1311000000000002
10106323,78,3,5,16,151,1.7526000000000002
10106324,89,4,5,20,241,2.1130000000000004
10106325,40,2,4,11,170,1.1082
10106326,64,3,5,16,188,1.7044
10106327,87,4,5,20,245,2.0509
10106328,41,2,4,11,173,1.0875000000000001
10106329,85,3,5,16,203,1.861
10106330,93,4,5,20,228,2.1424
10106331,42,2,4,11,205,1.0792
10106332,73,3,5,16,210,1.8098
10106333,104,4,5,20,220,2.1426000000000003
10106334,55,2,4,11,191,1.1651
10106335,70,3,5,16,201,1.7454
10106336,89,4,5,20,316,2.0702000000000003
10106337,41,2,4,11,241,1.0698
10106338,85,3,5,16,238,1.8401
10106339,100,4,5,20,229,2.0954
10106340,36,2,4,11,203,1.0556
10106341,73,3,5,16,181,1.752
10106342,91,4,5,20,258,2.0128
10106343,55,2,4,11,146,1.1660000000000001
10106344,75,3,5,16,213,1.8043000000000002
10106345,91,4,5,20,182,1.986
10106346,44,2,4,11,155,1.0751000000000002
10106347,71,3,5,16,216,1.7988000000000002
10106348,91,4,5,20,282,2.0846000000000005
10106349,51,2,4,11,157,1.1609
10106350,75,3,5,16,170,2.2911
10106351,99,4,5,20,242,2.1042
10106352,51,2,4,11,151,1.1209
10106353,75,3,5,16,168,1.7326000000000001
10106354,113,4,5,20,291,2.1412000000000004
10106355,42,2,4,11,154,1.0646
10106356,61,3,5,16,245,1.7821
10106357,93,4,5,20,273,2.1113
10106358,53,2,4,11,171,1.0859
10106359,70,3,5,16,275,1.7970000000000002
10106360,93,4,5,20,197,2.0019
10106361,58,2,4,11,175,1.1329
10106362,67,3,5,16,198,1.6982000000000002
10106363,88,4,5,20,268,2.1242
10106364,48,2,4,11,159,1.0889
10106365,70,3,5,16,146,1.7594
10106366,105,4,5,20,291,2.0726
10106367,44,2,4,11,123,1.0886
10106368,66,3,5,16,188,1.7566000000000002
10106369,103,4,5,20,205,2.1099
10106370,44,2,4,11,145,1.1059
10106371,64,3,5,16,228,1.6849
10106372,101,4,5,20,202,2.1532
10106373,51,2,4,11,122,1.1186
10106374,75,3,5,16,189,1.7511
10106375,101,4,5,20,232,2.2059
10106376,41,2,4,11,176,1.0623
10106377,66,3,5,16,191,1.7451
10106378,91,4,5,20,210,2.0202
10106379,63,2,4,11,159,1.1734
10106380,70,3,5,16,142,1.6932000000000003
10106381,89,4,5,20,258,2.1372
10106382,46,2,4,11,184,1.0953
10106383,78,3,5,16,207,1.7763000000000002
10106384,90,4,5,20,271,2.0861
10106385,50,2,4,11,126,1.0941
10106386,77,3,5,16,205,1.7741
10106387,109,4,5,20,270,2.0935
10106388,49,2,4,11,138,1.1004
10106389,87,3,5,16,173,1.8075
10106390,93,4,5,20,203,1.9902000000000002
10106391,55,2,4,11,141,1.1449
10106392,67,3,5,16,208,1.7036000000000002
10106393,94,4,5,20,238,2.0668
10106394,52,2,4,11,130,1.0726000000000002
10106395,60,3,5,16,235,1.7109
10106396,98,4,5,20,247,2.0540000000000003
10106397,44,2,4,11,169,1.0710000000000002
10106398,76,3,5,16,253,1.7598000000000003
10106399,110,4,5,20,221,2.1424
10106400,46,2,4,11,183,1.1001
10106401,79,3,5,16,158,1.8143
10106402,117,4,5,20,213,2.0721000000000003
10106403,44,2,4,11,121,1.0743
10106404,67,3,5,16,226,1.7749000000000001
10106405,93,4,5,20,303,2.0638
10106406,47,2,4,11,134,1.1092
10106407,70,3,5,16,203,1.9298000000000002
10106408,94,4,5,20,181,2.042
10106409,45,2,4,11,166,1.1361999999999999
10106410,74,3,5,16,218,1.7482000000000002
10106411,91,4,5,20,242,3.0503
10106412,44,2,4,11,165,1.6664
10106413,79,3,5,16,186,1.7948
10106414,99,4,5,20,247,2.1069999999999998
10106415,40,2,4,11,215,1.6999
10106416,81,3,5,16,159,1.7661
10106417,98,4,5,20,220,2.0649
10106418,42,2,4,11,170,1.0710000000000002
10106419,63,3,5,16,170,1.7173000000000003
10106420,94,4,5,20,294,2.0554
10106421,50,2,4,11,170,1.0704
10106422,77,3,5,16,220,1.6932000000000003
10106423,86,4,5,20,278,2.0476
10106424,53,2,4,11,134,1.3234000000000001
10106425,60,3,5,16,228,1.7061000000000002
10106426,107,4,5,20,224,2.1294
10106427,41,2,4,11,130,1.0877000000000001
10106428,68,3,5,16,196,1.7773
10106429,99,4,5,20,273,2.2272
10106430,46,2,4,11,175,1.1003
10106431,74,3,5,16,218,1.8129000000000002
10106432,105,4,5,20,242,2.0865000000000005
10106433,43,2,4,11,210,1.1074000000000002
10106434,79,3,5,16,182,1.7372
10106435,94,4,5,20,230,2.0448000000000004
10106436,59,2,4,11,153,1.1389
10106437,69,3,5,16,223,1.845
10106438,91,4,5,20,250,2.0592
10106439,45,2,4,11,176,1.106
10106440,68,3,5,16,240,1.7382
10106441,100,4,5,20,233,2.0772
10106442,41,2,4,11,151,1.1107
10106443,64,3,5,16,219,1.7311
10106444,103,4,5,20,175,2.0713000000000004
10106445,42,2,4,11,213,1.075
10106446,85,3,5,16,250,1.8446
10106447,95,4,5,20,227,2.0253
10106448,46,2,4,11,131,1.0668000000000002
10106449,69,3,5,16,181,1.6805
10106450,101,4,5,20,311,2.127
10106451,56,2,4,11,130,1.1228
10106452,66,3,5,16,247,1.6797000000000002
10106453,80,4,5,20,238,1.9617000000000002
10106454,42,2,4,11,160,1.0753000000000001
10106455,71,3,5,16,149,1.7196000000000002
10106456,87,4,5,20,291,1.954
10106457,54,2,4,11,180,1.1417000000000002
10106458,72,3,5,16,216,2.941
10106459,94,4,5,20,228,2.0640000000000005
10106460,44,2,4,11,166,1.1231000000000002
10106461,67,3,5,16,184,1.7248
10106462,96,4,5,20,259,2.022
10106463,46,2,4,11,140,1.0686
10106464,82,3,5,16,215,1.8104000000000002
10106465,94,4,5,20,192,2.0146
10106466,55,2,4,11,99,1.1044000000000003
10106467,67,3,5,16,186,1.7968000000000002
10106468,94,4,5,20,216,2.1814
10106469,42,2,4,11,144,1.0512
10106470,68,3,5,16,211,1.7779
10106471,94,4,5,20,291,2.0932
10106472,43,2,4,11,154,1.0919
10106473,78,3,5,16,190,1.9435000000000002
10106474,103,4,5,20,214,2.0714
10106475,48,2,4,11,166,1.1250000000000002
10106476,71,3,5,16,250,1.7512
10106477,94,4,5,20,222,2.0409
10106478,45,2,4,11,193,1.0766
10106479,57,3,5,16,248,1.7102
10106480,94,4,5,20,274,2.1363000000000003
10106481,52,2,4,11,140,1.1498000000000002
10106482,65,3,5,16,254,1.7396
10106483,103,4,5,20,248,2.0819
10106484,46,2,4,11,136,1.0701
10106485,75,3,5,16,185,1.8215000000000001
10106486,81,4,5,20,261,1.9586000000000001
10106487,44,2,4,11,183,1.1922
10106488,77,3,5,16,216,1.778
10106489,95,4,5,20,224,2.0893
10106490,53,2,4,11,194,1.1737000000000002
10106491,76,3,5,16,196,1.9032
10106492,84,4,5,20,152,1.9218000000000002
10106493,49,2,4,11,128,1.1768
10106494,64,3,5,16,251,1.7134
10106495,104,4,5,20,219,2.1808
10106496,49,2,4,11,149,1.0932000000000002
10106497,70,3,5,16,255,2.1382000000000003
10106498,102,4,5,20,254,2.069
10106499,46,2,4,11,120,1.1275
10106500,65,3,5,16,164,1.7107
10106501,91,4,5,20,240,1.9986000000000002
10106502,49,2,4,11,110,1.0812
10106503,60,3,5,16,239,1.7077000000000002
10106504,105,4,5,20,195,2.1138000000000003
10106505,42,2,4,11,139,1.0612
10106506,81,3,5,16,186,1.7799
10106507,86,4,5,20,198,2.2741000000000002
10106508,56,2,4,11,144,1.1696
10106509,66,3,5,16,204,1.7489000000000001
10106510,102,4,5,20,268,2.0833000000000004
10106511,47,2,4,11,114,1.0646
10106512,72,3,5,16,177,1.7188
10106513,91,4,5,20,210,2.0265999999999997
10106514,50,2,4,11,120,1.1108
10106515,77,3,5,16,222,1.8169000000000002
10106516,102,4,5,20,242,2.0935
10106517,58,2,4,11,127,1.2478
10106518,67,3,5,16,168,1.7615
10106519,95,4,5,20,184,2.0904000000000003
10106520,57,2,4,11,136,1.1881000000000002
10106521,72,3,5,16,229,1.7407000000000001
10106522,98,4,5,20,210,2.0791
10106523,39,2,4,11,181,1.0734
10106524,58,3,5,16,201,1.711
10106525,98,4,5,20,222,2.0503
10106526,41,2,4,11,174,1.0547
10106527,73,3,5,16,207,1.7786000000000002
10106528,92,4,5,20,208,1.9848000000000001
10106529,51,2,4,11,153,1.1013000000000002
10106530,64,3,5,16,151,1.7335
10106531,102,4,5,20,202,2.1416
10106532,48,2,4,11,168,1.2036
10106533,70,3,5,16,217,1.7214
10106534,100,4,5,20,262,2.2582
10106535,34,2,4,11,183,1.0073
10106536,69,3,5,16,148,1.9965
10106537,102,4,5,20,259,2.0811
10106538,53,2,4,11,139,1.1877
10106539,78,3,5,16,135,1.6851
10106540,97,4,5,20,249,2.0459
10106541,46,2,4,11,174,1.0783
10106542,58,3,5,16,256,1.6744
10106543,86,4,5,20,275,2.0317
10106544,53,2,4,11,140,1.2054
10106545,68,3,5,16,184,1.7434000000000003
10106546,96,4,5,20,256,2.0991
10106547,46,2,4,11,143,1.0921
10106548,72,3,5,16,164,1.7256
10106549,99,4,5,20,269,1.9898000000000002
10106550,45,2,4,11,116,1.077
10106551,78,3,5,16,197,1.8000000000000003
10106552,102,4,5,20,217,1.9984
10106553,38,2,4,11,94,1.0069000000000001
10106554,74,3,5,16,227,1.7458
10106555,97,4,5,20,226,2.1236
10106556,42,2,4,11,110,1.0346000000000002
10106557,68,3,5,16,186,1.7259
10106558,95,4,5,20,204,2.1842
10106559,38,2,4,11,173,1.0821
10106560,77,3,5,16,222,1.7784
10106561,106,4,5,20,198,2.0699
10106562,48,2,4,11,179,1.1199000000000001
10106563,73,3,5,16,225,1.7805000000000002
10106564,93,4,5,20,192,1.9996000000000003
10106565,43,2,4,11,115,1.0915
10106566,80,3,5,16,144,1.8828
10106567,89,4,5,20,286,2.0817
10106568,50,2,4,11,158,1.0787000000000002
10106569,85,3,5,16,215,1.9277
10106570,83,4,5,20,242,1.9998
10106571,40,2,4,11,97,1.1261
10106572,79,3,5,16,285,1.8286
10106573,100,4,5,20,192,2.0577
10106574,49,2,4,11,133,1.0924
10106575,74,3,5,16,189,1.7629000000000001
10106576,104,4,5,20,232,2.3147
10106577,50,2,4,11,122,1.0674000000000001
10106578,64,3,5,16,173,1.7397
10106579,95,4,5,20,200,2.029
10106580,39,2,4,11,147,1.0157
10106581,70,3,5,16,217,1.8581
10106582,94,4,5,20,121,2.0372000000000003
10106583,47,2,4,11,177,1.0598
10106584,74,3,5,16,188,1.7790000000000001
10106585,90,4,5,20,214,2.0905000000000005
10106586,43,2,4,11,122,1.0764000000000002
10106587,65,3,5,16,203,1.7257000000000002
10106588,94,4,5,20,128,1.9709000000000003
10106589,41,2,4,11,144,1.1106
10106590,70,3,5,16,235,1.7805000000000002
10106591,104,4,5,20,203,2.1446
10106592,50,2,4,11,134,1.1193000000000002
10106593,73,3,5,16,147,1.9137000000000002
10106594,91,4,5,20,224,2.0004000000000004
10106595,43,2,4,11,208,1.1646
10106596,80,3,5,16,208,1.7802
10106597,102,4,5,20,229,2.0961
10106598,55,2,4,11,162,1.1618000000000002
10106599,70,3,5,16,198,1.7641000000000002
10106600,98,4,5,20,271,2.0833000000000004
10106601,38,2,4,11,205,1.0730000000000002
10106602,72,3,5,16,301,1.8374000000000001
10106603,88,4,5,20,269,2.0169
10106604,50,2,4,11,122,1.1266000000000003
10106605,67,3,5,16,149,1.7174
10106606,99,4,5,20,303,2.0803000000000003
10106607,47,2,4,11,148,1.087
10106608,77,3,5,16,269,1.9185
10106609,96,4,5,20,301,2.0416000000000003
10106610,42,2,4,11,166,1.0753000000000001
10106611,71,3,5,16,170,1.7608000000000001
10106612,99,4,5,20,239,2.0432
10106613,51,2,4,11,172,1.1107
10106614,72,3,5,16,248,1.8161000000000003
10106615,97,4,5,20,253,2.0413
10106616,50,2,4,11,161,1.1392000000000002
10106617,66,3,5,16,249,1.7261000000000002
10106618,104,4,5,20,242,2.0346
10106619,59,2,4,11,167,1.1192000000000002
10106620,74,3,5,16,211,1.7248
10106621,99,4,5,20,227,2.0255
10106622,41,2,4,11,183,1.0897000000000001
10106623,78,3,5,16,215,1.7836000000000003
10106624,92,4,5,20,297,2.0711000000000004
10106625,32,2,4,11,146,1.0334
10106626,64,3,5,16,207,2.4122000000000003
10106627,95,4,5,20,272,2.0321000000000002
10106628,46,2,4,11,177,1.0883000000000003
10106629,72,3,5,16,168,1.7249
10106630,96,4,5,20,246,2.0864
10106631,44,2,4,11,145,1.0754
10106632,77,3,5,16,221,1.7798000000000003
10106633,104,4,5,20,216,2.0769
10106634,48,2,4,11,157,1.1187
10106635,73,3,5,16,199,1.7156
10106636,89,4,5,20,271,1.9932999999999998
10106637,53,2,4,11,211,1.1714000000000002
10106638,70,3,5,16,184,1.7266
10106639,100,4,5,20,331,2.2157
10106640,43,2,4,11,184,1.0401
10106641,72,3,5,16,220,1.7421000000000002
10106642,109,4,5,20,257,2.1062000000000003
10106643,45,2,4,11,197,1.0734
10106644,69,3,5,16,218,1.7574
10106645,107,4,5,20,240,2.2287
10106646,46,2,4,11,92,1.0966
10106647,72,3,5,16,255,1.7318000000000002
10106648,101,4,5,20,217,2.2436000000000003
10106649,42,2,4,11,154,1.095
10106650,63,3,5,16,264,1.7907000000000002
10106651,104,4,5,20,335,2.0778000000000003
10106652,44,2,4,11,186,1.2312
10106653,63,3,5,16,226,1.6892
10106654,89,4,5,20,239,2.9733000000000005
10106655,51,2,4,11,143,1.6154000000000002
10106656,70,3,5,16,236,1.7732
10106657,103,4,5,20,271,2.0563000000000002
10106658,45,2,4,11,120,1.0519
10106659,80,3,5,16,201,1.7895
10106660,101,4,5,20,201,2.0788
10106661,51,2,4,11,181,1.4543000000000001
10106662,73,3,5,16,184,2.3244000000000002
10106663,104,4,5,20,220,2.0701
10106664,59,2,4,11,144,1.1579000000000002
10106665,78,3,5,16,167,1.7812000000000001
10106666,112,4,5,20,253,2.1165000000000003
10106667,51,2,4,11,136,1.1516
10106668,69,3,5,16,273,1.7842
10106669,102,4,5,20,285,2.0716
10106670,44,2,4,11,136,1.0677
10106671,67,3,5,16,160,1.7472
10106672,96,4,5,20,226,2.0164000000000004
10106673,52,2,4,11,116,1.0956000000000001
10106674,82,3,5,16,208,1.7488
10106675,101,4,5,20,287,2.1034
10106676,51,2,4,11,208,1.1194
10106677,72,3,5,16,168,1.8517000000000001
10106678,98,4,5,20,293,2.0331
10106679,42,2,4,11,165,1.1
10106680,80,3,5,16,162,1.7795
10106681,95,4,5,20,221,2.0460000000000003
10106682,63,2,4,11,149,1.1195000000000002
10106683,66,3,5,16,266,2.4831000000000003
10106684,105,4,5,20,189,2.0521000000000003
10106685,46,2,4,11,117,1.084
10106686,77,3,5,16,172,1.8005
10106687,89,4,5,20,267,1.9874000000000003
10106688,51,2,4,11,149,1.1082
10106689,65,3,5,16,226,1.7892000000000001
10106690,80,4,5,20,274,2.0725000000000002
10106691,44,2,4,11,209,1.0924
10106692,63,3,5,16,226,1.7677
10106693,97,4,5,20,239,2.0313000000000003
10106694,53,2,4,11,169,1.2112000000000003
10106695,70,3,5,16,176,1.7216000000000002
10106696,94,4,5,20,246,3.5466
10106697,47,2,4,11,161,1.1307
10106698,76,3,5,16,146,1.8296000000000001
10106699,102,4,5,20,234,2.0563000000000002
10106700,46,2,4,11,153,1.327
10106701,69,3,5,16,218,1.7295
10106702,87,4,5,20,200,2.0185000000000004
10106703,46,2,4,11,105,1.2105
10106704,71,3,5,16,195,1.7432
10106705,97,4,5,20,181,2.0292
10106706,49,2,4,11,155,1.0988
10106707,80,3,5,16,188,1.7543000000000002
10106708,90,4,5,20,220,2.0559000000000003
10106709,51,2,4,11,199,1.1242
10106710,65,3,5,16,192,1.7195
10106711,112,4,5,20,242,2.1141
10106712,48,2,4,11,187,1.1156
10106713,63,3,5,16,170,1.7005000000000001
10106714,101,4,5,20,291,2.0645
10106715,48,2,4,11,183,1.1196000000000002
10106716,79,3,5,16,190,1.7341000000000002
10106717,98,4,5,20,220,2.092
10106718,45,2,4,11,164,1.095
10106719,69,3,5,16,171,1.7317
10106720,99,4,5,20,180,2.0953
10106721,48,2,4,11,168,1.0668000000000002
10106722,84,3,5,16,237,1.8453
10106723,107,4,5,20,178,2.0432
10106724,44,2,4,11,163,1.0702
10106725,64,3,5,16,188,1.6984000000000001
10106726,90,4,5,20,221,2.0038
10106727,42,2,4,11,110,1.0630000000000002
10106728,64,3,5,16,193,1.9482000000000002
10106729,99,4,5,20,198,2.0404
10106730,48,2,4,11,176,1.1286
10106731,65,3,5,16,215,1.7145000000000001
10106732,90,4,5,20,206,2.0321000000000002
10106733,44,2,4,11,215,1.1136
10106734,74,3,5,16,166,1.7636
10106735,93,4,5,20,169,3.1015
10106736,54,2,4,11,127,1.0934
10106737,76,3,5,16,236,1.7462
10106738,102,4,5,20,237,2.0853
10106739,43,2,4,11,189,1.0681
10106740,74,3,5,16,236,1.843
10106741,107,4,5,20,263,2.7746000000000004
10106742,65,2,4,11,138,1.1413
10106743,73,3,5,16,180,1.7534
10106744,95,4,5,20,206,2.4114
10106745,56,2,4,11,153,1.1135000000000002
10106746,73,3,5,16,146,1.7088
10106747,101,4,5,20,247,2.0882
10106748,43,2,4,11,219,1.1041
10106749,76,3,5,16,176,1.7681
10106750,99,4,5,20,233,2.0398
10106751,46,2,4,11,193,1.0822000000000003
10106752,66,3,5,16,200,1.725
10106753,84,4,5,20,277,2.0617
10106754,45,2,4,11,151,1.093
10106755,69,3,5,16,186,1.7739
10106756,97,4,5,20,222,2.0045
10106757,34,2,4,11,164,0.9982000000000001
10106758,79,3,5,16,171,1.6907
10106759,94,4,5,20,251,2.0203
10106760,42,2,4,11,152,1.0837
10106761,66,3,5,16,279,1.7149
10106762,96,4,5,20,234,2.0262000000000002
10106763,46,2,4,11,216,1.1643000000000001
10106764,80,3,5,16,196,1.7882000000000002
10106765,103,4,5,20,150,2.0205
10106766,44,2,4,11,88,1.1081
10106767,79,3,5,16,239,2.8228000000000004
10106768,86,4,5,20,172,1.9989999999999999
10106769,42,2,4,11,96,1.1385
10106770,77,3,5,16,184,1.7542
10106771,107,4,5,20,242,2.1144000000000003
10106772,50,2,4,11,175,1.0812
10106773,61,3,5,16,228,1.8218
10106774,106,4,5,20,204,2.0765000000000002
10106775,47,2,4,11,134,1.1395000000000002
10106776,65,3,5,16,156,1.6935000000000002
10106777,106,4,5,20,247,3.1879
10106778,50,2,4,11,124,1.1304
10106779,63,3,5,16,191,1.7372
10106780,101,4,5,20,285,2.2042
10106781,49,2,4,11,140,1.1179000000000001
10106782,75,3,5,16,195,1.7764
10106783,86,4,5,20,240,2.0172000000000003
10106784,46,2,4,11,153,1.0952000000000002
10106785,74,3,5,16,213,1.7423
10106786,98,4,5,20,220,2.0035000000000003
10106787,41,2,4,11,163,1.0337
10106788,84,3,5,16,190,1.778
10106789,101,4,5,20,254,2.1191
10106790,42,2,4,11,162,1.0949
10106791,76,3,5,16,219,1.8417000000000001
10106792,93,4,5,20,197,2.0002
10106793,54,2,4,11,156,1.8281
10106794,74,3,5,16,182,1.8167
10106795,101,4,5,20,263,2.1016000000000004
10106796,46,2,4,11,106,1.1218000000000001
10106797,85,3,5,16,211,1.8195000000000001
10106798,98,4,5,20,154,2.0947999999999998
10106799,50,2,4,11,186,1.139
10106800,72,3,5,16,279,1.7491
10106801,104,4,5,20,204,2.0863
10106802,51,2,4,11,121,1.0796000000000001
10106803,82,3,5,16,158,1.8309000000000002
10106804,100,4,5,20,247,2.0769
10106805,50,2,4,11,172,1.1125
10106806,71,3,5,16,175,1.7311
10106807,86,4,5,20,321,2.2947
10106808,53,2,4,11,182,1.1761
10106809,70,3,5,16,177,1.6965000000000001
10106810,87,4,5,20,327,2.0451
10106811,49,2,4,11,155,1.072
10106812,77,3,5,16,208,1.7564000000000002
10106813,104,4,5,20,273,2.0499000000000005
10106814,45,2,4,11,150,1.1521000000000001
10106815,86,3,5,16,144,1.7304000000000002
10106816,98,4,5,20,153,2.0043
10106817,47,2,4,11,179,1.105
10106818,85,3,5,16,208,1.8055
10106819,99,4,5,20,313,2.1050999999999997
10106820,51,2,4,11,146,1.1274
10106821,68,3,5,16,269,1.7748000000000002
10106822,90,4,5,20,262,2.0408
10106823,50,2,4,11,177,1.0765
10106824,75,3,5,16,242,1.7737
10106825,99,4,5,20,286,2.0499000000000005
10106826,50,2,4,11,165,1.0951000000000002
10106827,62,3,5,16,257,1.6995
10106828,99,4,5,20,205,2.011
10106829,49,2,4,11,184,1.0893000000000002
10106830,71,3,5,16,235,1.7730000000000001
10106831,101,4,5,20,217,2.0931
10106832,41,2,4,11,164,1.0858
10106833,72,3,5,16,195,1.7346000000000001
10106834,97,4,5,20,201,2.0663
10106835,39,2,4,11,178,1.0593
10106836,71,3,5,16,221,2.7452
10106837,93,4,5,20,295,2.0082
10106838,34,2,4,11,143,1.0194
10106839,77,3,5,16,233,1.8182
10106840,98,4,5,20,219,2.0558
10106841,47,2,4,11,119,1.0758
10106842,73,3,5,16,181,1.7486000000000002
10106843,108,4,5,20,166,2.0926
10106844,41,2,4,11,122,1.1112000000000002
10106845,68,3,5,16,198,1.7102
10106846,103,4,5,20,253,2.2436000000000003
10106847,47,2,4,11,154,1.0978
10106848,67,3,5,16,239,1.794
10106849,90,4,5,20,258,2.0253
10106850,54,2,4,11,174,1.113
10106851,70,3,5,16,184,1.7198
10106852,98,4,5,20,203,2.0936000000000003
10106853,49,2,4,11,206,1.0848000000000002
10106854,65,3,5,16,256,1.7463000000000002
10106855,100,4,5,20,197,2.0584000000000002
10106856,43,2,4,11,201,1.1311000000000002
10106857,61,3,5,16,252,1.6858000000000002
10106858,96,4,5,20,214,2.1937
10106859,55,2,4,11,168,1.1403999999999999
10106860,77,3,5,16,176,1.8181
10106861,90,4,5,20,157,1.9834000000000003
10106862,51,2,4,11,135,1.1705
10106863,76,3,5,16,223,1.7720000000000002
10106864,100,4,5,20,246,2.1144000000000003
10106865,51,2,4,11,98,1.0991
10106866,74,3,5,16,237,1.7380000000000002
10106867,95,4,5,20,252,2.0201
10106868,50,2,4,11,177,1.1256
10106869,71,3,5,16,242,1.7996
10106870,98,4,5,20,269,2.1103
10106871,46,2,4,11,133,1.0455
10106872,71,3,5,16,188,1.8236
10106873,99,4,5,20,283,2.0572
10106874,44,2,4,11,153,1.0688
10106875,73,3,5,16,195,1.7168
10106876,108,4,5,20,180,2.0613
10106877,46,2,4,11,105,1.072
10106878,75,3,5,16,163,1.7284000000000002
10106879,97,4,5,20,219,1.9994
10106880,60,2,4,11,160,1.1540000000000001
10106881,78,3,5,16,178,1.7734
10106882,87,4,5,20,284,2.0556
10106883,56,2,4,11,186,1.1152
10106884,76,3,5,16,138,1.7665
10106885,93,4,5,20,220,2.2522
10106886,51,2,4,11,171,1.1473
10106887,78,3,5,16,149,1.7737
10106888,94,4,5,20,253,2.0542
10106889,43,2,4,11,113,1.0426
10106890,75,3,5,16,204,1.7833
10106891,96,4,5,20,264,2.0961
10106892,44,2,4,11,162,1.0668000000000002
10106893,85,3,5,16,150,1.8093
10106894,105,4,5,20,300,2.2085
10106895,47,2,4,11,163,1.1537000000000002
10106896,74,3,5,16,278,1.7966000000000002
10106897,93,4,5,20,242,2.0210000000000004
10106898,45,2,4,11,166,1.0907
10106899,76,3,5,16,191,1.7768
10106900,91,4,5,20,318,2.0966
10106901,47,2,4,11,187,1.2161000000000002
10106902,65,3,5,16,227,1.7534
10106903,98,4,5,20,178,2.0484
10106904,49,2,4,11,222,1.108
10106905,67,3,5,16,264,1.8292
10106906,94,4,5,20,222,2.2135000000000002
10106907,47,2,4,11,189,1.1541000000000001
10106908,78,3,5,16,223,1.7957
10106909,109,4,5,20,264,2.1130000000000004
10106910,52,2,4,11,181,1.1058000000000001
10106911,74,3,5,16,199,1.9707000000000001
10106912,101,4,5,20,238,2.1046000000000005
10106913,42,2,4,11,128,1.1003
10106914,87,3,5,16,143,1.7297
10106915,93,4,5,20,194,2.1138000000000003
10106916,52,2,4,11,156,1.1384
10106917,73,3,5,16,216,1.7418000000000002
10106918,96,4,5,20,277,2.0435000000000003
10106919,44,2,4,11,117,1.0413
10106920,78,3,5,16,205,1.7587000000000002
10106921,92,4,5,20,212,2.0106
10106922,50,2,4,11,205,1.113
10106923,78,3,5,16,184,1.7552
10106924,106,4,5,20,248,2.0916
10106925,42,2,4,11,122,1.0322
10106926,68,3,5,16,200,1.7299000000000002
10106927,107,4,5,20,297,2.0538000000000003
10106928,49,2,4,11,137,1.0881
10106929,78,3,5,16,240,1.7769000000000001
10106930,84,4,5,20,336,1.9896000000000003
10106931,40,2,4,11,149,1.0558
10106932,67,3,5,16,213,1.7763000000000002
10106933,101,4,5,20,227,2.0343
10106934,50,2,4,11,139,1.1448
10106935,85,3,5,16,259,1.866
10106936,90,4,5,20,269,1.9818000000000002
10106937,45,2,4,11,87,1.0691000000000002
10106938,70,3,5,16,269,1.7388000000000001
10106939,102,4,5,20,221,2.0894
10106940,47,2,4,11,137,1.0661000000000003
10106941,75,3,5,16,162,1.7742
10106942,87,4,5,20,277,2.1079000000000003
10106943,44,2,4,11,137,1.0578
10106944,75,3,5,16,231,1.7423
10106945,92,4,5,20,272,2.0349
10106946,51,2,4,11,167,1.0741
10106947,66,3,5,16,189,1.6542000000000001
10106948,107,4,5,20,236,2.5739
10106949,55,2,4,11,187,1.1084
10106950,64,3,5,16,191,1.9025
10106951,91,4,5,20,183,2.0899
10106952,45,2,4,11,163,1.0862
10106953,69,3,5,16,168,1.6763000000000001
10106954,96,4,5,20,290,2.0457
10106955,50,2,4,11,210,1.1392000000000002
10106956,66,3,5,16,140,1.6807
10106957,98,4,5,20,223,2.0295
10106958,44,2,4,11,214,1.0643
10106959,80,3,5,16,235,1.8427
10106960,95,4,5,20,203,2.0103
10106961,39,2,4,11,193,1.1009000000000002
10106962,75,3,5,16,248,1.7743000000000002
10106963,99,4,5,20,177,2.0318000000000005
10106964,51,2,4,11,114,1.085
10106965,76,3,5,16,148,1.9071
10106966,88,4,5,20,214,2.0207
10106967,49,2,4,11,167,1.3427
10106968,73,3,5,16,174,1.7515
10106969,97,4,5,20,277,2.0536
10106970,47,2,4,11,132,1.0889
10106971,63,3,5,16,266,1.6711
10106972,96,4,5,20,158,2.003
10106973,50,2,4,11,126,1.1112000000000002
10106974,77,3,5,16,234,2.1077
10106975,80,4,5,20,236,1.9769
10106976,35,2,4,11,177,1.0438
10106977,68,3,5,16,242,1.7599
10106978,121,4,5,20,204,2.1503
10106979,54,2,4,11,185,1.0847
10106980,75,3,5,16,194,1.7265000000000001
10106981,97,4,5,20,226,2.0831
10106982,37,2,4,11,122,1.0395
10106983,74,3,5,16,242,1.8122
10106984,86,4,5,20,234,2.0454000000000003
10106985,50,2,4,11,140,1.0791000000000002
10106986,68,3,5,16,227,1.7467000000000001
10106987,115,4,5,20,313,2.1335
10106988,49,2,4,11,160,1.1052
10106989,72,3,5,16,176,1.7516
10106990,88,4,5,20,258,2.0329
10106991,57,2,4,11,132,1.2382
10106992,75,3,5,16,181,1.724
10106993,85,4,5,20,211,1.9862
10106994,45,2,4,11,136,1.1309
10106995,73,3,5,16,191,1.7795
10106996,93,4,5,20,251,2.0363
10106997,51,2,4,11,108,1.1051000000000002
10106998,74,3,5,16,232,1.7211
10106999,91,4,5,20,207,2.0002
10107000,44,2,4,11,120,1.0943
10107001,67,3,5,16,258,1.7385
10107002,98,4,5,20,289,2.0774
10107003,50,2,4,11,125,1.1070000000000002
10107004,69,3,5,16,248,1.7453000000000003
10107005,91,4,5,20,252,2.0050000000000003
10107006,49,2,4,11,158,1.1054000000000002
10107007,73,3,5,16,233,1.8079
10107008,104,4,5,20,242,2.0914
10107009,56,2,4,11,156,1.1129
10107010,69,3,5,16,265,1.762
10107011,95,4,5,20,239,1.9647000000000001
10107012,53,2,4,11,170,1.1789
10107013,80,3,5,16,203,1.8073000000000001
10107014,91,4,5,20,259,2.0709999999999997
10107015,48,2,4,11,146,1.0989
10107016,68,3,5,16,172,1.7276000000000002
10107017,97,4,5,20,228,2.0659
10107018,46,2,4,11,177,1.0970000000000002
10107019,82,3,5,16,237,1.8392
10107020,96,4,5,20,286,2.0215
10107021,49,2,4,11,175,1.0967000000000002
10107022,74,3,5,16,194,1.7635
10107023,89,4,5,20,214,2.9865
10107024,52,2,4,11,108,1.1001
10107025,69,3,5,16,188,1.7142000000000002
10107026,76,4,5,20,226,1.9498
10107027,44,2,4,11,138,1.068
10107028,78,3,5,16,136,1.8564
10107029,107,4,5,20,186,2.0439
10107030,46,2,4,11,164,1.0797
10107031,68,3,5,16,142,1.6881000000000002
10107032,93,4,5,20,196,2.356
10107033,36,2,4,11,139,1.0317
10107034,78,3,5,16,237,1.7813
10107035,89,4,5,20,188,2.0377
10107036,46,2,4,11,156,1.0562
10107037,83,3,5,16,297,1.8377000000000001
10107038,104,4,5,20,217,2.0818
10107039,41,2,4,11,109,1.0445
10107040,77,3,5,16,188,1.7651000000000001
10107041,91,4,5,20,182,2.0494000000000003
10107042,42,2,4,11,146,1.1609
10107043,72,3,5,16,267,1.8317
10107044,87,4,5,20,214,1.9929000000000001
10107045,45,2,4,11,165,1.1001
10107046,75,3,5,16,221,1.7256
10107047,99,4,5,20,240,2.0511
10107048,38,2,4,11,113,1.0469000000000002
10107049,72,3,5,16,258,1.8381
10107050,100,4,5,20,261,2.0584000000000002
10107051,40,2,4,11,165,1.0306
10107052,68,3,5,16,229,1.7278
10107053,109,4,5,20,280,2.1927000000000003
10107054,58,2,4,11,109,1.1448
10107055,73,3,5,16,189,1.7843000000000002
10107056,96,4,5,20,194,2.0592
10107057,50,2,4,11,134,1.1233
10107058,66,3,5,16,254,1.7138000000000002
10107059,105,4,5,20,180,2.1059
10107060,40,2,4,11,165,1.0332
10107061,71,3,5,16,237,1.8495
10107062,99,4,5,20,298,2.0464
10107063,44,2,4,11,136,1.0751000000000002
10107064,81,3,5,16,198,1.7422000000000002
10107065,94,4,5,20,187,2.0054
10107066,46,2,4,11,189,1.0759
10107067,74,3,5,16,192,1.8562
10107068,100,4,5,20,178,2.0418000000000003
10107069,40,2,4,11,128,1.0467
10107070,74,3,5,16,215,2.1304000000000003
10107071,104,4,5,20,186,2.123
10107072,43,2,4,11,158,1.0678
10107073,72,3,5,16,278,1.7856
10107074,91,4,5,20,222,1.9790000000000003
10107075,46,2,4,11,140,1.1442
10107076,66,3,5,16,209,1.7065000000000001
10107077,97,4,5,20,233,2.0621000000000005
10107078,46,2,4,11,158,1.0901
10107079,75,3,5,16,238,1.8134000000000001
10107080,90,4,5,20,221,2.0296000000000003
10107081,45,2,4,11,177,1.1015000000000001
10107082,77,3,5,16,202,1.806
10107083,107,4,5,20,224,2.0668
10107084,42,2,4,11,106,1.0644
10107085,65,3,5,16,186,1.7658
10107086,102,4,5,20,257,2.0764
10107087,48,2,4,11,179,1.1090000000000002
10107088,66,3,5,16,181,1.7332
10107089,106,4,5,20,243,2.072
10107090,53,2,4,11,160,1.1442
10107091,66,3,5,16,255,1.6868
10107092,93,4,5,20,293,2.0533
10107093,50,2,4,11,150,1.137
10107094,83,3,5,16,217,1.9051
10107095,92,4,5,20,266,2.0276
10107096,46,2,4,11,166,1.1203
10107097,60,3,5,16,202,1.6820000000000002
10107098,99,4,5,20,248,2.0336
10107099,50,2,4,11,127,1.1259
10107100,77,3,5,16,235,1.7876
10107101,98,4,5,20,247,2.0379
10107102,55,2,4,11,84,1.1211
10107103,78,3,5,16,198,1.8552000000000002
10107104,92,4,5,20,198,2.0525
10107105,56,2,4,11,145,1.1593
10107106,73,3,5,16,255,1.8161000000000003
10107107,100,4,5,20,170,2.8665000000000003
10107108,49,2,4,11,96,1.0964
10107109,74,3,5,16,166,1.7507000000000001
10107110,112,4,5,20,187,2.0832
10107111,56,2,4,11,171,1.1134000000000002
10107112,68,3,5,16,190,1.7243
10107113,102,4,5,20,256,2.0799
10107114,49,2,4,11,158,1.1078000000000001
10107115,74,3,5,16,187,1.7379000000000002
10107116,101,4,5,20,311,2.0322
10107117,46,2,4,11,188,1.1005
10107118,68,3,5,16,182,1.7631000000000001
10107119,114,4,5,20,202,2.1527
10107120,59,2,4,11,168,1.1924000000000001
10107121,75,3,5,16,164,1.7985000000000002
10107122,87,4,5,20,248,2.0187
10107123,41,2,4,11,165,1.0591000000000002
10107124,72,3,5,16,219,1.814
10107125,100,4,5,20,234,2.1011
10107126,46,2,4,11,192,1.1061
10107127,81,3,5,16,164,1.8039000000000003
10107128,90,4,5,20,170,1.9954
10107129,43,2,4,11,136,1.0638
10107130,77,3,5,16,246,1.7427
10107131,106,4,5,20,264,2.1532
10107132,49,2,4,11,142,1.1222
10107133,70,3,5,16,250,1.7215000000000003
10107134,91,4,5,20,158,2.0326000000000004
10107135,49,2,4,11,99,1.1266000000000003
10107136,62,3,5,16,231,1.6982000000000002
10107137,98,4,5,20,246,2.1331
10107138,53,2,4,11,94,1.0815
10107139,60,3,5,16,251,1.719
10107140,96,4,5,20,189,1.99
10107141,53,2,4,11,191,1.1835
10107142,77,3,5,16,270,1.7163
10107143,92,4,5,20,229,2.8006
10107144,42,2,4,11,151,1.0879
10107145,60,3,5,16,285,2.0781
10107146,97,4,5,20,310,2.1281
10107147,44,2,4,11,217,1.2394
10107148,70,3,5,16,178,1.7324
10107149,100,4,5,20,225,2.0355
10107150,44,2,4,11,150,1.0597
10107151,70,3,5,16,183,1.7662000000000002
10107152,94,4,5,20,254,2.033
10107153,39,2,4,11,141,1.0348
10107154,67,3,5,16,261,1.7181000000000002
10107155,99,4,5,20,219,2.1101
10107156,59,2,4,11,114,1.1288
10107157,73,3,5,16,220,1.7100000000000002
10107158,115,4,5,20,174,2.0776000000000003
10107159,44,2,4,11,212,1.9162000000000001
10107160,82,3,5,16,195,1.8649
10107161,102,4,5,20,242,2.1651000000000002
10107162,56,2,4,11,128,1.1456000000000002
10107163,72,3,5,16,224,1.7171
10107164,99,4,5,20,265,2.0844
10107165,48,2,4,11,113,1.1167
10107166,74,3,5,16,233,1.7865000000000002
10107167,99,4,5,20,198,3.5459
10107168,52,2,4,11,157,1.1388
10107169,73,3,5,16,227,1.8848
10107170,90,4,5,20,244,2.0598
10107171,49,2,4,11,175,1.193
10107172,69,3,5,16,263,1.7858
10107173,89,4,5,20,245,2.0579
10107174,52,2,4,11,197,1.1382
10107175,79,3,5,16,243,1.8006
10107176,94,4,5,20,266,2.0367
10107177,53,2,4,11,143,1.0730000000000002
10107178,83,3,5,16,172,1.8585
10107179,96,4,5,20,302,2.0111
10107180,50,2,4,11,168,1.1183
10107181,74,3,5,16,179,1.7744000000000002
10107182,82,4,5,20,208,1.9932999999999998
10107183,53,2,4,11,200,1.1642
10107184,84,3,5,16,265,1.8590000000000002
10107185,111,4,5,20,228,2.1894
10107186,57,2,4,11,197,1.1202
10107187,69,3,5,16,205,1.7794000000000003
10107188,105,4,5,20,236,2.0697
10107189,50,2,4,11,190,1.1254000000000002
10107190,75,3,5,16,251,1.7574
10107191,95,4,5,20,224,2.0339
10107192,44,2,4,11,164,1.0911
10107193,74,3,5,16,135,1.7472
10107194,102,4,5,20,254,2.0912
10107195,51,2,4,11,181,1.1023
10107196,64,3,5,16,218,1.6504
10107197,90,4,5,20,270,1.9949
10107198,42,2,4,11,210,1.0968
10107199,69,3,5,16,222,1.7741
10107200,89,4,5,20,255,2.5516
10107201,45,2,4,11,145,1.1031000000000002
10107202,74,3,5,16,197,1.7452
10107203,100,4,5,20,230,2.0212000000000003
10107204,53,2,4,11,160,1.0655000000000001
10107205,63,3,5,16,272,1.8261000000000003
10107206,98,4,5,20,287,2.1103
10107207,50,2,4,11,166,1.1249
10107208,80,3,5,16,221,1.9542000000000002
10107209,96,4,5,20,252,2.0766
10107210,47,2,4,11,176,1.2034
10107211,67,3,5,16,184,1.7549000000000001
10107212,73,4,5,20,297,2.0308
10107213,45,2,4,11,135,2.2388
10107214,77,3,5,16,214,1.7731000000000001
10107215,108,4,5,20,253,2.0824000000000003
10107216,47,2,4,11,149,1.0741
10107217,72,3,5,16,238,1.7589000000000001
10107218,105,4,5,20,191,2.0346
10107219,54,2,4,11,114,1.1177000000000001
10107220,72,3,5,16,264,1.7373000000000003
10107221,102,4,5,20,162,2.1682
10107222,51,2,4,11,140,1.0689
10107223,69,3,5,16,215,1.7368000000000001
10107224,85,4,5,20,206,2.0224
10107225,48,2,4,11,177,1.1104
10107226,65,3,5,16,164,1.7720000000000002
10107227,91,4,5,20,218,2.1011
10107228,47,2,4,11,158,1.0785
10107229,64,3,5,16,191,1.7217
10107230,105,4,5,20,237,2.9717000000000002
10107231,49,2,4,11,125,1.0614000000000001
10107232,73,3,5,16,154,2.1478
10107233,90,4,5,20,228,2.0132000000000003
10107234,43,2,4,11,151,1.0702
10107235,72,3,5,16,252,1.7391
10107236,88,4,5,20,220,2.1164
10107237,46,2,4,11,132,1.0826
10107238,71,3,5,16,198,1.6918
10107239,94,4,5,20,227,2.0642
10107240,52,2,4,11,160,1.0956000000000001
10107241,72,3,5,16,260,1.7567000000000002
10107242,98,4,5,20,262,2.1057
10107243,40,2,4,11,124,1.0514000000000001
10107244,83,3,5,16,204,1.8479
10107245,79,4,5,20,244,2.0148
10107246,40,2,4,11,162,1.0668000000000002
10107247,80,3,5,16,175,1.7531
10107248,106,4,5,20,261,2.0398
10107249,40,2,4,11,205,1.0393000000000001
10107250,74,3,5,16,209,1.7588000000000001
10107251,94,4,5,20,224,2.0923000000000003
10107252,48,2,4,11,195,1.1136
10107253,72,3,5,16,153,1.7394
10107254,100,4,5,20,219,2.0792
10107255,44,2,4,11,190,1.1055000000000001
10107256,74,3,5,16,181,1.7645
10107257,98,4,5,20,305,2.0699
10107258,50,2,4,11,124,1.8878
10107259,67,3,5,16,245,1.7433
10107260,112,4,5,20,221,2.1427
10107261,45,2,4,11,170,1.0779
10107262,79,3,5,16,187,1.7585000000000002
10107263,88,4,5,20,196,1.9803
10107264,37,2,4,11,134,1.0391000000000001
10107265,63,3,5,16,188,1.6887
10107266,100,4,5,20,244,2.0655
10107267,43,2,4,11,225,1.5627000000000002
10107268,78,3,5,16,184,1.9289
10107269,105,4,5,20,240,2.0867
10107270,39,2,4,11,163,1.1424
10107271,64,3,5,16,201,1.6782000000000001
10107272,90,4,5,20,179,2.1334
10107273,47,2,4,11,162,1.0717
10107274,76,3,5,16,180,1.7383000000000002
10107275,93,4,5,20,239,2.0762
10107276,48,2,4,11,160,1.124
10107277,75,3,5,16,261,1.9204
10107278,90,4,5,20,268,2.0628
10107279,46,2,4,11,116,1.1137
10107280,77,3,5,16,207,2.5935
10107281,105,4,5,20,264,2.098
10107282,45,2,4,11,203,1.0865
10107283,69,3,5,16,205,1.7552
10107284,98,4,5,20,260,2.0768
10107285,33,2,4,11,178,1.0284
10107286,67,3,5,16,184,1.7062000000000002
10107287,95,4,5,20,297,2.0103
10107288,47,2,4,11,189,1.1053
10107289,69,3,5,16,164,1.8626
10107290,96,4,5,20,236,2.0112
10107291,51,2,4,11,161,1.0721
10107292,82,3,5,16,289,1.8482
10107293,96,4,5,20,215,2.1119000000000003
10107294,47,2,4,11,167,1.0749000000000002
10107295,82,3,5,16,176,1.8166
10107296,107,4,5,20,200,2.0804
10107297,47,2,4,11,108,1.1206
10107298,68,3,5,16,218,1.7427
10107299,96,4,5,20,254,2.1199
10107300,50,2,4,11,177,1.1378
10107301,68,3,5,16,183,1.7397
10107302,106,4,5,20,280,2.2083000000000004
10107303,45,2,4,11,151,1.1029
10107304,70,3,5,16,130,1.7229
10107305,94,4,5,20,264,2.0268
10107306,50,2,4,11,122,1.0608
10107307,73,3,5,16,180,1.7586000000000002
10107308,95,4,5,20,229,2.0985
10107309,45,2,4,11,145,1.0924
10107310,76,3,5,16,204,1.7226000000000001
10107311,100,4,5,20,299,2.0643000000000002
10107312,46,2,4,11,163,1.1034
10107313,70,3,5,16,158,1.7632
10107314,110,4,5,20,251,2.0647
10107315,55,2,4,11,183,1.1267
10107316,81,3,5,16,128,2.3086
10107317,98,4,5,20,202,2.0383000000000004
10107318,46,2,4,11,185,1.1148
10107319,78,3,5,16,304,1.7752000000000001
10107320,105,4,5,20,300,2.1326
10107321,46,2,4,11,157,1.0658
10107322,75,3,5,16,233,1.7835
10107323,98,4,5,20,218,2.0514
10107324,51,2,4,11,181,1.1122
10107325,79,3,5,16,198,1.7379000000000002
10107326,96,4,5,20,231,2.0874
10107327,37,2,4,11,193,1.0550000000000002
10107328,71,3,5,16,222,1.7203000000000002
10107329,99,4,5,20,302,2.0745
10107330,48,2,4,11,183,1.1248
10107331,61,3,5,16,194,1.7155
10107332,121,4,5,20,246,2.2754000000000003
10107333,46,2,4,11,123,1.0654
10107334,80,3,5,16,205,1.7249
10107335,101,4,5,20,192,2.0455
10107336,45,2,4,11,114,1.0785
10107337,65,3,5,16,190,1.7064000000000001
10107338,90,4,5,20,246,1.9695000000000003
10107339,44,2,4,11,154,1.0816000000000001
10107340,77,3,5,16,184,1.7802
10107341,103,4,5,20,279,2.0442
10107342,52,2,4,11,130,1.1228
10107343,78,3,5,16,180,1.8701
10107344,96,4,5,20,235,2.1576
10107345,40,2,4,11,132,1.0756999999999999
10107346,86,3,5,16,198,1.7804000000000002
10107347,92,4,5,20,225,1.9890000000000003
10107348,51,2,4,11,122,1.1315000000000002
10107349,66,3,5,16,195,1.6699000000000002
10107350,98,4,5,20,335,2.1069999999999998
10107351,43,2,4,11,152,1.0791000000000002
10107352,71,3,5,16,198,1.8952
10107353,93,4,5,20,204,2.0576000000000003
10107354,51,2,4,11,114,1.1376000000000002
10107355,64,3,5,16,269,1.8014000000000001
10107356,103,4,5,20,216,2.052
10107357,48,2,4,11,178,1.1078000000000001
10107358,62,3,5,16,168,1.6998
10107359,95,4,5,20,233,2.0303
10107360,50,2,4,11,121,1.1471
10107361,62,3,5,16,192,1.6917000000000002
10107362,101,4,5,20,231,2.7885
10107363,52,2,4,11,186,1.1198
10107364,63,3,5,16,176,1.7846000000000002
10107365,104,4,5,20,243,2.1036
10107366,49,2,4,11,166,1.209
10107367,75,3,5,16,196,1.7934
10107368,97,4,5,20,273,2.0460000000000003
10107369,58,2,4,11,149,1.5088
10107370,71,3,5,16,196,1.7552
10107371,108,4,5,20,250,2.0728999999999997
10107372,37,2,4,11,138,1.1134000000000002
10107373,76,3,5,16,296,1.7889000000000002
10107374,94,4,5,20,214,2.0525
10107375,34,2,4,11,149,1.0422
10107376,74,3,5,16,306,1.9065000000000003
10107377,101,4,5,20,274,2.1721000000000004
10107378,42,2,4,11,150,1.0471
10107379,75,3,5,16,197,1.8052000000000001
10107380,96,4,5,20,202,2.0649
10107381,46,2,4,11,207,1.1674
10107382,70,3,5,16,243,1.7282
10107383,103,4,5,20,274,2.0535
10107384,48,2,4,11,208,1.0991
10107385,64,3,5,16,210,1.8505000000000003
10107386,96,4,5,20,362,2.1665
10107387,52,2,4,11,86,1.1273000000000002
10107388,62,3,5,16,210,1.7674
10107389,102,4,5,20,266,3.0732000000000004
10107390,51,2,4,11,145,1.1183
10107391,76,3,5,16,212,1.7481
10107392,102,4,5,20,181,2.0387
10107393,46,2,4,11,173,1.1275
10107394,66,3,5,16,250,1.7974
10107395,102,4,5,20,197,2.0295
10107396,37,2,4,11,130,1.059
10107397,77,3,5,16,202,1.7616
10107398,96,4,5,20,288,2.0675000000000003
10107399,44,2,4,11,178,1.0869
10107400,71,3,5,16,205,1.7750000000000001
10107401,109,4,5,20,230,2.0533
10107402,42,2,4,11,185,1.0838
10107403,63,3,5,16,210,1.7351
10107404,91,4,5,20,217,2.0085
10107405,58,2,4,11,141,1.1538
10107406,69,3,5,16,144,1.7120000000000002
10107407,95,4,5,20,295,2.0567
10107408,47,2,4,11,179,1.0995
10107409,77,3,5,16,240,1.7359
10107410,96,4,5,20,294,2.0585
10107411,47,2,4,11,134,1.0878
10107412,70,3,5,16,190,1.679
10107413,98,4,5,20,190,2.0896
10107414,39,2,4,11,152,1.0566
10107415,84,3,5,16,194,1.8073000000000001
10107416,109,4,5,20,207,2.0908
10107417,46,2,4,11,150,1.0703000000000003
10107418,70,3,5,16,128,1.7166000000000001
10107419,93,4,5,20,317,2.1134
10107420,48,2,4,11,133,1.0879
10107421,50,3,5,16,192,1.6867
10107422,108,4,5,20,247,2.0863
10107423,48,2,4,11,154,1.1858000000000002
10107424,79,3,5,16,172,1.7292
10107425,92,4,5,20,334,2.0578000000000003
10107426,48,2,4,11,147,1.1337000000000002
10107427,86,3,5,16,233,1.8326000000000002
10107428,93,4,5,20,263,2.023
10107429,52,2,4,11,137,1.1256
10107430,69,3,5,16,201,1.7677
10107431,99,4,5,20,266,2.0573
10107432,50,2,4,11,132,1.0927
10107433,66,3,5,16,182,1.7295
10107434,88,4,5,20,258,2.0179
10107435,50,2,4,11,155,1.3029000000000002
10107436,70,3,5,16,182,1.8081000000000003
10107437,91,4,5,20,307,2.1673
10107438,42,2,4,11,178,1.1489
10107439,72,3,5,16,246,1.7624000000000002
10107440,92,4,5,20,292,2.1202
10107441,41,2,4,11,145,1.0789
10107442,77,3,5,16,235,1.8526
10107443,106,4,5,20,240,2.1229
10107444,54,2,4,11,174,1.1861000000000002
10107445,79,3,5,16,189,1.8083
10107446,89,4,5,20,268,1.9864000000000002
10107447,55,2,4,11,136,1.2299000000000002
10107448,75,3,5,16,231,1.7577
10107449,91,4,5,20,232,2.0177000000000005
10107450,54,2,4,11,172,1.1588
10107451,65,3,5,16,195,1.7465
10107452,104,4,5,20,200,2.1445000000000003
10107453,52,2,4,11,177,1.1634
10107454,71,3,5,16,179,1.7591
10107455,98,4,5,20,177,2.0444
10107456,46,2,4,11,138,1.0798
10107457,75,3,5,16,188,1.7688000000000001
10107458,90,4,5,20,232,2.0914
10107459,43,2,4,11,124,1.0655000000000001
10107460,82,3,5,16,235,1.9515
10107461,92,4,5,20,218,2.0084
10107462,48,2,4,11,153,1.8559
10107463,76,3,5,16,215,1.7652
10107464,92,4,5,20,231,1.9942000000000002
10107465,47,2,4,11,204,1.0993000000000002
10107466,76,3,5,16,226,1.7881000000000002
10107467,84,4,5,20,259,2.0015
10107468,55,2,4,11,165,1.1421000000000001
10107469,63,3,5,16,197,1.6609
10107470,98,4,5,20,237,2.0104
10107471,49,2,4,11,146,1.0882
10107472,68,3,5,16,216,1.7347000000000001
10107473,92,4,5,20,315,2.2013000000000003
10107474,47,2,4,11,148,1.0826
10107475,65,3,5,16,258,1.7352
10107476,109,4,5,20,229,2.0570000000000004
10107477,42,2,4,11,183,1.0616
10107478,74,3,5,16,207,1.7835
10107479,99,4,5,20,214,2.0652
10107480,45,2,4,11,127,1.0952000000000002
10107481,80,3,5,16,173,1.7746000000000002
10107482,95,4,5,20,291,2.069
10107483,55,2,4,11,94,1.1660000000000001
10107484,75,3,5,16,282,1.8445000000000003
10107485,99,4,5,20,246,2.1142000000000003
10107486,46,2,4,11,142,1.2429000000000001
10107487,77,3,5,16,198,1.7683000000000002
10107488,93,4,5,20,267,2.0666
10107489,47,2,4,11,162,1.0966
10107490,69,3,5,16,170,1.7315000000000003
10107491,96,4,5,20,248,2.088
10107492,46,2,4,11,115,1.0843
10107493,68,3,5,16,210,1.7203000000000002
10107494,106,4,5,20,268,2.1019
10107495,56,2,4,11,129,1.1169
10107496,77,3,5,16,201,1.8147
10107497,94,4,5,20,200,2.0654000000000003
10107498,40,2,4,11,141,1.058
10107499,76,3,5,16,221,1.9091000000000002
10107500,94,4,5,20,323,2.0298
10107501,46,2,4,11,126,1.0530000000000002
10107502,66,3,5,16,221,1.7374
10107503,89,4,5,20,353,2.0828
10107504,40,2,4,11,211,1.039
10107505,66,3,5,16,255,2.4081
10107506,89,4,5,20,226,1.974
10107507,50,2,4,11,141,1.1185
10107508,82,3,5,16,209,1.7896
10107509,103,4,5,20,250,2.0149
10107510,49,2,4,11,135,1.0888
10107511,79,3,5,16,189,1.7806
10107512,84,4,5,20,191,2.0116
10107513,45,2,4,11,159,1.0706000000000002
10107514,65,3,5,16,178,1.6991
10107515,106,4,5,20,329,2.1178
10107516,46,2,4,11,129,1.0557
10107517,57,3,5,16,181,1.7219000000000002
10107518,96,4,5,20,249,2.0765000000000002
10107519,48,2,4,11,137,1.0876
10107520,65,3,5,16,213,1.7115
10107521,99,4,5,20,236,2.0459
10107522,47,2,4,11,116,1.1044000000000003
10107523,66,3,5,16,331,1.753
10107524,93,4,5,20,199,2.0287
10107525,58,2,4,11,147,1.1494
10107526,80,3,5,16,158,1.8425000000000002
10107527,103,4,5,20,196,2.0274
10107528,52,2,4,11,118,1.0894000000000001
10107529,77,3,5,16,181,1.7847000000000002
10107530,88,4,5,20,237,2.0156
10107531,49,2,4,11,155,1.1204
10107532,70,3,5,16,184,1.8327
10107533,100,4,5,20,270,2.0849
10107534,42,2,4,11,184,2.0786000000000002
10107535,84,3,5,16,210,1.8017
10107536,98,4,5,20,333,2.0595000000000003
10107537,53,2,4,11,130,1.1452
10107538,77,3,5,16,231,1.7436
10107539,100,4,5,20,295,2.0547
10107540,49,2,4,11,156,1.1384
10107541,65,3,5,16,198,1.7284000000000002
10107542,102,4,5,20,201,2.0431
10107543,44,2,4,11,166,1.0967000000000002
10107544,65,3,5,16,226,1.7002
10107545,87,4,5,20,246,2.0223000000000004
10107546,46,2,4,11,96,1.0749000000000002
10107547,81,3,5,16,152,1.7401
10107548,96,4,5,20,168,2.0056000000000003
10107549,37,2,4,11,152,1.0491000000000001
10107550,87,3,5,16,234,1.8791
10107551,101,4,5,20,214,2.0623
10107552,38,2,4,11,141,1.0251000000000001
10107553,72,3,5,16,208,1.8189
10107554,101,4,5,20,234,2.0765000000000002
10107555,54,2,4,11,166,1.1525
10107556,73,3,5,16,183,1.7612
10107557,100,4,5,20,264,2.0808000000000004
10107558,45,2,4,11,119,1.1204
10107559,73,3,5,16,167,1.8291000000000002
10107560,110,4,5,20,272,2.2549
10107561,48,2,4,11,150,1.1124
10107562,70,3,5,16,184,1.7480000000000002
10107563,95,4,5,20,244,2.0669
10107564,40,2,4,11,143,1.2407000000000001
10107565,73,3,5,16,200,1.7769000000000001
10107566,101,4,5,20,208,2.0334000000000003
10107567,49,2,4,11,169,1.0863
10107568,66,3,5,16,173,1.7547000000000001
10107569,97,4,5,20,176,2.087
10107570,51,2,4,11,147,1.1403
10107571,82,3,5,16,284,1.7764
10107572,114,4,5,20,243,2.1833
10107573,48,2,4,11,154,1.1112000000000002
10107574,65,3,5,16,237,1.6828
10107575,95,4,5,20,271,2.0611
10107576,57,2,4,11,171,1.214
10107577,72,3,5,16,218,1.74
10107578,83,4,5,20,301,2.0561
10107579,49,2,4,11,147,1.1027
10107580,70,3,5,16,228,1.7135000000000002
10107581,92,4,5,20,198,2.0168
10107582,45,2,4,11,136,1.0816000000000001
10107583,80,3,5,16,166,1.7849000000000002
10107584,89,4,5,20,285,2.0168
10107585,49,2,4,11,128,1.0996000000000001
10107586,68,3,5,16,178,1.7082000000000002
10107587,93,4,5,20,287,2.0926
10107588,45,2,4,11,130,1.0861
10107589,71,3,5,16,261,1.7257000000000002
10107590,99,4,5,20,250,2.0139000000000005
10107591,44,2,4,11,153,1.0536
10107592,81,3,5,16,229,1.7953000000000001
10107593,101,4,5,20,291,2.1018
10107594,39,2,4,11,162,1.0498
10107595,78,3,5,16,203,1.733
10107596,93,4,5,20,296,2.1489
10107597,46,2,4,11,137,1.1025
10107598,69,3,5,16,207,1.7009000000000003
10107599,103,4,5,20,222,2.0796
10107600,48,2,4,11,142,1.1108
10107601,76,3,5,16,181,1.8033000000000001
10107602,90,4,5,20,237,2.0908
10107603,53,2,4,11,126,1.0970000000000002
10107604,75,3,5,16,224,1.7579000000000002
10107605,99,4,5,20,188,2.0749
10107606,41,2,4,11,142,1.0678
10107607,67,3,5,16,173,1.7486000000000002
10107608,93,4,5,20,293,2.0608000000000004
10107609,45,2,4,11,126,1.0612
10107610,89,3,5,16,197,1.8525000000000003
10107611,99,4,5,20,198,2.0282
10107612,47,2,4,11,125,1.0917000000000001
10107613,74,3,5,16,190,1.7904000000000002
10107614,87,4,5,20,246,2.0283
10107615,52,2,4,11,155,1.141
10107616,69,3,5,16,174,1.7048
10107617,92,4,5,20,322,2.2367000000000004
10107618,40,2,4,11,137,1.0725
10107619,71,3,5,16,199,1.822
10107620,103,4,5,20,254,2.0682
10107621,47,2,4,11,101,1.0499
10107622,74,3,5,16,198,1.7051000000000003
10107623,94,4,5,20,276,2.0986
10107624,48,2,4,11,121,1.1137
10107625,79,3,5,16,150,1.7585000000000002
10107626,95,4,5,20,214,2.0458
10107627,42,2,4,11,144,1.0613000000000001
10107628,71,3,5,16,204,1.7515
10107629,91,4,5,20,209,2.1404
10107630,41,2,4,11,146,1.098
10107631,73,3,5,16,181,1.7118
10107632,99,4,5,20,224,2.0465
10107633,46,2,4,11,140,1.1025
10107634,78,3,5,16,287,1.7855
10107635,93,4,5,20,184,1.9871000000000003
10107636,51,2,4,11,162,1.5727
10107637,69,3,5,16,250,1.7723
10107638,94,4,5,20,227,2.0277000000000003
10107639,50,2,4,11,143,1.1003
10107640,81,3,5,16,170,1.758
10107641,105,4,5,20,249,2.2162
10107642,48,2,4,11,142,1.0728
10107643,72,3,5,16,192,1.7730000000000001
10107644,98,4,5,20,182,2.0930000000000004
10107645,48,2,4,11,165,1.0973000000000002
10107646,68,3,5,16,138,1.7369
10107647,99,4,5,20,245,2.1131
10107648,48,2,4,11,106,1.0935000000000001
10107649,77,3,5,16,218,1.7852000000000001
10107650,111,4,5,20,209,2.1426000000000003
10107651,54,2,4,11,158,1.1283
10107652,73,3,5,16,188,1.7285
10107653,99,4,5,20,219,2.0496
10107654,40,2,4,11,172,1.0522
10107655,79,3,5,16,178,1.7873
10107656,94,4,5,20,305,2.0189
10107657,50,2,4,11,124,1.1421000000000001
10107658,75,3,5,16,245,1.7555
10107659,98,4,5,20,263,2.746
10107660,44,2,4,11,168,1.1066
10107661,71,3,5,16,213,1.7022000000000002
10107662,91,4,5,20,289,1.9943
10107663,45,2,4,11,178,1.0708
10107664,75,3,5,16,174,1.7850000000000001
10107665,101,4,5,20,253,2.1177
10107666,44,2,4,11,168,1.1154000000000002
10107667,83,3,5,16,189,1.8214000000000001
10107668,87,4,5,20,270,2.0226
10107669,51,2,4,11,124,1.0811
10107670,76,3,5,16,231,1.7629000000000001
10107671,97,4,5,20,275,2.4455
10107672,49,2,4,11,155,1.0811
10107673,78,3,5,16,254,1.7859000000000003
10107674,99,4,5,20,269,2.0153000000000003
10107675,48,2,4,11,179,1.0973000000000002
10107676,66,3,5,16,263,1.6819000000000002
10107677,95,4,5,20,196,2.0314
10107678,55,2,4,11,179,1.1307
10107679,61,3,5,16,172,1.7174
10107680,95,4,5,20,189,2.0373
10107681,42,2,4,11,126,1.0826
10107682,69,3,5,16,162,1.7291
10107683,93,4,5,20,281,2.0302000000000002
10107684,46,2,4,11,160,1.1049
10107685,61,3,5,16,184,1.7549000000000001
10107686,109,4,5,20,272,2.1241000000000003
10107687,35,2,4,11,175,1.0244
10107688,73,3,5,16,146,1.8125
10107689,109,4,5,20,227,2.1467
10107690,46,2,4,11,113,1.2377
10107691,78,3,5,16,185,1.881
10107692,99,4,5,20,216,2.2909
10107693,48,2,4,11,121,1.0861
10107694,78,3,5,16,176,1.8448000000000002
10107695,99,4,5,20,246,2.0792
10107696,41,2,4,11,175,1.0623
10107697,68,3,5,16,187,1.7328000000000001
10107698,112,4,5,20,218,2.2986
10107699,40,2,4,11,88,1.0350000000000001
10107700,80,3,5,16,229,1.7231000000000003
10107701,85,4,5,20,237,2.0381
10107702,51,2,4,11,146,1.092
10107703,79,3,5,16,215,1.7897000000000003
10107704,86,4,5,20,209,1.9887
10107705,50,2,4,11,186,1.108
10107706,72,3,5,16,234,1.758
10107707,102,4,5,20,227,2.0919000000000003
10107708,55,2,4,11,120,1.132
10107709,75,3,5,16,178,1.799
10107710,102,4,5,20,279,2.2172000000000005
10107711,49,2,4,11,189,1.1365
10107712,77,3,5,16,195,1.7738
10107713,92,4,5,20,223,2.0086
10107714,49,2,4,11,130,1.108
10107715,72,3,5,16,185,1.8347
10107716,103,4,5,20,255,2.0737
10107717,59,2,4,11,128,1.1426
10107718,75,3,5,16,186,1.7746000000000002
10107719,93,4,5,20,303,2.1445000000000003
10107720,50,2,4,11,199,1.1633000000000002
10107721,74,3,5,16,241,1.7797
10107722,84,4,5,20,250,2.0268
10107723,53,2,4,11,114,1.1141
10107724,65,3,5,16,186,1.6947
10107725,96,4,5,20,228,2.006
10107726,43,2,4,11,135,1.0885
10107727,71,3,5,16,182,1.8917000000000002
10107728,95,4,5,20,241,2.0535
10107729,55,2,4,11,104,1.1327000000000003
10107730,82,3,5,16,146,1.8226000000000002
10107731,98,4,5,20,288,2.118
10107732,54,2,4,11,129,1.1399000000000001
10107733,65,3,5,16,272,1.7613
10107734,95,4,5,20,238,2.0598
10107735,50,2,4,11,200,1.1334000000000002
10107736,69,3,5,16,265,1.7349
10107737,91,4,5,20,239,1.9951999999999999
10107738,53,2,4,11,206,1.1152
10107739,66,3,5,16,206,1.7275
10107740,103,4,5,20,244,2.1159
10107741,44,2,4,11,171,1.0701
10107742,73,3,5,16,144,1.7168
10107743,99,4,5,20,264,2.0962000000000005
10107744,46,2,4,11,151,1.0756999999999999
10107745,84,3,5,16,109,1.7784
10107746,111,4,5,20,219,2.0973
10107747,56,2,4,11,156,1.1306
10107748,75,3,5,16,202,1.7692
10107749,94,4,5,20,248,2.0169
10107750,50,2,4,11,146,1.0656
10107751,71,3,5,16,276,1.8030000000000002
10107752,91,4,5,20,220,1.9979
10107753,47,2,4,11,185,1.0379
10107754,73,3,5,16,219,1.7401
10107755,115,4,5,20,241,2.0947
10107756,58,2,4,11,120,1.1132000000000002
10107757,71,3,5,16,174,1.7075
10107758,78,4,5,20,196,2.007
10107759,54,2,4,11,179,1.1675000000000002
10107760,74,3,5,16,215,1.7344000000000002
10107761,89,4,5,20,245,1.9945000000000002
10107762,44,2,4,11,142,1.0815
10107763,79,3,5,16,241,1.818
10107764,99,4,5,20,332,2.0685000000000002
10107765,54,2,4,11,169,1.1133
10107766,75,3,5,16,173,1.7539
10107767,85,4,5,20,246,2.0057
10107768,42,2,4,11,155,1.0899
10107769,80,3,5,16,194,1.7610000000000001
10107770,107,4,5,20,255,2.0864
10107771,54,2,4,11,94,1.086
10107772,75,3,5,16,180,1.7809000000000001
10107773,96,4,5,20,211,2.0211
10107774,42,2,4,11,156,1.5669000000000002
10107775,70,3,5,16,180,1.7497
10107776,87,4,5,20,247,2.0177000000000005
10107777,49,2,4,11,158,1.1068
10107778,77,3,5,16,201,1.76
10107779,106,4,5,20,249,2.1408
10107780,42,2,4,11,117,1.0416
10107781,66,3,5,16,291,1.7550000000000001
10107782,111,4,5,20,255,2.1659
10107783,46,2,4,11,186,1.0827
10107784,77,3,5,16,162,1.796
10107785,108,4,5,20,211,2.1735
10107786,52,2,4,11,160,1.1154000000000002
10107787,77,3,5,16,168,1.7841
10107788,97,4,5,20,214,2.0461
10107789,52,2,4,11,139,1.0885
10107790,76,3,5,16,235,1.7769000000000001
10107791,96,4,5,20,224,2.076
10107792,45,2,4,11,151,1.1062
10107793,77,3,5,16,191,1.7208
10107794,89,4,5,20,168,1.9871000000000003
10107795,54,2,4,11,131,1.1229
10107796,62,3,5,16,263,1.7165000000000001
10107797,84,4,5,20,284,2.0660000000000003
10107798,44,2,4,11,230,1.0896000000000001
10107799,80,3,5,16,216,1.8066000000000002
10107800,89,4,5,20,227,1.9512
10107801,44,2,4,11,142,1.0774000000000001
10107802,72,3,5,16,248,1.7563000000000002
10107803,99,4,5,20,287,2.0178000000000003
10107804,43,2,4,11,177,1.0732000000000002
10107805,62,3,5,16,188,1.7300000000000002
10107806,98,4,5,20,267,2.0307000000000004
10107807,41,2,4,11,157,1.0476
10107808,78,3,5,16,187,1.7538
10107809,103,4,5,20,251,2.0926
10107810,50,2,4,11,125,1.0664
10107811,65,3,5,16,202,1.7589000000000001
10107812,97,4,5,20,333,2.1072
10107813,42,2,4,11,153,1.0878
10107814,81,3,5,16,177,1.7773
10107815,100,4,5,20,230,2.1079000000000003
10107816,49,2,4,11,138,1.1027
10107817,61,3,5,16,255,1.7632
10107818,105,4,5,20,215,2.1243
10107819,51,2,4,11,152,1.1133
10107820,72,3,5,16,150,1.7927000000000002
10107821,96,4,5,20,260,2.0971
10107822,49,2,4,11,209,1.101
10107823,74,3,5,16,273,1.8126000000000002
10107824,94,4,5,20,198,2.0987
10107825,49,2,4,11,138,1.1323
10107826,75,3,5,16,174,1.7638
10107827,105,4,5,20,195,2.0112
10107828,52,2,4,11,141,1.1924000000000001
10107829,60,3,5,16,227,1.7331
10107830,91,4,5,20,273,2.1082
10107831,51,2,4,11,203,1.1146
10107832,58,3,5,16,253,1.7223000000000002
10107833,97,4,5,20,195,2.0641000000000003
10107834,47,2,4,11,129,1.0792
10107835,77,3,5,16,168,1.7602000000000002
10107836,94,4,5,20,254,2.0489
10107837,42,2,4,11,160,1.0965
10107838,65,3,5,16,207,1.7717000000000003
10107839,96,4,5,20,172,2.0117
10107840,48,2,4,11,141,1.1216000000000002
10107841,61,3,5,16,180,1.8304
10107842,99,4,5,20,200,2.1004
10107843,54,2,4,11,135,1.1409
10107844,69,3,5,16,214,1.7356
10107845,95,4,5,20,283,2.0612
10107846,49,2,4,11,175,1.173
10107847,67,3,5,16,191,1.7372
10107848,100,4,5,20,208,2.0904000000000003
10107849,56,2,4,11,122,1.1034
10107850,75,3,5,16,244,1.9004000000000003
10107851,85,4,5,20,226,1.9928000000000003
10107852,48,2,4,11,143,1.1499000000000001
10107853,87,3,5,16,200,1.8154000000000001
10107854,99,4,5,20,219,2.2479
10107855,55,2,4,11,170,1.2964
10107856,69,3,5,16,223,1.8153000000000001
10107857,111,4,5,20,244,2.1209000000000002
10107858,52,2,4,11,162,1.1975
10107859,79,3,5,16,211,1.8494000000000002
10107860,90,4,5,20,232,2.0567
10107861,40,2,4,11,211,1.0747
10107862,68,3,5,16,227,1.7925
10107863,100,4,5,20,223,2.4138
10107864,48,2,4,11,190,1.0959
10107865,83,3,5,16,241,1.8678000000000001
10107866,90,4,5,20,207,2.0308
10107867,40,2,4,11,128,1.1505
10107868,65,3,5,16,168,1.7381
10107869,95,4,5,20,248,2.0395
10107870,48,2,4,11,152,1.0699
10107871,68,3,5,16,200,1.7246000000000001
10107872,95,4,5,20,240,2.0356
10107873,44,2,4,11,110,1.0513000000000001
10107874,73,3,5,16,173,1.7286000000000001
10107875,95,4,5,20,183,2.0494000000000003
10107876,48,2,4,11,209,1.1203
10107877,74,3,5,16,178,1.7646000000000002
10107878,114,4,5,20,245,2.1093
10107879,48,2,4,11,121,1.0702
10107880,77,3,5,16,214,2.5973
10107881,94,4,5,20,272,2.0339
10107882,54,2,4,11,166,1.157
10107883,68,3,5,16,136,1.7144000000000001
10107884,97,4,5,20,273,2.1264000000000003
10107885,42,2,4,11,143,1.0808
10107886,64,3,5,16,213,1.7097000000000002
10107887,93,4,5,20,252,2.0359000000000003
10107888,61,2,4,11,195,1.161
10107889,76,3,5,16,229,1.8000000000000003
10107890,98,4,5,20,300,2.1257
10107891,43,2,4,11,175,1.1063
10107892,68,3,5,16,183,1.6877000000000002
10107893,99,4,5,20,279,2.0335
10107894,49,2,4,11,144,1.0879
10107895,78,3,5,16,168,1.7754
10107896,98,4,5,20,196,2.0825
10107897,42,2,4,11,116,1.1225
10107898,68,3,5,16,202,1.7113
10107899,102,4,5,20,145,2.023
10107900,50,2,4,11,104,1.1286
10107901,63,3,5,16,227,1.7023000000000001
10107902,107,4,5,20,249,2.4173000000000004
10107903,56,2,4,11,133,1.1406
10107904,75,3,5,16,188,1.7770000000000001
10107905,100,4,5,20,188,2.0317
10107906,47,2,4,11,88,1.1049
10107907,80,3,5,16,219,1.8611
10107908,91,4,5,20,244,2.0409
10107909,43,2,4,11,138,1.0653000000000001
10107910,70,3,5,16,220,1.8027000000000002
10107911,91,4,5,20,257,2.2432000000000003
10107912,43,2,4,11,155,1.0511000000000001
10107913,74,3,5,16,205,1.6958000000000002
10107914,95,4,5,20,278,2.0923000000000003
10107915,55,2,4,11,149,1.1760000000000002
10107916,73,3,5,16,242,1.8166
10107917,95,4,5,20,266,2.0212000000000003
10107918,50,2,4,11,147,1.0922
10107919,73,3,5,16,168,1.7896
10107920,93,4,5,20,306,2.1205
10107921,51,2,4,11,198,1.1373000000000002
10107922,71,3,5,16,176,1.7795
10107923,102,4,5,20,182,2.0664
10107924,48,2,4,11,177,1.1506
10107925,70,3,5,16,199,2.2014
10107926,96,4,5,20,201,2.1116
10107927,50,2,4,11,125,1.0687000000000002
10107928,70,3,5,16,197,1.7112000000000003
10107929,90,4,5,20,239,2.0666
10107930,57,2,4,11,58,1.0946
10107931,66,3,5,16,172,1.6939000000000002
10107932,96,4,5,20,213,2.022
10107933,46,2,4,11,173,1.0566
10107934,85,3,5,16,163,1.8234000000000001
10107935,97,4,5,20,254,2.0992
10107936,44,2,4,11,183,1.0616
10107937,78,3,5,16,147,1.7231000000000003
10107938,81,4,5,20,257,1.9865
10107939,41,2,4,11,162,1.0436
10107940,72,3,5,16,218,1.7444000000000002
10107941,101,4,5,20,237,2.136
10107942,41,2,4,11,163,1.0869
10107943,66,3,5,16,165,1.8205
10107944,94,4,5,20,238,2.0456000000000003
10107945,50,2,4,11,174,1.1979
10107946,67,3,5,16,235,1.7455
10107947,104,4,5,20,257,2.0629000000000004
10107948,35,2,4,11,170,1.0424
10107949,76,3,5,16,234,1.8198
10107950,98,4,5,20,168,2.0845
10107951,54,2,4,11,179,1.1375
10107952,69,3,5,16,106,1.7238000000000002
10107953,95,4,5,20,271,2.0731
10107954,38,2,4,11,215,1.0439000000000003
10107955,75,3,5,16,191,1.7922
10107956,92,4,5,20,293,2.0991
10107957,49,2,4,11,145,1.151
10107958,58,3,5,16,218,1.6858000000000002
10107959,104,4,5,20,195,2.0564000000000004
10107960,37,2,4,11,173,1.0702
10107961,77,3,5,16,202,1.7928000000000002
10107962,96,4,5,20,177,2.0422000000000002
10107963,48,2,4,11,176,1.0876
10107964,73,3,5,16,185,1.747
10107965,97,4,5,20,242,2.056
10107966,46,2,4,11,144,1.0923
10107967,72,3,5,16,191,1.8006
10107968,93,4,5,20,239,2.0765000000000002
10107969,44,2,4,11,167,1.0829000000000002
10107970,66,3,5,16,229,2.4405
10107971,99,4,5,20,207,2.0326000000000004
10107972,50,2,4,11,156,1.1403999999999999
10107973,69,3,5,16,215,1.7453000000000003
10107974,106,4,5,20,152,1.9777000000000002
10107975,45,2,4,11,150,1.0742
10107976,65,3,5,16,187,1.7339
10107977,103,4,5,20,210,2.1259
10107978,45,2,4,11,151,1.1102
10107979,63,3,5,16,201,2.7379000000000002
10107980,90,4,5,20,272,2.0039000000000002
10107981,52,2,4,11,168,1.1383
10107982,81,3,5,16,211,1.8684
10107983,98,4,5,20,298,2.0860000000000003
10107984,48,2,4,11,172,1.0821
10107985,83,3,5,16,176,1.7817000000000003
10107986,93,4,5,20,274,2.1274
10107987,39,2,4,11,165,1.0454
10107988,72,3,5,16,207,1.7756
10107989,97,4,5,20,232,2.0243
10107990,46,2,4,11,187,1.0934
10107991,73,3,5,16,205,1.7939000000000003
10107992,96,4,5,20,333,2.6909
10107993,48,2,4,11,168,1.1169
10107994,72,3,5,16,153,1.7742
10107995,101,4,5,20,233,2.0882
10107996,54,2,4,11,147,1.0908
10107997,70,3,5,16,232,1.7581
10107998,107,4,5,20,224,2.1069
10107999,47,2,4,11,98,1.0492000000000001
10108000,81,3,5,16,181,2.6468000000000003
10108001,94,4,5,20,194,2.0459
10108002,48,2,4,11,154,1.0773
10108003,61,3,5,16,177,1.6918
10108004,86,4,5,20,207,1.9349
10108005,50,2,4,11,174,1.2945
10108006,70,3,5,16,262,1.7086
10108007,107,4,5,20,202,2.1283
10108008,47,2,4,11,126,1.1201
10108009,69,3,5,16,211,1.7864
10108010,91,4,5,20,215,2.0206
10108011,35,2,4,11,135,1.0646
10108012,62,3,5,16,223,2.7857000000000003
10108013,97,4,5,20,237,2.036
10108014,41,2,4,11,149,1.0513000000000001
10108015,66,3,5,16,272,1.8059
10108016,103,4,5,20,171,2.0821
10108017,48,2,4,11,143,1.0813000000000001
10108018,71,3,5,16,196,1.743
10108019,108,4,5,20,255,2.1338
10108020,45,2,4,11,187,1.1213
10108021,75,3,5,16,210,1.8413000000000002
10108022,107,4,5,20,288,2.2569
10108023,44,2,4,11,153,1.0685
10108024,71,3,5,16,254,1.7416
10108025,98,4,5,20,279,2.1665
10108026,42,2,4,11,153,1.1159
10108027,81,3,5,16,167,1.8313000000000001
10108028,109,4,5,20,234,2.1086
10108029,52,2,4,11,173,1.1497
10108030,70,3,5,16,190,1.7277000000000002
10108031,95,4,5,20,236,2.0562
10108032,40,2,4,11,189,1.0598
10108033,65,3,5,16,247,1.7314
10108034,90,4,5,20,277,2.2913
10108035,42,2,4,11,119,1.0428
10108036,76,3,5,16,160,1.9417000000000002
10108037,104,4,5,20,287,2.0472
10108038,59,2,4,11,116,1.1946
10108039,79,3,5,16,184,1.8041
10108040,88,4,5,20,192,2.065
10108041,41,2,4,11,193,1.9987
10108042,76,3,5,16,129,1.7378
10108043,95,4,5,20,254,2.0438
10108044,39,2,4,11,176,2.2203
10108045,76,3,5,16,177,1.863
10108046,106,4,5,20,160,2.0656000000000003
10108047,50,2,4,11,122,1.1265
10108048,81,3,5,16,227,1.9050000000000002
10108049,96,4,5,20,297,2.1143
10108050,41,2,4,11,194,1.1369000000000002
10108051,87,3,5,16,192,1.7989000000000002
10108052,79,4,5,20,244,2.0707
10108053,48,2,4,11,115,1.1327000000000003
10108054,70,3,5,16,245,1.7517
10108055,101,4,5,20,275,2.0659
10108056,50,2,4,11,130,1.1078000000000001
10108057,76,3,5,16,185,1.7085000000000001
10108058,87,4,5,20,212,1.9876
10108059,45,2,4,11,166,1.0755000000000001
10108060,73,3,5,16,268,1.8584
10108061,102,4,5,20,324,2.1829
10108062,50,2,4,11,152,1.1461999999999999
10108063,76,3,5,16,192,1.8087000000000002
10108064,109,4,5,20,250,2.1083
10108065,48,2,4,11,139,1.1405
10108066,61,3,5,16,299,1.7235000000000003
10108067,98,4,5,20,211,2.0416000000000003
10108068,50,2,4,11,108,1.1314
10108069,63,3,5,16,169,1.8273
10108070,93,4,5,20,202,2.0096000000000003
10108071,46,2,4,11,204,1.2067
10108072,63,3,5,16,310,1.7755
10108073,94,4,5,20,232,2.0708
10108074,45,2,4,11,139,1.1280000000000001
10108075,65,3,5,16,194,1.7183000000000002
10108076,116,4,5,20,283,2.2009
10108077,51,2,4,11,183,1.1038000000000001
10108078,74,3,5,16,240,1.8355000000000001
10108079,85,4,5,20,208,1.9842000000000002
10108080,42,2,4,11,109,1.0658
10108081,71,3,5,16,212,1.7549000000000001
10108082,93,4,5,20,189,1.9929000000000001
10108083,50,2,4,11,121,1.104
10108084,69,3,5,16,259,1.7574
10108085,97,4,5,20,316,2.0730000000000004
10108086,51,2,4,11,181,1.1663000000000001
10108087,65,3,5,16,240,1.729
10108088,93,4,5,20,249,2.0287
10108089,35,2,4,11,196,1.047
10108090,82,3,5,16,219,1.8449
10108091,95,4,5,20,196,1.9867000000000001
10108092,46,2,4,11,139,1.0828
10108093,60,3,5,16,196,1.6649000000000003
10108094,105,4,5,20,255,2.0629000000000004
10108095,42,2,4,11,206,1.0874000000000001
10108096,65,3,5,16,189,1.7489000000000001
10108097,102,4,5,20,236,2.0464
10108098,50,2,4,11,208,1.1259
10108099,73,3,5,16,234,1.8469
10108100,110,4,5,20,234,2.0719000000000003
10108101,45,2,4,11,194,1.0611000000000002
10108102,65,3,5,16,220,1.679
10108103,97,4,5,20,229,2.0724000000000005
10108104,44,2,4,11,161,1.0409
10108105,71,3,5,16,256,1.7999
10108106,100,4,5,20,223,2.0903
10108107,49,2,4,11,157,1.0609
10108108,80,3,5,16,175,1.7599
10108109,91,4,5,20,201,2.1132
10108110,52,2,4,11,95,1.111
10108111,67,3,5,16,206,1.7138000000000002
10108112,94,4,5,20,286,2.0587999999999997
10108113,57,2,4,11,147,1.1271
10108114,72,3,5,16,182,1.7836000000000003
10108115,99,4,5,20,205,2.6498000000000004
10108116,60,2,4,11,155,1.1674
10108117,80,3,5,16,185,1.745
10108118,95,4,5,20,195,2.0052
10108119,40,2,4,11,111,1.0838
10108120,64,3,5,16,231,1.6896
10108121,92,4,5,20,203,2.3073
10108122,49,2,4,11,136,1.6178000000000001
10108123,72,3,5,16,256,1.8556000000000001
10108124,95,4,5,20,200,1.9906
10108125,48,2,4,11,165,1.1803
10108126,63,3,5,16,236,1.7132
10108127,89,4,5,20,169,2.0009
10108128,39,2,4,11,161,1.0809000000000002
10108129,72,3,5,16,198,1.7300000000000002
10108130,88,4,5,20,222,2.0238
10108131,48,2,4,11,116,1.0928000000000002
10108132,71,3,5,16,231,2.1033000000000004
10108133,104,4,5,20,222,2.0121
10108134,49,2,4,11,179,1.1402
10108135,62,3,5,16,205,1.7154000000000003
10108136,101,4,5,20,197,2.4516
10108137,46,2,4,11,108,1.1158000000000001
10108138,70,3,5,16,266,1.7769000000000001
10108139,96,4,5,20,216,2.1387000000000005
10108140,40,2,4,11,183,1.058
10108141,73,3,5,16,208,1.7303000000000002
10108142,92,4,5,20,253,2.0696
10108143,51,2,4,11,126,1.1014
10108144,69,3,5,16,212,1.7619
10108145,103,4,5,20,176,2.1263
10108146,49,2,4,11,142,1.1061
10108147,71,3,5,16,166,1.7782000000000002
10108148,97,4,5,20,186,2.0928999999999998
10108149,45,2,4,11,140,1.0954000000000002
10108150,66,3,5,16,202,1.7075
10108151,101,4,5,20,184,2.0885000000000002
10108152,47,2,4,11,120,1.1189000000000002
10108153,81,3,5,16,235,1.7773
10108154,106,4,5,20,227,2.0821
10108155,51,2,4,11,160,1.1197000000000001
10108156,70,3,5,16,251,1.8283000000000003
10108157,98,4,5,20,233,2.0636
10108158,57,2,4,11,145,1.1251
10108159,72,3,5,16,224,1.7933000000000001
10108160,97,4,5,20,213,2.0709
10108161,39,2,4,11,188,1.0530000000000002
10108162,70,3,5,16,268,1.7663000000000002
10108163,93,4,5,20,263,2.1042
10108164,52,2,4,11,155,1.1648
10108165,67,3,5,16,219,1.6989
10108166,107,4,5,20,233,2.0627000000000004
10108167,49,2,4,11,84,1.0603000000000002
10108168,74,3,5,16,269,1.9022000000000001
10108169,94,4,5,20,208,2.0497
10108170,49,2,4,11,132,1.1026
10108171,68,3,5,16,181,1.7507000000000001
10108172,96,4,5,20,221,2.0989000000000004
10108173,56,2,4,11,151,1.1303
10108174,71,3,5,16,254,1.7512
10108175,87,4,5,20,269,2.0316
10108176,48,2,4,11,116,1.0834
10108177,84,3,5,16,184,1.8235000000000001
10108178,101,4,5,20,210,2.1035000000000004
10108179,48,2,4,11,137,1.0804
10108180,70,3,5,16,254,1.8334000000000001
10108181,106,4,5,20,196,2.1451000000000002
10108182,45,2,4,11,162,1.1159
10108183,76,3,5,16,235,1.7357000000000002
10108184,91,4,5,20,206,2.0634
10108185,49,2,4,11,149,1.1219000000000001
10108186,78,3,5,16,155,2.2476000000000003
10108187,93,4,5,20,241,2.0552
10108188,45,2,4,11,167,1.1278
10108189,71,3,5,16,196,1.749
10108190,88,4,5,20,230,2.1748000000000003
10108191,56,2,4,11,142,1.1622000000000001
10108192,82,3,5,16,212,1.7524000000000002
10108193,123,4,5,20,152,2.088
10108194,50,2,4,11,116,1.0762
10108195,77,3,5,16,204,1.7428000000000001
10108196,99,4,5,20,271,2.0314
10108197,48,2,4,11,117,1.0947
10108198,72,3,5,16,128,1.7687
10108199,99,4,5,20,297,3.2023000000000006
10108200,60,2,4,11,116,1.1692
10108201,70,3,5,16,180,1.7259
10108202,96,4,5,20,315,2.0933
10108203,54,2,4,11,200,1.1192000000000002
10108204,73,3,5,16,180,1.7714
10108205,107,4,5,20,288,2.0891
10108206,47,2,4,11,137,1.0954000000000002
10108207,76,3,5,16,196,1.7558
10108208,106,4,5,20,253,2.0908
10108209,44,2,4,11,198,1.0656
10108210,77,3,5,16,253,1.7610000000000001
10108211,94,4,5,20,313,2.0621000000000005
10108212,47,2,4,11,124,1.0859
10108213,66,3,5,16,215,1.7241000000000002
10108214,93,4,5,20,256,2.0496
10108215,38,2,4,11,178,1.0779
10108216,65,3,5,16,268,1.7781
10108217,77,4,5,20,369,1.9813
10108218,47,2,4,11,130,1.1093000000000002
10108219,74,3,5,16,259,1.8572
10108220,82,4,5,20,252,1.9818000000000002
10108221,52,2,4,11,166,1.1911
10108222,68,3,5,16,195,1.7112000000000003
10108223,110,4,5,20,190,2.1398
10108224,48,2,4,11,133,1.0833000000000002
10108225,74,3,5,16,145,1.7703
10108226,98,4,5,20,316,2.0801000000000003
10108227,56,2,4,11,145,1.157
10108228,77,3,5,16,264,1.8349000000000002
10108229,93,4,5,20,220,3.2454
10108230,51,2,4,11,130,1.0678
10108231,75,3,5,16,178,1.733
10108232,104,4,5,20,202,2.0777
10108233,53,2,4,11,137,1.1106
10108234,71,3,5,16,288,1.7301
10108235,89,4,5,20,249,2.0305
10108236,48,2,4,11,203,1.1064
10108237,71,3,5,16,217,1.7241000000000002
10108238,92,4,5,20,210,2.0280000000000005
10108239,42,2,4,11,169,1.0382
10108240,85,3,5,16,190,1.8014000000000001
10108241,103,4,5,20,202,2.0641000000000003
10108242,48,2,4,11,181,1.119
10108243,76,3,5,16,212,1.7624000000000002
10108244,98,4,5,20,176,2.0766
10108245,50,2,4,11,91,1.5569000000000002
10108246,76,3,5,16,231,1.8406000000000002
10108247,94,4,5,20,302,2.0447
10108248,41,2,4,11,156,1.0371
10108249,61,3,5,16,231,1.6837
10108250,83,4,5,20,198,1.9874000000000003
10108251,51,2,4,11,103,1.0703000000000003
10108252,58,3,5,16,191,1.6976
10108253,89,4,5,20,305,2.0217
10108254,46,2,4,11,121,1.0547
10108255,77,3,5,16,183,1.7387000000000001
10108256,103,4,5,20,255,2.0456000000000003
10108257,40,2,4,11,191,1.0656
10108258,80,3,5,16,265,1.8848
10108259,97,4,5,20,339,2.0863
10108260,41,2,4,11,142,1.0924
10108261,66,3,5,16,168,1.7171
10108262,106,4,5,20,202,2.0642
10108263,47,2,4,11,186,1.0907
10108264,69,3,5,16,148,1.6787000000000003
10108265,100,4,5,20,197,2.0193
10108266,49,2,4,11,161,1.1138000000000001
10108267,85,3,5,16,184,1.7866000000000002
10108268,93,4,5,20,240,2.011
10108269,44,2,4,11,115,1.1087
10108270,69,3,5,16,176,1.7427
10108271,104,4,5,20,236,2.0772
10108272,43,2,4,11,126,1.0790000000000002
10108273,65,3,5,16,253,1.7677
10108274,86,4,5,20,166,2.0337
10108275,51,2,4,11,122,1.0658
10108276,78,3,5,16,206,1.8050000000000002
10108277,92,4,5,20,215,2.0481000000000003
10108278,55,2,4,11,146,1.1005
10108279,79,3,5,16,232,1.8190000000000002
10108280,92,4,5,20,291,1.9929000000000001
10108281,49,2,4,11,149,1.1863000000000001
10108282,75,3,5,16,238,1.7482000000000002
10108283,99,4,5,20,263,2.1281
10108284,49,2,4,11,117,1.0959
10108285,70,3,5,16,221,1.7664000000000002
10108286,89,4,5,20,184,1.9857
10108287,48,2,4,11,151,1.0994000000000002
10108288,83,3,5,16,224,1.7705000000000002
10108289,117,4,5,20,304,2.0764
10108290,52,2,4,11,168,1.1426
10108291,79,3,5,16,254,1.7997000000000003
10108292,96,4,5,20,249,2.0318000000000005
10108293,40,2,4,11,209,1.0789
10108294,64,3,5,16,164,1.7174
10108295,102,4,5,20,240,2.0529
10108296,46,2,4,11,152,1.1192000000000002
10108297,72,3,5,16,166,1.7200000000000002
10108298,86,4,5,20,240,1.9699000000000002
10108299,49,2,4,11,144,1.129
10108300,52,3,5,16,284,1.6233
10108301,87,4,5,20,215,2.0325
10108302,40,2,4,11,132,1.0705
10108303,71,3,5,16,205,1.9185
10108304,94,4,5,20,178,2.0714
10108305,49,2,4,11,195,1.1378
10108306,68,3,5,16,219,1.7305000000000001
10108307,98,4,5,20,299,2.0654000000000003
10108308,47,2,4,11,167,1.1158000000000001
10108309,70,3,5,16,175,1.7422000000000002
10108310,104,4,5,20,176,2.0848
10108311,50,2,4,11,166,1.095
10108312,68,3,5,16,181,1.7539
10108313,87,4,5,20,243,1.9959
10108314,49,2,4,11,128,1.0969
10108315,66,3,5,16,203,1.7388000000000001
10108316,88,4,5,20,261,2.0346
10108317,49,2,4,11,130,1.0912000000000002
10108318,65,3,5,16,222,1.7198
10108319,99,4,5,20,237,2.0076
10108320,43,2,4,11,136,1.0691000000000002
10108321,72,3,5,16,159,1.7132
10108322,91,4,5,20,277,1.9892
10108323,51,2,4,11,112,1.0697
10108324,74,3,5,16,193,1.8159
10108325,96,4,5,20,319,2.0887000000000002
10108326,46,2,4,11,208,1.1027
10108327,80,3,5,16,226,1.8263
10108328,101,4,5,20,238,2.0625999999999998
10108329,51,2,4,11,98,1.0517
10108330,78,3,5,16,206,1.7728000000000002
10108331,110,4,5,20,187,2.079
10108332,44,2,4,11,168,1.0914
10108333,65,3,5,16,248,1.7535
10108334,98,4,5,20,243,2.143
10108335,53,2,4,11,92,1.1440000000000001
10108336,78,3,5,16,209,1.7489000000000001
10108337,100,4,5,20,215,2.1219000000000006
10108338,46,2,4,11,159,1.0948000000000002
10108339,79,3,5,16,217,1.7861
10108340,95,4,5,20,250,2.0676
10108341,47,2,4,11,178,1.0774000000000001
10108342,81,3,5,16,183,1.7405000000000002
10108343,103,4,5,20,239,2.115
10108344,49,2,4,11,84,1.0784
10108345,79,3,5,16,237,1.8232000000000002
10108346,90,4,5,20,228,2.0779
10108347,41,2,4,11,157,1.1521000000000001
10108348,65,3,5,16,140,1.9119
10108349,90,4,5,20,214,2.0076
10108350,48,2,4,11,169,1.1087
10108351,77,3,5,16,266,1.7969000000000002
10108352,101,4,5,20,242,2.0343
10108353,52,2,4,11,157,1.1488000000000003
10108354,75,3,5,16,236,1.7881000000000002
10108355,90,4,5,20,276,1.9994
10108356,45,2,4,11,141,1.1019
10108357,72,3,5,16,173,1.7756
10108358,96,4,5,20,225,2.0346
10108359,50,2,4,11,137,1.0959999999999999
10108360,72,3,5,16,160,1.7541000000000002
10108361,95,4,5,20,257,2.1036
10108362,51,2,4,11,160,1.0911
10108363,67,3,5,16,222,1.7127000000000001
10108364,104,4,5,20,195,1.9962
10108365,57,2,4,11,134,1.1537000000000002
10108366,77,3,5,16,152,1.7542
10108367,92,4,5,20,225,2.0371
10108368,43,2,4,11,189,1.0679
10108369,63,3,5,16,158,1.7208
10108370,91,4,5,20,262,1.9882000000000002
10108371,40,2,4,11,200,1.0372000000000001
10108372,75,3,5,16,238,1.7177000000000002
10108373,104,4,5,20,210,2.0921
10108374,49,2,4,11,165,1.0973000000000002
10108375,71,3,5,16,199,2.5582000000000003
10108376,100,4,5,20,204,2.068
10108377,49,2,4,11,153,1.1022
10108378,73,3,5,16,215,1.7778000000000003
10108379,104,4,5,20,276,2.0548
10108380,39,2,4,11,138,1.0606
10108381,75,3,5,16,183,1.742
10108382,107,4,5,20,235,2.1672000000000002
10108383,43,2,4,11,157,1.0622
10108384,67,3,5,16,251,1.7180000000000002
10108385,92,4,5,20,182,1.9818000000000002
10108386,49,2,4,11,127,1.0802
10108387,70,3,5,16,209,1.7627000000000002
10108388,89,4,5,20,208,2.0775
10108389,43,2,4,11,161,1.1027
10108390,72,3,5,16,278,1.8303000000000003
10108391,91,4,5,20,255,2.0649
10108392,41,2,4,11,140,1.0641
10108393,66,3,5,16,230,1.7311
10108394,87,4,5,20,285,2.0080000000000005
10108395,52,2,4,11,126,1.0995
10108396,74,3,5,16,267,1.7151
10108397,119,4,5,20,215,2.0931
10108398,51,2,4,11,118,1.1031000000000002
10108399,72,3,5,16,253,1.7394
10108400,108,4,5,20,209,2.1305
10108401,47,2,4,11,163,1.1066
10108402,76,3,5,16,183,2.6412000000000004
10108403,92,4,5,20,194,1.9775
10108404,51,2,4,11,165,1.0952000000000002
10108405,63,3,5,16,179,1.7469000000000001
10108406,95,4,5,20,245,2.0362
10108407,50,2,4,11,126,1.1047000000000002
10108408,74,3,5,16,217,1.7756
10108409,97,4,5,20,205,2.0654000000000003
10108410,44,2,4,11,92,1.1101
10108411,72,3,5,16,180,1.7543000000000002
10108412,103,4,5,20,250,2.3838000000000004
10108413,57,2,4,11,146,1.1621000000000001
10108414,76,3,5,16,223,1.7397
10108415,92,4,5,20,216,2.0211
10108416,50,2,4,11,135,1.0515
10108417,77,3,5,16,265,1.7670000000000001
10108418,84,4,5,20,366,2.0078
10108419,53,2,4,11,135,1.1400000000000001
10108420,73,3,5,16,188,1.7493
10108421,95,4,5,20,177,2.058
10108422,37,2,4,11,98,1.0306
10108423,79,3,5,16,154,1.7175
10108424,95,4,5,20,233,2.0224
10108425,45,2,4,11,144,1.0911
10108426,71,3,5,16,203,1.729
10108427,98,4,5,20,212,2.0462000000000002
10108428,43,2,4,11,149,1.0554
10108429,69,3,5,16,191,2.0096000000000003
10108430,102,4,5,20,206,2.0769
10108431,51,2,4,11,144,1.0790000000000002
10108432,74,3,5,16,166,1.7873
10108433,102,4,5,20,245,2.1769000000000003
10108434,48,2,4,11,141,1.0888
10108435,69,3,5,16,224,1.7342000000000002
10108436,101,4,5,20,253,2.0951
10108437,49,2,4,11,195,1.1353000000000002
10108438,61,3,5,16,248,1.7522000000000002
10108439,100,4,5,20,187,2.063
10108440,51,2,4,11,166,1.1043
10108441,72,3,5,16,230,1.7522000000000002
10108442,98,4,5,20,223,2.0134000000000003
10108443,48,2,4,11,205,1.1092
10108444,75,3,5,16,200,1.7795
10108445,99,4,5,20,240,2.0368
10108446,49,2,4,11,186,1.0904
10108447,71,3,5,16,191,1.6999
10108448,110,4,5,20,195,3.0142
10108449,41,2,4,11,152,1.8052000000000001
10108450,70,3,5,16,227,1.7475
10108451,86,4,5,20,199,1.9917000000000002
10108452,47,2,4,11,157,1.0935000000000001
10108453,83,3,5,16,225,1.8071000000000002
10108454,100,4,5,20,212,2.1151
10108455,46,2,4,11,108,1.0892
10108456,71,3,5,16,232,1.7369
10108457,100,4,5,20,252,2.0427
10108458,54,2,4,11,143,1.1181999999999999
10108459,71,3,5,16,188,1.6963000000000001
10108460,105,4,5,20,227,2.0559000000000003
10108461,49,2,4,11,185,1.1134000000000002
10108462,72,3,5,16,204,1.7138000000000002
10108463,105,4,5,20,261,2.0953
10108464,48,2,4,11,197,1.1595000000000002
10108465,71,3,5,16,216,1.7576
10108466,98,4,5,20,232,2.2037000000000004
10108467,45,2,4,11,115,1.0403
10108468,80,3,5,16,295,1.807
10108469,100,4,5,20,270,2.1412000000000004
10108470,43,2,4,11,171,1.1041
10108471,72,3,5,16,237,1.7303000000000002
10108472,85,4,5,20,236,2.0389000000000004
10108473,45,2,4,11,136,1.0970000000000002
10108474,68,3,5,16,204,1.724
10108475,83,4,5,20,185,2.0197000000000003
10108476,43,2,4,11,122,1.0514000000000001
10108477,63,3,5,16,233,1.7610000000000001
10108478,99,4,5,20,325,2.1668
10108479,49,2,4,11,165,1.1254000000000002
10108480,68,3,5,16,178,1.7487000000000001
10108481,100,4,5,20,229,2.0279
10108482,47,2,4,11,146,1.0851000000000002
10108483,79,3,5,16,185,1.7236
10108484,101,4,5,20,277,2.2015000000000002
10108485,44,2,4,11,108,1.0715
10108486,72,3,5,16,208,1.7366000000000001
10108487,111,4,5,20,172,2.0505000000000004
10108488,47,2,4,11,149,1.6285000000000003
10108489,68,3,5,16,230,2.0291
10108490,98,4,5,20,283,2.0628
10108491,49,2,4,11,128,1.0892
10108492,68,3,5,16,201,1.7453000000000003
10108493,103,4,5,20,291,2.3376
10108494,44,2,4,11,180,1.1468
10108495,61,3,5,16,217,1.7000000000000002
10108496,101,4,5,20,244,2.0513000000000003
10108497,53,2,4,11,191,1.1252
10108498,72,3,5,16,134,1.6820000000000002
10108499,94,4,5,20,246,2.0164000000000004
10108500,51,2,4,11,153,1.1252
10108501,72,3,5,16,246,1.7613
10108502,114,4,5,20,240,2.1797
10108503,50,2,4,11,144,1.1162
10108504,73,3,5,16,182,1.7887
10108505,82,4,5,20,277,2.0297
10108506,51,2,4,11,181,1.1194
10108507,70,3,5,16,149,1.7179
10108508,103,4,5,20,208,2.0608000000000004
10108509,39,2,4,11,117,1.0672000000000001
10108510,71,3,5,16,213,1.7821
10108511,97,4,5,20,204,2.0048000000000004
10108512,43,2,4,11,135,1.0338
10108513,70,3,5,16,162,1.7208
10108514,102,4,5,20,186,2.0469
10108515,46,2,4,11,159,1.0718
10108516,60,3,5,16,244,1.8408
10108517,105,4,5,20,208,2.0672
10108518,50,2,4,11,103,1.0988
10108519,75,3,5,16,228,1.8125
10108520,93,4,5,20,248,2.0912
10108521,45,2,4,11,154,1.0774000000000001
10108522,77,3,5,16,172,1.8082
10108523,102,4,5,20,206,2.7741000000000002
10108524,45,2,4,11,169,1.0690000000000002
10108525,79,3,5,16,250,1.836
10108526,104,4,5,20,269,2.0930000000000004
10108527,47,2,4,11,145,1.0721
10108528,74,3,5,16,173,1.7329
10108529,104,4,5,20,164,2.0806
10108530,37,2,4,11,126,1.0386
10108531,78,3,5,16,212,1.7427
10108532,92,4,5,20,205,2.0545000000000004
10108533,51,2,4,11,143,1.0794000000000001
10108534,70,3,5,16,184,1.7229
10108535,112,4,5,20,203,2.0895
10108536,45,2,4,11,209,1.0974000000000002
10108537,68,3,5,16,174,1.7592
10108538,88,4,5,20,270,2.0028
10108539,49,2,4,11,149,1.1372000000000002
10108540,75,3,5,16,192,1.7449000000000001
10108541,92,4,5,20,244,2.0482
10108542,54,2,4,11,157,1.1739000000000002
10108543,78,3,5,16,249,1.7889000000000002
10108544,93,4,5,20,205,2.1252000000000004
10108545,52,2,4,11,142,1.103
10108546,76,3,5,16,244,1.7706000000000002
10108547,86,4,5,20,210,2.0357000000000003
10108548,51,2,4,11,169,1.1325
10108549,67,3,5,16,231,1.7355
10108550,95,4,5,20,228,2.0349999999999997
10108551,48,2,4,11,176,1.1371
10108552,76,3,5,16,223,1.7387000000000001
10108553,104,4,5,20,269,2.0672
10108554,40,2,4,11,118,1.048
10108555,68,3,5,16,246,1.7144000000000001
10108556,101,4,5,20,247,2.0559000000000003
10108557,46,2,4,11,177,1.1091
10108558,80,3,5,16,276,1.8032000000000001
10108559,90,4,5,20,288,2.4612000000000003
10108560,48,2,4,11,189,1.0995
10108561,74,3,5,16,267,1.7357000000000002
10108562,86,4,5,20,222,2.0302000000000002
10108563,45,2,4,11,153,1.0776000000000001
10108564,69,3,5,16,224,1.7444000000000002
10108565,95,4,5,20,224,2.0789000000000004
10108566,46,2,4,11,142,1.0726000000000002
10108567,81,3,5,16,159,1.8207000000000002
10108568,99,4,5,20,189,2.1261
10108569,61,2,4,11,114,1.169
10108570,79,3,5,16,209,1.7321000000000002
10108571,96,4,5,20,252,2.0747
10108572,54,2,4,11,118,1.0790000000000002
10108573,62,3,5,16,234,1.6833000000000002
10108574,102,4,5,20,218,2.0509
10108575,42,2,4,11,184,1.0625
10108576,72,3,5,16,217,1.7607
10108577,88,4,5,20,195,1.9970999999999999
10108578,41,2,4,11,143,1.0437
10108579,62,3,5,16,204,1.7328000000000001
10108580,105,4,5,20,219,2.0627000000000004
10108581,52,2,4,11,165,1.1340000000000001
10108582,80,3,5,16,201,1.7770000000000001
10108583,86,4,5,20,254,2.0019
10108584,49,2,4,11,153,1.1242
10108585,60,3,5,16,278,1.7519
10108586,98,4,5,20,264,2.0804
10108587,48,2,4,11,161,1.0923
10108588,69,3,5,16,163,1.7389000000000001
10108589,79,4,5,20,200,2.0057
10108590,49,2,4,11,178,1.1118000000000001
10108591,77,3,5,16,206,1.7722
10108592,102,4,5,20,231,2.0443000000000002
10108593,43,2,4,11,163,1.0789
10108594,73,3,5,16,203,1.8033000000000001
10108595,102,4,5,20,196,2.0192
10108596,44,2,4,11,146,1.1081
10108597,52,3,5,16,254,1.6375000000000002
10108598,103,4,5,20,192,2.1136000000000004
10108599,47,2,4,11,145,1.0632000000000001
10108600,78,3,5,16,187,1.8670000000000002
10108601,99,4,5,20,262,2.0502000000000002
10108602,43,2,4,11,155,1.0652000000000001
10108603,70,3,5,16,201,1.7688000000000001
10108604,107,4,5,20,268,2.1622
10108605,46,2,4,11,181,1.1350000000000002
10108606,57,3,5,16,195,1.6433000000000002
10108607,96,4,5,20,258,2.0349
10108608,48,2,4,11,167,1.1876
10108609,86,3,5,16,158,1.8186
10108610,109,4,5,20,187,3.1102
10108611,46,2,4,11,151,1.1427
10108612,64,3,5,16,194,1.7321000000000002
10108613,95,4,5,20,302,2.1636
10108614,51,2,4,11,136,1.0969
10108615,78,3,5,16,220,1.745
10108616,100,4,5,20,217,2.0695
10108617,50,2,4,11,85,1.0991
10108618,76,3,5,16,249,1.7826
10108619,90,4,5,20,335,2.0274
10108620,46,2,4,11,117,1.0397
10108621,62,3,5,16,272,1.729
10108622,90,4,5,20,228,2.1006
10108623,57,2,4,11,88,1.0729000000000002
10108624,68,3,5,16,223,1.9661000000000002
10108625,97,4,5,20,178,2.0445
10108626,51,2,4,11,101,1.0856000000000001
10108627,72,3,5,16,239,1.8673000000000002
10108628,106,4,5,20,264,2.0998
10108629,47,2,4,11,216,1.3959000000000001
10108630,72,3,5,16,214,1.8118
10108631,109,4,5,20,230,2.109
10108632,45,2,4,11,111,1.0892
10108633,73,3,5,16,164,2.7517
10108634,111,4,5,20,205,2.4972000000000003
10108635,44,2,4,11,199,1.0933000000000002
10108636,69,3,5,16,196,1.7462
10108637,84,4,5,20,226,2.0257
10108638,52,2,4,11,158,1.1397
10108639,58,3,5,16,192,1.6406
10108640,106,4,5,20,222,2.217
10108641,59,2,4,11,122,1.1264
10108642,70,3,5,16,202,1.7120000000000002
10108643,93,4,5,20,229,2.0744000000000002
10108644,40,2,4,11,219,1.0581
10108645,79,3,5,16,199,1.7229
10108646,105,4,5,20,362,2.0703
10108647,48,2,4,11,105,1.0822000000000003
10108648,77,3,5,16,196,1.7608000000000001
10108649,85,4,5,20,239,2.0483000000000002
10108650,50,2,4,11,157,1.0974000000000002
10108651,76,3,5,16,216,1.7512
10108652,105,4,5,20,256,2.128
10108653,47,2,4,11,137,1.0792
10108654,64,3,5,16,193,2.22
10108655,105,4,5,20,247,2.2449000000000003
10108656,43,2,4,11,131,1.0509
10108657,66,3,5,16,233,1.7261000000000002
10108658,105,4,5,20,239,2.1638
10108659,55,2,4,11,165,1.1573
10108660,73,3,5,16,184,1.7579000000000002
10108661,88,4,5,20,318,2.0422000000000002
10108662,53,2,4,11,155,1.1166
10108663,82,3,5,16,158,1.7592
10108664,81,4,5,20,240,1.9981
10108665,46,2,4,11,207,1.0737999999999999
10108666,79,3,5,16,170,1.7777
10108667,92,4,5,20,252,2.0525
10108668,39,2,4,11,147,1.0583
10108669,66,3,5,16,240,1.8579000000000003
10108670,98,4,5,20,284,2.047
10108671,53,2,4,11,130,1.2496
10108672,73,3,5,16,165,1.7497
10108673,104,4,5,20,204,2.1104000000000003
10108674,44,2,4,11,203,1.0807
10108675,84,3,5,16,162,1.8007000000000002
10108676,90,4,5,20,307,2.0323
10108677,41,2,4,11,138,1.0231000000000001
10108678,66,3,5,16,161,1.729
10108679,86,4,5,20,301,3.0923000000000003
10108680,43,2,4,11,118,1.4581000000000002
10108681,72,3,5,16,165,1.7058000000000002
10108682,96,4,5,20,275,2.0432
10108683,42,2,4,11,120,1.0461
10108684,77,3,5,16,184,1.7912000000000001
10108685,106,4,5,20,218,2.3001
10108686,40,2,4,11,193,1.0767
10108687,63,3,5,16,205,1.7318000000000002
10108688,102,4,5,20,202,2.1296
10108689,54,2,4,11,165,1.1334000000000002
10108690,69,3,5,16,166,1.7538
10108691,91,4,5,20,214,2.1928
10108692,52,2,4,11,202,1.1147000000000002
10108693,79,3,5,16,210,1.7929
10108694,97,4,5,20,238,2.0355
10108695,50,2,4,11,173,1.0976
10108696,70,3,5,16,168,1.706
10108697,85,4,5,20,234,1.9751
10108698,42,2,4,11,183,1.0901
10108699,85,3,5,16,118,2.1792000000000002
10108700,103,4,5,20,272,2.169
10108701,34,2,4,11,227,1.0369000000000002
10108702,73,3,5,16,153,1.8770000000000002
10108703,91,4,5,20,260,2.0271
10108704,43,2,4,11,163,1.0606
10108705,85,3,5,16,273,1.8096
10108706,96,4,5,20,227,2.0825
10108707,41,2,4,11,136,1.0493
10108708,78,3,5,16,220,1.8552000000000002
10108709,95,4,5,20,252,2.0337
10108710,47,2,4,11,154,1.0953
10108711,66,3,5,16,195,1.7222000000000002
10108712,89,4,5,20,220,2.0210000000000004
10108713,46,2,4,11,176,1.1023
10108714,65,3,5,16,238,1.7256
10108715,93,4,5,20,261,2.0522
10108716,48,2,4,11,130,1.0732000000000002
10108717,82,3,5,16,182,1.8091000000000002
10108718,92,4,5,20,262,2.045
10108719,52,2,4,11,135,1.1579000000000002
10108720,67,3,5,16,194,1.8278
10108721,90,4,5,20,213,2.0732000000000004
10108722,45,2,4,11,104,2.861
10108723,67,3,5,16,217,2.6825
10108724,95,4,5,20,262,2.0365
10108725,41,2,4,11,179,1.121
10108726,70,3,5,16,164,1.85
10108727,107,4,5,20,270,2.1505
10108728,50,2,4,11,168,1.1347
10108729,71,3,5,16,229,2.0189
10108730,107,4,5,20,198,2.0983
10108731,52,2,4,11,141,1.1417000000000002
10108732,71,3,5,16,150,1.7577
10108733,95,4,5,20,206,2.0662000000000003
10108734,45,2,4,11,184,1.112
10108735,66,3,5,16,166,1.7359
10108736,105,4,5,20,189,2.0682
10108737,37,2,4,11,144,1.0188000000000001
10108738,70,3,5,16,138,1.8308
10108739,97,4,5,20,175,1.9895
10108740,38,2,4,11,174,1.0731
10108741,72,3,5,16,144,1.7935
10108742,93,4,5,20,296,2.1656
10108743,48,2,4,11,174,1.0959999999999999
10108744,76,3,5,16,190,1.7913000000000001
10108745,92,4,5,20,259,2.0406
10108746,53,2,4,11,147,1.1744999999999999
10108747,76,3,5,16,178,1.7578
10108748,97,4,5,20,192,2.0567
10108749,49,2,4,11,118,1.1001
10108750,78,3,5,16,190,1.7875
10108751,98,4,5,20,234,2.12
10108752,50,2,4,11,128,1.6675000000000002
10108753,76,3,5,16,229,1.7456
10108754,97,4,5,20,196,2.347
10108755,44,2,4,11,126,1.0753000000000001
10108756,74,3,5,16,154,2.1305
10108757,87,4,5,20,233,1.9639000000000002
10108758,53,2,4,11,112,1.1608
10108759,74,3,5,16,184,1.8571000000000002
10108760,103,4,5,20,261,2.1322000000000005
10108761,51,2,4,11,159,1.1423
10108762,82,3,5,16,166,1.8353000000000002
10108763,90,4,5,20,247,2.0123
10108764,54,2,4,11,186,1.2619
10108765,64,3,5,16,254,1.9326
10108766,102,4,5,20,279,2.0673000000000004
10108767,46,2,4,11,96,1.0904
10108768,69,3,5,16,198,1.7485
10108769,87,4,5,20,170,1.9881
10108770,55,2,4,11,152,1.157
10108771,70,3,5,16,131,1.7226000000000001
10108772,90,4,5,20,300,1.9727
10108773,46,2,4,11,112,1.0537
10108774,70,3,5,16,196,1.7895
10108775,112,4,5,20,252,2.1626000000000003
10108776,52,2,4,11,178,1.1591000000000002
10108777,70,3,5,16,208,1.8143
10108778,89,4,5,20,214,1.997
10108779,48,2,4,11,144,1.1115000000000002
10108780,74,3,5,16,239,1.7862000000000002
10108781,91,4,5,20,192,2.0462000000000002
10108782,51,2,4,11,164,1.0832000000000002
10108783,75,3,5,16,196,1.7354
10108784,92,4,5,20,175,1.9890000000000003
10108785,57,2,4,11,149,1.1556000000000002
10108786,67,3,5,16,183,1.7397
10108787,106,4,5,20,214,2.1016000000000004
10108788,49,2,4,11,118,1.0869
10108789,63,3,5,16,214,3.1073000000000004
10108790,100,4,5,20,277,2.0465
10108791,52,2,4,11,151,1.1228
10108792,64,3,5,16,184,1.7101000000000002
10108793,85,4,5,20,270,1.9484000000000001
10108794,44,2,4,11,189,1.0818
10108795,66,3,5,16,280,1.7806
10108796,105,4,5,20,177,2.0349999999999997
10108797,48,2,4,11,199,1.0879
10108798,69,3,5,16,232,1.7423
10108799,105,4,5,20,176,2.12
10108800,48,2,4,11,139,1.1091
10108801,65,3,5,16,251,1.8226000000000002
10108802,88,4,5,20,254,2.0872
10108803,57,2,4,11,159,1.1768
10108804,73,3,5,16,205,1.7776
10108805,97,4,5,20,154,2.0696
10108806,55,2,4,11,122,1.0933000000000002
10108807,80,3,5,16,222,1.9112
10108808,98,4,5,20,242,2.0557000000000003
10108809,44,2,4,11,123,1.1422
10108810,84,3,5,16,170,1.7784
10108811,100,4,5,20,182,2.0656000000000003
10108812,51,2,4,11,169,1.1184
10108813,68,3,5,16,176,1.8171000000000002
10108814,114,4,5,20,271,2.068
10108815,42,2,4,11,164,1.0710000000000002
10108816,73,3,5,16,196,1.7832000000000001
10108817,100,4,5,20,236,2.0932
10108818,50,2,4,11,138,1.1468
10108819,71,3,5,16,217,1.7501
10108820,102,4,5,20,221,2.0730000000000004
10108821,47,2,4,11,128,1.0564
10108822,76,3,5,16,170,1.798
10108823,102,4,5,20,159,2.051
10108824,52,2,4,11,143,1.1012000000000002
10108825,58,3,5,16,189,1.6902000000000001
10108826,92,4,5,20,231,2.0026
10108827,46,2,4,11,124,1.098
10108828,65,3,5,16,238,1.6986
10108829,94,4,5,20,247,2.1602
10108830,50,2,4,11,122,1.1288
10108831,58,3,5,16,251,1.6923000000000001
10108832,87,4,5,20,282,2.0125
10108833,40,2,4,11,138,1.0697
10108834,58,3,5,16,220,1.721
10108835,96,4,5,20,196,2.0103
10108836,57,2,4,11,120,1.15
10108837,67,3,5,16,208,1.7144000000000001
10108838,94,4,5,20,297,2.1408
10108839,42,2,4,11,124,1.0719
10108840,77,3,5,16,189,1.9439000000000002
10108841,84,4,5,20,289,2.0668
10108842,42,2,4,11,148,1.0944
10108843,61,3,5,16,274,1.6944000000000001
10108844,84,4,5,20,228,2.1189
10108845,55,2,4,11,207,1.1535
10108846,69,3,5,16,204,1.7266
10108847,98,4,5,20,169,1.9950000000000003
10108848,42,2,4,11,176,1.0464
10108849,68,3,5,16,151,1.6784000000000001
10108850,88,4,5,20,226,2.0814000000000004
10108851,46,2,4,11,110,1.1238000000000001
10108852,77,3,5,16,205,1.8048
10108853,98,4,5,20,291,2.0887000000000002
10108854,50,2,4,11,148,2.0561
10108855,68,3,5,16,267,1.758
10108856,88,4,5,20,272,2.0167
10108857,49,2,4,11,120,1.0657
10108858,69,3,5,16,201,1.7178
10108859,108,4,5,20,206,2.1234
10108860,51,2,4,11,109,1.167
10108861,64,3,5,16,221,1.7252
10108862,104,4,5,20,226,2.0993
10108863,52,2,4,11,135,1.1280000000000001
10108864,65,3,5,16,185,1.6928
10108865,92,4,5,20,225,2.0351000000000004
10108866,42,2,4,11,140,1.0542000000000002
10108867,71,3,5,16,296,1.8184000000000002
10108868,88,4,5,20,189,2.0091
10108869,47,2,4,11,165,1.2899
10108870,73,3,5,16,279,1.7576
10108871,101,4,5,20,269,2.1076
10108872,51,2,4,11,129,1.1364
10108873,70,3,5,16,188,1.7740000000000002
10108874,96,4,5,20,200,2.0295
10108875,44,2,4,11,170,1.0951000000000002
10108876,79,3,5,16,168,1.7356
10108877,84,4,5,20,234,1.9537
10108878,40,2,4,11,157,1.0242
10108879,70,3,5,16,241,1.7304000000000002
10108880,107,4,5,20,234,2.0965000000000003
10108881,52,2,4,11,175,1.1402
10108882,78,3,5,16,174,1.7407000000000001
10108883,107,4,5,20,278,2.5995000000000004
10108884,42,2,4,11,187,1.0913000000000002
10108885,68,3,5,16,199,1.7292
10108886,83,4,5,20,202,1.9736000000000002
10108887,45,2,4,11,160,1.0669
10108888,76,3,5,16,155,1.8712000000000002
10108889,105,4,5,20,265,2.0966
10108890,43,2,4,11,103,1.067
10108891,70,3,5,16,274,2.2679
10108892,100,4,5,20,255,2.0355
10108893,44,2,4,11,157,1.0948000000000002
10108894,76,3,5,16,140,1.8194000000000001
10108895,92,4,5,20,276,2.0930000000000004
10108896,45,2,4,11,140,1.054
10108897,85,3,5,16,149,1.8019
10108898,82,4,5,20,203,1.9458000000000002
10108899,58,2,4,11,180,1.1333
10108900,77,3,5,16,128,1.7295
10108901,100,4,5,20,208,2.04
10108902,49,2,4,11,153,1.1045
10108903,73,3,5,16,181,1.7093000000000003
10108904,103,4,5,20,211,2.0387
10108905,57,2,4,11,139,1.1447
10108906,74,3,5,16,148,1.7269
10108907,105,4,5,20,255,2.0917000000000003
10108908,47,2,4,11,186,1.0777
10108909,83,3,5,16,222,1.8534000000000002
10108910,88,4,5,20,317,2.0818
10108911,42,2,4,11,149,1.0599
10108912,77,3,5,16,167,1.7443
10108913,94,4,5,20,232,2.0017
10108914,34,2,4,11,174,1.0295
10108915,78,3,5,16,226,1.7489000000000001
10108916,104,4,5,20,238,2.0741
10108917,41,2,4,11,188,1.0505
10108918,76,3,5,16,176,1.8621000000000003
10108919,89,4,5,20,235,2.1082
10108920,49,2,4,11,107,1.1587
10108921,78,3,5,16,140,1.8062000000000002
10108922,84,4,5,20,241,2.0246
10108923,47,2,4,11,152,1.1067000000000002
10108924,67,3,5,16,220,1.7132
10108925,99,4,5,20,348,2.049
10108926,55,2,4,11,113,1.0998
10108927,68,3,5,16,156,1.7005000000000001
10108928,101,4,5,20,268,2.2359000000000004
10108929,51,2,4,11,105,1.0832000000000002
10108930,72,3,5,16,174,1.7732
10108931,94,4,5,20,216,2.0131
10108932,49,2,4,11,147,1.1380000000000001
10108933,67,3,5,16,152,1.7459
10108934,101,4,5,20,284,2.1025
10108935,59,2,4,11,140,1.1677
10108936,66,3,5,16,242,1.7414
10108937,85,4,5,20,223,2.0192
10108938,51,2,4,11,119,1.1332
10108939,69,3,5,16,188,1.7356
10108940,109,4,5,20,270,2.0709
10108941,47,2,4,11,164,1.0966
10108942,71,3,5,16,146,1.7653
10108943,92,4,5,20,241,2.1013
10108944,42,2,4,11,172,1.1082
10108945,64,3,5,16,181,1.7032000000000003
10108946,92,4,5,20,287,2.0354
10108947,47,2,4,11,114,1.0678
10108948,74,3,5,16,255,1.7839000000000003
10108949,87,4,5,20,212,2.0826
10108950,43,2,4,11,135,1.0511000000000001
10108951,76,3,5,16,164,1.7502000000000002
10108952,99,4,5,20,270,2.0770000000000004
10108953,43,2,4,11,193,1.0835000000000001
10108954,65,3,5,16,240,1.7803
10108955,95,4,5,20,288,2.1232
10108956,49,2,4,11,182,1.0939
10108957,68,3,5,16,151,1.7460000000000002
10108958,114,4,5,20,217,2.1191
10108959,54,2,4,11,139,1.8589000000000002
10108960,85,3,5,16,222,1.8351000000000002
10108961,91,4,5,20,228,1.9905000000000002
10108962,46,2,4,11,116,1.1139999999999999
10108963,65,3,5,16,236,1.7942000000000002
10108964,91,4,5,20,254,2.4264
10108965,50,2,4,11,170,1.0867000000000002
10108966,68,3,5,16,243,1.7322000000000002
10108967,90,4,5,20,180,2.0898000000000003
10108968,52,2,4,11,148,1.1256
10108969,88,3,5,16,189,1.7797
10108970,92,4,5,20,265,2.0241000000000002
10108971,45,2,4,11,153,1.0972
10108972,73,3,5,16,243,1.8115
10108973,93,4,5,20,277,2.0504
10108974,51,2,4,11,160,1.1353000000000002
10108975,84,3,5,16,155,1.7947000000000002
10108976,103,4,5,20,293,3.0053
10108977,41,2,4,11,141,1.0733000000000001
10108978,67,3,5,16,204,1.7067
10108979,78,4,5,20,228,2.9604000000000004
10108980,47,2,4,11,161,1.1216000000000002
10108981,77,3,5,16,147,1.8104000000000002
10108982,89,4,5,20,201,1.9939000000000002
10108983,54,2,4,11,94,1.1208000000000002
10108984,66,3,5,16,177,1.9078000000000002
10108985,105,4,5,20,230,2.6082
10108986,48,2,4,11,186,1.1602000000000001
10108987,64,3,5,16,313,1.7811000000000001
10108988,98,4,5,20,166,2.0421000000000005
10108989,50,2,4,11,159,1.139
10108990,75,3,5,16,188,1.7648000000000001
10108991,92,4,5,20,200,2.0079
10108992,57,2,4,11,107,1.0959
10108993,82,3,5,16,191,1.7326000000000001
10108994,95,4,5,20,222,2.208
10108995,53,2,4,11,179,1.0993000000000002
10108996,79,3,5,16,184,1.7739
10108997,94,4,5,20,242,2.0396
10108998,54,2,4,11,189,1.1323
10108999,83,3,5,16,180,1.7596
10109000,97,4,5,20,196,2.0605
10109001,40,2,4,11,174,1.102
10109002,69,3,5,16,213,1.9487
10109003,105,4,5,20,227,2.0399000000000003
10109004,44,2,4,11,149,1.06
10109005,69,3,5,16,169,1.7178
10109006,89,4,5,20,184,1.9864000000000002
10109007,40,2,4,11,146,1.0765
10109008,75,3,5,16,201,1.8010000000000002
10109009,99,4,5,20,230,2.0622000000000003
10109010,47,2,4,11,124,1.0417
10109011,79,3,5,16,174,1.8066000000000002
10109012,106,4,5,20,238,2.0402000000000005
10109013,42,2,4,11,173,1.1025
10109014,77,3,5,16,205,1.7929
10109015,102,4,5,20,262,2.0640000000000005
10109016,45,2,4,11,147,1.0816000000000001
10109017,71,3,5,16,210,1.7208
10109018,94,4,5,20,270,2.0331
10109019,38,2,4,11,211,1.0778
10109020,70,3,5,16,215,1.7970000000000002
10109021,99,4,5,20,242,2.0578000000000003
10109022,51,2,4,11,122,1.0959999999999999
10109023,71,3,5,16,166,1.7560000000000002
10109024,91,4,5,20,264,2.0792
10109025,53,2,4,11,151,1.1274
10109026,67,3,5,16,247,1.7743000000000002
10109027,94,4,5,20,279,2.0384
10109028,58,2,4,11,131,1.1267
10109029,66,3,5,16,204,1.6803000000000001
10109030,97,4,5,20,253,2.1712000000000002
10109031,49,2,4,11,181,1.1202
10109032,69,3,5,16,216,1.701
10109033,110,4,5,20,311,2.0587
10109034,38,2,4,11,158,1.0164
10109035,84,3,5,16,169,1.8334000000000001
10109036,97,4,5,20,318,2.0979
10109037,38,2,4,11,152,1.0557
10109038,75,3,5,16,166,1.7772000000000001
10109039,98,4,5,20,321,2.0751000000000004
10109040,53,2,4,11,183,1.1566
10109041,72,3,5,16,269,1.7154000000000003
10109042,100,4,5,20,240,2.045
10109043,54,2,4,11,176,1.1187
10109044,68,3,5,16,239,1.8044
10109045,92,4,5,20,170,2.0504
10109046,47,2,4,11,161,1.1025
10109047,64,3,5,16,219,1.7431
10109048,100,4,5,20,240,2.0697
10109049,49,2,4,11,116,1.1150000000000002
10109050,70,3,5,16,212,1.7285
10109051,112,4,5,20,223,2.1835
10109052,41,2,4,11,159,1.1021
10109053,66,3,5,16,190,1.7471
10109054,101,4,5,20,209,2.0578000000000003
10109055,47,2,4,11,124,1.0622
10109056,69,3,5,16,213,1.758
10109057,83,4,5,20,251,1.9531
10109058,43,2,4,11,155,1.0664
10109059,80,3,5,16,189,1.9940000000000002
10109060,110,4,5,20,250,2.0707
10109061,54,2,4,11,155,1.1157000000000001
10109062,72,3,5,16,199,1.7590000000000001
10109063,86,4,5,20,240,2.0082
10109064,45,2,4,11,98,1.0712
10109065,62,3,5,16,260,1.7307000000000001
10109066,100,4,5,20,192,2.0498
10109067,49,2,4,11,117,1.0472000000000001
10109068,82,3,5,16,181,1.7808000000000002
10109069,90,4,5,20,217,1.9820000000000002
10109070,46,2,4,11,196,1.1225
10109071,75,3,5,16,174,1.8208
10109072,96,4,5,20,231,2.0754
10109073,49,2,4,11,213,2.1409000000000002
10109074,67,3,5,16,214,2.9159
10109075,103,4,5,20,259,2.125
10109076,57,2,4,11,98,1.1512
10109077,67,3,5,16,166,1.8673000000000002
10109078,96,4,5,20,215,2.0193
10109079,52,2,4,11,145,1.1829
10109080,68,3,5,16,190,1.675
10109081,85,4,5,20,245,2.0187
10109082,40,2,4,11,142,1.0647
10109083,72,3,5,16,244,1.7557
10109084,105,4,5,20,176,2.0878000000000005
10109085,50,2,4,11,146,1.111
10109086,75,3,5,16,195,1.7761
10109087,94,4,5,20,270,2.0978
10109088,50,2,4,11,144,1.1193000000000002
10109089,72,3,5,16,220,1.7556000000000003
10109090,86,4,5,20,253,1.9982000000000004
10109091,46,2,4,11,156,1.0973000000000002
10109092,69,3,5,16,214,1.7555
10109093,97,4,5,20,199,2.0043
10109094,41,2,4,11,147,1.0635
10109095,65,3,5,16,244,1.7445000000000002
10109096,103,4,5,20,212,2.1416
10109097,53,2,4,11,148,1.1456000000000002
10109098,76,3,5,16,137,1.7304000000000002
10109099,94,4,5,20,224,2.0460000000000003
10109100,45,2,4,11,167,1.5394
10109101,73,3,5,16,233,1.7993000000000001
10109102,104,4,5,20,284,2.1059
10109103,54,2,4,11,208,1.3254
10109104,74,3,5,16,169,1.7512
10109105,84,4,5,20,243,2.0342000000000002
10109106,46,2,4,11,195,1.1051000000000002
10109107,68,3,5,16,215,1.7202000000000002
10109108,106,4,5,20,233,2.078
10109109,47,2,4,11,147,1.0591000000000002
10109110,73,3,5,16,152,1.8161000000000003
10109111,86,4,5,20,302,2.1106000000000003
10109112,45,2,4,11,114,1.0702
10109113,74,3,5,16,134,1.7655
10109114,96,4,5,20,209,2.0898000000000003
10109115,58,2,4,11,211,1.1992
10109116,70,3,5,16,224,1.7561
10109117,112,4,5,20,295,2.1854
10109118,53,2,4,11,130,1.0878
10109119,63,3,5,16,174,1.6662000000000001
10109120,92,4,5,20,255,2.1211
10109121,49,2,4,11,119,1.0813000000000001
10109122,78,3,5,16,204,1.7554
10109123,99,4,5,20,230,2.1541
10109124,51,2,4,11,170,1.1221
10109125,67,3,5,16,172,1.7526000000000002
10109126,106,4,5,20,136,2.015
10109127,44,2,4,11,191,1.1201
10109128,69,3,5,16,144,1.8009
10109129,91,4,5,20,202,2.0281000000000002
10109130,42,2,4,11,123,1.0197
10109131,73,3,5,16,249,1.8541
10109132,103,4,5,20,261,2.373
10109133,48,2,4,11,171,1.3542
10109134,70,3,5,16,270,1.7437000000000002
10109135,93,4,5,20,211,2.0385
10109136,46,2,4,11,163,1.065
10109137,63,3,5,16,235,1.7153
10109138,94,4,5,20,250,2.0653
10109139,36,2,4,11,145,1.0369000000000002
10109140,70,3,5,16,225,1.8757000000000001
10109141,98,4,5,20,230,3.3985
10109142,47,2,4,11,165,1.1402
10109143,71,3,5,16,227,2.4145
10109144,94,4,5,20,208,2.0105
10109145,41,2,4,11,127,1.054
10109146,73,3,5,16,239,1.7395000000000003
10109147,91,4,5,20,192,1.9698000000000002
10109148,46,2,4,11,158,1.1082
10109149,73,3,5,16,250,1.7816
10109150,102,4,5,20,269,2.1169000000000002
10109151,48,2,4,11,127,1.1541000000000001
10109152,69,3,5,16,223,1.737
10109153,93,4,5,20,234,2.1754000000000002
10109154,46,2,4,11,157,1.0788
10109155,83,3,5,16,184,1.8267000000000002
10109156,99,4,5,20,227,2.0512
10109157,46,2,4,11,149,1.1805999999999999
10109158,87,3,5,16,178,1.8024
10109159,99,4,5,20,270,2.078
10109160,49,2,4,11,147,1.0782
10109161,64,3,5,16,193,1.7621000000000002
10109162,106,4,5,20,261,2.0839
10109163,60,2,4,11,185,1.173
10109164,62,3,5,16,186,1.7397
10109165,87,4,5,20,228,2.0904000000000003
10109166,57,2,4,11,127,1.1236
10109167,59,3,5,16,205,1.687
10109168,93,4,5,20,211,1.9886000000000001
10109169,53,2,4,11,149,1.1371
10109170,90,3,5,16,167,1.8335000000000001
10109171,91,4,5,20,212,1.9753
10109172,52,2,4,11,124,1.0810000000000002
10109173,77,3,5,16,174,1.8095
10109174,97,4,5,20,251,2.0798
10109175,39,2,4,11,169,1.0473999999999999
10109176,65,3,5,16,215,1.731
10109177,84,4,5,20,283,2.016
10109178,50,2,4,11,121,1.1181
10109179,69,3,5,16,207,1.7416
10109180,96,4,5,20,276,2.2637
10109181,46,2,4,11,121,1.0892
10109182,71,3,5,16,221,1.7333
10109183,104,4,5,20,232,2.0986
10109184,47,2,4,11,117,1.0923
10109185,81,3,5,16,213,2.5281000000000002
10109186,106,4,5,20,207,2.0695
10109187,49,2,4,11,151,1.1424
10109188,68,3,5,16,236,1.7387000000000001
10109189,102,4,5,20,241,2.1544000000000003
10109190,46,2,4,11,140,1.1052
10109191,67,3,5,16,215,1.7238000000000002
10109192,96,4,5,20,293,2.0934
10109193,47,2,4,11,166,1.1254000000000002
10109194,76,3,5,16,219,1.8109
10109195,97,4,5,20,262,2.1508
10109196,46,2,4,11,161,1.1012000000000002
10109197,73,3,5,16,168,1.7532
10109198,75,4,5,20,216,1.9675
10109199,48,2,4,11,156,1.1104
10109200,64,3,5,16,152,1.7180000000000002
10109201,101,4,5,20,259,2.0462000000000002
10109202,44,2,4,11,106,1.0790000000000002
10109203,78,3,5,16,215,1.7850000000000001
10109204,91,4,5,20,197,1.9846
10109205,54,2,4,11,149,1.1205
10109206,68,3,5,16,150,1.6847
10109207,109,4,5,20,247,2.1673
10109208,41,2,4,11,173,1.0751000000000002
10109209,59,3,5,16,243,1.6972
10109210,96,4,5,20,282,2.0480000000000005
10109211,47,2,4,11,150,1.0837
10109212,78,3,5,16,208,1.7953000000000001
10109213,102,4,5,20,288,2.0545000000000004
10109214,42,2,4,11,92,1.0413
10109215,65,3,5,16,267,1.7053
10109216,101,4,5,20,229,2.0673000000000004
10109217,43,2,4,11,186,1.0693
10109218,72,3,5,16,154,1.7338000000000002
10109219,94,4,5,20,314,2.0819
10109220,47,2,4,11,122,1.0895
10109221,79,3,5,16,170,1.8277
10109222,95,4,5,20,177,3.0372000000000003
10109223,48,2,4,11,184,1.1438000000000001
10109224,76,3,5,16,223,1.7284000000000002
10109225,108,4,5,20,243,2.1122
10109226,52,2,4,11,126,1.1325
10109227,71,3,5,16,256,1.7965000000000002
10109228,109,4,5,20,212,2.0689
10109229,44,2,4,11,211,1.0767
10109230,77,3,5,16,245,1.8408
10109231,96,4,5,20,205,2.0644
10109232,51,2,4,11,154,1.0843
10109233,73,3,5,16,239,1.7888000000000002
10109234,80,4,5,20,227,2.0284
10109235,49,2,4,11,143,1.1077000000000001
10109236,74,3,5,16,193,2.076
10109237,110,4,5,20,198,2.1128
10109238,49,2,4,11,115,1.0966
10109239,82,3,5,16,224,1.7298
10109240,90,4,5,20,189,2.0083
10109241,50,2,4,11,179,1.1411000000000002
10109242,72,3,5,16,200,1.8462
10109243,95,4,5,20,256,2.0464
10109244,49,2,4,11,146,1.1276000000000002
10109245,81,3,5,16,203,1.8337
10109246,86,4,5,20,150,1.9818000000000002
10109247,44,2,4,11,217,1.1430000000000002
10109248,79,3,5,16,199,1.9108
10109249,101,4,5,20,238,2.0457
10109250,38,2,4,11,140,1.0579
10109251,67,3,5,16,196,1.7170000000000003
10109252,98,4,5,20,205,2.8524000000000003
10109253,48,2,4,11,104,1.0708
10109254,81,3,5,16,166,1.8293000000000001
10109255,90,4,5,20,264,2.0195
10109256,57,2,4,11,149,1.3553
10109257,79,3,5,16,178,1.7994
10109258,95,4,5,20,201,2.0271
10109259,43,2,4,11,139,1.1
10109260,65,3,5,16,194,1.7049
10109261,87,4,5,20,236,2.4758000000000004
10109262,44,2,4,11,144,1.0955000000000001
10109263,77,3,5,16,167,1.8198
10109264,104,4,5,20,204,2.0549
10109265,44,2,4,11,183,1.0827
10109266,71,3,5,16,279,1.7543000000000002
10109267,102,4,5,20,246,2.0567
10109268,41,2,4,11,179,1.1044000000000003
10109269,66,3,5,16,220,1.7427
10109270,89,4,5,20,217,2.0471
10109271,47,2,4,11,146,1.1088
10109272,73,3,5,16,239,1.8006
10109273,105,4,5,20,327,2.1647000000000003
10109274,49,2,4,11,173,1.0762
10109275,76,3,5,16,189,1.7948
10109276,94,4,5,20,248,2.0602000000000005
10109277,47,2,4,11,92,1.0829000000000002
10109278,77,3,5,16,181,1.8162
10109279,101,4,5,20,230,2.1011
10109280,45,2,4,11,149,1.0621
10109281,83,3,5,16,196,1.7583000000000002
10109282,94,4,5,20,208,2.0338000000000003
10109283,45,2,4,11,147,1.0885
10109284,72,3,5,16,225,1.7443
10109285,96,4,5,20,313,2.0497
10109286,41,2,4,11,127,1.0521
10109287,70,3,5,16,172,1.7843000000000002
10109288,88,4,5,20,256,2.0343
10109289,51,2,4,11,123,1.6184
10109290,68,3,5,16,176,2.1781
10109291,111,4,5,20,208,2.1274
10109292,40,2,4,11,185,1.0578
10109293,76,3,5,16,222,1.7517
10109294,92,4,5,20,224,2.0547
10109295,49,2,4,11,207,1.1375
10109296,73,3,5,16,224,1.8061000000000003
10109297,104,4,5,20,234,2.1426000000000003
10109298,43,2,4,11,213,1.1137
10109299,76,3,5,16,193,1.7979
10109300,94,4,5,20,211,2.12
10109301,52,2,4,11,163,1.0998
10109302,80,3,5,16,154,2.0564000000000004
10109303,92,4,5,20,268,2.0507
10109304,48,2,4,11,177,1.1221
10109305,74,3,5,16,250,1.7752000000000001
10109306,87,4,5,20,209,1.9726000000000001
10109307,44,2,4,11,152,1.1059
10109308,74,3,5,16,194,1.7513
10109309,95,4,5,20,199,2.1144000000000003
10109310,50,2,4,11,152,1.1172
10109311,71,3,5,16,257,1.7554
10109312,97,4,5,20,204,2.0813
10109313,36,2,4,11,195,1.1013000000000002
10109314,75,3,5,16,220,1.8196
10109315,100,4,5,20,241,2.1331
10109316,52,2,4,11,110,1.1252
10109317,70,3,5,16,248,1.7644000000000002
10109318,94,4,5,20,254,2.0644
10109319,51,2,4,11,161,1.1066
10109320,68,3,5,16,245,1.7612
10109321,96,4,5,20,257,2.039
10109322,49,2,4,11,177,1.0871000000000002
10109323,71,3,5,16,154,1.7372
10109324,98,4,5,20,192,2.036
10109325,52,2,4,11,89,1.0913000000000002
10109326,53,3,5,16,188,1.8771
10109327,117,4,5,20,210,2.1123000000000003
10109328,50,2,4,11,137,1.1395000000000002
10109329,76,3,5,16,242,1.7678
10109330,91,4,5,20,224,2.0121
10109331,49,2,4,11,158,1.1207
10109332,75,3,5,16,195,1.7628000000000001
10109333,107,4,5,20,254,2.0994
10109334,52,2,4,11,177,1.1369000000000002
10109335,69,3,5,16,211,1.7212000000000003
10109336,94,4,5,20,302,2.0425
10109337,54,2,4,11,192,1.1501000000000001
10109338,70,3,5,16,160,1.7292
10109339,104,4,5,20,299,2.0571
10109340,41,2,4,11,206,1.0546000000000002
10109341,70,3,5,16,190,1.7271
10109342,103,4,5,20,228,2.2233
10109343,50,2,4,11,186,1.0871000000000002
10109344,75,3,5,16,233,1.7475
10109345,97,4,5,20,209,2.019
10109346,47,2,4,11,181,1.08
10109347,58,3,5,16,183,1.7493
10109348,88,4,5,20,232,2.1236
10109349,47,2,4,11,118,1.0944
10109350,73,3,5,16,184,1.7736
10109351,92,4,5,20,267,2.0717000000000003
10109352,57,2,4,11,152,1.1481
10109353,76,3,5,16,193,1.7577
10109354,83,4,5,20,260,2.0117
10109355,45,2,4,11,173,1.0932000000000002
10109356,65,3,5,16,199,1.8089
10109357,95,4,5,20,238,2.0376000000000003
10109358,45,2,4,11,186,1.1281
10109359,70,3,5,16,222,2.8105
10109360,98,4,5,20,194,3.0622000000000003
10109361,41,2,4,11,155,1.108
10109362,71,3,5,16,244,1.8477000000000001
10109363,92,4,5,20,222,2.0349
10109364,51,2,4,11,164,1.1015000000000001
10109365,77,3,5,16,243,1.7653
10109366,87,4,5,20,245,1.9889000000000001
10109367,48,2,4,11,137,1.0842
10109368,76,3,5,16,211,1.7646000000000002
10109369,106,4,5,20,233,2.0441000000000003
10109370,49,2,4,11,150,1.0753000000000001
10109371,79,3,5,16,234,1.7957
10109372,95,4,5,20,238,2.0328
10109373,47,2,4,11,191,1.1029
10109374,78,3,5,16,176,1.7550000000000001
10109375,89,4,5,20,193,2.0328
10109376,52,2,4,11,220,1.1793
10109377,70,3,5,16,240,1.7375
10109378,85,4,5,20,228,1.9686000000000001
10109379,44,2,4,11,155,1.0555
10109380,80,3,5,16,189,1.7494
10109381,97,4,5,20,297,2.0975
10109382,55,2,4,11,139,1.1294
10109383,78,3,5,16,247,1.7901000000000002
10109384,90,4,5,20,176,2.0047
10109385,49,2,4,11,118,1.1134000000000002
10109386,72,3,5,16,175,1.7356
10109387,92,4,5,20,228,2.0666
10109388,51,2,4,11,206,1.0926
10109389,75,3,5,16,321,1.8592000000000002
10109390,98,4,5,20,256,2.1172
10109391,51,2,4,11,135,1.2630000000000001
10109392,85,3,5,16,213,1.8799000000000001
10109393,95,4,5,20,186,2.0655
10109394,56,2,4,11,124,1.1811
10109395,75,3,5,16,217,1.919
10109396,94,4,5,20,251,2.0179
10109397,47,2,4,11,135,1.5047000000000001
10109398,74,3,5,16,194,2.5546
10109399,93,4,5,20,267,2.0544000000000002
10109400,43,2,4,11,212,1.0813000000000001
10109401,81,3,5,16,150,1.8084000000000002
10109402,108,4,5,20,190,2.105
10109403,53,2,4,11,149,1.1877
10109404,69,3,5,16,188,1.7282
10109405,99,4,5,20,265,2.0341
10109406,50,2,4,11,175,1.1352
10109407,76,3,5,16,138,1.7896
10109408,104,4,5,20,226,2.1309000000000005
10109409,38,2,4,11,179,1.0536
10109410,73,3,5,16,180,1.7214
10109411,94,4,5,20,263,2.1212
10109412,51,2,4,11,177,1.1005
10109413,74,3,5,16,158,1.723
10109414,100,4,5,20,243,2.1131
10109415,44,2,4,11,158,1.1216000000000002
10109416,78,3,5,16,215,1.7799
10109417,101,4,5,20,289,2.1548000000000003
10109418,50,2,4,11,152,1.1051000000000002
10109419,72,3,5,16,200,1.8975000000000002
10109420,104,4,5,20,189,2.1641
10109421,37,2,4,11,148,1.1059
10109422,68,3,5,16,191,1.8130000000000002
10109423,105,4,5,20,182,2.1746
10109424,51,2,4,11,150,1.0973000000000002
10109425,66,3,5,16,265,1.7356
10109426,98,4,5,20,225,2.1339
10109427,49,2,4,11,189,1.1211
10109428,65,3,5,16,278,1.7722
10109429,96,4,5,20,186,2.0413
10109430,46,2,4,11,96,1.0542000000000002
10109431,81,3,5,16,162,1.7722
10109432,105,4,5,20,277,2.0273000000000003
10109433,50,2,4,11,199,1.15
10109434,76,3,5,16,177,1.7802
10109435,97,4,5,20,302,2.2127000000000003
10109436,51,2,4,11,150,1.1308000000000002
10109437,70,3,5,16,172,1.7533
10109438,101,4,5,20,186,1.9919
10109439,41,2,4,11,151,1.0606
10109440,78,3,5,16,203,1.9031
10109441,92,4,5,20,269,2.1297
10109442,48,2,4,11,140,1.1022
10109443,71,3,5,16,249,1.8221
10109444,97,4,5,20,275,2.1822
10109445,42,2,4,11,155,1.0657
10109446,65,3,5,16,253,1.7406000000000001
10109447,102,4,5,20,257,2.1670000000000003
10109448,46,2,4,11,130,1.0686
10109449,76,3,5,16,274,1.8005
10109450,115,4,5,20,228,2.1451000000000002
10109451,43,2,4,11,169,1.1154000000000002
10109452,68,3,5,16,229,1.7732
10109453,96,4,5,20,261,2.0428
10109454,53,2,4,11,132,1.1433
10109455,71,3,5,16,229,1.7482000000000002
10109456,88,4,5,20,178,2.0149
10109457,37,2,4,11,160,1.0168
10109458,71,3,5,16,247,1.7920000000000003
10109459,93,4,5,20,321,2.0833000000000004
10109460,39,2,4,11,187,1.0699
10109461,74,3,5,16,193,2.0654000000000003
10109462,100,4,5,20,190,2.0522
10109463,50,2,4,11,151,1.1044000000000003
10109464,65,3,5,16,185,2.1825
10109465,94,4,5,20,283,2.0388
10109466,51,2,4,11,187,1.1542
10109467,70,3,5,16,262,1.7242000000000002
10109468,97,4,5,20,197,2.1369000000000002
10109469,42,2,4,11,143,1.0753000000000001
10109470,84,3,5,16,243,1.858
10109471,108,4,5,20,253,2.1596
10109472,44,2,4,11,160,1.1253000000000002
10109473,62,3,5,16,191,1.6989
10109474,97,4,5,20,258,2.0349
10109475,44,2,4,11,180,1.0931
10109476,75,3,5,16,236,1.7748000000000002
10109477,93,4,5,20,281,2.0410000000000004
10109478,46,2,4,11,152,1.1214
10109479,66,3,5,16,164,1.7702000000000002
10109480,95,4,5,20,170,2.0771
10109481,47,2,4,11,111,1.1289000000000002
10109482,70,3,5,16,185,1.7730000000000001
10109483,101,4,5,20,275,2.0552
10109484,51,2,4,11,145,1.1123
10109485,75,3,5,16,245,1.825
10109486,106,4,5,20,258,2.1618000000000004
10109487,53,2,4,11,129,1.0982
10109488,84,3,5,16,206,1.8188000000000002
10109489,100,4,5,20,237,2.0463
10109490,35,2,4,11,239,1.0517
10109491,72,3,5,16,202,1.7543000000000002
10109492,105,4,5,20,288,2.2593
10109493,46,2,4,11,232,1.1569
10109494,77,3,5,16,174,2.2493000000000003
10109495,112,4,5,20,183,2.1633
10109496,42,2,4,11,217,1.2749000000000001
10109497,71,3,5,16,209,1.7637000000000003
10109498,95,4,5,20,230,2.0289
10109499,46,2,4,11,143,1.1368
10109500,70,3,5,16,148,1.7485
10109501,97,4,5,20,226,2.1398
10109502,44,2,4,11,153,1.1129
10109503,77,3,5,16,250,1.7902
10109504,100,4,5,20,229,2.0601
10109505,42,2,4,11,114,1.0430000000000001
10109506,72,3,5,16,164,1.7519
10109507,103,4,5,20,247,2.0886
10109508,50,2,4,11,172,1.1265
10109509,65,3,5,16,224,1.7106000000000001
10109510,88,4,5,20,297,2.1156
10109511,43,2,4,11,168,1.0652000000000001
10109512,73,3,5,16,230,1.7524000000000002
10109513,83,4,5,20,259,2.0228
10109514,46,2,4,11,170,1.0762
10109515,67,3,5,16,197,1.7391
10109516,96,4,5,20,173,2.0312
10109517,52,2,4,11,143,1.1351
10109518,75,3,5,16,170,1.7499000000000002
10109519,96,4,5,20,217,2.0438
10109520,48,2,4,11,149,1.1232
10109521,90,3,5,16,256,1.8867
10109522,101,4,5,20,209,2.0656000000000003
10109523,51,2,4,11,150,1.105
10109524,78,3,5,16,202,1.7411
10109525,90,4,5,20,264,1.9918000000000002
10109526,52,2,4,11,193,1.1201
10109527,81,3,5,16,193,1.796
10109528,105,4,5,20,211,2.0239
10109529,51,2,4,11,160,1.0955000000000001
10109530,77,3,5,16,192,1.7844
10109531,87,4,5,20,215,2.1319
10109532,38,2,4,11,121,1.0365000000000002
10109533,67,3,5,16,245,1.6885000000000001
10109534,103,4,5,20,272,2.1423
10109535,48,2,4,11,114,1.2707
10109536,70,3,5,16,178,1.8855
10109537,102,4,5,20,189,2.0474
10109538,41,2,4,11,100,1.0695000000000001
10109539,67,3,5,16,229,1.7507000000000001
10109540,105,4,5,20,208,2.1795
10109541,48,2,4,11,128,1.0916000000000001
10109542,78,3,5,16,209,1.7777
10109543,86,4,5,20,218,2.1655
10109544,41,2,4,11,130,1.0666
10109545,64,3,5,16,227,1.6844000000000001
10109546,97,4,5,20,218,1.9915000000000003
10109547,45,2,4,11,150,1.1044000000000003
10109548,63,3,5,16,261,1.6904000000000001
10109549,94,4,5,20,230,1.9939000000000002
10109550,42,2,4,11,165,1.0783
10109551,68,3,5,16,193,1.7442
10109552,91,4,5,20,236,2.0191000000000003
10109553,46,2,4,11,177,1.1112000000000002
10109554,75,3,5,16,139,1.6895
10109555,109,4,5,20,263,2.0712
10109556,43,2,4,11,140,1.0928000000000002
10109557,70,3,5,16,206,1.7336
10109558,94,4,5,20,213,2.0224
10109559,51,2,4,11,103,1.0865
10109560,62,3,5,16,255,2.0154
10109561,97,4,5,20,254,2.0345000000000004
10109562,46,2,4,11,146,1.1174000000000002
10109563,73,3,5,16,198,1.7766000000000002
10109564,96,4,5,20,241,2.0521000000000003
10109565,40,2,4,11,117,1.0677
10109566,79,3,5,16,170,1.776
10109567,99,4,5,20,226,2.0311
10109568,34,2,4,11,180,1.0171000000000001
10109569,77,3,5,16,184,1.7195
10109570,105,4,5,20,292,2.309
10109571,53,2,4,11,202,1.1430000000000002
10109572,81,3,5,16,216,1.8215000000000001
10109573,82,4,5,20,258,2.0113000000000003
10109574,44,2,4,11,181,1.1306
10109575,72,3,5,16,213,1.7582000000000002
10109576,107,4,5,20,222,2.105
10109577,48,2,4,11,190,1.1540000000000001
10109578,79,3,5,16,223,1.8964
10109579,92,4,5,20,240,2.2643000000000004
10109580,54,2,4,11,188,1.1380000000000001
10109581,80,3,5,16,186,1.8318
10109582,101,4,5,20,265,2.0315000000000003
10109583,51,2,4,11,227,1.1303
10109584,65,3,5,16,152,1.7154000000000003
10109585,101,4,5,20,198,2.0533
10109586,38,2,4,11,164,1.0719
10109587,79,3,5,16,184,1.7413
10109588,99,4,5,20,208,2.0209
10109589,56,2,4,11,170,1.1313
10109590,79,3,5,16,176,1.7501
10109591,101,4,5,20,253,2.1354
10109592,44,2,4,11,118,1.0824
10109593,73,3,5,16,198,1.7528000000000001
10109594,94,4,5,20,259,2.0636
10109595,40,2,4,11,176,1.0631
10109596,69,3,5,16,191,1.7649
10109597,103,4,5,20,194,2.1627
10109598,48,2,4,11,139,1.1141
10109599,74,3,5,16,166,1.7911000000000001
10109600,94,4,5,20,191,2.0037000000000003
10109601,50,2,4,11,145,1.0681
10109602,74,3,5,16,229,1.7635
10109603,96,4,5,20,217,2.0525
10109604,50,2,4,11,177,1.1635
10109605,75,3,5,16,203,1.7049
10109606,111,4,5,20,250,2.1449
10109607,51,2,4,11,145,1.0861
10109608,69,3,5,16,180,2.8523000000000005
10109609,97,4,5,20,209,2.111
10109610,41,2,4,11,176,1.0529000000000002
10109611,82,3,5,16,223,2.1573
10109612,98,4,5,20,236,2.0062
10109613,55,2,4,11,165,1.1095
10109614,73,3,5,16,170,1.7578
10109615,100,4,5,20,226,2.1036
10109616,49,2,4,11,169,1.1
10109617,74,3,5,16,167,2.1116
10109618,91,4,5,20,226,2.0021
10109619,45,2,4,11,198,1.1174000000000002
10109620,68,3,5,16,167,1.7299000000000002
10109621,92,4,5,20,231,2.0303999999999998
10109622,55,2,4,11,160,1.7377
10109623,77,3,5,16,233,1.7818
10109624,107,4,5,20,226,2.1323000000000003
10109625,55,2,4,11,205,1.1282
10109626,81,3,5,16,252,1.8843000000000003
10109627,95,4,5,20,208,2.0303999999999998
10109628,46,2,4,11,144,1.3502000000000003
10109629,87,3,5,16,180,1.7645
10109630,102,4,5,20,193,2.0611
10109631,46,2,4,11,107,1.0668000000000002
10109632,65,3,5,16,237,1.745
10109633,100,4,5,20,244,2.1433000000000004
10109634,53,2,4,11,132,1.088
10109635,68,3,5,16,207,1.7013000000000003
10109636,90,4,5,20,212,3.5164000000000004
10109637,46,2,4,11,140,1.1059
10109638,69,3,5,16,209,1.8463
10109639,90,4,5,20,226,2.0939
10109640,50,2,4,11,159,1.2588
10109641,58,3,5,16,212,1.6384
10109642,96,4,5,20,250,2.0988
10109643,49,2,4,11,111,1.088
10109644,73,3,5,16,178,1.7542
10109645,95,4,5,20,172,2.0068
10109646,47,2,4,11,102,1.0912000000000002
10109647,85,3,5,16,206,1.8194000000000001
10109648,99,4,5,20,209,2.0641000000000003
10109649,49,2,4,11,193,1.1691000000000003
10109650,72,3,5,16,218,1.925
10109651,96,4,5,20,267,2.1065000000000005
10109652,42,2,4,11,130,1.1845
10109653,68,3,5,16,180,1.7305000000000001
10109654,100,4,5,20,210,2.0668
10109655,52,2,4,11,155,1.1712
10109656,77,3,5,16,162,1.8390000000000002
10109657,98,4,5,20,224,2.0688
10109658,49,2,4,11,139,1.1506
10109659,75,3,5,16,231,1.8163
10109660,103,4,5,20,213,2.0785
10109661,47,2,4,11,156,1.1145
10109662,65,3,5,16,187,1.7669000000000001
10109663,83,4,5,20,236,2.036
10109664,47,2,4,11,175,1.1384
10109665,78,3,5,16,154,1.7512
10109666,99,4,5,20,229,2.2129000000000003
10109667,58,2,4,11,155,1.1804000000000001
10109668,76,3,5,16,256,1.8488
10109669,101,4,5,20,325,2.1252000000000004
10109670,51,2,4,11,167,1.1041
10109671,66,3,5,16,199,1.8027000000000002
10109672,98,4,5,20,223,2.0294000000000003
10109673,43,2,4,11,179,1.1476000000000002
10109674,64,3,5,16,178,1.7278
10109675,91,4,5,20,194,2.0829
10109676,51,2,4,11,160,1.2322000000000002
10109677,74,3,5,16,227,1.8013000000000001
10109678,92,4,5,20,212,2.0551000000000004
10109679,43,2,4,11,174,1.0524
10109680,75,3,5,16,228,1.7716
10109681,97,4,5,20,214,2.0546
10109682,50,2,4,11,148,1.0949
10109683,73,3,5,16,154,1.7767000000000002
10109684,96,4,5,20,274,2.1077
10109685,47,2,4,11,175,1.0942
10109686,71,3,5,16,223,1.7316
10109687,100,4,5,20,202,2.1255
10109688,55,2,4,11,186,1.1057000000000001
10109689,76,3,5,16,198,2.6129000000000002
10109690,87,4,5,20,253,2.0038
10109691,50,2,4,11,147,1.1435
10109692,84,3,5,16,222,1.8224
10109693,101,4,5,20,197,2.0653
10109694,46,2,4,11,162,1.1457000000000002
10109695,78,3,5,16,220,1.7925
10109696,85,4,5,20,246,2.0234
10109697,46,2,4,11,193,1.1492000000000002
10109698,77,3,5,16,138,1.7455
10109699,87,4,5,20,222,2.0346
10109700,49,2,4,11,128,1.1114
10109701,73,3,5,16,122,2.1898
10109702,101,4,5,20,246,2.1271000000000004
10109703,39,2,4,11,150,1.0792
10109704,74,3,5,16,178,1.7723
10109705,106,4,5,20,264,2.0843000000000003
10109706,46,2,4,11,154,1.0989
10109707,68,3,5,16,248,1.7944
10109708,92,4,5,20,184,2.0012000000000003
10109709,46,2,4,11,103,1.0586
10109710,73,3,5,16,226,1.7543000000000002
10109711,93,4,5,20,285,3.0976000000000004
10109712,52,2,4,11,203,1.1299000000000001
10109713,76,3,5,16,272,1.8032000000000001
10109714,93,4,5,20,235,2.0748
10109715,46,2,4,11,207,1.1328
10109716,72,3,5,16,129,1.7476000000000003
10109717,92,4,5,20,241,2.1015
10109718,53,2,4,11,137,1.1169
10109719,78,3,5,16,210,1.7281000000000002
10109720,87,4,5,20,225,2.0469
10109721,35,2,4,11,177,1.03
10109722,76,3,5,16,207,1.7364000000000002
10109723,105,4,5,20,250,2.083
10109724,44,2,4,11,173,1.1169
10109725,77,3,5,16,147,1.7282
10109726,105,4,5,20,261,2.1138000000000003
10109727,63,2,4,11,133,1.1498000000000002
10109728,75,3,5,16,185,1.7187000000000001
10109729,101,4,5,20,226,2.1174000000000004
10109730,47,2,4,11,205,1.1023
10109731,70,3,5,16,184,1.7487000000000001
10109732,85,4,5,20,329,2.0783
10109733,51,2,4,11,131,1.0915
10109734,66,3,5,16,219,1.7087
10109735,100,4,5,20,232,2.1043
10109736,54,2,4,11,185,1.1354000000000002
10109737,72,3,5,16,192,1.7715
10109738,95,4,5,20,168,2.0252
10109739,50,2,4,11,88,1.0835000000000001
10109740,70,3,5,16,222,1.7242000000000002
10109741,104,4,5,20,251,2.0599
10109742,48,2,4,11,108,1.1113
10109743,72,3,5,16,235,1.7856
10109744,90,4,5,20,244,2.3465000000000003
10109745,49,2,4,11,190,1.0806000000000002
10109746,67,3,5,16,238,1.7275
10109747,95,4,5,20,316,2.031
10109748,44,2,4,11,165,1.0729000000000002
10109749,80,3,5,16,157,1.7847000000000002
10109750,100,4,5,20,229,2.0325
10109751,40,2,4,11,155,1.1792
10109752,76,3,5,16,191,1.9607999999999999
10109753,95,4,5,20,221,2.0764
10109754,55,2,4,11,145,1.1387
10109755,74,3,5,16,201,1.7117
10109756,96,4,5,20,212,2.0293
10109757,42,2,4,11,153,1.1615
10109758,75,3,5,16,246,1.7436
10109759,100,4,5,20,323,2.0942
10109760,45,2,4,11,187,1.0594000000000001
10109761,65,3,5,16,245,1.7409000000000001
10109762,112,4,5,20,253,2.1391999999999998
10109763,63,2,4,11,151,1.1645
10109764,72,3,5,16,211,1.7669000000000001
10109765,96,4,5,20,212,2.6974
10109766,48,2,4,11,139,1.0908
10109767,75,3,5,16,166,1.7978
10109768,93,4,5,20,240,2.0566
10109769,51,2,4,11,127,1.1024
10109770,68,3,5,16,188,1.7285
10109771,98,4,5,20,206,2.0261000000000005
10109772,49,2,4,11,140,1.1405
10109773,71,3,5,16,185,1.7095
10109774,115,4,5,20,264,2.0981000000000005
10109775,54,2,4,11,156,1.1001
10109776,69,3,5,16,195,1.7765000000000002
10109777,90,4,5,20,281,1.9685000000000001
10109778,43,2,4,11,94,1.0371
10109779,60,3,5,16,240,1.6674
10109780,107,4,5,20,260,2.1278
10109781,52,2,4,11,134,1.1138000000000001
10109782,72,3,5,16,144,1.7062000000000002
10109783,103,4,5,20,186,2.0562
10109784,50,2,4,11,188,1.1189000000000002
10109785,71,3,5,16,179,1.7391
10109786,104,4,5,20,255,2.0773
10109787,44,2,4,11,127,1.0967000000000002
10109788,79,3,5,16,182,1.7909000000000002
10109789,96,4,5,20,242,2.0205
10109790,46,2,4,11,165,1.0779
10109791,74,3,5,16,181,1.7466000000000002
10109792,93,4,5,20,206,2.0811
10109793,46,2,4,11,133,1.0899
10109794,65,3,5,16,156,1.7122000000000002
10109795,106,4,5,20,294,2.4490000000000003
10109796,50,2,4,11,165,1.101
10109797,64,3,5,16,211,1.8528000000000002
10109798,86,4,5,20,265,2.0497
10109799,43,2,4,11,139,1.103
10109800,73,3,5,16,235,1.7279
10109801,104,4,5,20,225,2.1159
10109802,48,2,4,11,169,1.1045
10109803,78,3,5,16,213,1.7701000000000002
10109804,90,4,5,20,289,3.1644000000000005
10109805,36,2,4,11,175,1.0297
10109806,66,3,5,16,191,1.7339
10109807,99,4,5,20,296,2.116
10109808,53,2,4,11,148,1.1660000000000001
10109809,79,3,5,16,225,1.7928000000000002
10109810,98,4,5,20,263,2.052
10109811,56,2,4,11,164,1.1183
10109812,77,3,5,16,197,1.7563000000000002
10109813,98,4,5,20,244,2.0528
10109814,49,2,4,11,171,1.1274
10109815,59,3,5,16,198,1.6828
10109816,100,4,5,20,224,2.0749
10109817,54,2,4,11,86,1.0813000000000001
10109818,74,3,5,16,159,1.7259
10109819,90,4,5,20,178,1.9880000000000002
10109820,47,2,4,11,152,1.1202
10109821,63,3,5,16,221,1.762
10109822,100,4,5,20,227,2.0875
10109823,57,2,4,11,151,1.1292000000000002
10109824,83,3,5,16,247,1.7724000000000002
10109825,100,4,5,20,233,2.0794
10109826,47,2,4,11,165,1.1007
10109827,63,3,5,16,215,1.6813000000000002
10109828,102,4,5,20,254,2.1602
10109829,52,2,4,11,184,1.0904
10109830,71,3,5,16,258,1.7282
10109831,100,4,5,20,240,1.9729
10109832,51,2,4,11,191,1.6396000000000002
10109833,90,3,5,16,206,2.7223
10109834,91,4,5,20,288,2.0869
10109835,51,2,4,11,209,1.1574
10109836,75,3,5,16,220,1.7673
10109837,106,4,5,20,204,2.2358000000000002
10109838,41,2,4,11,120,1.0541
10109839,68,3,5,16,238,1.7318000000000002
10109840,92,4,5,20,233,2.0719000000000003
10109841,47,2,4,11,162,1.155
10109842,72,3,5,16,226,1.7471
10109843,105,4,5,20,250,2.1557
10109844,39,2,4,11,174,1.0956000000000001
10109845,68,3,5,16,178,1.7866000000000002
10109846,95,4,5,20,241,2.3347
10109847,50,2,4,11,178,1.1315000000000002
10109848,83,3,5,16,179,1.9913999999999998
10109849,103,4,5,20,310,2.1258000000000004
10109850,50,2,4,11,154,1.1581
10109851,66,3,5,16,168,1.6969
10109852,88,4,5,20,262,2.1229
10109853,52,2,4,11,169,1.1122
10109854,75,3,5,16,194,1.7081000000000002
10109855,78,4,5,20,250,1.9461000000000002
10109856,49,2,4,11,153,1.103
10109857,78,3,5,16,229,1.8217
10109858,111,4,5,20,209,2.0955000000000004
10109859,45,2,4,11,165,1.0935000000000001
10109860,70,3,5,16,208,1.7332
10109861,96,4,5,20,229,2.0667000000000004
10109862,52,2,4,11,207,1.1187
10109863,62,3,5,16,229,1.7619
10109864,107,4,5,20,252,2.1163000000000003
10109865,45,2,4,11,196,1.0645000000000002
10109866,85,3,5,16,186,1.8497000000000001
10109867,93,4,5,20,213,3.3953
10109868,43,2,4,11,117,1.066
10109869,72,3,5,16,169,2.1602
10109870,92,4,5,20,321,2.7413000000000003
10109871,50,2,4,11,126,1.1024
10109872,73,3,5,16,176,1.7379000000000002
10109873,105,4,5,20,165,2.0377
10109874,48,2,4,11,94,1.1224000000000003
10109875,65,3,5,16,219,1.7366000000000001
10109876,98,4,5,20,305,2.0298
10109877,48,2,4,11,130,1.0608
10109878,67,3,5,16,164,1.6935000000000002
10109879,102,4,5,20,253,2.1186
10109880,47,2,4,11,173,1.1009000000000002
10109881,79,3,5,16,112,1.7648000000000001
10109882,108,4,5,20,246,2.1795
10109883,47,2,4,11,141,1.0904
10109884,68,3,5,16,195,1.7331
10109885,101,4,5,20,205,2.1932
10109886,38,2,4,11,223,1.0383
10109887,64,3,5,16,218,1.7123000000000002
10109888,95,4,5,20,254,2.0652
10109889,47,2,4,11,139,1.1106
10109890,73,3,5,16,236,1.7661
10109891,98,4,5,20,245,2.0660000000000003
10109892,38,2,4,11,164,1.0318
10109893,68,3,5,16,208,1.7810000000000001
10109894,99,4,5,20,238,2.0494000000000003
10109895,48,2,4,11,118,1.2223000000000002
10109896,81,3,5,16,205,1.7754
10109897,89,4,5,20,268,2.8848000000000003
10109898,55,2,4,11,187,1.1612
10109899,72,3,5,16,177,1.7924000000000002
10109900,93,4,5,20,260,1.9806000000000004
10109901,46,2,4,11,212,1.1135000000000002
10109902,79,3,5,16,142,1.7487000000000001
10109903,94,4,5,20,257,2.0856
10109904,46,2,4,11,178,1.0699
10109905,70,3,5,16,273,1.7570000000000001
10109906,102,4,5,20,214,2.0847
10109907,49,2,4,11,136,1.0753000000000001
10109908,66,3,5,16,236,1.7304000000000002
10109909,101,4,5,20,292,2.1144000000000003
10109910,45,2,4,11,138,1.0801
10109911,78,3,5,16,157,1.7378
10109912,96,4,5,20,249,2.0256000000000003
10109913,51,2,4,11,127,1.1177000000000001
10109914,64,3,5,16,201,1.7231000000000003
10109915,99,4,5,20,248,2.0824000000000003
10109916,46,2,4,11,169,1.0845
10109917,89,3,5,16,236,1.8529000000000002
10109918,94,4,5,20,239,2.1442
10109919,45,2,4,11,140,1.0431000000000001
10109920,67,3,5,16,262,1.7812000000000001
10109921,96,4,5,20,244,2.0077000000000003
10109922,48,2,4,11,155,1.0945
10109923,76,3,5,16,200,1.7498000000000002
10109924,104,4,5,20,250,2.0996
10109925,49,2,4,11,170,1.1603
10109926,65,3,5,16,154,1.7142000000000002
10109927,101,4,5,20,243,2.1759
10109928,57,2,4,11,92,1.1096000000000001
10109929,74,3,5,16,207,1.7447000000000001
10109930,102,4,5,20,239,2.0751000000000004
10109931,57,2,4,11,148,1.1264
10109932,69,3,5,16,246,1.8045000000000002
10109933,80,4,5,20,261,2.0219
10109934,49,2,4,11,131,1.1504
10109935,69,3,5,16,265,1.7958000000000003
10109936,90,4,5,20,296,2.1702000000000004
10109937,43,2,4,11,159,1.1389
10109938,76,3,5,16,140,1.7441000000000002
10109939,91,4,5,20,257,2.2363
10109940,55,2,4,11,102,1.1326
10109941,70,3,5,16,236,1.7442
10109942,88,4,5,20,276,1.9858000000000002
10109943,54,2,4,11,193,1.1427
10109944,88,3,5,16,182,1.8666000000000003
10109945,91,4,5,20,281,2.1085000000000003
10109946,49,2,4,11,93,1.083
10109947,65,3,5,16,212,1.7255
10109948,92,4,5,20,178,2.0982000000000003
10109949,48,2,4,11,131,1.3737000000000001
10109950,74,3,5,16,148,1.7266
10109951,103,4,5,20,198,2.0358
10109952,50,2,4,11,233,1.1261
10109953,63,3,5,16,279,1.7032000000000003
10109954,91,4,5,20,142,2.0046
10109955,50,2,4,11,129,1.1295000000000002
10109956,68,3,5,16,247,1.7517
10109957,106,4,5,20,228,2.2472
10109958,54,2,4,11,144,1.1564
10109959,69,3,5,16,173,1.7585000000000002
10109960,100,4,5,20,236,2.0511
10109961,50,2,4,11,165,1.2329
10109962,68,3,5,16,268,1.788
10109963,98,4,5,20,313,2.0798
10109964,44,2,4,11,174,1.1008
10109965,74,3,5,16,204,1.7794000000000003
10109966,79,4,5,20,282,2.0128
10109967,46,2,4,11,163,1.0996000000000001
10109968,77,3,5,16,197,1.7867
10109969,97,4,5,20,239,2.0214
10109970,51,2,4,11,108,1.0970000000000002
10109971,70,3,5,16,212,1.7067
10109972,89,4,5,20,230,1.9959
10109973,47,2,4,11,150,1.1062
10109974,65,3,5,16,213,1.7119000000000002
10109975,85,4,5,20,258,2.0549
10109976,47,2,4,11,162,1.3129000000000002
10109977,72,3,5,16,215,1.7453000000000003
10109978,98,4,5,20,240,2.0349999999999997
10109979,48,2,4,11,131,1.0876
10109980,69,3,5,16,325,1.7829
10109981,98,4,5,20,214,2.0409
10109982,37,2,4,11,181,1.0899
10109983,70,3,5,16,178,1.7294
10109984,93,4,5,20,160,2.1247000000000003
10109985,39,2,4,11,153,1.0281
10109986,77,3,5,16,242,1.7948
10109987,92,4,5,20,160,1.9993000000000003
10109988,51,2,4,11,138,1.127
10109989,64,3,5,16,229,1.7350000000000003
10109990,94,4,5,20,260,2.0829
10109991,45,2,4,11,183,1.0951000000000002
10109992,72,3,5,16,203,1.724
10109993,95,4,5,20,280,1.981
10109994,53,2,4,11,166,1.1241
10109995,74,3,5,16,194,1.7708000000000002
10109996,89,4,5,20,236,2.0344
10109997,47,2,4,11,151,1.0914
10109998,81,3,5,16,178,1.7609000000000001
10109999,92,4,5,20,312,2.0676
10110000,49,2,4,11,112,1.0972
10110001,73,3,5,16,213,2.3345000000000002
10110002,85,4,5,20,265,2.0826
10110003,52,2,4,11,141,1.1302
10110004,81,3,5,16,220,1.8655000000000002
10110005,88,4,5,20,252,2.202
10110006,52,2,4,11,177,1.1007
10110007,70,3,5,16,250,1.7522000000000002
10110008,96,4,5,20,199,2.0101000000000004
10110009,50,2,4,11,188,1.1066
10110010,71,3,5,16,163,1.7618000000000003
10110011,113,4,5,20,274,2.1634
10110012,48,2,4,11,130,1.0741
10110013,74,3,5,16,225,1.8281
10110014,85,4,5,20,206,2.0694000000000004
10110015,44,2,4,11,160,1.083
10110016,80,3,5,16,185,1.8368000000000002
10110017,95,4,5,20,275,2.0991
10110018,51,2,4,11,170,1.0951000000000002
10110019,65,3,5,16,148,1.7212000000000003
10110020,113,4,5,20,210,2.0612
10110021,41,2,4,11,155,1.0777
10110022,68,3,5,16,160,1.6738
10110023,101,4,5,20,180,2.1518
10110024,54,2,4,11,161,1.1088
10110025,66,3,5,16,192,1.693
10110026,115,4,5,20,183,2.1384
10110027,53,2,4,11,117,1.0861
10110028,70,3,5,16,248,1.7329
10110029,96,4,5,20,261,2.0623
10110030,46,2,4,11,149,1.0858
10110031,67,3,5,16,204,1.7974
10110032,91,4,5,20,277,2.0656000000000003
10110033,63,2,4,11,131,1.181
10110034,73,3,5,16,210,1.7733
10110035,98,4,5,20,236,2.0514
10110036,48,2,4,11,116,1.0646
10110037,76,3,5,16,229,1.7853
10110038,97,4,5,20,222,2.0174
10110039,38,2,4,11,169,1.0482
10110040,70,3,5,16,249,1.7283000000000002
10110041,88,4,5,20,218,2.0387
10110042,49,2,4,11,152,1.1093000000000002
10110043,73,3,5,16,227,1.7356
10110044,94,4,5,20,204,2.0584000000000002
10110045,42,2,4,11,165,1.0578
10110046,70,3,5,16,219,1.8102
10110047,91,4,5,20,233,2.0128
10110048,47,2,4,11,205,1.1103
10110049,76,3,5,16,127,1.7437000000000002
10110050,92,4,5,20,238,2.0153000000000003
10110051,46,2,4,11,218,1.1092
10110052,76,3,5,16,179,1.7635
10110053,90,4,5,20,182,2.0115000000000003
10110054,48,2,4,11,121,1.0909000000000002
10110055,74,3,5,16,186,1.7967
10110056,110,4,5,20,187,2.1795
10110057,45,2,4,11,143,1.1065
10110058,80,3,5,16,253,1.7755
10110059,91,4,5,20,173,1.9989999999999999
10110060,48,2,4,11,186,1.0809000000000002
10110061,79,3,5,16,175,1.7952000000000001
10110062,100,4,5,20,193,2.0813
10110063,57,2,4,11,155,1.1035000000000001
10110064,76,3,5,16,261,1.7717000000000003
10110065,89,4,5,20,248,1.9871000000000003
10110066,48,2,4,11,199,1.1248
10110067,79,3,5,16,150,1.7799
10110068,105,4,5,20,225,2.5984000000000003
10110069,46,2,4,11,146,1.1115000000000002
10110070,70,3,5,16,184,1.7522000000000002
10110071,107,4,5,20,305,2.0776000000000003
10110072,49,2,4,11,155,1.0969
10110073,67,3,5,16,212,1.7720000000000002
10110074,93,4,5,20,206,1.9741000000000004
10110075,48,2,4,11,147,1.0866
10110076,77,3,5,16,185,1.7687
10110077,96,4,5,20,279,2.0964
10110078,46,2,4,11,143,1.0602
10110079,70,3,5,16,213,1.7738
10110080,105,4,5,20,267,2.0616000000000003
10110081,44,2,4,11,158,1.088
10110082,76,3,5,16,225,1.741
10110083,98,4,5,20,230,2.1427
10110084,46,2,4,11,183,1.1135000000000002
10110085,65,3,5,16,213,1.7561
10110086,103,4,5,20,303,2.115
10110087,45,2,4,11,123,1.0771000000000002
10110088,82,3,5,16,176,1.7437000000000002
10110089,106,4,5,20,281,2.1225
10110090,47,2,4,11,147,1.1032000000000002
10110091,79,3,5,16,188,1.7039000000000002
10110092,107,4,5,20,192,2.0941
10110093,54,2,4,11,153,1.1902
10110094,78,3,5,16,179,1.8082
10110095,104,4,5,20,251,2.1380000000000003
10110096,46,2,4,11,166,1.042
10110097,65,3,5,16,209,1.7476000000000003
10110098,93,4,5,20,222,2.0540000000000003
10110099,49,2,4,11,162,1.1862000000000001
10110100,74,3,5,16,207,1.7911000000000001
10110101,92,4,5,20,243,2.1706
10110102,44,2,4,11,97,1.0644
10110103,70,3,5,16,136,1.7669000000000001
10110104,95,4,5,20,279,2.0396
10110105,41,2,4,11,153,1.048
10110106,77,3,5,16,260,1.8391000000000002
10110107,102,4,5,20,298,2.1132
10110108,46,2,4,11,157,1.0885
10110109,70,3,5,16,221,1.737
10110110,95,4,5,20,202,2.0464
10110111,49,2,4,11,168,1.0858
10110112,76,3,5,16,221,1.7477
10110113,95,4,5,20,184,2.0732000000000004
10110114,44,2,4,11,105,1.0658
10110115,72,3,5,16,168,1.7380000000000002
10110116,93,4,5,20,168,1.9801000000000002
10110117,46,2,4,11,127,1.0648
10110118,62,3,5,16,237,2.2591
10110119,97,4,5,20,272,2.1304000000000003
10110120,48,2,4,11,173,1.1194
10110121,75,3,5,16,228,1.7734
10110122,97,4,5,20,250,2.0633
10110123,48,2,4,11,147,1.0646
10110124,64,3,5,16,207,2.2757000000000005
10110125,104,4,5,20,180,2.0776000000000003
10110126,52,2,4,11,116,1.07
10110127,72,3,5,16,187,1.7443
10110128,98,4,5,20,228,2.0486000000000004
10110129,49,2,4,11,132,1.1036000000000001
10110130,77,3,5,16,216,1.8803
10110131,95,4,5,20,202,2.1260000000000003
10110132,50,2,4,11,139,1.1204
10110133,72,3,5,16,257,1.7764
10110134,98,4,5,20,265,2.1936
10110135,47,2,4,11,153,1.0971000000000002
10110136,70,3,5,16,206,1.7916
10110137,100,4,5,20,229,2.0406
10110138,50,2,4,11,128,1.4664000000000001
10110139,69,3,5,16,224,1.7463000000000002
10110140,94,4,5,20,192,2.0899
10110141,48,2,4,11,173,1.1032000000000002
10110142,90,3,5,16,197,1.9175000000000002
10110143,105,4,5,20,242,2.1851000000000003
10110144,48,2,4,11,185,1.1792
10110145,79,3,5,16,188,1.7316
10110146,99,4,5,20,236,2.1463
10110147,52,2,4,11,155,1.1845
10110148,84,3,5,16,227,1.8166
10110149,99,4,5,20,220,2.0010000000000003
10110150,49,2,4,11,137,1.0790000000000002
10110151,68,3,5,16,198,1.727
10110152,99,4,5,20,161,2.0188
10110153,44,2,4,11,182,1.1063
10110154,74,3,5,16,198,1.7178
10110155,94,4,5,20,195,2.1347
10110156,46,2,4,11,166,1.1048
10110157,64,3,5,16,279,1.7326000000000001
10110158,102,4,5,20,202,2.0221
10110159,50,2,4,11,110,1.0972
10110160,60,3,5,16,216,1.9199000000000002
10110161,96,4,5,20,215,2.0765000000000002
10110162,49,2,4,11,166,1.0799
10110163,77,3,5,16,214,1.808
10110164,98,4,5,20,295,2.193
10110165,54,2,4,11,138,1.1263
10110166,71,3,5,16,194,1.7499000000000002
10110167,106,4,5,20,236,2.0796
10110168,50,2,4,11,195,1.1039
10110169,77,3,5,16,238,1.8279
10110170,92,4,5,20,326,2.0579
10110171,41,2,4,11,163,1.0887000000000002
10110172,83,3,5,16,166,1.8199
10110173,88,4,5,20,322,2.0191000000000003
10110174,51,2,4,11,136,1.1642
10110175,66,3,5,16,202,1.6826
10110176,82,4,5,20,194,2.0356
10110177,48,2,4,11,112,1.1294
10110178,69,3,5,16,223,1.7139000000000002
10110179,99,4,5,20,305,2.0639
10110180,44,2,4,11,168,1.1289000000000002
10110181,81,3,5,16,178,1.8092000000000001
10110182,95,4,5,20,183,2.0373
10110183,47,2,4,11,126,1.1123
10110184,88,3,5,16,186,1.8214000000000001
10110185,106,4,5,20,282,2.0892000000000004
10110186,40,2,4,11,95,1.0268
10110187,82,3,5,16,161,2.9273000000000002
10110188,102,4,5,20,220,2.0794
10110189,50,2,4,11,187,1.1516
10110190,66,3,5,16,229,1.7436
10110191,99,4,5,20,255,2.1124
10110192,49,2,4,11,185,1.1153
10110193,70,3,5,16,214,1.7961
10110194,101,4,5,20,267,2.2011000000000003
10110195,54,2,4,11,130,1.1163
10110196,72,3,5,16,172,1.7528000000000001
10110197,87,4,5,20,167,1.9735
10110198,41,2,4,11,207,1.0742
10110199,77,3,5,16,230,1.7679000000000002
10110200,97,4,5,20,270,2.0939
10110201,43,2,4,11,175,1.0869
10110202,82,3,5,16,233,1.7885000000000002
10110203,91,4,5,20,211,2.0703
10110204,52,2,4,11,99,1.0533000000000001
10110205,72,3,5,16,195,1.8722
10110206,105,4,5,20,239,2.1127000000000002
10110207,48,2,4,11,156,1.0733000000000001
10110208,84,3,5,16,184,1.9043
10110209,92,4,5,20,309,2.3625
10110210,42,2,4,11,197,1.0805
10110211,81,3,5,16,196,1.7737
10110212,107,4,5,20,269,2.1479000000000004
10110213,48,2,4,11,118,1.0514000000000001
10110214,78,3,5,16,205,1.7803
10110215,107,4,5,20,267,2.1198
10110216,44,2,4,11,115,1.0443
10110217,65,3,5,16,278,1.7242000000000002
10110218,85,4,5,20,258,1.9801000000000002
10110219,51,2,4,11,112,1.1177000000000001
10110220,64,3,5,16,208,1.7697
10110221,92,4,5,20,307,2.0968000000000004
10110222,42,2,4,11,146,1.1227
10110223,70,3,5,16,261,1.7311
10110224,89,4,5,20,234,2.0202
10110225,54,2,4,11,131,2.3131000000000004
10110226,77,3,5,16,221,1.719
10110227,98,4,5,20,175,2.003
10110228,42,2,4,11,138,1.0849
10110229,68,3,5,16,177,1.8538000000000001
10110230,91,4,5,20,276,2.0595000000000003
10110231,50,2,4,11,106,1.1237000000000001
10110232,74,3,5,16,166,1.8109
10110233,105,4,5,20,250,2.0333
10110234,50,2,4,11,171,1.1255
10110235,79,3,5,16,178,1.7667000000000002
10110236,100,4,5,20,206,2.0928999999999998
10110237,50,2,4,11,127,1.1331000000000002
10110238,70,3,5,16,173,2.0953
10110239,93,4,5,20,267,2.0879000000000003
10110240,55,2,4,11,140,1.1841
10110241,71,3,5,16,174,1.7127000000000001
10110242,99,4,5,20,329,2.1876
10110243,55,2,4,11,186,1.1514000000000002
10110244,72,3,5,16,184,1.7993000000000001
10110245,114,4,5,20,223,2.2909
10110246,50,2,4,11,141,1.0924
10110247,80,3,5,16,234,1.7876
10110248,103,4,5,20,252,2.0690999999999997
10110249,53,2,4,11,189,1.1396000000000002
10110250,75,3,5,16,189,1.7546
10110251,107,4,5,20,255,2.1488
10110252,45,2,4,11,110,1.0615
10110253,65,3,5,16,168,1.7908000000000002
10110254,97,4,5,20,284,2.0509
10110255,46,2,4,11,115,1.0864000000000003
10110256,77,3,5,16,247,1.9060000000000001
10110257,92,4,5,20,204,2.0123
10110258,54,2,4,11,166,1.1952
10110259,65,3,5,16,212,1.804
10110260,92,4,5,20,219,2.0087
10110261,45,2,4,11,201,1.0649000000000002
10110262,81,3,5,16,213,1.8097
10110263,97,4,5,20,263,2.1130000000000004
10110264,56,2,4,11,209,1.1244
10110265,78,3,5,16,218,1.804
10110266,102,4,5,20,134,1.9981
10110267,48,2,4,11,177,1.1004
10110268,77,3,5,16,253,1.7805000000000002
10110269,96,4,5,20,212,2.1099
10110270,45,2,4,11,182,1.0581
10110271,80,3,5,16,199,1.7824000000000002
10110272,96,4,5,20,196,2.0593
10110273,52,2,4,11,156,1.095
10110274,72,3,5,16,177,1.7285
10110275,90,4,5,20,292,2.0518000000000005
10110276,51,2,4,11,189,1.1199000000000001
10110277,83,3,5,16,209,1.8016000000000003
10110278,91,4,5,20,198,2.6726
10110279,37,2,4,11,169,1.0673
10110280,71,3,5,16,229,1.7728000000000002
10110281,101,4,5,20,298,2.0879000000000003
10110282,40,2,4,11,128,1.0604
10110283,68,3,5,16,223,1.7355
10110284,94,4,5,20,238,2.0467000000000004
10110285,44,2,4,11,177,1.0826
10110286,77,3,5,16,205,1.7812000000000001
10110287,92,4,5,20,271,2.059
10110288,55,2,4,11,76,1.1250000000000002
10110289,63,3,5,16,237,1.768
10110290,97,4,5,20,236,2.0411
10110291,46,2,4,11,165,1.0794000000000001
10110292,67,3,5,16,231,1.7904000000000002
10110293,100,4,5,20,230,2.0728999999999997
10110294,37,2,4,11,175,1.0906000000000002
10110295,69,3,5,16,228,1.6725
10110296,93,4,5,20,230,2.0805000000000002
10110297,45,2,4,11,142,1.1083
10110298,69,3,5,16,174,1.7648000000000001
10110299,99,4,5,20,241,2.0837
10110300,52,2,4,11,183,1.1267
10110301,78,3,5,16,150,1.8048
10110302,90,4,5,20,216,2.0568
10110303,45,2,4,11,155,1.0779
10110304,86,3,5,16,232,1.8410000000000002
10110305,103,4,5,20,254,2.0631
10110306,48,2,4,11,111,1.0964
10110307,64,3,5,16,214,1.6961000000000002
10110308,103,4,5,20,240,2.0206
10110309,46,2,4,11,157,1.0558
10110310,71,3,5,16,213,1.8011000000000001
10110311,83,4,5,20,310,2.0072
10110312,57,2,4,11,115,1.1026
10110313,73,3,5,16,218,1.7981000000000003
10110314,105,4,5,20,238,2.081
10110315,48,2,4,11,175,1.1055000000000001
10110316,63,3,5,16,235,1.7315000000000003
10110317,101,4,5,20,260,2.4805
10110318,50,2,4,11,110,1.1361999999999999
10110319,66,3,5,16,213,2.5716
10110320,109,4,5,20,205,2.1859
10110321,56,2,4,11,149,1.1373000000000002
10110322,65,3,5,16,163,1.7132
10110323,98,4,5,20,233,2.0862000000000003
10110324,44,2,4,11,217,1.106
10110325,76,3,5,16,199,1.753
10110326,100,4,5,20,234,2.0741
10110327,42,2,4,11,147,1.0859
10110328,66,3,5,16,164,1.7848
10110329,88,4,5,20,249,2.0219
10110330,50,2,4,11,139,1.0786
10110331,77,3,5,16,221,1.7761
10110332,100,4,5,20,239,2.0935
10110333,46,2,4,11,185,1.0938
10110334,68,3,5,16,172,1.7682000000000002
10110335,102,4,5,20,240,2.1416
10110336,45,2,4,11,117,1.0929000000000002
10110337,77,3,5,16,172,1.7621000000000002
10110338,104,4,5,20,176,2.0666
10110339,44,2,4,11,114,1.0876
10110340,79,3,5,16,241,1.9668000000000003
10110341,94,4,5,20,260,2.0524000000000004
10110342,50,2,4,11,195,1.118
10110343,76,3,5,16,222,2.0239
10110344,92,4,5,20,257,2.0353000000000003
10110345,47,2,4,11,146,1.1786
10110346,75,3,5,16,201,1.8066000000000002
10110347,103,4,5,20,204,2.0599
10110348,44,2,4,11,144,1.066
10110349,73,3,5,16,170,1.7825
10110350,104,4,5,20,145,2.0287
10110351,47,2,4,11,157,1.0635
10110352,66,3,5,16,238,1.7296000000000002
10110353,87,4,5,20,238,1.9511
10110354,46,2,4,11,136,1.0966
10110355,63,3,5,16,186,1.7107
10110356,100,4,5,20,202,2.0726
10110357,39,2,4,11,146,1.0536
10110358,68,3,5,16,186,1.7523
10110359,99,4,5,20,228,2.0183000000000004
10110360,41,2,4,11,112,1.048
10110361,70,3,5,16,187,1.7385
10110362,97,4,5,20,244,2.0727
10110363,39,2,4,11,118,1.044
10110364,72,3,5,16,190,1.7175
10110365,100,4,5,20,236,2.0487
10110366,54,2,4,11,109,1.1379000000000001
10110367,76,3,5,16,228,1.8125
10110368,95,4,5,20,198,1.9583000000000002
10110369,47,2,4,11,142,1.0792
10110370,59,3,5,16,251,1.7109
10110371,95,4,5,20,228,2.1811000000000003
10110372,49,2,4,11,168,1.1012000000000002
10110373,70,3,5,16,191,1.7479000000000002
10110374,96,4,5,20,195,2.0354
10110375,54,2,4,11,167,1.1327000000000003
10110376,82,3,5,16,172,1.7989000000000002
10110377,85,4,5,20,153,1.9726000000000001
10110378,49,2,4,11,136,1.0874000000000001
10110379,74,3,5,16,208,1.8107000000000002
10110380,96,4,5,20,214,2.0714
10110381,40,2,4,11,165,1.0565000000000002
10110382,67,3,5,16,202,1.7343
10110383,99,4,5,20,230,2.049
10110384,43,2,4,11,98,1.0641
10110385,74,3,5,16,219,1.7217
10110386,97,4,5,20,216,2.042
10110387,53,2,4,11,119,1.0706000000000002
10110388,76,3,5,16,224,1.7599
10110389,92,4,5,20,209,1.9913999999999998
10110390,44,2,4,11,154,1.0917000000000001
10110391,76,3,5,16,238,1.8132000000000001
10110392,111,4,5,20,239,2.1354
10110393,45,2,4,11,170,1.085
10110394,63,3,5,16,224,1.7175
10110395,96,4,5,20,234,2.0904000000000003
10110396,57,2,4,11,123,1.1441000000000001
10110397,70,3,5,16,183,1.7358
10110398,95,4,5,20,264,2.0201
10110399,47,2,4,11,146,1.1005
10110400,64,3,5,16,183,1.6920000000000002
10110401,88,4,5,20,221,2.0476
10110402,54,2,4,11,179,1.1573
10110403,76,3,5,16,198,1.7634
10110404,91,4,5,20,196,1.9752000000000003
10110405,47,2,4,11,177,1.2241000000000002
10110406,78,3,5,16,193,1.8299
10110407,92,4,5,20,246,2.9116000000000004
10110408,59,2,4,11,154,1.1242
10110409,71,3,5,16,138,1.8715000000000002
10110410,93,4,5,20,262,2.0951
10110411,50,2,4,11,142,1.1415000000000002
10110412,66,3,5,16,192,1.731
10110413,88,4,5,20,257,2.0449
10110414,46,2,4,11,153,1.0889
10110415,75,3,5,16,186,1.7587000000000002
10110416,96,4,5,20,299,2.0605
10110417,59,2,4,11,134,1.1578000000000002
10110418,67,3,5,16,244,1.7304000000000002
10110419,97,4,5,20,148,2.0785
10110420,46,2,4,11,175,1.0956000000000001
10110421,70,3,5,16,207,1.7465
10110422,97,4,5,20,173,2.0992
10110423,42,2,4,11,185,1.0366000000000002
10110424,69,3,5,16,235,1.7344000000000002
10110425,104,4,5,20,190,2.0463
10110426,43,2,4,11,152,1.1059
10110427,59,3,5,16,254,1.719
10110428,88,4,5,20,342,2.0786000000000002
10110429,52,2,4,11,151,1.1147000000000002
10110430,78,3,5,16,208,1.9427
10110431,90,4,5,20,251,1.9586000000000001
10110432,54,2,4,11,131,1.1251
10110433,77,3,5,16,194,1.8627
10110434,101,4,5,20,197,2.0050000000000003
10110435,46,2,4,11,173,1.0956000000000001
10110436,76,3,5,16,163,1.7539
10110437,101,4,5,20,218,2.0138000000000003
10110438,52,2,4,11,184,1.1179000000000001
10110439,93,3,5,16,181,1.8791
10110440,104,4,5,20,236,2.1460000000000004
10110441,48,2,4,11,148,1.0711
10110442,70,3,5,16,208,1.8565
10110443,99,4,5,20,259,2.0461
10110444,43,2,4,11,125,1.0874000000000001
10110445,68,3,5,16,221,1.6947
10110446,104,4,5,20,226,2.1782
10110447,44,2,4,11,210,1.0751000000000002
10110448,76,3,5,16,153,1.8539
10110449,88,4,5,20,219,1.9735
10110450,38,2,4,11,108,1.0556
10110451,67,3,5,16,209,1.7709000000000001
10110452,99,4,5,20,211,2.0431
10110453,43,2,4,11,164,1.0573000000000001
10110454,75,3,5,16,221,1.7679000000000002
10110455,106,4,5,20,223,2.039
10110456,56,2,4,11,147,1.1835
10110457,77,3,5,16,192,1.7772000000000001
10110458,105,4,5,20,207,2.0761
10110459,50,2,4,11,158,1.1195000000000002
10110460,65,3,5,16,198,1.7204000000000002
10110461,94,4,5,20,217,2.0186
10110462,44,2,4,11,138,1.0636
10110463,69,3,5,16,200,1.7402000000000002
10110464,103,4,5,20,312,2.1068000000000002
10110465,54,2,4,11,171,1.1314
10110466,72,3,5,16,195,1.7347000000000001
10110467,100,4,5,20,259,2.1248
10110468,42,2,4,11,150,1.0484000000000002
10110469,65,3,5,16,183,1.7737
10110470,114,4,5,20,254,2.2293
10110471,49,2,4,11,161,1.0774000000000001
10110472,69,3,5,16,191,1.6948000000000003
10110473,100,4,5,20,240,2.032
10110474,41,2,4,11,167,1.0678
10110475,80,3,5,16,153,1.8273
10110476,92,4,5,20,355,2.1049
10110477,54,2,4,11,129,1.2291
10110478,75,3,5,16,158,1.6995
10110479,90,4,5,20,285,2.0578000000000003
10110480,61,2,4,11,117,1.1332
10110481,65,3,5,16,236,1.8357000000000003
10110482,81,4,5,20,262,2.0134000000000003
10110483,43,2,4,11,149,1.0563
10110484,79,3,5,16,251,1.7875
10110485,98,4,5,20,214,2.1215
10110486,41,2,4,11,136,1.0450000000000002
10110487,65,3,5,16,283,1.7532
10110488,100,4,5,20,236,2.0795000000000003
10110489,45,2,4,11,136,1.083
10110490,75,3,5,16,156,1.7646000000000002
10110491,105,4,5,20,242,2.2313000000000005
10110492,54,2,4,11,114,1.1734
10110493,64,3,5,16,212,2.1472
10110494,85,4,5,20,224,1.9554
10110495,52,2,4,11,173,1.1896
10110496,72,3,5,16,181,1.7306000000000001
10110497,104,4,5,20,209,2.1293
10110498,47,2,4,11,148,1.0935000000000001
10110499,79,3,5,16,205,1.7705000000000002
10110500,90,4,5,20,268,2.023
10110501,45,2,4,11,158,1.0885
10110502,68,3,5,16,192,1.7592
10110503,96,4,5,20,201,2.0410000000000004
10110504,49,2,4,11,179,1.0843
10110505,77,3,5,16,194,1.7615
10110506,92,4,5,20,189,2.118
10110507,43,2,4,11,179,1.0518
10110508,76,3,5,16,202,1.7726
10110509,97,4,5,20,204,2.1594
10110510,42,2,4,11,131,1.0071
10110511,66,3,5,16,174,1.7493
10110512,94,4,5,20,224,2.1061
10110513,42,2,4,11,154,1.0957000000000001
10110514,77,3,5,16,211,1.8445000000000003
10110515,93,4,5,20,212,2.0596
10110516,48,2,4,11,141,1.0827
10110517,78,3,5,16,223,1.7590000000000001
10110518,87,4,5,20,203,2.0186
10110519,47,2,4,11,163,1.0709
10110520,73,3,5,16,204,1.7907000000000002
10110521,101,4,5,20,267,2.0181999999999998
10110522,50,2,4,11,119,1.1412
10110523,62,3,5,16,211,1.7345000000000002
10110524,97,4,5,20,248,2.1058000000000003
10110525,48,2,4,11,148,1.0945
10110526,72,3,5,16,243,1.78
10110527,100,4,5,20,237,2.0833000000000004
10110528,40,2,4,11,202,1.0826
10110529,65,3,5,16,200,1.6990000000000003
10110530,100,4,5,20,220,2.0861
10110531,58,2,4,11,128,1.1334000000000002
10110532,71,3,5,16,166,1.7852000000000001
10110533,111,4,5,20,244,2.1056
10110534,43,2,4,11,127,1.0547
10110535,80,3,5,16,171,1.7815
10110536,99,4,5,20,192,2.1205
10110537,52,2,4,11,148,1.1719
10110538,77,3,5,16,228,1.7595000000000003
10110539,94,4,5,20,305,2.0706
10110540,52,2,4,11,130,1.1376000000000002
10110541,73,3,5,16,163,1.7502000000000002
10110542,78,4,5,20,228,1.9621
10110543,50,2,4,11,132,1.084
10110544,70,3,5,16,165,1.6837
10110545,97,4,5,20,164,2.0127
10110546,49,2,4,11,150,1.1216000000000002
10110547,72,3,5,16,210,2.1364
10110548,101,4,5,20,192,2.0518000000000005
10110549,44,2,4,11,115,1.0802
10110550,67,3,5,16,239,1.7767000000000002
10110551,82,4,5,20,224,1.9789
10110552,51,2,4,11,188,1.1113
10110553,75,3,5,16,153,2.0766
10110554,96,4,5,20,284,2.0951
10110555,54,2,4,11,114,1.1429
10110556,76,3,5,16,182,1.8019
10110557,99,4,5,20,156,2.0480000000000005
10110558,52,2,4,11,134,1.1108
10110559,72,3,5,16,191,1.7938
10110560,87,4,5,20,243,1.9943
10110561,43,2,4,11,153,1.0771000000000002
10110562,70,3,5,16,162,1.7505000000000002
10110563,96,4,5,20,245,2.0613
10110564,37,2,4,11,108,1.0529000000000002
10110565,68,3,5,16,226,1.9400000000000002
10110566,87,4,5,20,214,2.0143999999999997
10110567,40,2,4,11,127,1.5281
10110568,77,3,5,16,169,2.0579
10110569,106,4,5,20,212,2.0985
10110570,48,2,4,11,155,1.0591000000000002
10110571,76,3,5,16,237,1.8036
10110572,99,4,5,20,202,2.0528
10110573,40,2,4,11,161,1.0574
10110574,69,3,5,16,167,1.7549000000000001
10110575,103,4,5,20,235,2.1073000000000004
10110576,51,2,4,11,146,1.2084000000000001
10110577,78,3,5,16,205,1.8008000000000002
10110578,105,4,5,20,267,2.0882
10110579,44,2,4,11,133,1.0842
10110580,82,3,5,16,218,2.3895
10110581,101,4,5,20,241,2.1228000000000002
10110582,45,2,4,11,189,1.0963
10110583,85,3,5,16,162,1.7836000000000003
10110584,96,4,5,20,252,2.0523
10110585,47,2,4,11,129,1.0571000000000002
10110586,72,3,5,16,167,1.7929
10110587,86,4,5,20,257,2.0451
10110588,45,2,4,11,97,1.0758
10110589,79,3,5,16,228,1.8732000000000002
10110590,96,4,5,20,211,2.0636
10110591,40,2,4,11,148,1.0417
10110592,67,3,5,16,264,1.7639
10110593,106,4,5,20,156,2.1027000000000005
10110594,44,2,4,11,101,1.0706000000000002
10110595,73,3,5,16,214,1.7473
10110596,102,4,5,20,231,2.0838
10110597,54,2,4,11,177,1.1297
10110598,73,3,5,16,169,1.7908000000000002
10110599,108,4,5,20,242,2.1504000000000003
10110600,49,2,4,11,148,1.1235000000000002
10110601,71,3,5,16,144,1.7797
10110602,87,4,5,20,317,2.0272
10110603,34,2,4,11,160,1.0975000000000001
10110604,62,3,5,16,241,1.7429000000000001
10110605,87,4,5,20,292,2.0362
10110606,46,2,4,11,143,1.0555
10110607,80,3,5,16,212,1.7507000000000001
10110608,92,4,5,20,195,2.0309
10110609,50,2,4,11,172,1.0914
10110610,75,3,5,16,209,2.6064
10110611,108,4,5,20,312,2.1226000000000003
10110612,43,2,4,11,185,1.0707000000000002
10110613,73,3,5,16,157,1.7579000000000002
10110614,87,4,5,20,194,2.0700000000000003
10110615,44,2,4,11,178,1.1017000000000001
10110616,69,3,5,16,178,1.7725000000000002
10110617,100,4,5,20,183,2.0985
10110618,43,2,4,11,191,1.1192000000000002
10110619,70,3,5,16,254,1.8242000000000003
10110620,102,4,5,20,241,2.0887000000000002
10110621,53,2,4,11,181,1.1459000000000001
10110622,72,3,5,16,222,1.8334000000000001
10110623,84,4,5,20,253,2.0349
10110624,41,2,4,11,193,1.0871000000000002
10110625,73,3,5,16,189,1.7866000000000002
10110626,90,4,5,20,267,2.0172000000000003
10110627,47,2,4,11,139,1.1275
10110628,69,3,5,16,178,1.7202000000000002
10110629,105,4,5,20,286,2.1329000000000002
10110630,48,2,4,11,149,1.17
10110631,70,3,5,16,158,1.7362
10110632,107,4,5,20,202,2.118
10110633,52,2,4,11,90,1.1121
10110634,70,3,5,16,220,1.7099000000000002
10110635,98,4,5,20,232,2.0841000000000003
10110636,49,2,4,11,190,1.1016000000000001
10110637,81,3,5,16,204,1.7533
10110638,100,4,5,20,203,2.0428
10110639,53,2,4,11,175,2.2044
10110640,83,3,5,16,213,1.9056000000000002
10110641,96,4,5,20,292,2.0805000000000002
10110642,46,2,4,11,141,1.106
10110643,76,3,5,16,208,1.7788000000000002
10110644,98,4,5,20,243,2.1371
10110645,43,2,4,11,191,1.1377000000000002
10110646,69,3,5,16,210,1.7739
10110647,93,4,5,20,239,2.1225
10110648,44,2,4,11,165,1.0835000000000001
10110649,77,3,5,16,235,1.8062000000000002
10110650,93,4,5,20,230,2.0411
10110651,50,2,4,11,105,1.1214
10110652,73,3,5,16,182,1.7344000000000002
10110653,94,4,5,20,162,2.0791
10110654,46,2,4,11,179,1.1513
10110655,72,3,5,16,228,1.8618000000000001
10110656,98,4,5,20,269,2.0632
10110657,46,2,4,11,164,1.0753000000000001
10110658,77,3,5,16,221,1.8072000000000001
10110659,98,4,5,20,220,2.0654000000000003
10110660,35,2,4,11,162,1.0486
10110661,72,3,5,16,183,1.794
10110662,98,4,5,20,198,2.1075
10110663,52,2,4,11,124,1.0752000000000002
10110664,78,3,5,16,178,1.7734
10110665,95,4,5,20,212,2.0379
10110666,43,2,4,11,128,1.0722
10110667,68,3,5,16,205,1.7845
10110668,108,4,5,20,241,2.1713
10110669,44,2,4,11,127,1.0558
10110670,69,3,5,16,154,1.7179
10110671,104,4,5,20,176,2.1628000000000003
10110672,56,2,4,11,108,1.1654
10110673,73,3,5,16,246,1.7401
10110674,93,4,5,20,267,2.0531
10110675,57,2,4,11,116,1.1213
10110676,82,3,5,16,241,1.8335000000000001
10110677,102,4,5,20,196,2.1213
10110678,52,2,4,11,155,1.1343
10110679,61,3,5,16,152,1.6763000000000001
10110680,85,4,5,20,289,2.052
10110681,46,2,4,11,149,1.1023
10110682,63,3,5,16,203,1.7216000000000002
10110683,76,4,5,20,237,2.1413
10110684,55,2,4,11,159,1.1121
10110685,58,3,5,16,258,1.6926
10110686,88,4,5,20,284,2.0058000000000002
10110687,46,2,4,11,154,1.1089000000000002
10110688,82,3,5,16,152,1.8831000000000002
10110689,91,4,5,20,295,2.0107000000000004
10110690,48,2,4,11,141,1.1487
10110691,75,3,5,16,273,1.7763000000000002
10110692,106,4,5,20,234,2.1999000000000004
10110693,56,2,4,11,121,1.095
10110694,66,3,5,16,219,1.9655000000000002
10110695,81,4,5,20,253,2.5436
10110696,52,2,4,11,163,1.1168
10110697,81,3,5,16,225,1.8968
10110698,95,4,5,20,199,2.0297
10110699,59,2,4,11,118,1.1558
10110700,74,3,5,16,158,1.8425000000000002
10110701,97,4,5,20,212,2.0782000000000003
10110702,60,2,4,11,146,1.1976
10110703,67,3,5,16,210,1.7132
10110704,105,4,5,20,251,2.1056
10110705,51,2,4,11,157,1.1159
10110706,79,3,5,16,175,1.8224
10110707,99,4,5,20,284,2.0833000000000004
10110708,39,2,4,11,123,1.1001
10110709,73,3,5,16,148,1.7375
10110710,93,4,5,20,260,2.098
10110711,49,2,4,11,157,1.1367
10110712,76,3,5,16,195,1.8007000000000002
10110713,93,4,5,20,208,2.1112
10110714,47,2,4,11,136,1.1497
10110715,72,3,5,16,162,1.7662000000000002
10110716,103,4,5,20,220,2.213
10110717,51,2,4,11,160,1.1081
10110718,62,3,5,16,249,1.6815
10110719,92,4,5,20,243,2.0781
10110720,52,2,4,11,169,1.1345
10110721,74,3,5,16,191,1.7569000000000001
10110722,93,4,5,20,189,1.9970999999999999
10110723,50,2,4,11,104,1.1023
10110724,72,3,5,16,194,1.7889000000000002
10110725,104,4,5,20,216,2.0443000000000002
10110726,48,2,4,11,148,1.1281
10110727,77,3,5,16,195,1.8458
10110728,69,4,5,20,257,2.0120000000000005
10110729,49,2,4,11,144,1.0998
10110730,83,3,5,16,136,1.7606000000000002
10110731,89,4,5,20,263,1.9913999999999998
10110732,48,2,4,11,169,1.1597
10110733,64,3,5,16,160,1.7526000000000002
10110734,108,4,5,20,216,2.1156
10110735,42,2,4,11,163,1.1085
10110736,77,3,5,16,175,1.7623
10110737,100,4,5,20,241,2.0676
10110738,39,2,4,11,187,1.0657
10110739,76,3,5,16,164,1.7038000000000002
10110740,107,4,5,20,238,2.1238
10110741,48,2,4,11,134,1.0827
10110742,69,3,5,16,168,1.7313
10110743,103,4,5,20,291,2.4218
10110744,51,2,4,11,156,1.1147000000000002
10110745,63,3,5,16,187,1.7594
10110746,91,4,5,20,230,2.0554
10110747,52,2,4,11,121,1.1076000000000001
10110748,69,3,5,16,182,1.7474
10110749,91,4,5,20,269,2.0214
10110750,56,2,4,11,184,1.1460000000000001
10110751,74,3,5,16,203,1.7631000000000001
10110752,85,4,5,20,163,1.9687000000000003
10110753,40,2,4,11,159,1.0319
10110754,81,3,5,16,222,1.762
10110755,88,4,5,20,241,1.9994
10110756,46,2,4,11,162,1.1133
10110757,76,3,5,16,209,1.799
10110758,88,4,5,20,182,2.0014
10110759,53,2,4,11,144,1.1181999999999999
10110760,78,3,5,16,198,1.7972000000000001
10110761,102,4,5,20,255,2.0779
10110762,50,2,4,11,187,1.1004
10110763,83,3,5,16,171,1.7757
10110764,99,4,5,20,213,2.049
10110765,53,2,4,11,126,1.0674000000000001
10110766,82,3,5,16,195,1.8370000000000002
10110767,94,4,5,20,335,2.1117000000000004
10110768,57,2,4,11,167,1.1625
10110769,84,3,5,16,157,1.8021
10110770,85,4,5,20,276,2.0062
10110771,47,2,4,11,176,1.0872
10110772,70,3,5,16,225,1.8348000000000002
10110773,91,4,5,20,289,2.0905000000000005
10110774,48,2,4,11,116,1.1716
10110775,72,3,5,16,261,1.83
10110776,101,4,5,20,270,2.0419
10110777,52,2,4,11,129,1.2352
10110778,69,3,5,16,254,1.7272
10110779,98,4,5,20,248,2.0384
10110780,49,2,4,11,153,1.0938
10110781,72,3,5,16,237,1.7326000000000001
10110782,90,4,5,20,270,2.0366
10110783,51,2,4,11,145,1.0895
10110784,74,3,5,16,194,1.7844
10110785,91,4,5,20,193,2.1221
10110786,52,2,4,11,156,1.1506
10110787,57,3,5,16,201,1.7697
10110788,103,4,5,20,283,2.1785
10110789,54,2,4,11,166,1.2169
10110790,66,3,5,16,225,1.8067
10110791,101,4,5,20,162,2.2453
10110792,58,2,4,11,90,1.155
10110793,79,3,5,16,241,1.8909
10110794,94,4,5,20,222,1.9957
10110795,44,2,4,11,140,1.0614000000000001
10110796,69,3,5,16,205,1.7517
10110797,84,4,5,20,286,2.0361000000000002
10110798,58,2,4,11,125,1.1907
10110799,78,3,5,16,241,2.0175
10110800,107,4,5,20,197,2.0981000000000005
10110801,50,2,4,11,155,1.1958000000000002
10110802,80,3,5,16,229,1.8370000000000002
10110803,101,4,5,20,224,2.1045
10110804,54,2,4,11,131,1.1318000000000001
10110805,73,3,5,16,155,1.8261000000000003
10110806,85,4,5,20,204,2.0570000000000004
10110807,50,2,4,11,114,1.1170000000000002
10110808,73,3,5,16,221,1.7738
10110809,94,4,5,20,174,1.9837000000000002
10110810,44,2,4,11,183,1.052
10110811,77,3,5,16,256,2.6383
10110812,84,4,5,20,315,2.0050000000000003
10110813,45,2,4,11,151,1.2248
10110814,79,3,5,16,210,1.8603
10110815,91,4,5,20,294,2.0405
10110816,43,2,4,11,185,1.1524
10110817,72,3,5,16,236,1.8061000000000003
10110818,88,4,5,20,274,2.0698000000000003
10110819,44,2,4,11,157,1.1024
10110820,69,3,5,16,183,1.7866000000000002
10110821,94,4,5,20,198,2.0749
10110822,46,2,4,11,90,1.0994000000000002
10110823,75,3,5,16,233,1.8179
10110824,93,4,5,20,273,2.0792
10110825,50,2,4,11,126,1.0763
10110826,72,3,5,16,223,1.7868000000000002
10110827,91,4,5,20,270,2.0094000000000003
10110828,42,2,4,11,149,1.0531000000000001
10110829,76,3,5,16,144,1.8076
10110830,101,4,5,20,204,2.0536
10110831,45,2,4,11,178,1.1376000000000002
10110832,70,3,5,16,223,1.7694
10110833,84,4,5,20,232,2.1273
10110834,55,2,4,11,169,1.1203
10110835,72,3,5,16,281,1.7498000000000002
10110836,88,4,5,20,236,2.0037000000000003
10110837,40,2,4,11,196,1.5079000000000002
10110838,78,3,5,16,202,1.7935
10110839,99,4,5,20,166,2.0368
10110840,44,2,4,11,138,1.0917000000000001
10110841,77,3,5,16,168,1.7830000000000001
10110842,94,4,5,20,166,2.0193
10110843,50,2,4,11,149,1.0848000000000002
10110844,73,3,5,16,204,1.7122000000000002
10110845,97,4,5,20,270,2.0666
10110846,48,2,4,11,151,1.1058000000000001
10110847,75,3,5,16,257,1.7703
10110848,91,4,5,20,232,2.0028
10110849,52,2,4,11,156,1.1047000000000002
10110850,61,3,5,16,140,1.6549000000000003
10110851,102,4,5,20,258,2.047
10110852,45,2,4,11,177,1.0793000000000001
10110853,72,3,5,16,248,1.8603
10110854,94,4,5,20,257,2.04
10110855,46,2,4,11,185,1.1153
10110856,72,3,5,16,228,1.7365000000000002
10110857,101,4,5,20,230,3.2791
10110858,53,2,4,11,148,1.1112000000000002
10110859,80,3,5,16,184,1.8526
10110860,85,4,5,20,214,1.9844000000000004
10110861,50,2,4,11,216,1.1339
10110862,74,3,5,16,239,1.8012000000000001
10110863,100,4,5,20,266,2.079
10110864,47,2,4,11,166,1.1068
10110865,81,3,5,16,239,1.7817000000000003
10110866,106,4,5,20,308,2.1749
10110867,42,2,4,11,166,1.072
10110868,69,3,5,16,233,1.7237
10110869,98,4,5,20,228,2.072
10110870,38,2,4,11,221,1.064
10110871,70,3,5,16,191,1.7781
10110872,109,4,5,20,246,2.0828
10110873,55,2,4,11,151,1.1367
10110874,72,3,5,16,160,1.7255
10110875,108,4,5,20,220,2.1369000000000002
10110876,50,2,4,11,131,1.1003
10110877,74,3,5,16,174,1.7498000000000002
10110878,88,4,5,20,255,2.0334000000000003
10110879,41,2,4,11,172,1.0938
10110880,83,3,5,16,186,1.8311000000000002
10110881,102,4,5,20,196,2.0141
10110882,49,2,4,11,124,1.3352000000000002
10110883,64,3,5,16,152,1.7277000000000002
10110884,96,4,5,20,230,2.4923
10110885,47,2,4,11,112,1.076
10110886,86,3,5,16,194,2.3371
10110887,86,4,5,20,312,1.9835
10110888,53,2,4,11,98,1.7749000000000001
10110889,67,3,5,16,199,1.7510000000000001
10110890,88,4,5,20,232,2.0472
10110891,48,2,4,11,190,1.0991
10110892,76,3,5,16,259,1.7384000000000002
10110893,83,4,5,20,216,2.0044
10110894,41,2,4,11,122,1.0669
10110895,81,3,5,16,158,1.799
10110896,99,4,5,20,202,2.0508
10110897,54,2,4,11,94,1.1815
10110898,77,3,5,16,180,1.8100000000000003
10110899,102,4,5,20,191,2.0433
10110900,41,2,4,11,133,1.0716
10110901,75,3,5,16,225,1.7510000000000001
10110902,100,4,5,20,245,2.0653
10110903,61,2,4,11,110,1.1512
10110904,62,3,5,16,203,1.7426000000000001
10110905,103,4,5,20,204,2.0478
10110906,46,2,4,11,142,1.0935000000000001
10110907,74,3,5,16,219,1.9684
10110908,89,4,5,20,233,2.1099
10110909,45,2,4,11,237,1.1226
10110910,64,3,5,16,153,1.7934
10110911,93,4,5,20,220,2.0625999999999998
10110912,46,2,4,11,130,1.0692
10110913,69,3,5,16,174,1.7765000000000002
10110914,102,4,5,20,244,2.0582000000000003
10110915,46,2,4,11,183,1.1469000000000003
10110916,67,3,5,16,205,1.8417000000000001
10110917,105,4,5,20,281,2.1484
10110918,47,2,4,11,183,1.1126
10110919,69,3,5,16,238,1.8526
10110920,94,4,5,20,234,2.1372999999999998
10110921,44,2,4,11,165,1.178
10110922,77,3,5,16,182,1.8528000000000002
10110923,92,4,5,20,216,2.0903
10110924,42,2,4,11,145,1.0769
10110925,69,3,5,16,160,1.7440000000000002
10110926,106,4,5,20,316,2.1460000000000004
10110927,54,2,4,11,195,1.1441000000000001
10110928,71,3,5,16,227,1.7368000000000001
10110929,111,4,5,20,126,2.2221
10110930,43,2,4,11,154,1.1058000000000001
10110931,69,3,5,16,197,1.7089
10110932,109,4,5,20,284,2.0684
10110933,48,2,4,11,118,1.0858
10110934,71,3,5,16,180,1.8259
10110935,93,4,5,20,224,1.9883000000000002
10110936,58,2,4,11,136,1.1537000000000002
10110937,81,3,5,16,240,1.8611
10110938,91,4,5,20,231,1.9959
10110939,52,2,4,11,156,1.0589
10110940,75,3,5,16,200,1.8039000000000003
10110941,99,4,5,20,258,2.2609000000000004
10110942,46,2,4,11,152,1.0981
10110943,80,3,5,16,247,1.8444000000000003
10110944,105,4,5,20,206,2.5444
10110945,47,2,4,11,116,1.1161
10110946,70,3,5,16,168,1.7221
10110947,84,4,5,20,168,1.9276
10110948,42,2,4,11,124,1.0475
10110949,68,3,5,16,154,1.6965000000000001
10110950,89,4,5,20,262,2.095
10110951,45,2,4,11,209,1.0936000000000001
10110952,68,3,5,16,198,1.711
10110953,97,4,5,20,208,2.0858
10110954,53,2,4,11,175,1.2364000000000002
10110955,86,3,5,16,170,1.8532000000000002
10110956,100,4,5,20,184,2.1557
10110957,53,2,4,11,131,1.1687
10110958,81,3,5,16,219,1.872
10110959,93,4,5,20,254,2.0801000000000003
10110960,57,2,4,11,124,1.161
10110961,68,3,5,16,213,1.6931
10110962,89,4,5,20,311,2.0015
10110963,55,2,4,11,105,1.1429
10110964,70,3,5,16,255,1.8364000000000003
10110965,108,4,5,20,236,2.1519
10110966,56,2,4,11,102,1.1407
10110967,67,3,5,16,218,1.6914
10110968,90,4,5,20,241,2.0501
10110969,46,2,4,11,197,1.0885
10110970,72,3,5,16,177,1.7401
10110971,95,4,5,20,238,2.0662000000000003
10110972,42,2,4,11,145,1.0611000000000002
10110973,71,3,5,16,193,2.5663
10110974,92,4,5,20,210,1.9904000000000002
10110975,52,2,4,11,147,1.0974000000000002
10110976,67,3,5,16,191,1.8172000000000001
10110977,97,4,5,20,214,2.0822000000000003
10110978,55,2,4,11,119,1.132
10110979,70,3,5,16,197,1.7536
10110980,84,4,5,20,249,2.0002
10110981,54,2,4,11,149,1.1576000000000002
10110982,80,3,5,16,192,1.7549000000000001
10110983,85,4,5,20,297,1.9881
10110984,43,2,4,11,139,1.0488000000000002
10110985,64,3,5,16,190,1.6844000000000001
10110986,101,4,5,20,237,2.0894
10110987,52,2,4,11,174,1.1107
10110988,72,3,5,16,240,1.8051
10110989,86,4,5,20,255,2.0586
10110990,46,2,4,11,129,1.0956000000000001
10110991,59,3,5,16,209,1.7342000000000002
10110992,100,4,5,20,220,2.1194
10110993,50,2,4,11,191,1.1192000000000002
10110994,71,3,5,16,219,1.7911000000000001
10110995,91,4,5,20,243,2.0334000000000003
10110996,51,2,4,11,154,1.0977000000000001
10110997,67,3,5,16,202,1.6786
10110998,92,4,5,20,272,2.1681
10110999,65,2,4,11,110,1.113
10111000,67,3,5,16,161,1.7235000000000003
10111001,86,4,5,20,269,1.9899000000000002
10111002,46,2,4,11,204,1.0884
10111003,70,3,5,16,175,1.7069
10111004,106,4,5,20,157,2.1496000000000004
10111005,52,2,4,11,133,1.0927
10111006,74,3,5,16,184,1.7741
10111007,105,4,5,20,176,2.0467000000000004
10111008,51,2,4,11,150,1.1234000000000002
10111009,84,3,5,16,234,1.7475
10111010,95,4,5,20,223,2.0839
10111011,44,2,4,11,152,1.0872
10111012,70,3,5,16,201,1.703
10111013,103,4,5,20,258,2.1164
10111014,54,2,4,11,164,1.1499000000000001
10111015,70,3,5,16,194,1.7088
10111016,84,4,5,20,271,1.9817000000000002
10111017,43,2,4,11,86,1.0644
10111018,75,3,5,16,171,1.7652
10111019,86,4,5,20,265,2.0017
10111020,38,2,4,11,171,1.1502000000000001
10111021,72,3,5,16,152,1.7596
10111022,95,4,5,20,327,2.0441000000000003
10111023,45,2,4,11,146,1.1058000000000001
10111024,72,3,5,16,152,1.7969000000000002
10111025,102,4,5,20,297,2.0756
10111026,47,2,4,11,179,1.1611
10111027,67,3,5,16,138,1.6932000000000003
10111028,82,4,5,20,257,2.0987
10111029,51,2,4,11,193,1.1386
10111030,70,3,5,16,158,1.6938
10111031,99,4,5,20,185,2.5962000000000005
10111032,45,2,4,11,124,1.1384
10111033,71,3,5,16,172,1.7665
10111034,97,4,5,20,252,2.1956
10111035,43,2,4,11,174,1.0699
10111036,75,3,5,16,188,1.7448000000000001
10111037,99,4,5,20,193,2.0199000000000003
10111038,45,2,4,11,166,1.1138000000000001
10111039,71,3,5,16,149,1.7336
10111040,94,4,5,20,166,2.0714
10111041,49,2,4,11,132,1.1118000000000001
10111042,70,3,5,16,243,1.7317
10111043,98,4,5,20,196,2.0514
10111044,42,2,4,11,177,1.0541
10111045,70,3,5,16,210,1.8850000000000002
10111046,98,4,5,20,271,2.1986000000000003
10111047,54,2,4,11,138,1.1522000000000001
10111048,72,3,5,16,178,1.7374
10111049,99,4,5,20,175,2.0609
10111050,48,2,4,11,120,1.1172
10111051,76,3,5,16,211,1.8647000000000002
10111052,99,4,5,20,219,2.0506
10111053,38,2,4,11,131,1.5358
10111054,64,3,5,16,167,1.7344000000000002
10111055,93,4,5,20,218,2.7539000000000002
10111056,34,2,4,11,151,1.092
10111057,65,3,5,16,180,1.7171
10111058,95,4,5,20,214,2.0575
10111059,51,2,4,11,183,1.1883
10111060,76,3,5,16,221,1.8988000000000003
10111061,90,4,5,20,201,2.1105
10111062,49,2,4,11,199,1.1159
10111063,69,3,5,16,158,1.7554
10111064,99,4,5,20,240,2.0820000000000003
10111065,59,2,4,11,140,1.1569
10111066,65,3,5,16,205,1.7664000000000002
10111067,109,4,5,20,170,2.1127000000000002
10111068,56,2,4,11,200,1.1187
10111069,75,3,5,16,159,1.7173000000000003
10111070,106,4,5,20,202,2.1050999999999997
10111071,49,2,4,11,185,1.1211
10111072,71,3,5,16,195,1.7561
10111073,93,4,5,20,247,2.0212000000000003
10111074,47,2,4,11,128,1.0575
10111075,71,3,5,16,173,1.7642
10111076,86,4,5,20,205,2.0435000000000003
10111077,48,2,4,11,147,1.161
10111078,60,3,5,16,280,1.6846
10111079,98,4,5,20,286,2.0917000000000003
10111080,56,2,4,11,151,1.1068
10111081,65,3,5,16,271,1.9243000000000001
10111082,109,4,5,20,260,2.1465
10111083,41,2,4,11,166,1.0744
10111084,83,3,5,16,185,1.7560000000000002
10111085,96,4,5,20,222,2.0801000000000003
10111086,51,2,4,11,136,1.5268
10111087,60,3,5,16,246,1.7142000000000002
10111088,105,4,5,20,138,2.029
10111089,42,2,4,11,163,1.0878
10111090,72,3,5,16,217,1.7429000000000001
10111091,94,4,5,20,221,2.0869
10111092,40,2,4,11,233,1.062
10111093,81,3,5,16,223,1.8527
10111094,94,4,5,20,271,2.2464
10111095,61,2,4,11,178,1.1627
10111096,75,3,5,16,143,1.8211000000000002
10111097,99,4,5,20,226,2.1536000000000004
10111098,33,2,4,11,124,1.0748000000000002
10111099,64,3,5,16,233,1.7032000000000003
10111100,85,4,5,20,281,2.0166000000000004
10111101,50,2,4,11,132,1.0944
10111102,70,3,5,16,172,1.6925000000000001
10111103,98,4,5,20,252,2.0728999999999997
10111104,47,2,4,11,159,1.1047000000000002
10111105,57,3,5,16,183,1.6911
10111106,102,4,5,20,211,2.0772
10111107,43,2,4,11,183,1.0712
10111108,70,3,5,16,259,1.7443
10111109,99,4,5,20,201,2.0855
10111110,42,2,4,11,112,1.0344
10111111,74,3,5,16,208,1.8355000000000001
10111112,91,4,5,20,265,2.0034
10111113,51,2,4,11,167,1.1103
10111114,70,3,5,16,166,1.7662000000000002
10111115,96,4,5,20,244,2.0901
10111116,51,2,4,11,128,1.1099
10111117,79,3,5,16,241,1.7728000000000002
10111118,103,4,5,20,232,2.016
10111119,49,2,4,11,140,1.1104
10111120,74,3,5,16,186,1.8338
10111121,95,4,5,20,241,2.1352
10111122,51,2,4,11,179,1.1260000000000001
10111123,72,3,5,16,186,1.8055
10111124,86,4,5,20,315,1.9706000000000004
10111125,46,2,4,11,119,1.1002
10111126,71,3,5,16,186,1.8146000000000002
10111127,94,4,5,20,255,2.1384
10111128,42,2,4,11,136,1.0568000000000002
10111129,74,3,5,16,236,1.8054000000000001
10111130,97,4,5,20,225,2.1523000000000003
10111131,53,2,4,11,87,1.0967000000000002
10111132,69,3,5,16,201,2.5319000000000003
10111133,97,4,5,20,231,2.1587
10111134,49,2,4,11,103,1.0756999999999999
10111135,84,3,5,16,214,1.9602
10111136,102,4,5,20,184,2.1058000000000003
10111137,50,2,4,11,137,1.1717000000000002
10111138,73,3,5,16,169,1.7278
10111139,92,4,5,20,176,2.0574
10111140,57,2,4,11,139,1.1103
10111141,66,3,5,16,222,1.7414
10111142,109,4,5,20,189,2.2104
10111143,48,2,4,11,177,1.1181999999999999
10111144,67,3,5,16,160,1.7280000000000002
10111145,96,4,5,20,198,2.1548000000000003
10111146,48,2,4,11,162,1.1725
10111147,71,3,5,16,273,1.8100000000000003
10111148,92,4,5,20,260,2.1266000000000003
10111149,57,2,4,11,140,1.1918
10111150,71,3,5,16,179,1.8138
10111151,103,4,5,20,294,2.0756
10111152,43,2,4,11,126,1.0576999999999999
10111153,76,3,5,16,162,1.8346
10111154,111,4,5,20,245,2.1663000000000006
10111155,43,2,4,11,122,1.0968
10111156,58,3,5,16,196,1.8284000000000002
10111157,80,4,5,20,247,2.1301
10111158,50,2,4,11,131,1.0784
10111159,66,3,5,16,219,1.7305000000000001
10111160,88,4,5,20,312,3.7349
10111161,43,2,4,11,173,1.1238000000000001
10111162,77,3,5,16,168,2.4632
10111163,107,4,5,20,279,2.1679
10111164,54,2,4,11,123,1.1429
10111165,87,3,5,16,224,1.9037000000000002
10111166,97,4,5,20,274,2.0608000000000004
10111167,47,2,4,11,170,1.0947
10111168,74,3,5,16,180,1.808
10111169,90,4,5,20,236,2.1121
10111170,43,2,4,11,153,1.0710000000000002
10111171,72,3,5,16,226,1.7538
10111172,99,4,5,20,245,2.1457
10111173,51,2,4,11,148,1.0798
10111174,74,3,5,16,233,1.8459
10111175,93,4,5,20,230,2.065
10111176,44,2,4,11,163,1.1149
10111177,73,3,5,16,276,1.7714
10111178,94,4,5,20,304,2.3973000000000004
10111179,53,2,4,11,146,1.1224000000000003
10111180,79,3,5,16,171,1.7487000000000001
10111181,98,4,5,20,253,2.0408
10111182,40,2,4,11,180,1.0689
10111183,70,3,5,16,246,1.7332
10111184,93,4,5,20,266,1.9929999999999999
10111185,48,2,4,11,157,1.0848000000000002
10111186,73,3,5,16,216,1.7412
10111187,97,4,5,20,240,2.0684
10111188,49,2,4,11,89,1.0938
10111189,78,3,5,16,183,1.8073000000000001
10111190,105,4,5,20,255,2.5656000000000003
10111191,46,2,4,11,94,1.0449000000000002
10111192,61,3,5,16,253,1.6909
10111193,96,4,5,20,238,2.0
10111194,49,2,4,11,150,1.1107
10111195,74,3,5,16,241,1.7249
10111196,105,4,5,20,208,2.0723
10111197,51,2,4,11,159,1.0949
10111198,74,3,5,16,215,1.8255000000000001
10111199,100,4,5,20,223,2.0164000000000004
10111200,51,2,4,11,207,1.1237000000000001
10111201,68,3,5,16,250,1.7387000000000001
10111202,103,4,5,20,207,2.0854000000000004
10111203,59,2,4,11,165,1.1463
10111204,87,3,5,16,168,2.1082
10111205,100,4,5,20,137,2.0142
10111206,45,2,4,11,160,1.0914
10111207,77,3,5,16,173,1.7538
10111208,88,4,5,20,188,1.9804000000000002
10111209,47,2,4,11,134,1.1128000000000002
10111210,79,3,5,16,142,1.8412000000000002
10111211,97,4,5,20,198,2.0032
10111212,54,2,4,11,113,1.1393
10111213,85,3,5,16,247,1.7721000000000002
10111214,112,4,5,20,280,2.1163000000000003
10111215,46,2,4,11,193,1.1565
10111216,60,3,5,16,211,1.6883
10111217,109,4,5,20,168,2.0714
10111218,49,2,4,11,154,1.151
10111219,77,3,5,16,172,1.7468000000000001
10111220,90,4,5,20,212,2.004
10111221,40,2,4,11,148,1.0565000000000002
10111222,78,3,5,16,186,1.7670000000000001
10111223,101,4,5,20,226,2.049
10111224,39,2,4,11,180,1.0534000000000001
10111225,63,3,5,16,185,1.8106000000000002
10111226,88,4,5,20,296,2.0016000000000003
10111227,52,2,4,11,111,1.3982
10111228,73,3,5,16,222,1.8121
10111229,105,4,5,20,190,2.0361000000000002
10111230,51,2,4,11,140,1.1553000000000002
10111231,80,3,5,16,151,1.7294
10111232,98,4,5,20,222,2.0755
10111233,51,2,4,11,118,1.1367
10111234,75,3,5,16,205,1.8311000000000002
10111235,88,4,5,20,173,2.0081
10111236,48,2,4,11,141,1.0986000000000002
10111237,66,3,5,16,192,1.7753
10111238,93,4,5,20,211,2.0636
10111239,44,2,4,11,162,1.1442
10111240,66,3,5,16,173,1.6764000000000001
10111241,91,4,5,20,323,2.0414
10111242,49,2,4,11,122,1.1775000000000002
10111243,66,3,5,16,315,1.7627000000000002
10111244,111,4,5,20,219,2.1943
10111245,47,2,4,11,156,1.0903
10111246,64,3,5,16,276,1.7284000000000002
10111247,97,4,5,20,224,1.9835
10111248,43,2,4,11,159,1.399
10111249,69,3,5,16,245,1.7779
10111250,100,4,5,20,202,2.0874
10111251,42,2,4,11,202,1.1012000000000002
10111252,71,3,5,16,178,1.7211
10111253,100,4,5,20,286,2.1121
10111254,42,2,4,11,133,1.06
10111255,76,3,5,16,203,1.7510000000000001
10111256,91,4,5,20,226,2.0809
10111257,47,2,4,11,157,1.1350000000000002
10111258,63,3,5,16,160,1.7479000000000002
10111259,94,4,5,20,285,2.0208
10111260,46,2,4,11,156,1.1425
10111261,83,3,5,16,219,1.8190000000000002
10111262,87,4,5,20,229,2.0782000000000003
10111263,57,2,4,11,129,1.1932000000000003
10111264,75,3,5,16,238,1.8022
10111265,107,4,5,20,283,2.1516
10111266,53,2,4,11,165,1.1323
10111267,86,3,5,16,173,1.9635
10111268,90,4,5,20,264,2.0368
10111269,45,2,4,11,158,1.0529000000000002
10111270,72,3,5,16,266,1.7493
10111271,84,4,5,20,236,2.0963000000000003
10111272,41,2,4,11,110,1.0472000000000001
10111273,68,3,5,16,281,1.7164000000000001
10111274,103,4,5,20,286,2.0671
10111275,46,2,4,11,133,1.0977000000000001
10111276,71,3,5,16,175,1.8161000000000003
10111277,99,4,5,20,254,2.0831
10111278,51,2,4,11,119,1.0945
10111279,77,3,5,16,153,1.7345000000000002
10111280,82,4,5,20,284,2.0243
10111281,51,2,4,11,152,1.086
10111282,59,3,5,16,268,1.7157000000000002
10111283,97,4,5,20,283,2.1179
10111284,46,2,4,11,150,1.0797
10111285,73,3,5,16,195,1.7921
10111286,84,4,5,20,256,1.9538000000000004
10111287,47,2,4,11,217,1.1242
10111288,79,3,5,16,183,1.7622
10111289,101,4,5,20,241,2.1198
10111290,48,2,4,11,164,1.0943
10111291,67,3,5,16,235,1.7639
10111292,96,4,5,20,194,2.7110000000000003
10111293,48,2,4,11,148,1.3156
10111294,78,3,5,16,133,1.7332
10111295,85,4,5,20,230,2.0496
10111296,44,2,4,11,120,1.0768000000000002
10111297,90,3,5,16,212,1.8892000000000002
10111298,112,4,5,20,225,2.1949
10111299,47,2,4,11,164,1.4294000000000002
10111300,71,3,5,16,206,1.7275
10111301,92,4,5,20,240,2.0628
10111302,53,2,4,11,181,1.2095
10111303,67,3,5,16,165,1.7434000000000003
10111304,114,4,5,20,247,2.1433000000000004
10111305,46,2,4,11,161,1.1564
10111306,76,3,5,16,178,1.8003
10111307,104,4,5,20,243,2.1114
10111308,39,2,4,11,132,1.0362000000000002
10111309,71,3,5,16,181,1.7635
10111310,87,4,5,20,255,2.0324
10111311,49,2,4,11,213,1.1035000000000001
10111312,68,3,5,16,179,1.7315000000000003
10111313,94,4,5,20,241,2.0786000000000002
10111314,44,2,4,11,159,1.1367
10111315,64,3,5,16,212,1.7023000000000001
10111316,105,4,5,20,259,2.1516
10111317,51,2,4,11,130,1.1123
10111318,69,3,5,16,239,1.7379000000000002
10111319,97,4,5,20,304,2.0566
10111320,47,2,4,11,135,1.0968
10111321,74,3,5,16,179,1.7458
10111322,94,4,5,20,290,2.0528
10111323,36,2,4,11,174,1.0753000000000001
10111324,74,3,5,16,164,1.7342000000000002
10111325,95,4,5,20,191,2.0345000000000004
10111326,43,2,4,11,181,1.1354000000000002
10111327,68,3,5,16,156,1.7442
10111328,102,4,5,20,245,2.1657
10111329,39,2,4,11,126,1.0662
10111330,74,3,5,16,154,1.7957
10111331,101,4,5,20,208,2.0735
10111332,52,2,4,11,105,1.0899
10111333,64,3,5,16,128,1.6909
10111334,97,4,5,20,164,2.0492000000000004
10111335,42,2,4,11,173,1.0523000000000002
10111336,82,3,5,16,206,1.8363
10111337,93,4,5,20,203,2.0564000000000004
10111338,44,2,4,11,178,1.1093000000000002
10111339,75,3,5,16,202,1.7445000000000002
10111340,85,4,5,20,218,1.9745000000000001
10111341,44,2,4,11,132,1.0486
10111342,66,3,5,16,166,1.6933
10111343,100,4,5,20,271,2.0767
10111344,50,2,4,11,133,1.0915
10111345,74,3,5,16,176,1.7802
10111346,101,4,5,20,180,1.9939000000000002
10111347,50,2,4,11,151,1.0996000000000001
10111348,69,3,5,16,189,1.7216000000000002
10111349,103,4,5,20,195,2.0312
10111350,46,2,4,11,135,1.119
10111351,70,3,5,16,227,1.7249
10111352,96,4,5,20,225,2.1146000000000003
10111353,42,2,4,11,166,1.047
10111354,70,3,5,16,218,1.7357000000000002
10111355,103,4,5,20,256,2.1229
10111356,46,2,4,11,156,1.0882
10111357,76,3,5,16,199,1.8177000000000003
10111358,90,4,5,20,278,2.0280000000000005
10111359,46,2,4,11,138,1.0942
10111360,83,3,5,16,177,1.7839000000000003
10111361,90,4,5,20,266,2.0951
10111362,44,2,4,11,103,1.0648
10111363,73,3,5,16,213,2.0122
10111364,94,4,5,20,293,2.0461
10111365,45,2,4,11,154,1.0659
10111366,69,3,5,16,195,1.7665
10111367,97,4,5,20,280,2.0525
10111368,49,2,4,11,114,1.1078999999999999
10111369,73,3,5,16,205,1.719
10111370,96,4,5,20,240,2.0003
10111371,45,2,4,11,133,1.042
10111372,70,3,5,16,236,1.7911000000000001
10111373,107,4,5,20,218,2.0644
10111374,51,2,4,11,191,1.077
10111375,73,3,5,16,233,1.8244
10111376,97,4,5,20,260,2.0704000000000002
10111377,54,2,4,11,213,1.8892000000000002
10111378,66,3,5,16,239,1.8142000000000003
10111379,86,4,5,20,248,2.0303999999999998
10111380,47,2,4,11,143,1.2978
10111381,63,3,5,16,184,1.7218000000000002
10111382,88,4,5,20,250,2.0269000000000004
10111383,61,2,4,11,158,1.1832
10111384,62,3,5,16,310,1.7776
10111385,90,4,5,20,268,2.0031000000000003
10111386,50,2,4,11,126,1.0917999999999999
10111387,73,3,5,16,286,1.7667000000000002
10111388,94,4,5,20,256,2.0783
10111389,49,2,4,11,176,1.1277000000000001
10111390,70,3,5,16,212,1.7864
10111391,105,4,5,20,326,2.0886
10111392,51,2,4,11,112,1.1282
10111393,67,3,5,16,239,1.7577
10111394,93,4,5,20,277,2.0745
10111395,47,2,4,11,195,1.1078000000000001
10111396,69,3,5,16,216,1.7412
10111397,101,4,5,20,210,2.1281
10111398,38,2,4,11,138,1.0201000000000002
10111399,68,3,5,16,272,1.7937
10111400,96,4,5,20,299,2.0511
10111401,52,2,4,11,92,1.1011
10111402,63,3,5,16,239,1.7487000000000001
10111403,90,4,5,20,167,2.1108
10111404,50,2,4,11,157,1.1431
10111405,79,3,5,16,241,1.8308
10111406,97,4,5,20,243,2.1826000000000003
10111407,45,2,4,11,134,1.1377000000000002
10111408,71,3,5,16,182,1.7917
10111409,94,4,5,20,187,2.0462000000000002
10111410,52,2,4,11,167,1.1637000000000002
10111411,70,3,5,16,214,1.8361
10111412,107,4,5,20,292,2.2315
10111413,52,2,4,11,158,1.1093000000000002
10111414,66,3,5,16,200,1.7274
10111415,94,4,5,20,198,2.0033
10111416,50,2,4,11,144,1.0704
10111417,69,3,5,16,252,1.7380000000000002
10111418,103,4,5,20,200,2.1596
10111419,44,2,4,11,218,1.151
10111420,70,3,5,16,205,1.7903
10111421,108,4,5,20,198,2.0709
10111422,51,2,4,11,201,1.1082
10111423,66,3,5,16,202,1.7404
10111424,94,4,5,20,252,2.2062000000000004
10111425,51,2,4,11,147,1.1352
10111426,81,3,5,16,235,1.7918
10111427,106,4,5,20,242,2.1096
10111428,46,2,4,11,132,1.0944
10111429,82,3,5,16,252,1.7884000000000002
10111430,88,4,5,20,258,2.0894
10111431,48,2,4,11,172,1.0624
10111432,71,3,5,16,192,1.8329000000000002
10111433,88,4,5,20,257,2.0187
10111434,48,2,4,11,105,1.1799
10111435,80,3,5,16,194,1.8152000000000001
10111436,82,4,5,20,223,2.0682
10111437,50,2,4,11,153,1.196
10111438,74,3,5,16,147,1.7569000000000001
10111439,96,4,5,20,261,2.1368000000000005
10111440,44,2,4,11,108,1.1024
10111441,65,3,5,16,200,1.8787
10111442,92,4,5,20,332,2.0584000000000002
10111443,46,2,4,11,86,1.0994000000000002
10111444,82,3,5,16,132,1.8262
10111445,88,4,5,20,254,2.0591000000000004
10111446,39,2,4,11,117,1.0767
10111447,74,3,5,16,265,1.8254000000000001
10111448,102,4,5,20,251,2.1094
10111449,47,2,4,11,146,1.2135000000000002
10111450,63,3,5,16,194,1.7652
10111451,97,4,5,20,163,2.0514
10111452,43,2,4,11,148,1.0702
10111453,74,3,5,16,235,1.8770000000000002
10111454,97,4,5,20,283,2.0754
10111455,52,2,4,11,155,1.122
10111456,72,3,5,16,202,1.7386000000000001
10111457,105,4,5,20,166,2.1922
10111458,36,2,4,11,151,1.0102000000000002
10111459,77,3,5,16,221,1.7998
10111460,105,4,5,20,177,2.0506
10111461,44,2,4,11,121,1.0737
10111462,71,3,5,16,210,1.7907000000000002
10111463,95,4,5,20,205,2.232
10111464,50,2,4,11,135,1.0836000000000001
10111465,68,3,5,16,201,1.7203000000000002
10111466,104,4,5,20,207,2.1968
10111467,46,2,4,11,147,1.0808
10111468,76,3,5,16,185,1.8171000000000002
10111469,90,4,5,20,206,2.0569
10111470,47,2,4,11,159,1.0934
10111471,57,3,5,16,211,1.6829000000000003
10111472,79,4,5,20,357,1.9655000000000002
10111473,52,2,4,11,145,1.1070000000000002
10111474,79,3,5,16,177,1.7875
10111475,108,4,5,20,217,2.2054
10111476,44,2,4,11,162,1.1069
10111477,75,3,5,16,209,1.9844000000000004
10111478,109,4,5,20,229,2.058
10111479,54,2,4,11,126,1.1181
10111480,76,3,5,16,211,1.7195
10111481,88,4,5,20,281,2.0035000000000003
10111482,40,2,4,11,153,1.09
10111483,73,3,5,16,191,2.0382
10111484,108,4,5,20,191,2.3341
10111485,46,2,4,11,148,1.0841
10111486,61,3,5,16,211,1.6847
10111487,113,4,5,20,242,2.2065
10111488,57,2,4,11,103,1.1211
10111489,62,3,5,16,174,1.716
10111490,96,4,5,20,226,2.1252000000000004
10111491,53,2,4,11,192,1.1599000000000002
10111492,69,3,5,16,223,1.7858
10111493,95,4,5,20,302,2.0269000000000004
10111494,51,2,4,11,119,1.2807000000000002
10111495,64,3,5,16,173,1.7383000000000002
10111496,95,4,5,20,242,2.087
10111497,44,2,4,11,219,1.1339
10111498,73,3,5,16,178,1.8855
10111499,96,4,5,20,171,3.5474
10111500,40,2,4,11,153,1.0561
10111501,62,3,5,16,231,1.7727000000000002
10111502,99,4,5,20,197,2.0991
10111503,43,2,4,11,122,1.0737
10111504,71,3,5,16,254,1.8106000000000002
10111505,100,4,5,20,267,2.1283
10111506,49,2,4,11,131,1.3486000000000002
10111507,71,3,5,16,174,1.7464000000000002
10111508,90,4,5,20,256,2.0525
10111509,57,2,4,11,153,1.1322
10111510,71,3,5,16,237,1.8131000000000002
10111511,88,4,5,20,199,1.9718000000000002
10111512,47,2,4,11,124,1.0403
10111513,63,3,5,16,182,1.6766
10111514,108,4,5,20,212,2.1335
10111515,49,2,4,11,120,1.074
10111516,79,3,5,16,218,1.8272000000000002
10111517,89,4,5,20,198,2.1195000000000004
10111518,53,2,4,11,102,1.1427
10111519,76,3,5,16,179,1.7664000000000002
10111520,93,4,5,20,224,2.084
10111521,46,2,4,11,184,1.1029
10111522,75,3,5,16,241,1.7738
10111523,107,4,5,20,313,2.0845
10111524,38,2,4,11,180,1.0218
10111525,74,3,5,16,228,1.8003
10111526,101,4,5,20,288,2.1249000000000002
10111527,53,2,4,11,155,1.0927
10111528,72,3,5,16,187,1.768
10111529,102,4,5,20,199,2.1808
10111530,42,2,4,11,212,1.0573000000000001
10111531,71,3,5,16,138,1.6917000000000002
10111532,107,4,5,20,261,2.0359000000000003
10111533,55,2,4,11,170,1.0997000000000001
10111534,69,3,5,16,178,1.6935000000000002
10111535,101,4,5,20,206,2.0157
10111536,46,2,4,11,179,1.0517
10111537,66,3,5,16,250,1.7417
10111538,92,4,5,20,287,2.8766
10111539,40,2,4,11,130,1.0524
10111540,69,3,5,16,166,1.7522000000000002
10111541,82,4,5,20,264,1.9662
10111542,46,2,4,11,195,1.2035000000000002
10111543,76,3,5,16,179,2.6238
10111544,105,4,5,20,154,2.0814000000000004
10111545,45,2,4,11,137,1.1034
10111546,76,3,5,16,242,1.7507000000000001
10111547,101,4,5,20,263,2.0351000000000004
10111548,50,2,4,11,177,1.1265
10111549,75,3,5,16,235,1.8232000000000002
10111550,86,4,5,20,254,2.0097
10111551,48,2,4,11,102,1.0752000000000002
10111552,69,3,5,16,191,1.8728000000000002
10111553,91,4,5,20,234,1.9834000000000003
10111554,52,2,4,11,198,1.1215000000000002
10111555,63,3,5,16,143,1.7037
10111556,103,4,5,20,218,2.1063
10111557,48,2,4,11,126,1.0933000000000002
10111558,69,3,5,16,160,1.7790000000000001
10111559,100,4,5,20,207,2.0678
10111560,42,2,4,11,228,1.0812
10111561,76,3,5,16,132,1.7376000000000003
10111562,93,4,5,20,239,1.9909000000000003
10111563,45,2,4,11,134,1.0864000000000003
10111564,62,3,5,16,189,1.6858000000000002
10111565,99,4,5,20,246,2.0585
10111566,58,2,4,11,114,1.1171
10111567,70,3,5,16,190,1.7831000000000001
10111568,101,4,5,20,304,2.5554
10111569,52,2,4,11,104,1.1072
10111570,71,3,5,16,207,1.7621000000000002
10111571,96,4,5,20,244,2.0614000000000003
10111572,45,2,4,11,152,1.0531000000000001
10111573,71,3,5,16,224,1.7552
10111574,107,4,5,20,197,2.0662000000000003
10111575,51,2,4,11,104,1.0839
10111576,77,3,5,16,210,1.8123000000000002
10111577,86,4,5,20,273,2.0463
10111578,43,2,4,11,192,1.0934
10111579,77,3,5,16,208,1.8453
10111580,86,4,5,20,348,2.0770000000000004
10111581,47,2,4,11,158,1.0902
10111582,69,3,5,16,198,1.7423
10111583,99,4,5,20,275,2.1193
10111584,52,2,4,11,185,1.1184
10111585,69,3,5,16,218,1.9181000000000001
10111586,99,4,5,20,186,2.0444
10111587,44,2,4,11,191,1.1533000000000002
10111588,71,3,5,16,214,1.7468000000000001
10111589,102,4,5,20,162,2.1054000000000004
10111590,54,2,4,11,159,1.1253000000000002
10111591,72,3,5,16,199,1.745
10111592,101,4,5,20,246,2.0661
10111593,62,2,4,11,116,1.2641
10111594,59,3,5,16,209,1.7136
10111595,105,4,5,20,188,2.0658
10111596,55,2,4,11,160,1.1411000000000002
10111597,79,3,5,16,182,1.7502000000000002
10111598,99,4,5,20,268,2.0655
10111599,48,2,4,11,163,1.1172
10111600,62,3,5,16,274,1.7595000000000003
10111601,108,4,5,20,207,2.1063
10111602,47,2,4,11,135,1.0613000000000001
10111603,89,3,5,16,192,1.8961000000000001
10111604,76,4,5,20,189,1.9568000000000003
10111605,47,2,4,11,179,1.1170000000000002
10111606,69,3,5,16,204,1.7861
10111607,89,4,5,20,213,2.1434
10111608,46,2,4,11,193,1.0748000000000002
10111609,73,3,5,16,206,1.7927000000000002
10111610,84,4,5,20,361,2.0418000000000003
10111611,50,2,4,11,84,1.095
10111612,77,3,5,16,165,1.8068000000000002
10111613,110,4,5,20,249,2.1304000000000003
10111614,47,2,4,11,153,1.0915
10111615,69,3,5,16,193,1.7934
10111616,83,4,5,20,234,1.9720000000000002
10111617,51,2,4,11,153,1.1318000000000001
10111618,65,3,5,16,210,2.6184000000000003
10111619,89,4,5,20,214,2.0087
10111620,41,2,4,11,175,1.1054000000000002
10111621,79,3,5,16,213,1.8081000000000003
10111622,92,4,5,20,218,2.0308
10111623,53,2,4,11,147,1.1461999999999999
10111624,66,3,5,16,244,1.7203000000000002
10111625,104,4,5,20,224,2.6544000000000003
10111626,50,2,4,11,131,1.0872
10111627,82,3,5,16,161,1.7957
10111628,102,4,5,20,276,2.1059
10111629,50,2,4,11,114,1.0922
10111630,78,3,5,16,168,1.8475000000000001
10111631,92,4,5,20,222,2.0083
10111632,42,2,4,11,189,1.1636000000000002
10111633,77,3,5,16,189,1.7772000000000001
10111634,99,4,5,20,250,2.0945
10111635,50,2,4,11,123,1.106
10111636,71,3,5,16,181,2.1058000000000003
10111637,94,4,5,20,180,2.0506
10111638,52,2,4,11,149,1.1411000000000002
10111639,72,3,5,16,170,1.683
10111640,104,4,5,20,217,2.0949000000000004
10111641,36,2,4,11,130,1.0233
10111642,86,3,5,16,188,1.9483000000000001
10111643,94,4,5,20,292,2.0303
10111644,46,2,4,11,171,1.0941
10111645,76,3,5,16,178,1.7792000000000001
10111646,105,4,5,20,225,2.2906000000000004
10111647,48,2,4,11,149,1.0791000000000002
10111648,74,3,5,16,253,1.7482000000000002
10111649,108,4,5,20,207,2.13
10111650,41,2,4,11,167,1.1061
10111651,80,3,5,16,218,1.7818
10111652,94,4,5,20,191,2.1195000000000004
10111653,41,2,4,11,173,1.0464
10111654,70,3,5,16,176,1.7084000000000001
10111655,99,4,5,20,230,2.0277000000000003
10111656,46,2,4,11,143,1.0735000000000001
10111657,60,3,5,16,194,1.6706
10111658,92,4,5,20,251,2.036
10111659,43,2,4,11,176,1.108
10111660,61,3,5,16,202,1.7337
10111661,95,4,5,20,230,2.0381
10111662,43,2,4,11,142,1.0823
10111663,62,3,5,16,164,1.7301
10111664,94,4,5,20,218,2.0639
10111665,41,2,4,11,156,1.082
10111666,74,3,5,16,207,1.7769000000000001
10111667,105,4,5,20,232,2.1109
10111668,42,2,4,11,150,1.0469000000000002
10111669,65,3,5,16,198,2.4389000000000003
10111670,101,4,5,20,300,2.0683
10111671,41,2,4,11,150,1.0911
10111672,70,3,5,16,239,1.7640000000000002
10111673,103,4,5,20,238,2.0942
10111674,52,2,4,11,125,1.101
10111675,84,3,5,16,218,1.7512
10111676,107,4,5,20,200,2.072
10111677,46,2,4,11,203,1.1078999999999999
10111678,73,3,5,16,222,1.7116000000000002
10111679,104,4,5,20,252,2.0913
10111680,44,2,4,11,165,1.0476
10111681,83,3,5,16,160,1.7610000000000001
10111682,101,4,5,20,180,2.0031000000000003
10111683,52,2,4,11,156,1.1054000000000002
10111684,73,3,5,16,202,1.8017
10111685,94,4,5,20,253,2.0027
10111686,49,2,4,11,191,1.0942
10111687,80,3,5,16,231,1.8437000000000001
10111688,99,4,5,20,188,2.0716
10111689,57,2,4,11,109,1.1078999999999999
10111690,63,3,5,16,174,1.7376000000000003
10111691,88,4,5,20,291,2.0547
10111692,37,2,4,11,197,1.0506
10111693,83,3,5,16,206,1.7515
10111694,107,4,5,20,166,2.1085000000000003
10111695,44,2,4,11,156,1.0607000000000002
10111696,69,3,5,16,208,1.7788000000000002
10111697,92,4,5,20,318,2.0459
10111698,36,2,4,11,90,1.0369000000000002
10111699,63,3,5,16,185,1.6821000000000002
10111700,103,4,5,20,310,2.0789000000000004
10111701,48,2,4,11,138,1.1090000000000002
10111702,65,3,5,16,205,1.7547000000000001
10111703,84,4,5,20,241,2.3342
10111704,47,2,4,11,107,1.0904
10111705,67,3,5,16,295,1.9198000000000002
10111706,88,4,5,20,236,2.0065
10111707,47,2,4,11,201,1.1288
10111708,69,3,5,16,241,1.7730000000000001
10111709,101,4,5,20,237,2.0397000000000003
10111710,49,2,4,11,185,1.1055000000000001
10111711,72,3,5,16,200,1.8307000000000002
10111712,90,4,5,20,302,2.0210000000000004
10111713,44,2,4,11,182,1.1007
10111714,80,3,5,16,184,1.8050000000000002
10111715,98,4,5,20,180,1.9945000000000002
10111716,58,2,4,11,215,1.1718
10111717,79,3,5,16,223,1.7792000000000001
10111718,104,4,5,20,191,2.0279
10111719,44,2,4,11,167,1.0762
10111720,67,3,5,16,262,1.7884000000000002
10111721,110,4,5,20,248,2.0628
10111722,45,2,4,11,227,1.1004
10111723,73,3,5,16,217,1.7425000000000002
10111724,99,4,5,20,224,2.0245
10111725,50,2,4,11,142,1.0907
10111726,66,3,5,16,164,1.7293
10111727,83,4,5,20,249,2.0282
10111728,51,2,4,11,110,1.0970000000000002
10111729,71,3,5,16,188,1.7045000000000001
10111730,93,4,5,20,186,2.0022
10111731,47,2,4,11,159,1.0862
10111732,88,3,5,16,152,1.7794000000000003
10111733,84,4,5,20,249,2.0143
10111734,46,2,4,11,153,1.0579
10111735,75,3,5,16,203,1.7191
10111736,110,4,5,20,185,2.1388000000000003
10111737,48,2,4,11,177,1.0825
10111738,69,3,5,16,247,1.778
10111739,104,4,5,20,338,2.0711000000000004
10111740,55,2,4,11,150,1.1737000000000002
10111741,68,3,5,16,198,1.7076
10111742,101,4,5,20,306,2.0654000000000003
10111743,47,2,4,11,131,1.0703000000000003
10111744,75,3,5,16,182,1.8686000000000003
10111745,99,4,5,20,142,1.9962
10111746,44,2,4,11,146,1.137
10111747,63,3,5,16,277,1.7159
10111748,99,4,5,20,216,2.0991
10111749,57,2,4,11,141,1.1766
10111750,67,3,5,16,249,1.7436
10111751,106,4,5,20,232,2.1494999999999997
10111752,42,2,4,11,138,1.0949
10111753,72,3,5,16,164,1.7469000000000001
10111754,105,4,5,20,218,2.1694
10111755,52,2,4,11,153,1.1051000000000002
10111756,78,3,5,16,216,1.9717000000000002
10111757,97,4,5,20,232,2.1581
10111758,43,2,4,11,160,1.0667
10111759,64,3,5,16,214,1.7156
10111760,97,4,5,20,247,2.0457
10111761,42,2,4,11,110,1.058
10111762,68,3,5,16,160,2.4408000000000003
10111763,99,4,5,20,239,2.0322
10111764,42,2,4,11,213,1.1366
10111765,83,3,5,16,215,1.7789000000000001
10111766,109,4,5,20,306,2.1372
10111767,57,2,4,11,121,1.1273000000000002
10111768,77,3,5,16,178,1.8216
10111769,98,4,5,20,269,2.0791
10111770,53,2,4,11,140,1.5723
10111771,74,3,5,16,194,1.7554
10111772,102,4,5,20,236,2.3142
10111773,36,2,4,11,181,1.0467
10111774,75,3,5,16,245,1.7941
10111775,87,4,5,20,208,2.1767000000000003
10111776,42,2,4,11,168,1.1417000000000002
10111777,70,3,5,16,226,1.8396000000000001
10111778,96,4,5,20,244,2.0686000000000004
10111779,39,2,4,11,158,1.0444
10111780,73,3,5,16,160,1.8233000000000001
10111781,91,4,5,20,257,2.0533
10111782,51,2,4,11,195,1.1077000000000001
10111783,73,3,5,16,195,1.8066000000000002
10111784,96,4,5,20,241,2.0906000000000002
10111785,47,2,4,11,128,1.0914
10111786,69,3,5,16,216,1.7251
10111787,90,4,5,20,289,2.0666
10111788,40,2,4,11,139,1.0556
10111789,69,3,5,16,193,1.7458
10111790,91,4,5,20,221,2.0621000000000005
10111791,47,2,4,11,146,1.0903
10111792,69,3,5,16,228,1.7259
10111793,87,4,5,20,271,1.9765
10111794,41,2,4,11,149,1.0481000000000003
10111795,70,3,5,16,143,1.7147000000000001
10111796,103,4,5,20,224,2.0349999999999997
10111797,56,2,4,11,155,1.1398000000000001
10111798,73,3,5,16,232,1.7610000000000001
10111799,103,4,5,20,150,2.0188
10111800,44,2,4,11,181,1.0921
10111801,82,3,5,16,204,1.7487000000000001
10111802,101,4,5,20,178,2.0549
10111803,43,2,4,11,112,1.0759
10111804,75,3,5,16,238,1.8076
10111805,89,4,5,20,213,1.9837000000000002
10111806,50,2,4,11,120,1.1137
10111807,62,3,5,16,232,1.6975
10111808,95,4,5,20,205,2.044
10111809,41,2,4,11,129,1.0457
10111810,78,3,5,16,306,2.1631000000000005
10111811,88,4,5,20,295,2.007
10111812,48,2,4,11,141,1.0935000000000001
10111813,69,3,5,16,281,1.7382
10111814,89,4,5,20,287,2.0566
10111815,48,2,4,11,195,1.1725
10111816,65,3,5,16,223,1.7533
10111817,104,4,5,20,170,2.1986000000000003
10111818,50,2,4,11,155,1.1279000000000001
10111819,62,3,5,16,206,1.7257000000000002
10111820,99,4,5,20,298,2.1018
10111821,45,2,4,11,114,1.0561
10111822,83,3,5,16,238,1.7915
10111823,98,4,5,20,229,2.0727
10111824,46,2,4,11,168,1.0834
10111825,72,3,5,16,242,1.7355
10111826,103,4,5,20,238,2.1456
10111827,41,2,4,11,133,1.083
10111828,72,3,5,16,253,1.7823000000000002
10111829,90,4,5,20,200,2.0696
10111830,37,2,4,11,148,1.0847
10111831,72,3,5,16,215,1.7504
10111832,103,4,5,20,265,2.0879000000000003
10111833,46,2,4,11,113,1.4828000000000001
10111834,71,3,5,16,174,1.7697
10111835,112,4,5,20,233,2.0963000000000003
10111836,56,2,4,11,175,1.1387
10111837,70,3,5,16,228,1.7269
10111838,100,4,5,20,243,2.1446
10111839,41,2,4,11,175,2.3116
10111840,74,3,5,16,210,1.836
10111841,107,4,5,20,315,2.1177
10111842,45,2,4,11,153,1.106
10111843,65,3,5,16,211,1.7426000000000001
10111844,90,4,5,20,241,2.0108
10111845,38,2,4,11,114,1.0223
10111846,68,3,5,16,265,1.7941
10111847,93,4,5,20,236,2.0398
10111848,52,2,4,11,151,1.1536
10111849,80,3,5,16,187,1.7645
10111850,87,4,5,20,158,1.9992
10111851,47,2,4,11,130,1.0639
10111852,69,3,5,16,194,1.7087
10111853,98,4,5,20,255,2.0547
10111854,49,2,4,11,170,1.1236
10111855,77,3,5,16,197,1.7819
10111856,90,4,5,20,281,2.1067
10111857,49,2,4,11,135,1.0648
10111858,73,3,5,16,230,1.7696
10111859,100,4,5,20,198,2.0297
10111860,45,2,4,11,115,1.0653000000000001
10111861,68,3,5,16,164,1.7177000000000002
10111862,95,4,5,20,269,2.0770000000000004
10111863,47,2,4,11,139,1.0999
10111864,76,3,5,16,173,1.8107000000000002
10111865,103,4,5,20,206,2.0571
10111866,46,2,4,11,183,1.0810000000000002
10111867,76,3,5,16,197,1.8141
10111868,99,4,5,20,213,2.0351000000000004
10111869,48,2,4,11,211,1.1149
10111870,62,3,5,16,205,1.6551
10111871,98,4,5,20,294,2.0846000000000005
10111872,49,2,4,11,177,1.1598000000000002
10111873,75,3,5,16,221,2.0403000000000002
10111874,101,4,5,20,224,2.0480000000000005
10111875,53,2,4,11,198,1.1657
10111876,74,3,5,16,218,1.7744000000000002
10111877,94,4,5,20,251,2.1075
10111878,45,2,4,11,153,1.1071
10111879,66,3,5,16,190,1.7356
10111880,93,4,5,20,257,2.0791
10111881,58,2,4,11,127,1.1712
10111882,58,3,5,16,208,1.7162000000000002
10111883,104,4,5,20,265,2.1919
10111884,43,2,4,11,163,1.0572000000000001
10111885,75,3,5,16,179,1.7142000000000002
10111886,109,4,5,20,220,2.2368
10111887,45,2,4,11,207,1.1071
10111888,70,3,5,16,174,1.7694
10111889,96,4,5,20,210,2.0268
10111890,51,2,4,11,165,1.1058000000000001
10111891,72,3,5,16,150,1.7541000000000002
10111892,97,4,5,20,236,2.0799
10111893,46,2,4,11,164,1.1105000000000003
10111894,80,3,5,16,173,1.8334000000000001
10111895,92,4,5,20,298,2.1019
10111896,43,2,4,11,143,1.0525
10111897,77,3,5,16,158,1.7345000000000002
10111898,106,4,5,20,275,2.0592
10111899,52,2,4,11,116,1.1034
10111900,71,3,5,16,194,1.7262
10111901,102,4,5,20,257,2.0938000000000003
10111902,58,2,4,11,142,1.1459000000000001
10111903,65,3,5,16,201,1.7697
10111904,87,4,5,20,201,2.0228
10111905,45,2,4,11,209,1.1049
10111906,73,3,5,16,177,1.7944
10111907,88,4,5,20,255,2.0084
10111908,44,2,4,11,155,2.0020000000000002
10111909,79,3,5,16,244,2.6821
10111910,85,4,5,20,216,2.0542
10111911,42,2,4,11,139,1.0703000000000003
10111912,63,3,5,16,178,1.6787000000000003
10111913,105,4,5,20,268,2.0887000000000002
10111914,57,2,4,11,147,1.1231000000000002
10111915,72,3,5,16,188,1.7732
10111916,85,4,5,20,288,2.0079
10111917,44,2,4,11,158,1.0858
10111918,72,3,5,16,192,1.7454
10111919,88,4,5,20,242,2.032
10111920,50,2,4,11,118,1.0810000000000002
10111921,68,3,5,16,162,1.7453000000000003
10111922,92,4,5,20,234,2.6045000000000003
10111923,39,2,4,11,140,1.0389000000000002
10111924,64,3,5,16,225,1.7196000000000002
10111925,106,4,5,20,247,2.0803000000000003
10111926,49,2,4,11,175,1.1308000000000002
10111927,60,3,5,16,277,1.6927
10111928,94,4,5,20,201,2.1647000000000003
10111929,46,2,4,11,131,1.086
10111930,67,3,5,16,203,1.6988
10111931,99,4,5,20,273,2.1053
10111932,53,2,4,11,127,1.2237
10111933,69,3,5,16,190,1.7685000000000002
10111934,89,4,5,20,256,2.1402
10111935,41,2,4,11,181,1.0482
10111936,79,3,5,16,204,1.7630000000000001
10111937,99,4,5,20,223,2.1187000000000005
10111938,44,2,4,11,146,1.0502
10111939,78,3,5,16,206,1.8262
10111940,99,4,5,20,234,2.1389
10111941,46,2,4,11,121,1.046
10111942,75,3,5,16,156,1.7201
10111943,100,4,5,20,272,2.0863
10111944,38,2,4,11,215,1.0385000000000002
10111945,75,3,5,16,187,1.7442
10111946,98,4,5,20,212,2.1117000000000004
10111947,50,2,4,11,176,1.0963
10111948,63,3,5,16,240,1.7237
10111949,98,4,5,20,299,2.1462
10111950,57,2,4,11,151,1.1365
10111951,65,3,5,16,248,1.7294
10111952,99,4,5,20,252,2.1325000000000003
10111953,35,2,4,11,154,0.9978
10111954,76,3,5,16,212,1.7784
10111955,89,4,5,20,188,1.9564000000000001
10111956,51,2,4,11,132,1.1545
10111957,73,3,5,16,207,1.9351
10111958,87,4,5,20,324,2.9108000000000005
10111959,52,2,4,11,153,1.0971000000000002
10111960,69,3,5,16,205,1.7345000000000002
10111961,88,4,5,20,235,2.0398
10111962,42,2,4,11,149,1.1125
10111963,73,3,5,16,174,1.7504
10111964,79,4,5,20,200,1.9386
10111965,53,2,4,11,149,1.1024
10111966,72,3,5,16,226,1.7441000000000002
10111967,91,4,5,20,243,2.0281000000000002
10111968,49,2,4,11,123,1.0973000000000002
10111969,72,3,5,16,285,1.8592000000000002
10111970,95,4,5,20,279,2.0486000000000004
10111971,52,2,4,11,145,1.0864000000000003
10111972,67,3,5,16,225,1.7532
10111973,105,4,5,20,231,2.0674
10111974,41,2,4,11,156,1.088
10111975,65,3,5,16,209,1.8128
10111976,93,4,5,20,234,2.0254000000000003
10111977,48,2,4,11,160,1.1198
10111978,83,3,5,16,158,1.7911000000000001
10111979,110,4,5,20,219,2.1144000000000003
10111980,52,2,4,11,114,1.1205
10111981,74,3,5,16,192,1.7133
10111982,92,4,5,20,265,1.9695000000000003
10111983,46,2,4,11,181,1.093
10111984,76,3,5,16,252,1.8086
10111985,89,4,5,20,245,2.0894
10111986,49,2,4,11,130,1.1015000000000001
10111987,68,3,5,16,154,3.0158000000000005
10111988,89,4,5,20,339,2.045
10111989,45,2,4,11,155,1.1144
10111990,77,3,5,16,192,1.7373000000000003
10111991,94,4,5,20,218,2.0447
10111992,46,2,4,11,142,1.064
10111993,70,3,5,16,175,1.7895
10111994,101,4,5,20,230,2.0928999999999998
10111995,52,2,4,11,199,1.1868
10111996,66,3,5,16,217,1.7351
10111997,92,4,5,20,236,1.9677000000000002
10111998,47,2,4,11,151,1.1168
10111999,65,3,5,16,214,1.7265000000000001
