Memo1 time,Memo1A1 time
2.4011,2.2113
2.7152000000000003,2.3372
1.4207,1.0714000000000001
2.2178000000000004,1.7752000000000001
2.8095000000000003,2.0191000000000003
1.1173000000000002,1.0427000000000002
2.2285,1.7495000000000003
2.6099,2.0305
1.3281,1.3471000000000002
2.0718,1.745
4.5837,3.1377
1.5410000000000001,1.1776
2.0868,1.7389000000000001
2.8477,2.0385
1.1769,1.0561
1.9822,1.7049
2.8754,2.0255
1.093,1.0664
2.3511,1.778
2.9941,2.0478
1.1133,1.0963
2.0167,1.8408
2.7246,2.0245
0.9757,1.0228000000000002
1.9965,1.6769
2.6766000000000005,2.0475000000000003
1.2395,1.0993000000000002
2.0395,1.7171
2.7628000000000004,2.0924000000000005
1.0596,1.0876
2.0895,1.7670000000000001
2.581,2.0111
1.0751000000000002,1.0432
2.0778000000000003,1.7229
2.7254,1.9764000000000002
1.0615,1.0693
2.06,1.7228
2.8794000000000004,2.0628
1.1623,1.1428
2.3948000000000005,1.7677
2.8732,2.1343
1.0529000000000002,1.0663
2.2917,1.727
2.807,1.9739000000000002
0.9338000000000001,1.0557
2.4502,1.7930000000000001
2.9358,2.096
1.1315000000000002,1.0803
2.1429,1.7379000000000002
3.0276,2.114
1.1559000000000001,1.1078000000000001
2.3897000000000004,1.7715
2.6321,1.9546
0.9321,1.0459
2.1902000000000004,1.8055
2.8604000000000003,2.1054000000000004
0.8955000000000001,1.0683
2.0694000000000004,1.7324
2.7336,2.0221
1.1235000000000002,1.0645000000000002
2.0305,1.7529000000000001
2.7173000000000003,2.1075
1.2524000000000002,1.1245
2.0715,1.8112
2.5913000000000004,2.04
1.1274,1.0706000000000002
2.1194,2.9868000000000006
2.8665000000000003,2.0170000000000003
1.2180000000000002,1.1274
1.9389,1.6946
2.4836000000000005,1.9726000000000001
1.1313,1.0665000000000002
2.0512,1.7447000000000001
2.4902,2.0233
1.1035000000000001,1.0539
2.6961000000000004,2.5524000000000004
2.7176,1.9941
1.2143,1.0939
2.1623,1.7422000000000002
2.8281,2.0049
1.1221,1.1221
2.1575,1.7045000000000001
3.0052,2.0857
1.0722,1.0688
2.169,1.7405000000000002
2.7555,2.0346
1.696,1.0672000000000001
2.3302,1.7943000000000002
2.9372000000000003,2.0941
1.1264,1.0935000000000001
2.181,1.6840000000000002
3.2,2.2932
1.1937,1.1131000000000002
2.5010000000000003,1.7883
2.9873,2.1287000000000003
1.2619,1.1102
2.2083000000000004,1.7479000000000002
2.6234,1.9683000000000002
1.1852,1.1157000000000001
2.3830999999999998,1.7379000000000002
2.6266000000000003,1.974
1.0953,1.1956
2.4728000000000003,1.946
2.7153000000000005,2.0201
1.0957000000000001,1.0594000000000001
2.1415,1.7375
2.6326,2.0023000000000004
1.0284,1.0574
2.1668,1.7649
2.6158,1.9962
1.0386,1.1116000000000001
2.2891,1.7742
2.6513,2.055
1.1574,1.1394
2.2408,1.7259
3.9129000000000005,2.9596
1.0648,1.0681
2.3201000000000005,1.7834
2.7956,2.0618
1.188,1.1015000000000001
2.2986,1.7669000000000001
2.7604,2.0604
1.1291,1.0988
2.9537,1.965
3.4928000000000003,2.0741
1.0412000000000001,1.0461
2.5954,1.7834
2.7384000000000004,2.0452
1.0710000000000002,1.0859
2.0380000000000003,1.6958000000000002
2.4909000000000003,1.9880000000000002
1.2151,1.1155000000000002
2.0899,1.7162000000000002
2.9057000000000004,2.0153000000000003
1.1556000000000002,1.0599
2.1042,1.8624
2.7723,2.0404
1.1019,1.0833000000000002
2.5749000000000004,1.8242000000000003
2.5841000000000003,1.9637
1.0828,1.0509
2.0005,1.6883
2.65,2.0180000000000002
1.09,1.0854000000000001
2.0787,1.7523
2.722,1.9963000000000004
1.2312,1.1251
2.2277,2.284
3.0438,2.1196
1.0473999999999999,1.0587000000000002
2.257,1.7198
2.5754,2.0009
1.1712,1.1222
2.1211,1.6839000000000002
2.8754,2.0911000000000004
1.1134000000000002,1.0673
2.1816,1.7097000000000002
2.7847000000000004,2.0458
0.9893000000000001,1.0250000000000001
2.2786,1.7518000000000002
3.68,2.1048
1.0802,1.0835000000000001
2.2171,1.7105000000000001
2.49,2.0721000000000003
1.2224,1.0843
2.4604000000000004,1.8372000000000002
2.9834,2.0770000000000004
1.1845,1.0687000000000002
2.1787,1.7215000000000003
2.7448000000000006,2.3236000000000003
1.1505,1.1241
2.2731000000000003,1.7812000000000001
3.4381000000000004,2.0813
0.9912,1.0455
2.0540000000000003,1.7544000000000002
2.529,1.9899000000000002
1.1269,1.0548
2.0079,1.6825
2.7577000000000003,3.7538000000000005
1.299,1.0978999999999999
2.3996,1.8296000000000001
2.7179,2.0995000000000004
1.0404000000000002,1.0610000000000002
2.2589,1.7929
3.8868,2.2337000000000002
1.1442,1.0778
2.3875,1.7657
2.8041000000000005,2.0538000000000003
1.2212,1.1289000000000002
2.0234,1.7086
2.7279999999999998,2.0010000000000003
1.1788,1.0967000000000002
2.3051,1.825
2.6517000000000004,2.009
1.5408000000000002,1.12
2.1887,1.7162000000000002
3.1728000000000005,1.9746
1.1077000000000001,1.1016000000000001
1.9837000000000002,1.6707
2.7141,2.1638
1.0672000000000001,1.084
2.0715,1.6908
2.5751000000000004,2.3510000000000004
1.1247,1.0975000000000001
2.1581,1.818
2.7241,2.0745
1.0864000000000003,1.0925000000000002
2.1822,1.7492
2.8522,2.0789000000000004
1.2528000000000001,1.1393
2.249,1.7625000000000002
2.4564,1.9462000000000002
1.1437000000000002,1.1286
2.475,1.7831000000000001
2.8195000000000006,2.068
1.183,1.1051000000000002
2.1872000000000003,1.8116
2.7824,2.2405000000000004
1.1798000000000002,1.0921
3.7675000000000005,2.6509000000000005
2.6771,2.0255
1.0278,1.049
2.1331,1.7456
3.1128,2.1207000000000003
1.2214,1.0978
2.1916,1.7383000000000002
3.2266,2.1281
1.0944,1.0518
2.1876,1.7259
2.8469,2.9858000000000002
0.9724000000000002,1.0356
2.0538000000000003,1.7263000000000002
2.3902,1.9906
1.0811,1.0856000000000001
2.3297,1.8242000000000003
2.8089,2.0513000000000003
1.2299000000000002,1.0978
2.2536,1.7575
2.5368,2.3236000000000003
1.0867000000000002,1.1153
2.0019,1.8225
2.8592,2.9048000000000003
1.2137,1.1186
2.7178000000000004,1.8455000000000001
2.6093,2.0679000000000003
1.1185,1.1282
2.3243,1.8006
2.8754,2.1298000000000004
1.2546,1.1542
2.2231,1.703
2.6035000000000004,2.0624000000000002
1.1636000000000002,1.0382
2.0492000000000004,1.7193000000000003
2.9669000000000003,2.1048
1.1108,1.1839000000000002
2.3326000000000002,1.8041
2.6933000000000002,2.0234
1.1197000000000001,1.0795000000000001
2.1422,1.8864
2.912,2.0866000000000002
1.1971,1.0992
2.2622000000000004,1.7830000000000001
2.9013000000000004,2.0597000000000003
1.1043,1.0815
2.1211,1.7832000000000001
2.6493,1.9893000000000003
1.2024000000000001,1.1245
2.9015,1.8017
2.5984000000000003,1.9925
1.0031,1.059
2.1595,1.7745
2.9401,2.0899
1.1716,1.0642000000000003
1.9583000000000002,1.7243
2.6666000000000003,2.0232
1.2514,1.1169
2.127,1.7283000000000002
3.1505,2.1458000000000004
0.8178000000000001,1.0236
2.2801,1.7379000000000002
2.9516,2.0912
1.2076,1.075
2.2362,1.7825
2.8534,2.0381
1.2039000000000002,1.076
2.4004,1.7604
3.0276,2.0683
1.2007,1.1318000000000001
2.5682,1.7692
2.8783000000000003,2.4182
1.0151999999999999,1.052
2.3454,1.7455
2.6234,2.0059
1.3601,1.0814000000000001
2.2292,1.7853
2.6555000000000004,2.1403
1.3289,1.1101
2.0618,1.7559
3.1221,2.3167
1.1428,1.1035000000000001
2.2141,1.8322000000000003
2.8150000000000004,2.0271
1.205,1.1164
2.3357,1.7661
2.5451,1.9782000000000002
1.133,1.0970000000000002
1.8899000000000001,1.6796
2.5613,1.9720000000000002
1.0856000000000001,1.066
2.2062000000000004,2.6701
2.5326000000000004,1.9748
1.0806000000000002,1.0821
2.4002000000000003,1.8090000000000002
2.9222,2.1512000000000002
1.1328,1.0574
2.3106000000000004,1.7903
3.4834,2.0888
1.2034,1.1574
1.9816,1.6718000000000002
2.8499000000000003,2.075
1.0651,1.0729000000000002
1.9932,2.5326000000000004
3.5112000000000005,3.1416
0.9449000000000001,1.0457
2.1508,1.7632
2.7633,2.0836
1.1766,1.0925000000000002
2.2381,1.7267000000000001
2.6988000000000003,2.0214
1.0815,1.0894000000000001
1.8972000000000002,1.6893
3.5359000000000003,2.1985
1.3558000000000001,1.1366
1.9891,1.6820000000000002
2.7943,2.1229
1.09,1.0624
2.1893,1.7238000000000002
2.8816,2.0728999999999997
1.1651,1.0776000000000001
2.3278000000000003,1.789
2.516,1.9934000000000003
1.1612,1.0937
2.1290000000000004,1.8327
2.5389000000000004,2.0026
1.2315000000000003,1.1181
1.9949,1.7207000000000001
3.0296000000000003,2.0352
1.1759000000000002,1.0919
2.2662000000000004,1.7053
2.6096,2.0429000000000004
1.1136,1.1375
2.2423,1.7916
2.3804,2.0123
1.0404000000000002,1.0523000000000002
2.3613000000000004,1.7509000000000001
2.8273,2.4247
1.0637,1.0667
2.1966,1.7892000000000001
2.9863000000000004,2.8599
1.0907,1.1090000000000002
2.0071,1.6771000000000003
2.7029,2.0167
1.0913000000000002,1.1124
2.0877,2.7817000000000003
2.8735000000000004,2.1453
1.2682000000000002,1.103
2.1449,1.696
2.7647,2.2152000000000003
1.183,1.0431000000000001
2.0166000000000004,1.8207000000000002
2.6088,2.0017
1.1188,1.0595
2.2459000000000002,1.7324
2.697,2.0229000000000004
1.1411000000000002,1.1242
2.132,1.7729000000000001
3.0294000000000003,2.1050999999999997
1.1591000000000002,1.1581
2.273,1.8135000000000001
3.0593,2.1065000000000005
1.1209,1.0597
2.1325000000000003,1.6661
3.7666,2.0569
1.1314,1.0744
2.3254,1.7819
2.9278000000000004,2.1081000000000003
1.0015,1.0586
2.1738,1.7828000000000002
2.9532,2.1541
1.0521,1.0572000000000001
2.1396,1.7451
2.4871000000000003,1.9607
1.17,1.0604
2.4939000000000004,1.7352
2.7001,2.0458
1.1651,1.0847
2.1493,1.713
2.4454000000000002,2.0002
1.2598000000000003,1.1035000000000001
2.2619000000000002,1.8081000000000003
2.4704,2.0046
1.2005000000000001,1.106
2.1849,1.7723
2.3811999999999998,2.0454000000000003
1.155,1.1679000000000002
2.161,1.7454
2.8201000000000005,2.1925
1.1552,1.083
2.6306000000000003,1.8760000000000001
2.5779,2.1206000000000005
1.2712,1.127
2.2551000000000005,1.7422000000000002
3.5925000000000002,1.9983000000000002
1.0334,1.0563
2.4718999999999998,1.7996
2.5653,2.0072
1.1022,1.0566
2.3952999999999998,1.7815
2.8174,2.0361000000000002
0.9471,1.0487
2.3516,1.8112
3.1138000000000003,2.2842000000000002
1.1184,1.1244
2.1254,1.6696
2.6109,2.0353000000000003
1.1405,1.0841
2.3249,1.7763000000000002
2.7098,2.1685000000000003
1.1236,1.1141
2.2565000000000004,2.7694
2.6269,2.0053
1.0944,1.0790000000000002
3.2030000000000003,1.6971
2.6887,1.9863000000000004
1.2537000000000003,1.1217
2.4177,1.7644000000000002
2.5901,2.0278
0.9732000000000001,1.0724
2.1923000000000004,1.7385
2.6927000000000003,2.0383000000000004
0.9914000000000002,1.057
2.1534,1.8358
2.9183,2.1001000000000003
1.1692,1.0966
2.3653000000000004,1.8391000000000002
2.8694,2.076
1.1740000000000002,1.1041
2.1703,1.8962
2.6710000000000003,2.0663
1.1882000000000001,1.0659
2.3171000000000004,1.7314
2.9826,2.0704000000000002
1.178,1.0976
2.0734,1.7158000000000002
2.4765,1.9403000000000001
1.1922,1.1072
2.1346,1.822
2.7104,2.0418000000000003
1.0518,1.064
2.2032000000000003,1.7613
2.8824,2.068
1.2853,1.1259
1.9133000000000002,1.7386000000000001
2.8102,1.9853
1.155,1.1466
1.9928000000000003,1.6916000000000002
2.3489999999999998,2.0109
1.2510000000000001,1.1005
2.2056000000000004,1.7354
2.8372,2.0936000000000003
1.1755000000000002,1.0876
2.1636,1.6769
2.4714000000000005,1.9981
1.1668000000000003,1.0897000000000001
2.1248,1.7661
3.0804,2.2529
1.2306000000000001,1.0802
2.0892000000000004,1.7413
2.7309,2.0563000000000002
1.2072,1.1639000000000002
2.4163,1.8290000000000002
2.9211000000000005,2.1013
1.1515000000000002,1.0821
2.1224,1.727
2.8493000000000004,2.0342000000000002
1.1506,1.1102
2.0432,1.7306000000000001
2.7966,2.0746
1.1803,1.1007
2.091,2.0308
2.841,2.0422000000000002
1.0717,1.0544
2.4109000000000003,1.8086
2.5715,1.9502
1.0482,1.059
2.2408,1.7582000000000002
2.8134,2.1357
1.1150000000000002,1.1061
2.2742,1.7934
2.7115000000000005,2.0733
1.2203000000000002,1.1784000000000001
2.2712000000000003,1.745
3.3426000000000005,2.1729000000000003
1.1491000000000002,1.0809000000000002
2.2985,1.8207000000000002
2.9477,2.0699
1.1128000000000002,1.0803
2.6389,1.7426000000000001
2.8810000000000002,2.1116
1.2147,1.1164
2.225,1.7669000000000001
2.8674,2.0341
1.1558,1.0695000000000001
2.1618000000000004,1.7063
2.7702,2.0399000000000003
1.0036,1.0669
2.2098,1.7697
2.7871,2.0267000000000004
1.2489000000000001,1.1157000000000001
1.9073,1.6641000000000001
2.7584000000000004,2.2532000000000005
1.2038000000000002,1.4194000000000002
2.3078,1.77
3.1073000000000004,2.1307
1.1609,1.0954000000000002
2.2461,1.8673000000000002
2.6032,2.1026000000000002
1.1377000000000002,1.0827
3.6745,2.7015000000000002
3.0085,2.0981000000000005
1.1084,1.1145
2.1789,1.7348000000000001
2.7512,2.1112
1.1803,1.1867
2.2512,1.9391
2.9007,2.0740000000000003
1.1595000000000002,1.1316
2.1705,1.7875
2.7387,2.0147
1.1536,1.147
2.2950000000000004,1.7241000000000002
2.8672000000000004,2.6121
1.2225000000000001,1.0935000000000001
2.0188,1.6791000000000003
2.8213,2.0293
1.0325,1.0644
2.1633,1.7606000000000002
2.9851,2.0731
1.0603000000000002,1.0612
2.2482,1.7679000000000002
2.8741,3.8746
1.0046,1.0438
2.3197,1.796
2.7173000000000003,2.0317
1.116,1.0513000000000001
2.1153999999999997,1.8287000000000002
2.7415,2.0576000000000003
1.2184000000000001,1.132
2.0724000000000005,1.7886000000000002
2.8053000000000003,6.712900000000001
1.1229,1.0761
2.4539,1.7931000000000001
2.7037000000000004,2.0393
1.2248,1.1256
2.1917,1.7382
2.6108000000000002,2.0012000000000003
1.1456000000000002,1.0794000000000001
2.5976000000000004,1.7261000000000002
2.4690000000000003,1.9638
1.2394,1.0945
2.1538,1.7118
2.7620999999999998,2.0328
1.3541,1.1347
2.307,1.7383000000000002
2.4036,1.9741000000000004
1.1669,1.2233
2.2183,1.7231000000000003
2.7573000000000003,3.0741
1.2777,1.1898
2.2700000000000005,1.7716
2.4757,2.0315000000000003
1.161,1.0937
2.6443,1.8219000000000003
2.8991000000000002,2.0690999999999997
1.2232,1.1099
2.2727000000000004,1.8035
2.9584,1.9893000000000003
0.8981000000000001,1.1045
1.7365000000000002,3.9884000000000004
2.6543,2.0103
1.2031,1.0737
2.0180000000000002,1.7398
2.5291,2.0135
1.1799,1.0651
1.9876,1.7567000000000002
2.4755000000000003,2.0112
1.0869,1.0759
2.4499,1.7546
2.5327,2.1151
1.2561,1.1498000000000002
2.0918,1.8444000000000003
2.8404000000000003,2.0941
1.1054000000000002,1.05
2.2464,1.7578
2.7684,2.0994
1.1388,1.0517
2.1604,1.7805000000000002
2.7493000000000003,1.9858000000000002
1.3348000000000002,1.1732
2.269,1.7883
2.8692,2.0578000000000003
1.1178000000000001,1.0457
2.2192000000000003,1.7405000000000002
2.5667000000000004,1.9618
1.0383,1.0955000000000001
1.9615000000000002,1.6823000000000001
2.7562,2.0125
1.0603000000000002,1.0947
1.9578,1.6876
2.7469,2.0397000000000003
1.0055,1.1078000000000001
2.3991000000000002,1.8305
2.6521,2.0224
1.0128000000000001,1.0306
2.1655,1.8084000000000002
2.5343,2.0065
1.03,1.1041
2.1088,1.7345000000000002
2.9610000000000003,2.094
1.3445,1.1489
2.2278000000000002,2.8228000000000004
4.0796,3.1787
1.0633000000000001,1.0687000000000002
2.1702000000000004,1.7653
3.0809,2.0751000000000004
1.1543,1.1415000000000002
2.0732000000000004,1.7247000000000001
2.6532,2.0051
1.0886,1.1228
2.4416,1.8046000000000002
2.7259,2.0408
1.1601000000000001,1.0819
1.9835,1.6949
2.7031000000000005,2.0397000000000003
1.2349999999999999,1.0924
2.2113,1.7727000000000002
2.5483000000000002,1.9916
1.0627,1.0488000000000002
2.3376,1.8876000000000002
2.7108000000000003,2.0336
1.1923000000000001,1.1373000000000002
2.3542000000000005,1.7608000000000001
2.8274000000000004,2.0556
1.2249,1.1213
2.0137,1.7078000000000002
2.7653,2.1003000000000003
1.0871000000000002,1.0544
1.9544000000000001,1.651
2.6289,2.1457
1.0132999999999999,1.057
2.3677,1.758
3.7300000000000004,2.0749
2.2034000000000002,1.1514000000000002
2.0227,1.7554
3.0473000000000003,2.1656
1.4439000000000002,1.1591000000000002
2.2346000000000004,1.8116
2.8763,2.083
1.1761,1.0935000000000001
2.2435,1.7510000000000001
2.8071,2.0518000000000005
1.1237000000000001,1.0886
2.2033,1.7808000000000002
2.8344000000000005,2.0897
1.8422000000000003,1.0948000000000002
2.1613,1.7313
2.4464,2.0385
1.1732,1.092
2.1947,1.7385
2.6263,2.0308
1.1506,1.1096000000000001
2.1486,1.6957
2.894,2.0868
0.9608000000000001,1.0599
2.0034,1.7020000000000002
2.8918000000000004,2.1542000000000003
1.084,1.0976
2.0021,1.9109
2.5085,2.0118
1.272,1.082
2.1006,1.7293
2.6168000000000005,2.0582000000000003
1.2854,1.0986000000000002
2.2824,2.1291
2.7387,2.0301
1.2433,1.121
2.3005,1.7790000000000001
2.8788000000000005,2.0782000000000003
1.0767,1.3817
2.1885000000000003,1.7567000000000002
2.7532000000000005,2.1184000000000003
1.1538,1.0667
2.3313,1.8228
2.4400000000000004,1.9747000000000003
1.1444,1.0632000000000001
2.6462,2.7748
2.751,2.0548
1.0285000000000002,1.0666
2.2197000000000005,1.7672
2.6954000000000002,1.9994
1.0466,1.2821
2.3126,1.7790000000000001
2.9348,2.0756
1.1425,1.1677
2.2600000000000002,1.7289
2.4907000000000004,1.9756
1.2032,1.4855
2.2305,1.7441000000000002
2.6216,2.0321000000000002
1.1691000000000003,1.1717000000000002
2.4225000000000003,1.8023000000000002
2.5208,1.9954
1.2268000000000001,1.0685
2.2131,1.7740000000000002
2.6183,2.8687
1.1953,1.1469000000000003
2.2237000000000005,1.7194
2.8124000000000002,2.0773
1.0259000000000003,1.0249
2.439,1.7865000000000002
2.8880000000000003,2.0975
1.0723,1.0823
2.0558,1.8550000000000002
2.4205000000000005,1.9736000000000002
1.16,1.0643
3.1024000000000003,1.7805000000000002
3.2741000000000002,2.1244
1.1542,1.0675000000000001
2.0449,1.7455
2.7568,2.0265999999999997
0.9864999999999999,1.0288000000000002
2.3011,1.7734
2.68,2.0629000000000004
1.2858,1.1217
2.4245,1.8441000000000003
2.5873000000000004,1.9973
1.1238000000000001,1.5415
2.3345000000000002,2.1578999999999997
3.0109000000000004,2.1098000000000003
1.206,1.2193
2.1779,1.7485
2.7465,1.9739000000000002
1.4848000000000001,1.1620000000000001
2.363,1.8333000000000002
2.4154000000000004,1.9934000000000003
1.0697,1.1058000000000001
2.2767,1.7383000000000002
2.7789000000000006,2.1702000000000004
1.1720000000000002,1.1188
2.6873,1.9158
2.7758000000000003,2.0205
1.0351000000000001,1.0382
2.0004000000000004,1.7015
2.7916,2.0668
1.1974000000000002,1.0690000000000002
2.3482,1.7776
4.8726,2.1678
1.0320000000000003,1.0751000000000002
2.3537000000000003,1.9110000000000003
2.7803000000000004,2.0411
0.9880000000000002,1.0394
3.072,1.7659000000000002
2.9014,2.0642
1.1828,1.1361999999999999
2.3515,1.7810000000000001
2.8229,2.1267
1.01,1.0528
2.2113,1.7395000000000003
3.0887000000000002,3.0462000000000002
1.1861000000000002,1.2783
2.4628,1.8072000000000001
2.5354,2.0692000000000004
1.1712,1.0657
2.1220000000000003,1.7458
2.8507000000000002,2.164
1.2979,1.1511000000000002
2.336,1.8491000000000002
2.7498,2.0986
1.0269000000000001,1.0719
2.1825,1.7873
2.7381,2.0212000000000003
1.1033,1.0826
2.0727,2.3565
2.8703000000000003,2.1203000000000003
1.1091,1.0682
2.2119,1.8635000000000002
2.9094,2.0193
1.0609,1.0534000000000001
2.1761000000000004,1.8092000000000001
2.5647,2.0159000000000002
1.0521,1.0501
2.2572,1.7536
2.8549,2.0534
1.2344000000000002,2.4965
2.1529000000000003,1.7260000000000002
2.6063,2.0177000000000005
1.1972,1.0881
2.0654000000000003,1.7175
2.6872000000000003,2.1657
1.0315,1.0663
2.2102000000000004,1.8515000000000001
2.8981000000000003,2.1978
1.0811,1.1101
2.2814,1.8044
2.8019,2.0635000000000003
1.1435,1.1392000000000002
2.1923000000000004,1.7131
2.4318,1.9635
1.0339,1.0816000000000001
2.0764,1.7335
2.5433,2.1510000000000002
1.5466000000000002,1.0731
2.1325000000000003,1.7877
2.9519,2.1022000000000003
1.0437,1.0483
2.4297000000000004,1.7791000000000001
2.6218,2.0248000000000004
1.2984000000000002,1.1150000000000002
2.2738000000000005,2.6665
2.9976,2.1727
1.0330000000000001,1.0753000000000001
2.0480000000000005,1.7260000000000002
3.0877,2.1902000000000004
1.1982000000000002,1.0931
3.1843000000000004,2.5902
2.6382000000000003,1.984
1.1569,1.0834
2.1279000000000003,1.7417
2.9009,2.1681
1.0766,1.1056
2.423,2.0232
3.0109000000000004,2.1877000000000004
1.0555,1.1013000000000002
2.165,2.7584000000000004
2.8586,2.0272
1.118,1.1063
2.0594,1.7670000000000001
2.9134,2.0872
1.1625,1.0727
2.2334,1.7237
2.4850000000000003,1.9886000000000001
1.1878000000000002,1.1805
2.886,1.7748000000000002
2.5947999999999998,2.0871
1.0972,1.0792
2.1096,1.7272
2.5232,3.2969000000000004
1.2268000000000001,1.0704
2.1609000000000003,1.7526000000000002
2.7683,2.0135
1.1453000000000002,1.0565000000000002
1.9701000000000002,1.8107000000000002
2.7572,2.5054000000000003
1.1548,1.1328
2.0115000000000003,1.9735
2.6271000000000004,1.9921000000000002
1.1156,1.116
1.9940000000000002,2.5958
2.7975,2.0333
1.4340000000000002,1.1203
2.3028000000000004,1.7769000000000001
3.0173,2.1027000000000005
1.2894,1.2546
2.4225000000000003,1.8245000000000002
2.7875,2.0755
1.2242000000000002,1.1512
2.3092,1.8002
3.1348000000000003,2.1452000000000004
1.0908,1.0731
2.2873000000000006,1.7513
3.2971000000000004,2.081
1.1921,1.1119
2.3606,1.8575000000000002
2.8486000000000002,2.0721000000000003
1.1909,1.0984
2.2444,1.8306000000000002
2.7684,2.0523
1.1299000000000001,1.1279000000000001
2.1088,1.7172
2.8261000000000003,2.0328
1.0691000000000002,1.1029
2.0829,1.7338000000000002
2.6482,1.9667000000000001
2.0438,1.0935000000000001
2.2878,1.8118
2.9306,2.0743000000000005
1.1671,1.0953
1.9131,1.6603
2.8118000000000003,2.1056
1.233,1.1242
2.1326,1.6908
2.9831000000000003,2.0585
1.0667,1.0945
2.0766,1.667
2.928,2.0944000000000003
0.9695000000000001,1.0596
2.265,1.7538
2.5641000000000003,2.04
1.0276,1.0376
2.229,1.7143000000000002
2.8348,2.0657
1.3031000000000001,1.1540000000000001
2.049,1.6936000000000002
2.8757,2.0999
0.9141,1.0204
2.2374,1.743
2.8073,2.1672000000000002
1.2026000000000001,1.1214
2.1972000000000005,1.7541000000000002
2.5638,2.0513000000000003
1.2415,1.0991
1.9909000000000003,1.727
2.8458,2.0587
1.2077000000000002,1.0921
2.0677,1.7514000000000003
2.6414000000000004,1.981
1.2077000000000002,1.0966
2.1539,1.7575
3.1200000000000006,2.0038
1.2867,1.151
2.3547,1.7304000000000002
2.5892000000000004,2.0101000000000004
1.1398000000000001,1.0943
2.1534,1.7613
2.7446,2.1812000000000005
1.0611000000000002,1.0534999999999999
2.0398,1.7921
2.8936,1.9928000000000003
1.0863,1.1342
2.2126,1.8029000000000002
2.6435,2.0364000000000004
1.1127,1.0826
2.1914000000000002,1.7426000000000001
2.6334,1.9946
1.3621,1.1691000000000003
2.1006,1.7106000000000001
2.7749,2.0599
1.1004,1.0782
2.0666,2.5243
2.9606000000000003,2.088
1.1874000000000002,1.1199000000000001
2.4713000000000003,1.9698000000000002
2.8378,2.0707
1.2361000000000002,2.3487
1.9356000000000002,1.7208
2.9908,2.1483000000000003
1.1629,1.0996000000000001
2.5082000000000004,1.8498
2.7614,2.0632
1.0953,1.0917999999999999
2.189,1.9167
2.8352,2.0891
1.2113,1.1225
3.4439,1.8189
2.8770000000000002,2.0638
1.2002,1.1004
2.2279999999999998,1.7539
2.7700000000000005,2.0197000000000003
1.0573000000000001,1.1344
2.1310000000000002,1.705
2.7073,2.0214
1.1566,1.1512
1.9127,1.7227000000000001
3.067,2.1260000000000003
1.224,1.1062
2.4932000000000003,1.8470000000000002
4.0550999999999995,2.1751
1.639,1.0709
2.4289000000000005,1.8542
2.8246,2.0748
1.1039,1.0669
2.1909,1.7808000000000002
2.8067,2.0138000000000003
1.2413,1.1095
2.2436000000000003,1.8846000000000003
2.9319,2.1036
1.2079,1.1392000000000002
2.2977000000000003,1.7232
2.9136,2.084
1.1365,1.0730000000000002
2.2894,1.796
2.7894,2.0902
1.0599,1.0719
2.1849,1.734
3.0076,2.2032000000000003
1.0997000000000001,1.072
2.1316,1.8633
2.8774,2.075
1.1726,1.1139999999999999
2.2858,1.8143
3.614,2.8047000000000004
1.1511000000000002,1.0976
2.3626000000000005,1.8402000000000003
2.8056,2.0695
1.1583,1.1089000000000002
2.2996000000000003,1.8449
2.5969,2.0035000000000003
1.0195,1.0582
2.5128000000000004,2.9335000000000004
2.6775,2.0005
0.9380000000000001,1.0155
2.1201000000000003,1.7193000000000003
2.7404,2.1761000000000004
1.2578,1.0615
2.1596,1.7751000000000001
2.8029,2.0874
1.5985,1.0595
2.2325,1.7448000000000001
2.612,2.0264
1.0614000000000001,1.0594000000000001
1.9779000000000002,2.6796
2.6953000000000005,2.0317
1.1876,1.0917999999999999
2.1971,1.8063
2.9195,2.0508
0.9777,1.0319
2.2435,1.7481
2.7933000000000003,2.5663
1.1474,1.0571000000000002
2.2131,2.3702
2.7008,2.0602000000000005
1.1951,1.1059
2.5364000000000004,1.7818
2.7634,2.0866000000000002
1.1354000000000002,1.1092
2.2584000000000004,1.7333
2.7302000000000004,2.0532000000000004
2.4850000000000003,1.0597
2.1266000000000003,1.7705000000000002
2.5373,2.4233000000000002
0.9932000000000001,1.0453000000000001
2.1088,1.7235000000000003
2.8289,2.0713000000000004
0.9521000000000001,1.0073
2.255,1.7653
3.6507,2.0289
1.2058000000000002,1.161
2.289,1.743
2.4263000000000003,2.0170000000000003
1.1883,1.1588
2.1592000000000002,1.7127000000000001
2.8080000000000003,2.0606
1.0592000000000001,1.0553000000000001
2.3031,1.7484000000000002
2.4767,1.9978
1.2968000000000002,1.0822000000000003
2.1976,1.7650000000000001
2.7177,2.0377
1.0414,1.0154
2.1142000000000003,1.6725
2.9436,3.0409
1.1936000000000002,1.1482
2.4334000000000002,2.7698
2.7013000000000003,2.3709
1.1017000000000001,1.0766
2.0411,1.7574
2.688,2.1335
1.2664,1.1306
2.1266000000000003,1.7478
2.7419000000000002,2.0059
0.9784000000000002,1.0293
3.3355000000000006,1.7832000000000001
2.7077000000000004,2.019
1.0842,1.0944
2.2501,1.7382
2.5061000000000004,1.9633000000000003
1.1867,1.0832000000000002
2.2115,1.7361000000000002
2.5431,2.0140000000000002
1.1367,1.0595
2.0828,1.7521000000000002
2.8133000000000004,2.0269000000000004
1.0303,1.0878
2.3806000000000003,1.9745000000000001
2.9270000000000005,2.4112
1.0665000000000002,1.0692
2.1851000000000003,1.7645
2.9171,2.4486
1.1955000000000002,1.1071
2.1912000000000003,1.7215000000000003
2.8384,2.5587999999999997
2.4259000000000004,1.1052
2.1522,1.7267000000000001
2.8481,2.0059
1.0886,1.0230000000000001
2.1701,1.7735
2.699,2.0153000000000003
1.1176000000000001,1.0894000000000001
2.4611000000000005,1.7781
2.7355,2.1236
1.0262000000000002,1.0462000000000002
2.5862000000000003,2.4925
3.0818,2.0640000000000005
0.9265,1.0777
2.4258,1.9164
2.5031000000000003,2.0868
1.0151999999999999,1.0859
2.2064000000000004,1.9006
2.7900000000000005,2.0256000000000003
1.0716,1.0545
2.2096,1.7350000000000003
2.5301,2.0309
1.0119,1.048
2.2387,1.7329
2.6853000000000002,1.9963000000000004
1.1293,1.1012000000000002
2.1333,1.7582000000000002
2.8518000000000003,2.0662000000000003
1.2388,1.1073000000000002
2.0558,1.8656
2.7639,2.0559000000000003
1.0833000000000002,1.0771000000000002
2.2832,1.8345000000000002
3.1712000000000002,2.0111
1.1855000000000002,1.1107
2.236,1.7493
2.6156,2.0296000000000003
1.2751000000000001,1.3082
2.2761,1.7535
2.7221,2.0154
1.2206000000000001,1.0976
2.1456,1.7361000000000002
3.128,2.1736
1.0621,1.0564
2.3255000000000003,1.7851000000000001
2.4895,3.3601000000000005
1.0723,1.0967000000000002
2.2324,1.7664000000000002
2.6952,2.0353000000000003
1.2143,1.1095
2.2277,1.729
2.6735,2.0486000000000004
1.0637,1.0578
1.8010000000000002,2.7234
2.9037,2.1283
1.2264000000000002,1.0885
2.4330000000000003,1.7958000000000003
2.6325000000000003,2.0165
1.2384000000000002,1.1753
2.2888,1.9307
2.5526000000000004,1.9822
1.1387,1.072
2.1261,1.7123000000000002
2.8904,2.0228
1.1482,1.0664
2.0137,1.7184000000000001
3.0466,2.0938000000000003
1.1929,1.1336
2.0572,1.8174000000000001
2.8376,2.0296000000000003
1.0536,1.0496
2.1646,1.7344000000000002
2.8219,2.0821
1.2767000000000002,1.137
2.0914,1.6742000000000001
2.6379,2.0097
1.0441,1.0524
2.2232000000000003,1.7826
2.8525,2.1335
1.0428,1.0599
2.0479000000000003,1.8414000000000001
2.9331,3.7277
1.3061,1.1366
2.1152,1.7281000000000002
2.8958,2.0731
1.0741,1.1282
2.2015000000000002,1.7260000000000002
2.4986,2.0115000000000003
1.1857,1.0993000000000002
2.0562,1.7131
2.838,2.0553
1.0988,1.0858
2.0424,3.0829000000000004
2.6466000000000003,2.0941
1.1170000000000002,1.105
2.4158,1.7534
2.6004,2.0263
0.9644,1.0208000000000002
2.0914,1.7103000000000002
2.7253000000000003,2.0246
1.1334000000000002,1.0943
2.269,1.7757
2.7648,2.0291
1.2146000000000001,1.1002
2.5601000000000003,1.9035
2.8703000000000003,2.0669
1.2241000000000002,1.0874000000000001
2.225,1.7531
2.8425,2.0801000000000003
1.1382,1.1381000000000001
2.226,1.7585000000000002
2.764,2.0371
1.2035000000000002,1.1132000000000002
2.1349000000000005,1.7387000000000001
2.8133000000000004,2.0268
1.1047000000000002,1.0947
2.1238,1.6886
2.8377000000000003,2.0614000000000003
1.6884000000000001,1.0532
2.3854,1.8006
2.6007000000000002,2.045
1.1493,1.0797
2.4423,1.8232000000000002
2.8550000000000004,2.1163000000000003
1.2496,1.1356000000000002
2.3228000000000004,1.7720000000000002
2.9383,2.0569
1.2201,1.2448000000000001
2.1174000000000004,1.7369
2.7331,2.0303
1.1014,1.0874000000000001
2.0505000000000004,1.6807
2.5439,2.0448000000000004
2.4715000000000003,1.0933000000000002
2.2518,1.7641000000000002
2.6164,2.0192
1.1484,1.0861
2.1694,1.8920000000000001
2.9814000000000003,2.0844
1.1801000000000001,1.0866
2.5545000000000004,1.889
2.9609,2.0674
1.1869,1.1101
2.2026000000000003,2.2538
2.6486,2.1209000000000002
1.0201000000000002,1.0628
2.0709999999999997,1.8028
2.7863,2.0388
1.1011,1.1223
2.3686000000000003,2.0925000000000002
3.0498000000000003,2.0713000000000004
0.9476,1.0209000000000001
2.1709000000000005,1.7997000000000003
3.042,2.0926
1.2395,1.1151000000000002
2.2611000000000003,1.75
2.681,2.0924000000000005
1.105,1.074
1.9751,1.7576
2.766,2.0721000000000003
1.0616,1.0455
2.5523,1.8062000000000002
2.7419000000000002,2.0272
1.0243000000000002,1.0576
2.1884,1.7716
2.7186000000000003,2.0195
1.0049,1.1042
2.1073000000000004,1.7279
2.7303,2.0319000000000003
1.0346000000000002,1.1043
2.0291,1.7451
3.0963000000000003,2.1864000000000003
1.7589000000000001,1.334
2.0058000000000002,1.7146000000000001
2.5531,1.9961000000000002
1.0687000000000002,1.0797
2.2727000000000004,1.7339
2.9486,2.0740000000000003
1.0924,1.066
2.373,1.7922
2.7203,2.067
1.5797,1.2348000000000001
2.3074000000000003,1.7912000000000001
2.9071000000000002,2.0366
1.2364000000000002,1.0936000000000001
1.9764000000000002,1.6904000000000001
2.7093,2.0107000000000004
1.2606000000000002,1.098
2.0431,1.7198
2.6965,2.0551000000000004
1.2152,1.0907
2.3856,1.7739
2.7383,2.0336
1.1407,1.1204
2.3144000000000005,1.8077
3.1644000000000005,2.0307000000000004
1.0282000000000002,1.0379
2.1552000000000002,1.7784
2.9331,2.0612
0.8142,1.0137
2.1308,1.78
2.7769,2.0563000000000002
1.1586,1.1177000000000001
2.2737,1.7561
2.6428000000000003,2.0307000000000004
1.119,1.028
2.0999,1.7106000000000001
2.5201,2.0316
1.1573,1.0888
2.2108000000000003,1.7492
2.7638000000000003,2.0541
1.1396000000000002,1.1024
2.2517,1.7735
2.3946,1.9901000000000002
1.0767,1.1005
2.1149000000000004,1.7195
2.7747,2.062
1.0051,1.062
2.3939,1.812
2.8235,2.1188000000000002
1.1511000000000002,1.2807000000000002
2.3433,1.7626
2.9330000000000003,2.1286
1.2482000000000002,1.0826
2.2976000000000005,1.8223000000000003
2.3136,1.9826000000000001
1.2426000000000001,1.1026
2.2686,1.7495000000000003
2.6193000000000004,2.1589
1.0526000000000002,1.0562
2.3675,3.5418000000000003
2.6181000000000005,1.9719
1.1455,1.0733000000000001
2.0798,1.6842000000000001
2.7374,2.0132000000000003
1.095,1.1874000000000002
2.3174,1.8033000000000001
2.7322,2.0828
1.0971000000000002,1.0837
2.1167,1.6876
2.9489000000000005,3.1987
1.1149,1.0776000000000001
2.0003,1.7308
3.1169000000000002,2.0994
0.9331,1.0824
2.3733,2.0719000000000003
2.9224000000000006,2.1065000000000005
1.1605,1.1142
2.1383,1.721
3.1251,2.1949
1.3114000000000001,1.1064
2.1454,1.8409000000000002
2.6884,2.0292
1.1093000000000002,1.0250000000000001
2.2315,1.7832000000000001
2.8371000000000004,2.0459
1.2167000000000001,1.1192000000000002
3.2961,2.5508
2.5575,2.0118
0.9864999999999999,1.0430000000000001
2.0653,1.6957
2.4006000000000003,1.9566000000000001
1.0325,1.0624
2.202,1.7462
2.6828000000000003,2.0135
1.2059,1.1599000000000002
2.0201,1.9436000000000002
2.833,2.0695
0.9999,1.0714000000000001
2.4538,1.7773
2.6196,2.0122
1.1514000000000002,1.1344
2.4541000000000004,1.8132000000000001
2.6758,2.0271
1.2640000000000002,1.1385
2.2834000000000003,1.7439
2.6808,2.0042000000000004
1.1685,1.0978999999999999
2.4678,2.672
2.9085,2.1202
1.113,1.0597
2.1406000000000005,1.8112
2.6418,2.0596
1.0737,1.0904
2.1222000000000003,1.7038000000000002
2.6545,2.0170000000000003
2.1087000000000002,1.1433
2.3036000000000003,1.8259
2.4864,2.0438
1.0917999999999999,1.0463
3.2972,1.8142000000000003
2.6357000000000004,1.9844000000000004
1.2135000000000002,1.1088
2.2402,1.7106000000000001
2.8645000000000005,2.1197
1.1838,1.0906000000000002
2.3305000000000002,1.8043000000000002
2.5894,1.9844000000000004
0.9946,1.0465000000000002
2.4024,1.7854
2.9578,2.0499000000000005
1.1085,1.0403
2.1402,1.7560000000000002
2.9662,2.1282
1.1563,1.0735000000000001
2.1206000000000005,1.733
2.483,2.0765000000000002
1.2046000000000001,1.1111
2.3644,1.8238000000000003
2.6031,2.0009
1.0074,1.0809000000000002
2.1981,1.7688000000000001
2.5131,2.0133
0.9562,1.0515
2.8291000000000004,2.0559000000000003
2.6547000000000005,2.5719000000000003
0.9906000000000001,1.0475
1.9680000000000002,1.7337
2.7991,2.0814000000000004
1.1687,1.094
2.2896,1.8078
3.0904000000000003,2.1013
1.0705,1.0655000000000001
2.1888,1.7949000000000002
2.8005,2.0674
1.1716,1.0955000000000001
2.1261,1.7395000000000003
2.8526000000000002,2.0145000000000004
1.187,1.1021
2.2738000000000005,1.7663000000000002
2.6619,1.9726000000000001
1.0668000000000002,1.0618
2.1567000000000003,1.7273000000000003
2.8134,2.0206
1.1043,1.0911
2.281,1.8236
2.7121000000000004,2.0234
1.0546000000000002,1.0174
2.9366000000000003,1.7764
2.8501000000000003,2.044
1.0698,1.0790000000000002
2.4577,1.7933000000000001
4.347700000000001,2.1261
1.1393,1.1585
2.3548,1.9635
3.2432000000000003,3.0588
1.1572000000000002,1.0961
1.9887,1.6786
2.8652,2.0772
1.1124,1.0984
2.5055000000000005,1.8524
2.8832000000000004,2.0807
1.1186,1.0703000000000003
2.2186000000000003,1.7918
2.5976000000000004,1.9974000000000003
1.0319,1.0708
2.4558,1.8337
2.6385,1.991
1.1816000000000002,1.1372000000000002
2.3147,1.8074000000000001
2.5288000000000004,2.0595000000000003
1.0891,1.0484000000000002
2.3489,1.7987000000000002
2.8066000000000004,2.1940000000000004
1.1201,1.0742
2.1976,1.8594000000000002
2.9876,1.9946
0.9923,1.0876
2.1132,1.7258000000000002
3.4622,2.0251
1.0656,1.1062
2.197,1.7572000000000003
2.7920000000000003,2.0324
1.1164,1.0808
2.1088,1.7481
2.8044000000000002,2.0540000000000003
1.4903000000000002,1.0606
2.1787,2.2296
2.5828,1.9628000000000003
1.0861,1.07
2.219,1.7438000000000002
2.6445000000000003,2.0227
1.0556,1.095
2.2760000000000002,1.8143
2.5677,2.0556
1.179,1.1137
2.4759,1.8347
2.5477,2.0173
1.0946,1.0984
2.0013,1.6716
2.5242000000000004,2.0392
1.5767000000000002,1.1743000000000001
2.4243,1.8307000000000002
2.6759,2.0453
1.1258000000000001,1.1281
2.0954,1.7366000000000001
4.2974000000000006,2.1870000000000003
1.0477,1.0899
1.8546,1.8186
3.2299,2.0994
1.0793000000000001,1.0969
2.2876000000000003,1.818
2.7471,2.0333
1.1295000000000002,1.1149
2.1137,1.7078000000000002
2.8433,2.0896
1.0913000000000002,1.0467
2.3902,1.8044
2.6421,2.0388
1.1363,1.1157000000000001
1.9859,1.6986
3.1432,2.1561000000000003
1.0742,1.0905
2.0471,1.8692000000000002
3.0131,2.0860000000000003
1.1599000000000002,1.1438000000000001
2.1208,1.7138000000000002
2.6377,2.0179
1.2517,1.1068
1.8179,1.62
2.6434,1.9737
1.0966,1.1119
2.1679,1.7122000000000002
2.8325000000000005,2.0647
1.3619,1.0909000000000002
1.7541000000000002,1.6299000000000001
2.7376,2.0513000000000003
1.0812,1.0618
1.8844,1.7301
2.7534,2.0154
1.1198,1.0784
2.1013,1.8606
2.6126,1.9949
1.0622,1.1085
2.2292,1.7122000000000002
2.475,1.9862
1.1163,1.0973000000000002
2.3150000000000004,1.8075
2.5084,1.9296
1.1078000000000001,1.0644
2.4202,1.8152000000000001
2.8603,2.0849
1.1925,1.1106
2.1497,1.7133
2.6102,2.0296000000000003
1.1644,1.2483000000000002
2.2653,6.614800000000001
2.4645,1.9908000000000001
1.2229,1.1355
2.0474,1.7888000000000002
2.7565000000000004,2.1309000000000005
0.9590000000000001,1.0899
2.2214,1.7375
2.6823,2.1310000000000002
1.2062000000000002,1.0813000000000001
2.5133,1.8729
3.0993,2.1064
1.1916000000000002,1.2315000000000003
2.2175000000000002,1.6881000000000002
2.8169000000000004,2.0393
1.2001000000000002,1.0753000000000001
2.0627000000000004,1.7362
3.1549000000000005,2.1557
1.2397,1.2213
3.4936000000000003,2.5077000000000003
2.5867000000000004,2.0897
0.9921000000000001,1.0232
2.2224000000000004,1.7869000000000002
2.5729,2.0335
1.2891000000000001,1.1128000000000002
2.0956,1.7871
3.0944000000000003,2.0999
1.0436,1.0904
2.2545,1.7699
2.8137000000000003,2.0846000000000005
1.0732000000000002,1.0817
2.1609000000000003,1.747
2.5881000000000003,1.9728000000000003
1.2802,1.1884000000000001
2.4065000000000003,1.9045
2.4872,1.9932999999999998
1.123,1.1644
2.2508000000000004,1.7577
2.82,2.1366
1.2819,1.1069
2.2666,1.7587000000000002
3.2672,2.1024
1.207,1.1099
2.0999,1.7604
2.9153000000000002,2.0534
1.0935000000000001,1.0686
2.3702,1.7719
2.8211,2.0460000000000003
0.9994000000000001,1.0618
2.4009,1.7462
2.7253000000000003,2.0050000000000003
1.1444,1.1205
2.0419,1.6869
2.8562000000000003,2.1346
1.1620000000000001,1.2419
2.2324,1.7844
2.7954,2.0466
1.2202,1.1039
2.2242,1.7350000000000003
2.6878,2.0471
1.1104,1.0868
2.0245,1.6861000000000002
2.7874000000000003,2.0193
1.2176,1.1107
2.4747000000000003,1.7607
2.7492,2.0175
1.0938,1.077
2.2888,1.7443
2.9029000000000003,2.2898
0.9701000000000001,1.0393000000000001
2.019,1.7216000000000002
2.9323,2.0825
1.1397,1.0591000000000002
2.1177,1.6874000000000002
2.6200000000000006,2.0257
1.2578,1.0986000000000002
2.2685,1.7829
2.7796000000000003,2.0756
1.0383,1.0810000000000002
2.1598,1.9687000000000003
2.9169,2.0979
1.1511000000000002,1.0766
2.1655,1.7241000000000002
2.7974,2.0487
1.1447,1.0717
2.2281000000000004,1.7578
3.1527,2.0922
1.1519,1.1024
2.2594,1.7226000000000001
2.8058,2.0504
1.2936,1.1888
1.9443000000000001,1.7832000000000001
2.7451000000000003,2.0533
0.8510000000000001,1.0047000000000001
2.2264000000000004,1.8708000000000002
2.6084000000000005,2.1098000000000003
1.1635,1.0901
2.1159,2.3667000000000002
3.7011000000000003,2.0473000000000003
1.4644,1.1406
2.1964,2.9622
2.915,2.0668
1.057,1.1975
2.3548,1.7138000000000002
2.4493,2.0303
1.1379000000000001,1.0977000000000001
2.2208,1.7386000000000001
2.5736,1.9885000000000002
1.2199000000000002,1.1126
2.2171,1.7513
3.0315000000000003,2.1997
1.1302,1.101
2.3929000000000005,1.7609000000000001
2.483,1.9759
1.3050000000000002,1.1506
2.2847000000000004,1.7793
2.6168000000000005,2.1590000000000003
1.1594000000000002,1.0823
2.0393,1.7745
2.8987000000000003,2.2148000000000003
1.1789,1.0936000000000001
2.1795,1.9216000000000002
2.6745,2.2863
1.1223,1.0783
2.0898000000000003,1.8427
2.8526000000000002,2.111
1.6537000000000002,1.1407
2.4781,1.7938
2.4702,1.9637
1.0245,1.0817
2.3002000000000002,1.7463000000000002
3.4565000000000006,2.0947
1.0469000000000002,1.0509
2.2758000000000003,1.8756000000000002
2.9035,2.0624000000000002
1.1609,1.087
2.3584,1.7674
2.4669000000000003,2.0136
1.1577,1.0961
2.3857,1.79
2.6359,1.9772
1.1637000000000002,1.0775000000000001
2.1221,1.7059000000000002
2.6474,2.1011
1.0004,1.0410000000000001
2.2774,2.7121000000000004
2.7523,2.0849
0.9642000000000001,1.1044000000000003
2.0484999999999998,1.7432
2.7003,2.0201
1.2948,1.1686
2.245,1.7938
2.8433,2.1843000000000004
1.2396,1.12
2.2249000000000003,1.7827000000000002
2.9382,2.2101
1.1344,1.0581
2.1447000000000003,1.7483000000000002
2.7725000000000004,2.0475000000000003
1.3365,1.1138000000000001
2.3218,1.7782000000000002
2.6269,2.0204000000000004
1.2028,1.0937
2.1671,1.6805
2.5955000000000004,2.0423
0.9409000000000001,1.0525
2.0407,1.8744
2.516,1.9815000000000003
1.3288,1.1418000000000001
2.1567000000000003,1.7282
2.789,2.067
1.1642,1.0718
2.1422,1.7383000000000002
2.9841,2.0224
1.1343,1.0661000000000003
2.2681000000000004,1.9378000000000002
2.5346,2.0282
1.092,1.0684000000000002
2.2861000000000002,1.7809000000000001
2.7874000000000003,2.0511
1.1439,1.1360000000000001
1.9831000000000003,1.7593
2.8938,2.0249
1.1831,1.1012000000000002
2.0938000000000003,2.8071
2.9547000000000003,2.103
1.4020000000000001,1.1372000000000002
2.153,2.0217
2.9851,2.4401
1.1589,1.1218000000000001
2.2344,1.7477
2.8080000000000003,2.0906000000000002
1.2072,1.1375
2.4839,1.7982
2.9505,2.0778000000000003
1.1761,1.1261
2.1292,1.724
2.6433000000000004,2.0448000000000004
1.3003,1.1594000000000002
2.2354000000000003,1.8162
3.7523,2.0918
1.0975000000000001,1.0558
2.1991,1.7415000000000003
3.0631,2.1207000000000003
1.4027,1.5252
2.5521000000000003,1.7771000000000001
2.64,2.1006
1.0406,1.101
2.2801,2.0446
3.0514,2.7043000000000004
1.3289,1.9631
3.5480000000000005,2.1859
4.0032000000000005,3.1949
1.6654,1.5424000000000002
2.2897,1.9501000000000002
2.9606000000000003,2.2489000000000003
1.2368999999999999,1.2133
2.2498,1.7967
2.9396,2.1077
1.2468000000000001,1.1512
2.7246,1.7449000000000001
3.1125000000000003,2.3045
1.4785,1.2074000000000003
2.2135000000000002,2.8126
2.6753000000000005,2.0467000000000004
1.26,1.1152
2.1888,1.7685000000000002
2.4661,1.991
1.2099,1.0596
2.2334,1.7832000000000001
2.7951,2.0819
1.0399,1.0736
2.2022,1.8245000000000002
2.9333,2.1683000000000003
0.9426,1.0811
2.0699,1.7026000000000001
2.7655000000000003,2.0037000000000003
1.1643000000000001,1.062
2.1934000000000005,1.7332
2.6661,2.2466
1.1455,1.0666
2.0610000000000004,1.7746000000000002
2.5604,2.0044
1.2971000000000001,1.1196000000000002
2.2035,1.7806
2.9690000000000003,2.0469
1.1255,1.0675000000000001
1.7138000000000002,1.6292000000000002
2.8103000000000002,2.0941
1.2578,1.0802
2.019,1.7234
2.6704000000000003,2.0862000000000003
0.9847,1.0513000000000001
2.1592000000000002,1.7506000000000002
2.9698,3.1321
1.0861,1.1067000000000002
2.346,1.8052000000000001
2.7441,2.0762
1.0636,1.0704
2.0243,1.8017
2.8328,2.0444
1.0623,1.0775000000000001
2.4479,1.8246
2.8413000000000004,2.0869
1.0802,1.0953
2.0075000000000003,1.7247000000000001
2.8408,2.0138000000000003
1.3193000000000001,1.1491000000000002
2.4662,1.7816
2.781,3.0258000000000003
1.0456,1.0747
2.2882000000000002,1.8103000000000002
2.7714000000000003,2.1437
1.1191,1.1171
2.109,1.7446
2.6576,2.0035000000000003
1.2587000000000002,1.1483
2.2696,1.7251
2.5177000000000005,1.9739000000000002
1.2080000000000002,1.1059
2.2123,1.7675000000000003
2.7181,1.9948000000000001
1.0868,1.0996000000000001
2.4084000000000003,1.7538
2.7906000000000004,2.3206
1.1051000000000002,1.0648
1.9682000000000002,1.7294
2.4017,1.9891
1.1113,1.0497
1.8549,1.7263000000000002
2.8774,2.087
1.1492000000000002,1.0957000000000001
2.1682,2.6741
3.1551,3.2602
1.1494,1.1124
2.672,1.7398
3.4964000000000004,2.3787000000000003
0.9124000000000001,1.0439000000000003
2.1933,2.5695
2.7954,2.0154
1.1367,1.1114
2.4402,1.7656000000000003
2.6556,2.0638
1.2884,1.1513
2.0619,1.6900000000000002
2.6212,2.0216000000000003
1.06,1.1084
1.9729999999999999,1.7228
2.6084000000000005,2.0687
1.0984,1.0972
2.1681,1.7204000000000002
2.9662,2.1231
1.1069,1.1471
2.3412,1.7544000000000002
2.7036000000000002,2.0789000000000004
1.2292,1.0799
2.0713000000000004,1.6946
2.7210000000000005,2.0715
1.0917999999999999,1.0774000000000001
2.1108,1.716
2.7875,2.1486
1.1852,1.0909000000000002
1.9585000000000001,1.6900000000000002
3.0012000000000003,2.101
1.0137,1.0060000000000002
2.3506,1.9063
2.8826000000000005,2.0231000000000003
1.0719,1.0405
2.1159,1.7372
2.6474,1.9954
1.0956000000000001,1.0731
2.2950000000000004,1.7244000000000002
2.7974,2.0423
1.0591000000000002,1.058
2.2397000000000005,1.733
2.8534,2.0478
1.0788,1.0493
2.0045,1.6657000000000002
2.6099,2.0123
1.1188,1.0983
1.9420000000000002,1.7148
3.121,2.1138000000000003
1.1306,1.1455
2.2680000000000002,1.7424000000000002
2.7050000000000005,2.0302000000000002
1.3182,1.0782
2.3301000000000003,1.7719
2.4944,2.0197000000000003
1.1042,1.0747
2.1287000000000003,1.7102
2.5429000000000004,2.0222
1.1069,1.201
2.7230000000000003,1.6997000000000002
2.5905000000000005,2.0758
1.1280000000000001,1.0538
2.0452,1.7256
3.0414,2.1814
1.0551,1.0406
2.0166000000000004,1.7897000000000003
3.0681000000000003,2.105
1.1295000000000002,1.0668000000000002
2.4688000000000003,1.7590000000000001
2.6379,2.0181999999999998
1.0576,1.0859
2.4622,1.8253000000000001
2.2697,1.9959
1.2006000000000001,1.0616
2.0087,1.6793
2.798,2.2632
1.1141,1.101
2.2392000000000003,2.9546000000000006
2.8039,2.0014
1.1135000000000002,1.0885
2.1491000000000002,1.8109
2.4632,2.0305
1.1191,1.0632000000000001
2.1153,1.7071
2.8152000000000004,2.0368
1.231,1.1017000000000001
2.1489,1.737
3.9992000000000005,2.065
1.1440000000000001,1.1224000000000003
2.1452000000000004,1.7454
2.8495,2.0434000000000005
1.0166000000000002,1.0576
2.4365,1.8191000000000002
2.7401,2.0164000000000004
1.1253000000000002,1.0467
2.3888,1.8087000000000002
3.0134000000000003,2.1354
1.2803,1.1209
2.2376,1.7715
2.9055,2.8372
1.0538,1.0781
2.3616,1.7919
2.7099,2.1016000000000004
1.1278,1.0961
2.0723,1.9072000000000002
2.7855000000000003,2.0211
1.038,1.0786
2.4339,1.7646000000000002
2.7931000000000004,2.0268
1.1901000000000002,1.1032000000000002
2.3288,1.7956
3.7422000000000004,2.0917000000000003
1.0302,1.3294000000000001
2.2665,1.7938
3.192,2.1589
1.2977,1.1594000000000002
2.4071000000000002,1.7856
2.4149000000000003,1.9951
1.0471,1.0681
2.0365,1.7496
2.8489,2.0941
1.0522,1.0508000000000002
2.1661,1.6476000000000002
2.9524,2.0901
1.2236,1.0927
2.3957,1.7864
2.6487000000000003,2.0100000000000002
1.1093000000000002,1.0931
2.0676,1.7499000000000002
2.7481000000000004,2.9136
1.2674,1.0858
2.1988000000000003,1.7244000000000002
2.5845,1.9821000000000002
1.1306,1.0539
2.6588000000000003,1.9135
2.4653,2.0180000000000002
1.4053000000000002,1.1617000000000002
2.2514000000000003,1.7976
2.5906000000000002,2.0357000000000003
1.0985,1.0832000000000002
2.3654,1.8096
2.7281000000000004,2.0711000000000004
1.0868,1.075
2.2033,1.8347
2.9493,2.0412
1.0682,1.1675000000000002
2.2616000000000005,1.7768
2.5381,2.6177
1.0602,1.0677
2.1388000000000003,1.7305000000000001
2.7989,2.0014
1.0911,1.0611000000000002
2.1344000000000003,1.7136
2.7791,2.2372
1.1255,1.0587000000000002
2.3589,2.8662
3.3910000000000005,2.0660000000000003
1.1344,1.094
2.3374,1.7790000000000001
2.5188,2.1954000000000002
1.1591000000000002,1.0823
2.1082,1.7192
2.7017,1.955
1.1516,1.1107
2.0292,1.7022000000000002
2.8304000000000005,2.0274
0.9833000000000001,1.0024000000000002
2.2474000000000003,1.725
2.9926000000000004,2.112
1.0992,1.1098
2.0644,1.6717000000000002
2.6487000000000003,2.1713999999999998
0.9639000000000001,1.0610000000000002
2.2836000000000003,3.2049000000000003
2.8003000000000005,1.9983000000000002
1.0899,1.1540000000000001
2.2941000000000003,1.8115
2.6732,2.1816999999999998
1.2349999999999999,1.112
2.3542000000000005,1.7996
2.7992000000000004,2.0146
1.0527000000000002,1.0910000000000002
2.3109,1.7770000000000001
2.9890000000000003,2.0808000000000004
1.0743,1.0885
1.9523000000000001,1.6694000000000002
2.3284,1.9166
1.2554,1.1321
2.0629000000000004,1.6951000000000003
3.0894000000000004,2.0507
1.2106000000000001,1.151
1.8182,1.6367
2.6163000000000003,2.0169
1.0212,1.0617
2.1452000000000004,1.7138000000000002
2.5787,2.0029000000000003
1.2486000000000002,1.1322
2.0903,1.6988
2.8268,2.0815
1.2551,1.1128000000000002
2.1161000000000003,1.7246000000000001
2.8849,2.0995000000000004
1.0513000000000001,1.1172
2.0025,1.7035000000000002
2.9637000000000002,2.0914
1.1354000000000002,1.0893000000000002
2.2828000000000004,2.6827
2.8658000000000006,2.1863
1.16,1.1300999999999999
2.2468000000000004,1.8312000000000002
3.0815,2.0455
1.2266,1.1021
2.0829,1.9109
2.4701000000000004,2.0359000000000003
1.2103000000000002,1.1114
2.1871,1.7824000000000002
2.7851,1.9658000000000002
1.2066000000000001,1.0919
2.4189000000000003,1.7919
2.8425,2.0944000000000003
1.1323,1.2855
2.289,1.7879
2.9957,2.0416000000000003
0.9734,1.0151000000000001
2.3625,1.8018
2.9937,2.1035000000000004
1.2097,1.1001
2.1548000000000003,1.8866000000000003
2.6337,2.0208
1.1988,1.1135000000000002
2.1076,1.8317
2.7986,1.9871000000000003
1.1536,1.1069
2.7829,1.8045000000000002
2.8098000000000005,2.0519000000000003
1.1307,1.1419000000000001
2.3088,1.7742
2.632,2.0212000000000003
1.0699,1.0694000000000001
2.0682,1.7073
2.6018,1.9545000000000001
0.9782000000000001,1.0514000000000001
2.3600000000000003,1.7915
2.6959000000000004,2.0461
1.2867,1.119
2.1716,1.7324
2.7698,2.1084000000000005
1.1152,1.0888
2.2106,1.7523
2.7812,2.0116
1.0996000000000001,1.0589
2.1694,1.7670000000000001
2.5236,2.0398
1.1634,1.1094
2.0081,1.7717000000000003
2.66,2.0177000000000005
1.2148,1.1276000000000002
2.1387000000000005,1.7179
3.5579,2.0281000000000002
1.2247,1.0913000000000002
2.1227,1.7561
2.8141000000000003,2.0895
1.1560000000000001,1.0796000000000001
2.2431,1.732
3.0223000000000004,2.0943000000000005
1.0347000000000002,1.0698
2.298,2.0672
2.8952,2.1437
1.0488000000000002,1.0595
2.1132,1.7725000000000002
2.8770000000000002,2.0393
1.0971000000000002,1.0734
2.3096,1.7733
2.7481000000000004,2.0245
1.1548,1.1199000000000001
1.9619,1.7802
2.4755000000000003,1.9699000000000002
1.1565,1.0766
2.1343,1.7650000000000001
2.93,2.0995000000000004
1.1659000000000002,1.0693
2.1304000000000003,1.6905000000000001
2.9315,2.0514
1.1898,1.0995
2.1289,1.7157000000000002
2.8925,2.0776000000000003
1.2145000000000001,1.074
2.049,1.7233
3.1541000000000006,2.1432
1.1076000000000001,1.1034
2.2140000000000004,1.8503
2.5108,2.4439
1.1297,1.0684000000000002
2.0702000000000003,1.7258000000000002
2.7358000000000002,2.0536
1.1800000000000002,1.1179000000000001
2.497,1.8445000000000003
2.7271,2.0372000000000003
1.2841,1.1322
2.1211,1.7593
2.7598000000000003,2.1420000000000003
1.3494000000000002,1.1430000000000002
2.0747,1.7133
2.8681,2.0474
1.0891,1.0812
2.1510000000000002,1.7180000000000002
2.6035000000000004,2.0572
1.0196,1.0841
2.1744,1.7798000000000003
2.873,2.0832
1.1786,1.0861
2.3376,1.7438000000000002
2.7372,2.0444
1.0242,1.1062
1.8548000000000002,1.6769
2.6605000000000003,2.0882
1.1508,1.0841
2.3367,1.7491
2.6516,2.0699
1.2894,1.1313
3.5617,2.7761
2.5825,1.9775
1.1384,1.0617
2.1294,1.7048
2.4676000000000005,2.3126
1.0302,1.0356
2.2671,1.7693
2.724,2.0448000000000004
1.2554,1.1246
2.0853,1.7171
2.8214000000000006,2.0736
1.0856000000000001,1.0872
3.0058000000000002,1.8158
2.4612000000000003,2.1088
1.2299000000000002,1.2048
2.3880000000000003,2.4270000000000005
2.8207,2.0795000000000003
1.1477,1.0678
2.3086,1.8882
2.8628,2.0689
0.8171,1.4789
2.1252000000000004,1.731
5.074700000000001,2.1477000000000004
1.2915,1.1015000000000001
2.1531000000000002,1.7237
3.0649,2.1683000000000003
1.3676000000000001,1.169
1.7606000000000002,1.7298
2.7770000000000006,2.0226
1.1552,1.0856999999999999
1.9824,1.7834
2.4496,1.9536000000000002
1.1039,1.0615
2.3178,1.7105000000000001
2.6879,2.0694000000000004
1.2864,1.1295000000000002
2.575,2.2821
2.7115000000000005,2.0361000000000002
1.315,1.2365
2.0303999999999998,1.7251
2.4698,2.0210000000000004
1.0961,1.062
3.3419,2.8033
3.8618,2.6695
1.199,1.0907
2.6872000000000003,2.6012
2.9330000000000003,3.0194
1.2288000000000001,1.1695
2.4566000000000003,1.8167
2.997,2.1290000000000004
1.3149000000000002,1.15
2.0418000000000003,1.6852000000000003
2.4366000000000003,2.1820000000000004
1.2084000000000001,1.1250000000000002
1.8865,1.6662000000000001
2.7966,2.0244
1.0518,1.1264
2.1425000000000005,1.7598000000000003
2.8726000000000003,1.9923000000000002
1.3115,1.1466
2.0902,1.7251
2.7845,2.059
1.223,1.1171
1.8449,1.6665
2.8245,2.1019
1.092,1.1039
2.4909000000000003,1.8017
2.7051000000000003,2.3548
1.0172,1.0483
2.188,1.7828000000000002
3.0203,2.0758
1.1643000000000001,1.1123
2.4402,1.8098
2.7792000000000003,2.1193
1.1029,1.1411000000000002
2.1308,1.7303000000000002
2.4392000000000005,2.0004000000000004
1.0545,1.0541
2.2267,1.7472
2.6126,2.0258
1.072,1.472
2.4106,1.7647000000000002
2.7605000000000004,2.024
1.2448000000000001,1.1477
1.9634,1.737
2.6708000000000003,2.1117000000000004
1.1409,1.103
2.2681000000000004,1.7839000000000003
2.9808,2.0875
1.1766,1.2046000000000001
2.3402000000000003,1.7831000000000001
2.6498000000000004,2.0251
1.2294,1.1127
1.9901000000000002,1.6988
2.7911,2.2951
1.0707000000000002,1.0492000000000001
2.2925000000000004,1.8013000000000001
2.7691,2.0544000000000002
1.0408000000000002,1.0835000000000001
2.1975000000000002,1.7746000000000002
2.5577,2.0556
0.9725,1.1172
2.0663,1.6913000000000002
2.6362,2.0136
1.0568000000000002,1.0627
2.1508,1.747
2.7868000000000004,2.1139
1.124,1.09
2.2719000000000005,1.8529000000000002
3.0919000000000003,2.1046000000000005
1.1773,1.1168
2.2868000000000004,1.7405000000000002
2.9056,2.0762
1.1227,1.1272
2.5439,1.8252000000000002
2.5471,2.0152
0.9038,1.0102000000000002
2.3165,1.7515
2.8708,2.0758
1.2867,1.1392000000000002
2.3376,1.8161000000000003
4.1246,2.977
0.9888,1.0477
2.1924,1.715
2.5287,2.0219
1.0427000000000002,1.0579
2.3531000000000004,1.8111000000000002
2.7390000000000003,2.1670000000000003
1.1792,1.1264
2.152,1.7576
2.3930000000000002,1.9328
0.9945000000000002,1.0424
1.9927000000000001,1.6696
2.7478000000000002,2.1003000000000003
1.177,1.058
2.3806000000000003,1.8042000000000002
2.5847,1.9679000000000002
1.2023000000000001,1.1057000000000001
2.4062,1.7216000000000002
2.7124,2.0547
1.2077000000000002,1.308
1.8762,1.6907
2.8207,2.1869000000000005
1.1982000000000002,2.0019
2.2775,1.9302000000000001
3.1098000000000003,2.0741
1.1966,1.0995
2.3772,1.8403
2.5198,2.0126000000000004
1.1392000000000002,1.0638
2.0421000000000005,1.6835
2.9201,2.0877
1.1426,1.0813000000000001
2.5561,1.7388000000000001
2.6835,2.0353000000000003
1.3928,1.1652000000000002
2.0447,1.7670000000000001
2.5783,2.0438
1.0513000000000001,1.0701
2.5147000000000004,2.9965
2.7326,2.0441000000000003
1.0325,1.0655000000000001
2.1464000000000003,1.7182
2.7772,2.0001
1.0970000000000002,1.0739
2.6361000000000003,1.8417000000000001
2.7300000000000004,2.1337
1.1321,1.1245
2.2917,1.9012
2.6555000000000004,2.0467000000000004
1.2224,1.1199000000000001
2.3631,1.8037
2.9863000000000004,2.1021
0.9932000000000001,1.0668000000000002
2.4204,1.7909000000000002
2.5989000000000004,1.9721
1.0618,1.0537
2.0646,1.7278
2.5601000000000003,1.9632
1.1233,1.0895
2.1283,1.7591
2.7110000000000003,1.9964000000000002
1.0238,1.0426
2.1753000000000005,1.7458
2.6950000000000003,2.0792
1.0222,1.0497
2.2318,2.7581
2.955,2.0603000000000002
1.0749000000000002,1.0775000000000001
2.3177000000000003,1.7102
2.6510000000000002,2.0081
1.0794000000000001,1.082
2.3003000000000005,2.6512000000000002
2.8072000000000004,2.0393
1.2703,1.1422
2.3771,1.7603
2.5728,1.9911
1.1413,1.1924000000000001
2.2363999999999997,1.7176
2.9651,2.0679000000000003
1.1836000000000002,1.0912000000000002
2.7037000000000004,1.8592000000000002
2.4888000000000003,2.0433
1.2654,1.1022
2.274,1.7662000000000002
2.68,2.0939
1.1316,1.0608
1.9848000000000001,1.7114
2.6803,2.0823
1.0704,1.0959
1.9302000000000001,1.7152
2.5967,2.0329
1.2354,1.1225
2.1313,1.6980000000000002
2.9428,2.2409
1.2649,1.1477
2.1299,1.8619
2.9363,2.0695
1.0132999999999999,1.1181
2.0726,1.7209
2.7156000000000002,2.0789000000000004
1.1203,1.1125
2.1186,1.7864
2.6429,3.1069
1.1859000000000002,1.1309
2.2347,1.7590000000000001
2.5613,2.0468
1.093,1.0668000000000002
2.6033000000000004,1.7961
2.8767000000000005,2.1098000000000003
1.1219000000000001,1.0834
2.2582,1.7433
2.7619000000000002,2.0410000000000004
1.2527000000000001,1.2278
2.4375,1.7734
2.8621000000000003,2.0371
0.9682000000000001,1.0075
2.2733000000000003,1.749
2.8699000000000003,2.0551000000000004
1.1166,1.0802
2.085,1.7095
2.6458000000000004,2.6819
1.2249,1.1116000000000001
2.4112,7.065600000000001
2.6806,2.0835000000000004
1.2655,1.1344
2.3924000000000003,1.8609000000000002
2.7643000000000004,2.1088
1.2143,1.1265
2.4155,1.7499000000000002
2.9012000000000002,2.0674
1.2624000000000002,1.0653000000000001
2.3227,1.7764
2.9547000000000003,2.0738000000000003
1.1861000000000002,1.0790000000000002
2.2091000000000003,1.7284000000000002
3.2182,2.1206000000000005
1.6621000000000001,1.1387
2.3152000000000004,1.7861
2.99,2.0722
1.0890000000000002,1.086
2.1647000000000003,1.749
2.6972000000000005,2.0937
1.1051000000000002,1.0843
2.2029,1.7044
2.8526000000000002,2.0154
0.8182,1.0077
2.2864,1.8054000000000001
2.6443,2.0267000000000004
1.0669,1.0558
1.935,1.7398
2.7474000000000003,3.0133
1.2578,1.1453000000000002
2.2262000000000004,1.7483000000000002
2.7568,2.0375
1.1989,1.1168
2.1704000000000003,1.7445000000000002
2.6756,2.0664
1.0967000000000002,1.0782
2.2435,2.1308
2.9397,2.0942
1.2002,1.0892
2.414,1.8478
2.8937000000000004,2.042
1.0004,1.016
2.3866,1.8008000000000002
2.9005,2.3103
1.2504,1.1483
2.3787000000000003,2.0218000000000003
3.0706,2.0938000000000003
1.2332,1.11
2.0898000000000003,1.7295
2.749,2.0571
1.2041,1.1025
2.2459000000000002,1.7544000000000002
2.4116000000000004,1.9604000000000001
1.2258,1.0546000000000002
2.2442,1.7819
2.7296,2.0596
1.0881,1.0722
1.9798000000000002,1.8282
3.1102,2.3979
1.1765,1.0946
2.3106000000000004,1.7176
2.9692000000000003,2.0391000000000004
1.1191,1.0501
2.4713000000000003,3.2985
2.8132,2.019
1.0486,1.0388000000000002
2.3126,1.7540000000000002
3.0009000000000006,2.1374000000000004
1.3472,1.1336
2.1382000000000003,1.7401
2.9578,2.0782000000000003
1.1384,1.0893000000000002
2.1953000000000005,1.7636
2.5872,2.0043
0.9999,1.0634000000000001
2.0757000000000003,1.6959000000000002
2.6118,3.2136
1.2928,1.1233
1.9283000000000001,1.7447000000000001
2.8989000000000003,2.0726
1.106,1.1133
1.9454,1.7098
2.7497000000000003,2.4821999999999997
1.1058000000000001,1.0622
2.0271,1.7351
2.6390000000000002,2.0211
1.1237000000000001,1.0946
2.3030000000000004,1.7385
2.3661000000000003,1.9906
1.307,1.1227
2.1475,1.7438000000000002
2.6579,2.0542
1.2474,1.0916000000000001
2.3208,1.7570000000000001
2.5473000000000003,3.1133
1.2062000000000002,1.0688
2.043,1.7750000000000001
2.7667,2.0375
1.123,1.0986000000000002
2.1814,1.6867
2.9855000000000005,2.1234
1.4484000000000001,1.1459000000000001
2.1403,1.7113
2.6593000000000004,2.0093000000000005
1.0107,1.0556
2.0468,1.7256
2.771,2.0516
1.1527,1.1047000000000002
2.1889000000000003,1.6863000000000001
2.9018000000000006,2.0477
1.1209,1.0607000000000002
2.0521000000000003,1.6977000000000002
2.7667,2.1125000000000003
1.1122,1.1371
2.3411,1.7724000000000002
2.5348,2.0370000000000004
1.1225,1.0811
1.9329000000000003,1.7166000000000001
2.7110000000000003,2.4894000000000003
1.0361,1.0409
2.0603000000000002,3.242
3.1778,2.0561
1.2185000000000001,1.1477
2.9267000000000003,1.7659000000000002
2.7792000000000003,2.0942
1.2695,1.2305000000000001
2.1374000000000004,1.7058000000000002
2.6769000000000003,2.0849
0.8728,1.0036
2.1029,1.7782000000000002
2.4114,2.1675
1.2169,1.0961
2.2548,1.9522000000000002
2.6395000000000004,2.0357000000000003
1.2094,1.1342
2.2335000000000003,1.7167000000000001
2.7971000000000004,2.0419
1.0611000000000002,1.0633000000000001
2.0136,1.7172
2.8423000000000003,2.1301
1.2018,1.0923
1.6492000000000002,1.6681000000000001
2.7123,2.0026
0.9184000000000001,1.0198
2.1245000000000003,1.6931
2.9616,2.1922
1.5028000000000001,1.151
2.2698,1.7871
2.9262,2.0749
1.2122000000000002,1.1137
1.9281000000000001,1.7139000000000002
2.7404,2.0337
1.065,1.0894000000000001
2.5184,1.8399000000000003
2.8965,2.0464
1.0443,1.1303
2.3583000000000003,1.8792000000000002
2.5917000000000003,1.9646
1.2223000000000002,1.0978999999999999
2.0788,1.7249
2.7881000000000005,2.0198
1.0818,1.0688
2.0718,1.7225000000000001
2.9001,2.051
1.0773,1.0465000000000002
2.0641000000000003,1.7618000000000003
2.9922,2.069
1.1269,1.0886
2.1175,1.9991
2.7191000000000005,2.0214
1.1439,1.0513000000000001
2.2734,1.7648000000000001
2.7041,2.0512
1.1661,1.1135000000000002
2.0875,1.798
2.9530000000000003,2.1019
1.1346,1.0661000000000003
2.0803000000000003,1.7459
2.6292000000000004,2.0553
1.2113,1.1327000000000003
2.1134,1.7601000000000002
2.3439000000000005,2.0009
1.1299000000000001,1.1285
2.1265,2.7532000000000005
2.7774,2.0239
0.9334,1.0115
2.1997,1.8028
2.7412,2.1172
1.2081000000000002,1.1900000000000002
2.2258,1.7169
2.5591000000000004,1.9918000000000002
1.0644,1.0996000000000001
2.2174,1.7999
2.6545,2.0299000000000005
0.9317000000000001,1.0275
2.3227,1.8124
2.6825,2.0112
1.0305000000000002,1.0841
2.1678,1.7287000000000001
2.6252000000000004,2.2430000000000003
1.2674,1.1400000000000001
1.9234,1.6894000000000002
2.8931,2.0484
1.0407000000000002,1.0673
2.2384000000000004,1.7171
2.7567000000000004,2.045
1.0684000000000002,1.0786
2.1902000000000004,1.7448000000000001
2.7244,2.0222
1.0846,1.0907
2.2087,1.7997000000000003
2.4819,2.0705000000000005
1.1044000000000003,1.0947
2.0715,1.7112000000000003
2.7951,2.0136
1.0369000000000002,1.0801
2.3045,1.9399
2.7313000000000005,2.0559000000000003
1.2365,1.1054000000000002
2.9609,1.8385
2.9653,3.6067
1.1532,1.0779
2.0544000000000002,1.7284000000000002
2.462,1.9929999999999999
1.3231,1.1617000000000002
2.4928000000000003,1.8031000000000001
2.7671,2.0206
1.2211,1.0749000000000002
2.3599,1.7952000000000001
2.8126,2.8715
1.1549000000000003,1.0939
2.3237,1.7825
2.8662,2.0899
0.9251000000000001,1.0331000000000001
2.2752000000000003,1.7935
2.7276000000000002,2.0106
1.2319000000000002,1.0997000000000001
2.1232,1.7057
2.834,2.0665
1.0987,1.067
2.1602,1.7449000000000001
2.6479000000000004,1.9905000000000002
1.0510000000000002,1.0545
2.287,1.7312
2.9021000000000003,2.0717000000000003
1.0371,1.1114
2.2631,1.7873
2.7595,2.0258
1.0361,1.0452000000000001
2.2613,1.7711000000000001
2.7143,1.9992
1.0638,1.0778
2.2448000000000006,1.7337
2.9358,2.0508
1.1271,1.0665000000000002
2.3476,1.7496
2.6775,2.0622000000000003
1.1012000000000002,1.0849
2.2424000000000004,1.7482000000000002
2.7909,2.1408
1.1997000000000002,1.1067000000000002
2.3482,1.7894
2.6682,2.0348
1.0796000000000001,1.0538
2.3988,1.7519
2.8162000000000003,2.8986000000000005
1.2455,1.1004
2.9988,1.7701000000000002
3.0638,2.2046
1.0622,1.0712
2.2396,1.806
3.0635000000000003,2.0892000000000004
1.3412000000000002,1.1713
2.1305,1.7245000000000001
2.8477,2.1041000000000003
1.044,1.0874000000000001
2.2053000000000003,1.8396000000000001
2.7781000000000002,2.0756
0.9381,1.0568000000000002
3.2886,1.8150000000000002
3.0016000000000003,2.0378000000000003
1.1063,1.0784
2.2419000000000002,1.8678000000000001
2.3352,1.9310000000000003
1.1277000000000001,1.0945
2.1822,1.7868000000000002
2.6723000000000003,2.0669
1.1932000000000003,1.1287
2.055,2.4990000000000006
3.1586000000000003,2.0571
1.086,1.0986000000000002
2.7101,1.6682000000000001
2.9486,2.0535
1.1773,1.1649000000000003
2.0764,1.7074000000000003
2.9105000000000003,2.0831
0.9890000000000001,1.1634
2.0512,1.7054000000000002
2.713,2.0100000000000002
1.1674,1.1189000000000002
2.1067,1.7474
2.7413000000000003,2.1242
1.183,1.0971000000000002
2.3511,1.7808000000000002
3.1801000000000004,2.9063000000000003
1.0367,1.1085
2.1944,1.7692
2.8266000000000004,2.1121
1.0016,1.0982
2.2313000000000005,1.8099
2.5481000000000003,2.0008
1.0812,1.3062
2.1681,1.7752000000000001
2.7132,1.9832999999999998
1.1549000000000003,1.1217
2.5343,2.3999
2.9115,3.2075000000000005
1.1403,1.0636
2.3436,1.7360000000000002
2.7062000000000004,2.0307000000000004
1.1823000000000001,1.1078000000000001
2.1391999999999998,1.7356
3.0163,2.0654000000000003
1.0343000000000002,1.1485
2.1580000000000004,1.8733
2.5856,1.9847000000000004
1.1321,1.08
2.1591,1.7645
3.8720000000000003,2.0478
1.0829000000000002,1.0608
2.3374,1.7731000000000001
2.6089,2.0489
1.0458,1.0687000000000002
2.2539000000000002,1.7163
2.8228000000000004,2.0661
1.2389000000000001,1.1101
2.2439,1.7812000000000001
2.9519,2.9720000000000004
1.106,1.0831
2.1957999999999998,1.7237
3.1068000000000002,2.0832
1.1599000000000002,1.0909000000000002
2.3569000000000004,1.7771000000000001
2.8157,2.1272
1.1006,1.1145
2.0329,1.8069000000000002
2.7033,2.0946000000000002
1.2360000000000002,1.1267
2.1214000000000004,2.9507000000000003
2.6639000000000004,2.0239
1.1236,1.0825
2.4524,1.8035
3.4587000000000003,2.3964000000000003
1.0993000000000002,1.0595
2.2528,1.9208
3.3142,2.0938000000000003
1.0234,1.0429
3.1678,1.8164000000000002
2.6690000000000005,2.0502000000000002
1.1748,1.1048
2.3651,1.8302
2.7715,2.0678
1.1686,1.0945
2.0717000000000003,1.8435000000000001
2.6302,2.0248000000000004
1.6822,1.0907
2.2478000000000002,1.8950000000000002
2.591,2.0475000000000003
1.0641,1.0721
1.9942000000000002,1.7325000000000002
3.3198000000000003,2.0418000000000003
1.0609,1.05
2.1831000000000005,1.7096000000000002
2.8053000000000003,3.0265
1.198,1.1118000000000001
2.0967,1.7563000000000002
2.8064999999999998,2.0428
1.0681,2.043
2.0358,1.76
2.6888000000000005,2.0262000000000002
1.1019,1.0993000000000002
2.0956,1.7094
2.8467000000000002,2.0792
1.1625,1.1058000000000001
2.1383,1.7535
2.7555,2.0614000000000003
1.1211,1.0556
2.294,1.7733
2.6804,2.084
1.022,1.0587000000000002
2.0013,2.4492000000000003
2.7853,2.4153
1.1807,1.0811
2.2319,1.8510000000000002
2.9876,2.0911000000000004
1.2381,1.1064
2.3808000000000002,1.7812000000000001
2.6734000000000004,2.0327
1.2757,1.1125
2.236,1.7346000000000001
2.5395000000000003,2.0553
1.0015,1.0754
1.9255000000000002,1.7229
2.6169000000000002,2.0188
1.0869,1.0693
2.04,1.7083000000000002
2.7931000000000004,2.1380000000000003
1.0042,1.0295
2.1008000000000004,1.7165000000000001
3.8857000000000004,2.0458
1.0311000000000001,1.056
2.4722000000000004,2.3753
2.5396000000000005,1.9628000000000003
1.2533,1.1461000000000001
2.2119,1.7115
2.7156000000000002,2.0335
1.1218000000000001,1.2161000000000002
2.1455,1.7737
2.8056,2.0651
1.1135000000000002,1.1181
2.4824,1.8512000000000002
2.9057000000000004,2.1046000000000005
0.9856000000000001,1.0665000000000002
2.0847,1.7241000000000002
3.0433,2.1053
1.0622,1.0766
2.3539000000000003,1.8135000000000001
2.7929,2.0749
0.9793000000000001,1.0513000000000001
2.2221,1.7572000000000003
2.7477,3.0286000000000004
1.2308,1.07
2.3863,1.7601000000000002
2.8625,2.123
1.1492000000000002,1.0867000000000002
2.4728000000000003,1.9015000000000002
2.5561,1.9656
1.1842000000000001,1.1183
2.2806,1.7838
2.9199,2.0741
1.1324,1.1281
2.1274,1.7329
2.4845,1.9131
1.0335,1.2341000000000002
1.9768,1.7338000000000002
2.5936000000000003,2.0471
1.1133,1.0598
2.1460000000000004,1.7989000000000002
2.8898,2.1130000000000004
1.1624,1.1084
2.3957,1.7672
3.3600000000000003,2.1063
1.1636000000000002,1.1147000000000002
2.3273,1.7296000000000002
2.7111,2.0263
1.0667,1.0854000000000001
2.0042000000000004,1.7345000000000002
2.7275000000000005,2.0143999999999997
1.1004,1.1191
2.4894000000000003,1.8108000000000002
2.4924,1.9804000000000002
0.9929000000000001,1.0716
2.2453,1.7243
2.6984,2.3814
1.0944,1.0578
2.7811000000000003,1.8367000000000002
3.2428,2.1241000000000003
1.2122000000000002,1.2221
2.4151000000000002,1.6876
2.7394000000000003,2.0649
1.2121,1.0968
2.0318000000000005,1.732
3.0957000000000003,2.2223
1.17,1.0711
2.1776,1.8183
2.6948000000000003,2.0086
1.0990000000000002,1.078
2.2776,1.7759000000000003
2.6325000000000003,1.991
1.2033,1.2141000000000002
2.1134999999999997,1.6955000000000002
2.704,2.0208
1.0871000000000002,1.0485000000000002
1.9938,1.7489000000000001
2.6873,2.0676
1.1307,1.0844
2.2317,1.7738
2.7402,1.9884
1.1915,1.1380000000000001
2.1438,1.8745
2.5162,2.029
1.2233,1.1488000000000003
2.0685000000000002,1.7484000000000002
2.7328,1.9853
1.0363,1.1156
2.0212000000000003,1.7107
2.8415000000000004,2.0968000000000004
0.9169,1.0366000000000002
2.3009000000000004,1.7827000000000002
2.8339000000000003,3.0203
0.9882000000000001,1.0543
2.2697,1.7303000000000002
2.8604000000000003,2.094
1.0887000000000002,1.1146
2.2765000000000004,1.786
2.761,2.0842
1.0337,1.0349000000000002
2.3294,1.7523
3.8374,2.1076
1.1683000000000001,1.0933000000000002
1.9255000000000002,1.7655
3.0584000000000002,2.026
1.1544,1.1283
2.1171,1.7446
3.0114,2.0572
1.1762000000000001,1.132
2.1638,1.7637000000000003
2.6825,2.0184
1.0562,1.0309
2.4084000000000003,1.8169000000000002
2.6877000000000004,2.2012
1.1425,1.0883000000000003
2.5622000000000003,1.7351
2.5356,1.9614000000000003
1.2349999999999999,1.2237
2.1850000000000005,1.8301
2.6346,2.0689
1.1909,1.0963
2.2046,1.7557
2.6191,2.0205
1.1713,1.1148
2.1294,1.8064
2.6133,1.933
1.2093000000000003,1.1067000000000002
2.2218000000000004,1.7682000000000002
2.6169000000000002,2.0361000000000002
1.2059,1.1009000000000002
2.2055,1.7838
2.8457,2.1425000000000005
0.9086000000000001,1.0404000000000002
2.3049000000000004,2.2156000000000002
2.9596,2.0679000000000003
1.1924000000000001,1.1025
2.1643,1.8375000000000001
2.9762,2.1238
1.2328000000000001,1.1514000000000002
2.2055,1.8729
2.4383,1.9774000000000003
1.0388000000000002,1.0863
2.3366000000000002,1.7837
2.6417,1.9973
1.1966999999999999,1.1816000000000002
2.1243,1.7514000000000003
2.4871000000000003,2.0272
1.1323,1.1291
2.1673,1.7508000000000001
3.2621,2.1561000000000003
0.9958,1.0455
2.1315,1.6980000000000002
2.7108000000000003,2.0858
1.1857,1.1146
2.3459000000000003,1.78
2.8783000000000003,2.0855
1.083,1.0546000000000002
2.0935,1.7285
2.693,2.3096
1.1435,1.1958000000000002
2.2310000000000003,1.7579000000000002
2.7689000000000004,2.0404
1.1209,1.0806000000000002
2.1774000000000004,1.8024
2.7216,2.0318000000000005
1.1658,1.0851000000000002
1.8849,1.6766
2.9215,2.1364
1.2647000000000002,1.1378
2.3479,1.8064
2.6643,2.1695
1.2383000000000002,1.1241
2.278,1.7935
3.1457000000000006,2.026
1.2395,1.1138000000000001
2.706,1.7870000000000001
3.0915,2.2065
1.0831,1.0629000000000002
2.1513999999999998,1.8053000000000001
2.6916,2.1134999999999997
1.0682,1.0892
2.0084,1.6503
2.5295,1.9935
1.0225,1.0694000000000001
2.1587,1.7369
3.0637000000000003,2.1748000000000003
1.0019,1.0575
2.1481,1.8904000000000003
2.8564000000000003,2.1489
1.1703,1.0961
2.0541,1.6882000000000001
2.6003000000000003,1.9917000000000002
1.1073000000000002,1.1164
2.3291000000000004,1.7163
2.6419,3.0444
1.2387000000000001,1.1078000000000001
2.4797000000000002,1.7704000000000002
2.652,2.0493
1.3558000000000001,1.2021
2.3047000000000004,1.7614000000000003
2.7092,2.0126000000000004
1.2127000000000001,1.0901
2.2691,1.7354
2.9258,2.1378
1.1072,1.0924
3.5321000000000002,1.7889000000000002
2.7186000000000003,2.0396
1.1244,1.0730000000000002
2.1949,1.7219000000000002
2.6784,1.9839000000000002
1.2481,1.1085
2.1061,1.7089
2.903,2.0069000000000004
1.2572,1.1089000000000002
2.241,7.705800000000001
3.1303000000000005,2.103
1.0894000000000001,1.0746
1.9691,1.6815
3.0439,2.0979
1.1604,1.1437000000000002
1.9817000000000002,1.7555
2.7125,2.0348
1.118,1.0959999999999999
1.9926000000000001,1.6853
2.8906,2.0328
1.1090000000000002,1.1486
2.3655,1.8036
2.7898,2.0052
1.3387000000000002,1.1551
2.099,1.7029
3.0087,1.9832999999999998
1.2377,1.1107
2.1664000000000003,1.8388
2.7332000000000005,2.0458
0.9902000000000001,1.088
2.3787000000000003,1.7547000000000001
2.6584,2.0581
1.1708,1.1176000000000001
2.0746,1.6706
2.9923,2.0875
1.1664,1.0853
2.1151,1.7129
2.7598000000000003,2.0726
1.2216,1.0693
2.0859000000000005,1.7259
2.6296000000000004,2.1849
1.1724,1.0981
2.3814,1.8050000000000002
2.7204,2.0203
1.1478,1.1056
2.1698,2.6793000000000005
3.8417000000000003,2.0362
1.1900000000000002,1.0931
2.1379,1.7375
2.7715,2.0901
1.0902,1.0717
2.1973000000000003,1.7285
2.8810000000000002,2.0966
1.1194,1.0931
2.4273000000000002,1.9944000000000004
2.8731000000000004,2.0838
1.0912000000000002,1.0869
1.9885000000000002,1.7116000000000002
2.8778,3.2701000000000002
1.1644,1.0824
2.2789,1.7379000000000002
2.7401,2.0576000000000003
1.2550000000000001,1.1151000000000002
2.1252000000000004,2.2796000000000003
2.8581000000000003,2.45
1.1711,1.1266000000000003
2.2398000000000002,1.8574000000000002
2.7889,2.0349
1.2165000000000001,1.1173000000000002
2.5188,2.8084
2.775,2.0533
2.3555,1.0986000000000002
1.9315,1.6728
2.9891,2.0977
1.1512,1.0924
2.4981,1.7723
3.0688,2.0764
1.2292,1.1236
2.0983,2.6777
2.9714000000000005,2.1126
1.0479,1.1107
2.439,1.7291
2.9041,2.121
1.112,1.0473000000000001
2.4158,1.7824000000000002
2.6414000000000004,2.0923000000000003
1.2295,1.1925
2.0554,1.6776
2.8201000000000005,2.5322
1.0685,1.1051000000000002
2.4523,1.8135000000000001
2.6873,2.0398
1.0962,1.0899
2.3524000000000003,1.91
2.6527,2.0546
1.1281,1.0838
2.3648000000000002,1.8342
3.1558,2.1017
1.1091,1.0877000000000001
2.2920000000000003,1.8344
2.4418,2.0046
1.2919,1.119
2.1821,1.753
2.7614,2.0794
1.0756000000000001,1.0794000000000001
2.2194000000000003,1.7661
2.7616000000000005,2.0521000000000003
1.2468000000000001,1.1375
2.1801,1.7224
2.5711000000000004,2.0308
1.0761,1.0753000000000001
2.1255,1.7329
2.8313,2.0355
1.3404,1.0932000000000002
2.4936000000000003,1.8658000000000001
2.9103000000000003,2.0718
1.0583,1.0662
2.52,1.7597
2.7674000000000003,2.0744000000000002
1.0183,1.0637
2.5513000000000003,1.8356000000000001
2.6221,1.9972
1.1494,1.423
1.9809000000000003,1.6630000000000003
2.5535,1.9889000000000001
1.1688,1.1231000000000002
2.3391,1.7691000000000001
3.1386000000000003,2.1167
1.044,1.0286
2.0811,1.7259
2.6096,2.0690999999999997
1.1791,1.0944
2.1662,1.8837000000000002
2.5191000000000003,2.0572
0.9097000000000001,1.0412000000000001
2.0884,1.8949000000000003
2.8727,1.9783000000000002
1.1324,2.2045000000000003
2.3436,1.8099
2.7368,2.0124
1.2260000000000002,1.1004
2.3644,1.778
3.6304000000000003,2.3376
1.2139000000000002,1.1187
2.4933,1.7859000000000003
2.7836000000000003,2.0279
1.1918,1.1245
2.2293,1.7276000000000002
2.7620999999999998,2.0393
1.0871000000000002,1.0739
2.1336000000000004,1.7540000000000002
2.7331,2.1475999999999997
1.2223000000000002,1.0855000000000001
2.0368,1.7041
3.6181000000000005,2.1208
1.0261,1.07
2.3917,1.8033000000000001
2.8178,2.1130000000000004
1.1354000000000002,1.0713000000000001
2.5023000000000004,2.0408
3.8501000000000003,2.1342000000000003
1.0253,1.0888
2.3916000000000004,1.7539
2.8521,2.1396
0.9791000000000001,1.0309
2.6193000000000004,1.9068
2.8129,2.0249
1.1607,1.1107
2.2335000000000003,1.7782000000000002
2.6922,2.0027
1.2512,1.1592
1.8136,1.6545
2.6423,2.1188000000000002
1.1929,1.0803
2.215,1.8255000000000001
2.8781000000000003,2.0647
1.1632,1.0562
2.0709999999999997,1.7147000000000001
2.6903,1.9978
1.1453000000000002,1.0885
2.1725,1.9021000000000001
2.8019,2.0495
1.2155,1.1033
1.9693000000000003,1.7000000000000002
2.9078000000000004,2.0728999999999997
0.9831,1.0602
2.2425,1.7889000000000002
2.7959,2.0457
1.1221,1.1865
2.2168,1.7044
2.8622,2.0674
1.0323,1.0861
2.3403,1.7311
3.8835,2.1944
1.2715,1.1284
2.053,2.0707
3.4205000000000005,2.1505
0.9869,1.03
2.2488,1.7575
2.7226000000000004,2.0976000000000004
0.9581000000000001,1.0793000000000001
2.3363000000000005,1.7719
2.473,1.9838
1.1236,1.8368000000000002
2.1035000000000004,2.1595
2.9359,2.078
1.0406,1.0665000000000002
2.2292,1.8682000000000003
2.8613000000000004,2.0782000000000003
1.1273000000000002,1.0868
2.3469,1.8617000000000001
2.7467,2.0479000000000003
1.0247000000000002,1.0822000000000003
2.2838000000000003,1.7042000000000002
2.6713,2.0280000000000005
1.2966000000000002,1.1163
2.0501,1.7128
2.6188000000000002,2.1484
1.1441000000000001,1.1588
2.145,1.7388000000000001
2.7196,2.0669
1.1826,1.1051000000000002
1.9837000000000002,1.7673
2.6885000000000003,2.04
1.0818,1.0764000000000002
1.9526000000000001,1.6629
2.6863,2.0131
1.7044,1.1706
2.2532000000000005,1.7322000000000002
2.8987000000000003,2.5633
1.1931,1.1809
2.3762000000000003,1.7740000000000002
2.7342,2.0467000000000004
1.1335000000000002,1.1118000000000001
2.1507,1.7701000000000002
2.738,2.0215
1.1133,1.0858
2.0279,1.6901000000000002
2.8653000000000004,2.0083
1.1728,1.0978
2.0740000000000003,1.7557
2.7501,7.3798
1.1752000000000002,1.1283
2.0826,1.7698000000000003
2.5599000000000003,1.9775
1.0507000000000002,1.0524
2.493,1.8231
2.8865000000000003,2.0896
1.048,1.0622
1.8854000000000002,1.6428
2.774,2.1593000000000004
1.0634000000000001,1.1139999999999999
2.9666,1.8313000000000001
2.4166000000000003,1.9979
1.0229,1.0558
2.1627,1.7167000000000001
2.6928,2.1069999999999998
1.2379000000000002,1.1529
2.1536000000000004,1.8585
2.9777,2.0807
1.1368,1.1124
1.9425000000000001,1.6637000000000002
2.4745,1.9954
1.1306,1.076
2.2213000000000003,1.7545000000000002
2.8409000000000004,2.1069999999999998
1.6586,1.4040000000000001
2.219,1.7581
2.6799000000000004,1.9844000000000004
1.2034,1.0936000000000001
2.1767000000000003,1.7279
2.5422000000000002,2.0026
1.0087,1.0365000000000002
2.2422,1.7519
3.0367,2.1467
1.2564000000000002,1.0925000000000002
2.1453,1.7505000000000002
2.6569000000000003,2.0858
1.0923,1.0890000000000002
2.1735,1.7822
2.7643000000000004,7.3771
1.1974000000000002,1.0921
2.2539000000000002,1.8262
2.9454000000000002,2.0546
1.1753,1.1501000000000001
2.2952000000000004,1.8663000000000003
2.8158000000000003,2.0776000000000003
1.1673,1.1671
2.2499,1.7479000000000002
2.9709000000000003,2.0895
1.0204,1.0707000000000002
2.1203000000000003,1.724
2.8494,2.0405
1.2698000000000003,1.0741
2.2393,1.7967
2.6411,1.9858000000000002
0.9584000000000001,1.0471
2.1812000000000005,1.7547000000000001
3.3919,2.0475000000000003
0.9956000000000002,1.0121000000000002
2.0949000000000004,1.7648000000000001
2.6923000000000004,2.0284
1.2639,1.0990000000000002
1.9964000000000002,1.7394
2.8356000000000003,2.0288000000000004
1.1894000000000002,1.1184
2.4696000000000002,1.6801000000000001
2.6643,2.0047
1.314,1.1905999999999999
2.0195,1.6862000000000001
2.8261000000000003,2.1023
1.1693,1.1017000000000001
2.4216,1.7925
2.6691000000000003,2.0543
1.0411000000000001,1.0484000000000002
1.9944000000000004,1.7095
3.2347,1.9787000000000003
1.2083000000000002,1.1051000000000002
2.3391,1.7554
2.7643000000000004,2.0568
1.2838,1.1382
2.2866,1.8122
2.3845000000000005,1.9651
1.1484,1.0599
2.3068000000000004,1.7235000000000003
2.5785,1.9564000000000001
1.212,1.1357000000000002
2.1081000000000003,1.6896
3.5249,2.3275
1.1589,1.0894000000000001
1.9020000000000001,1.7359
2.7832,2.1869000000000005
1.1271,1.0752000000000002
2.0711000000000004,1.7197
2.5279,1.9861000000000002
0.9612,1.0252
2.2942,1.7974
2.7189,2.1088
1.1394,1.0792
2.5328,1.8305
2.9567,2.0703
1.022,1.0471
2.359,1.7578
2.6563000000000003,2.0441000000000003
1.1798000000000002,1.1332
2.3007,1.7678
2.9112,2.1147
1.4372,1.1408
2.2233,1.6977000000000002
2.8519,2.0091
1.0713000000000001,1.0858
2.0601,1.6958000000000002
2.6742000000000004,2.0427
1.1264,1.0781
2.3472000000000004,1.7440000000000002
2.8273,2.0229000000000004
1.165,1.0910000000000002
1.9360000000000002,1.6812
2.6443,2.0333
1.1104,1.0999
2.5325,2.0009
2.7285,2.0522
1.2292,1.2057
2.3622,1.8608000000000002
3.0143,2.1031999999999997
1.1161,1.0957000000000001
2.1246,1.8682000000000003
2.6494,2.0912
1.3376,1.2391
2.0424,1.7057
2.5577,1.9745000000000001
1.1489,1.0787000000000002
2.1123000000000003,1.7567000000000002
3.3283,2.0624000000000002
1.1191,1.0405
2.524,1.7867
2.4111000000000002,2.0257
1.1382,1.087
2.2442,1.776
2.5877,2.0186
1.1341,1.0635
2.0565,1.6995
2.8219,2.1093
0.9239,1.1035000000000001
2.1369000000000002,1.7584
2.7252,2.0494000000000003
1.1034,1.1345
2.141,2.7937000000000003
3.0611,2.1025
1.132,1.0536
2.2547,1.7906
2.9866,2.0587
1.0804,1.0924
2.2823,1.8018
2.8185000000000002,2.0502000000000002
1.1019,1.0741
2.1406000000000005,1.7591
2.5833000000000004,3.0781
1.124,1.1094
2.1348000000000003,1.7251
2.5177000000000005,2.0021
1.1673,1.0744
2.4966000000000004,1.8841
2.8482000000000003,2.0749
1.1508,1.0417
2.5331000000000006,1.8073000000000001
2.6087000000000002,1.9707999999999999
1.0276,1.034
1.9252000000000002,1.8123000000000002
2.6846,2.0236
0.932,1.0054
2.3781000000000003,1.7922
2.7899000000000003,2.1395000000000004
1.1043,1.0754
2.3997,1.7755
2.957,2.0677
1.0122,1.0388000000000002
2.0968000000000004,1.7166000000000001
2.8945000000000003,2.0788
1.1691000000000003,1.1135000000000002
2.1238,1.7166000000000001
2.6453,2.0361000000000002
2.5224,1.0971000000000002
2.1672000000000002,1.7864
2.7014,2.0765000000000002
1.0818,1.064
2.2326,1.7889000000000002
2.9558,2.0135
1.1280000000000001,1.1531
2.2746000000000004,1.7407000000000001
2.7803000000000004,2.1396
1.1641000000000001,1.1102
2.1354,1.7249
2.6734000000000004,1.9961000000000002
1.0946,1.074
2.125,1.7445000000000002
2.6794000000000002,2.1859
1.0504000000000002,1.0354999999999999
2.4571,1.8421
3.5825,2.3257
1.2234,1.1318000000000001
2.2174,1.7785000000000002
2.5826,2.0494000000000003
1.1740000000000002,1.0959999999999999
2.1069,1.7695
2.7601999999999998,2.0118
0.9649000000000001,1.0522
2.1085000000000003,2.8135
2.5702000000000003,2.0462000000000002
0.9418,1.0610000000000002
1.7693,1.6653000000000002
2.8342,2.0513000000000003
1.2605000000000002,1.1409
2.1955,1.7995
2.7316000000000003,1.9935
1.123,1.0905
2.3045,1.7407000000000001
2.6893000000000002,2.0118
1.1889,1.1440000000000001
2.0314,2.6032
2.6834000000000002,2.0871
1.2002,1.0902
2.1697,2.1093
2.7833,2.0487
1.1656000000000002,1.1204
2.2885,1.7295
2.8733,2.1758
1.2845,1.1615
2.2075000000000005,1.7372
2.8303,2.0223000000000004
1.2670000000000001,1.1139999999999999
2.2003,1.8108000000000002
2.9907000000000004,2.3815
1.0565000000000002,1.0320000000000003
1.8981000000000001,1.7537000000000003
2.8427000000000002,2.0992
1.0404000000000002,1.0333
2.1535,1.8654000000000002
2.7107000000000006,2.0386
1.1773,1.0995
2.1813000000000002,1.7647000000000002
2.616,2.036
0.9744,1.2095
1.9446,1.7202000000000002
2.6771,2.1929000000000003
1.0701,1.0412000000000001
2.3417,2.9348
2.7332000000000005,2.0941
1.2162000000000002,1.1386
2.4071000000000002,1.8612000000000002
2.544,2.0055000000000005
1.0869,1.0865
2.3182000000000005,1.7348000000000001
2.4284000000000003,2.0044
1.1368,1.0952000000000002
2.2625,1.7474
2.954,2.0201
1.0952000000000002,1.1261
2.1686,1.7184000000000001
4.4026000000000005,4.301100000000001
1.2146000000000001,1.1128000000000002
2.2369,1.8141
2.876,2.0442
0.9142000000000001,1.0471
2.1103,1.7084000000000001
2.8225000000000002,2.0593
1.6157000000000001,1.1133
2.0784000000000002,1.7021
2.9456,2.0936000000000003
1.1502000000000001,1.0522
2.2698,1.75
3.1064,2.1635
1.0809000000000002,1.0582
2.2178000000000004,1.7861
2.982,2.0983
1.0699,1.1034
2.2879,1.9018000000000002
2.9112,2.0611
1.0681,1.0908
2.2918000000000003,1.816
2.9339,2.8274000000000004
0.9669,1.0658
2.1239000000000003,1.8255000000000001
2.5203,2.0383000000000004
1.1799,1.1344
1.8501,1.6957
2.5771,2.1144000000000003
1.3443,1.1467
2.3375000000000004,1.7666000000000002
2.719,2.0132000000000003
1.1065,1.0748000000000002
2.3804,1.7904000000000002
2.6948000000000003,2.0102
1.1920000000000002,1.0957000000000001
2.1894,1.7762000000000002
2.955,2.1338
1.3355000000000001,1.1491000000000002
2.248,1.8319
2.8217000000000003,2.1187000000000005
1.0447,1.1322
2.1731000000000003,1.7079
2.8214000000000006,3.0045
1.1141,1.1236
2.1253,1.7360000000000002
2.8999000000000006,2.0911000000000004
1.1729,1.1347
2.1075,1.7271
2.9287,2.2226
1.1084,1.0759
2.0582000000000003,1.7805000000000002
2.8776,2.0755
1.1048,1.1078000000000001
2.6265000000000005,2.5432
2.8712,2.109
1.2082,1.0949
2.3517,1.9284000000000001
2.9406000000000003,2.0305
1.0882,1.0618
2.4056,1.7768
2.4668000000000005,2.0051
1.0074,1.0416
2.3542000000000005,1.7637000000000003
2.4842000000000004,2.0521000000000003
1.183,1.0929000000000002
2.168,1.8073000000000001
2.7839,2.0115000000000003
1.1521000000000001,1.0799
1.9642000000000002,1.8026000000000002
2.8826000000000005,2.0812
1.1231000000000002,1.105
2.3167999999999997,1.7806
2.5295,2.0133
1.2892000000000001,1.1280000000000001
2.4881,1.7399000000000002
2.6891000000000003,1.9979
1.1541000000000001,1.0759
2.3079000000000005,1.7467000000000001
2.7209,2.0210000000000004
1.1108,1.0489
1.9365,1.7359
2.7806,2.8442000000000003
1.2988000000000002,1.0976
2.0098,1.7612
2.6767000000000003,2.1563000000000003
1.2767000000000002,1.1150000000000002
2.4844000000000004,1.873
3.228,2.9697
1.0185000000000002,1.0482
2.3499000000000003,1.7916
2.7628000000000004,2.0348
2.2525,1.3685
2.5574,1.8129000000000002
2.9718,2.1273
1.1459000000000001,1.1086000000000003
1.9818000000000002,1.7246000000000001
2.8016,2.1141
1.1168,1.0594000000000001
2.0029000000000003,1.7020000000000002
2.8989000000000003,2.0849
1.1183,1.086
2.1799000000000004,1.7472
2.5003,1.9819
0.9287000000000001,1.0291000000000001
2.0109,1.6761
2.6868,2.1198
1.2215000000000003,1.1065
2.0959,1.7590000000000001
2.7378000000000005,2.0415
1.1440000000000001,1.1028000000000002
2.0717000000000003,1.8865
2.6124,1.9766000000000001
1.0756999999999999,1.0546000000000002
2.3776,1.7735
2.8119,2.0684
1.2741,1.1028000000000002
2.0664,1.7106000000000001
2.7591,3.136
1.0021000000000002,1.0438
2.1724,1.7876
2.5507000000000004,2.0125
1.1087,1.0571000000000002
1.9603000000000004,1.7096000000000002
2.6106000000000003,2.0159000000000002
1.2093000000000003,1.0717
2.2677,1.6914
2.5254000000000003,2.0549
1.0949,1.0736
2.1396,1.7271
2.7661000000000002,2.2472
1.3223,1.1751
2.1294,1.6789
2.6863,2.0361000000000002
1.0529000000000002,1.0596
2.1288,1.6820000000000002
2.9441,2.0931
1.0457,1.0309
2.1383,1.7182
2.8381000000000003,2.1015
1.1708,1.0931
2.2775,1.7977
2.8055000000000003,2.1571000000000002
1.155,1.0511000000000001
2.1482,1.7589000000000001
2.432,1.9683000000000002
1.2364000000000002,1.0888
2.1502000000000003,1.7345000000000002
2.6647000000000003,2.029
2.4388,1.0395
2.1299,1.7650000000000001
2.6652000000000005,2.0135
0.9876000000000001,1.0409
2.0159000000000002,1.7203000000000002
2.8738,3.1544000000000003
1.0228000000000002,1.0257
2.0495,1.7607
2.8063000000000002,2.016
1.2011,1.1149
2.1622,1.7003000000000001
2.5435000000000003,3.1905
0.9589000000000001,1.0115
2.0506,1.7300000000000002
2.8475,2.1169000000000002
1.0572000000000001,1.0733000000000001
2.4096,1.7832000000000001
2.7066,2.0311
1.1268,1.1034
2.6102,2.9881
2.6125000000000003,2.0391000000000004
1.0005000000000002,1.0389000000000002
2.2977000000000003,1.7888000000000002
2.7549,2.063
1.0665000000000002,1.0692
2.1004,1.6996000000000002
2.2033,1.9966000000000004
1.1759000000000002,1.0987
2.2873000000000006,1.7742
2.6516,1.9626000000000001
0.8029000000000001,1.0173
2.3922000000000003,1.7745
2.9247,2.1216
1.1019,1.0753000000000001
2.4385000000000003,1.8029000000000002
2.5827000000000004,1.9926000000000001
0.9608000000000001,1.0293999999999999
2.1308,1.7216000000000002
2.6602,2.0474
1.0735000000000001,1.0492000000000001
2.3705000000000003,1.798
2.5253,2.0303999999999998
1.1840000000000002,1.0525
2.0413,1.7193000000000003
2.8798,2.0575
2.18,2.1251
2.4005,2.2089000000000003
2.7201,2.0264
1.0450000000000002,1.098
2.1915000000000004,2.1696000000000004
2.7608,2.0214
1.0851000000000002,1.0604
2.7072000000000003,1.8039000000000003
2.6536000000000004,2.0735
1.1336,1.0858
2.1596,1.7690000000000001
2.4596999999999998,1.9687000000000003
1.1075,1.1037
2.0703,1.7144000000000001
2.8493000000000004,2.0863
1.0243000000000002,1.2162000000000002
2.2236000000000002,2.6422000000000003
2.9519,2.0941
1.1495000000000002,1.0732000000000002
2.1115,1.7171
2.4065000000000003,1.9916
1.1813000000000002,1.1401000000000001
2.3755,1.8385
2.7657000000000003,2.0813
0.9756,1.0678
2.3784,1.7939000000000003
3.1269,2.108
1.1946,1.1048
2.0656000000000003,1.6884000000000001
2.7948,2.003
1.1286,1.0871000000000002
2.3465000000000003,1.7736
2.744,2.1774000000000004
1.2067,1.1147000000000002
2.2951,1.7715
2.6470000000000002,2.0122
0.9905,1.0330000000000001
2.2331,1.7915
3.5848000000000004,3.1103000000000005
1.2193,1.1003
2.1422,1.7644000000000002
2.615,2.0468
1.1083,1.0776000000000001
2.053,1.6810000000000003
2.9124000000000003,2.0548
1.0916000000000001,1.0695999999999999
2.3975000000000004,1.7403000000000002
2.6446,1.9934000000000003
1.1433,1.0451
2.4268,1.7761
2.8855,2.681
1.1058000000000001,1.1393
2.2001,1.7162000000000002
2.7784000000000004,2.3044000000000002
1.343,1.1591000000000002
2.1905,1.7389000000000001
2.8322,2.1022000000000003
1.1447,1.0787000000000002
2.06,1.7414
2.8937000000000004,2.0405
0.9471,1.1214
2.2459000000000002,1.951
2.9618,2.1261
1.0423000000000002,1.0712
1.9618,1.7399000000000002
2.5598,2.0261000000000005
1.1655,1.1095
2.385,1.7843000000000002
2.8713,2.1296
1.1964000000000001,1.1995
2.2793,1.7668
2.915,2.1769000000000003
1.0685,1.0682
2.094,1.8476000000000001
2.8959,2.098
1.0903,1.07
2.1036,1.6995
2.7436000000000003,2.0233
1.2589000000000001,1.1815
2.196,1.7772000000000001
2.7271,2.0476
1.0613000000000001,1.0803
2.0792,1.7809000000000001
2.9552000000000005,2.0394
0.9420000000000001,1.0090000000000001
2.1695,1.7083000000000002
2.6001000000000003,2.4041
1.1657,1.1250000000000002
2.1366,1.7593
2.5993,2.036
0.9934,1.0386
2.2014,1.7988000000000002
2.6118,2.0210000000000004
1.0298,1.0515
2.0178000000000003,1.7343
2.7523,2.0834
1.1085,1.0813000000000001
2.1229,1.7248
3.6392,2.1111000000000004
0.9999,1.0352000000000001
2.3301000000000003,1.7936
2.5638,1.9998
1.0982,1.1005
1.8432000000000002,1.7289
2.7273,2.0211
1.2107,1.1008
2.1204,1.7037
2.6954000000000002,2.0252
1.147,1.1172
2.0623,1.6904000000000001
2.3946,2.0376000000000003
1.0811,1.0514000000000001
2.0718,1.7084000000000001
2.6327,2.2538
1.2027,1.1247
2.313,1.8616000000000001
2.8077,2.0373
1.2705000000000002,1.0993000000000002
2.216,1.7502000000000002
2.6066000000000003,1.9880000000000002
1.1511000000000002,1.1231000000000002
2.1759,1.7300000000000002
2.8673,2.0453
1.0625,1.2254
2.3552,1.7720000000000002
2.8117,3.0576000000000003
1.2702,1.1353000000000002
1.9044,1.8562
2.9587000000000003,2.0284
1.1567,1.0644
2.3458,1.7996
2.7975,2.1445000000000003
1.0661000000000003,1.0648
2.1938999999999997,1.8194000000000001
2.5412,2.0807
1.1287,1.0792
2.5155,1.8043000000000002
2.8451,2.0776000000000003
0.9947,1.0471
2.2081,1.8179
2.5543,2.0005
1.0751000000000002,1.0678
2.3804,1.7409000000000001
2.5932000000000004,2.0054
1.2916,1.1018
2.3443,1.7294
2.5414,2.0117
1.1502000000000001,1.0839
2.4533000000000005,1.8124
2.7819000000000003,2.0267000000000004
1.1386,1.0719
2.3688000000000002,1.7713
2.8532,2.0447
1.0479,1.0767
2.2062000000000004,1.7397
2.8982,2.144
1.0261,1.2187000000000001
2.1472,1.7324
2.8014,2.0174
2.2977000000000003,1.0948000000000002
2.3466000000000005,1.7432
2.8204000000000002,2.0225
1.234,1.1803
1.965,1.6959000000000002
2.7287000000000003,2.0408
1.1729,1.1367
1.9104,1.7371
2.7364,2.045
1.1267,1.1785
2.0699,1.7272
2.6493,2.072
1.056,1.0414
2.1334,1.7322000000000002
3.0813,2.0562
0.9802000000000001,1.0593
2.3405,2.7177
2.9628,2.0528
1.1928,1.1147000000000002
2.2614,1.8116
2.7699000000000003,2.0418000000000003
1.1465,1.0995
2.5900000000000003,1.7782000000000002
2.497,1.9451000000000003
1.0484000000000002,1.0933000000000002
2.0419,1.7219000000000002
2.4898000000000002,2.0722
1.1479000000000001,1.1252
2.2346000000000004,1.7505000000000002
2.8877,2.1145
1.0672000000000001,1.0661000000000003
2.4996,2.1261
2.9006000000000003,2.1469
1.1088,1.0496
2.0463,1.7830000000000001
2.9877000000000002,2.1465
1.1776,1.1095
2.3489,1.7884000000000002
2.5205,1.9707999999999999
1.1062,1.0726000000000002
2.2564,1.7031
2.6526,2.0374
1.2114,1.1402
2.1029,1.7573
2.6182000000000003,2.0786000000000002
1.1209,1.0895
2.3243,1.7073
2.8075,2.1329000000000002
1.2048,1.1066
1.8595000000000002,1.7142000000000002
2.405,1.9735
1.1369000000000002,1.1091
2.1504000000000003,1.7115
2.6949,2.0347
1.0256,1.0714000000000001
2.1721000000000004,1.7191
2.6312,2.0241000000000002
1.1741,1.2006000000000001
2.4665,1.8052000000000001
2.8056,2.0410000000000004
1.0617,1.1035000000000001
3.3745000000000003,1.7694
2.8478000000000003,2.0515
1.1483,1.2349999999999999
2.3296,1.8071000000000002
2.7354000000000003,2.0605
1.2548000000000001,1.1117
2.2218000000000004,1.7509000000000001
2.7094000000000005,2.0283
1.0633000000000001,1.0488000000000002
2.1031,1.7938
3.1728000000000005,2.1259
1.1011,1.0806000000000002
2.2115,1.8877000000000002
2.7115000000000005,2.0115000000000003
1.2100000000000002,1.1347
2.0543,1.7572000000000003
2.6088,2.0157
1.1649000000000003,1.1113
2.3830999999999998,1.7952000000000001
2.4962,1.9691
1.1614000000000002,1.0879
2.2586,1.7728000000000002
2.5894,2.0883
1.0327000000000002,1.06
2.3055000000000003,1.8382
2.5747,2.2518
0.9931,1.0769
2.0176,1.9332000000000003
3.0781,2.0471
1.1408,1.1150000000000002
2.2716000000000003,1.7841
2.6175,2.0496
0.9912,1.0447
2.1036,1.7258000000000002
2.7399,2.0413
1.1443,1.1177000000000001
2.8436000000000003,3.0019
2.4191,1.9263000000000001
1.1995,1.1394
2.1903,1.7227000000000001
2.7157999999999998,2.0953
1.1769,1.0887000000000002
2.1705,1.8113000000000001
2.7701000000000002,2.0934
1.1436,1.0884
2.2726,1.8059
2.7026000000000003,2.1658000000000004
1.1081,1.1047000000000002
2.0275000000000003,1.704
2.6856000000000004,2.1550000000000002
1.2496,1.0996000000000001
1.8603,1.6804000000000001
2.5139000000000005,1.9827
1.1716,1.1456000000000002
2.4365,1.8134000000000001
2.6352,2.0008
1.0762,1.0926
2.1269,1.7688000000000001
2.9400000000000004,3.2198
1.1013000000000002,1.1191
2.1957,1.7519
3.0675000000000003,2.3999
1.2539,1.1214
1.8395000000000001,1.6569
2.738,1.9761000000000002
0.9955,1.0506
2.1997,1.7315000000000003
2.6907,2.0146
0.9647000000000001,1.0379
2.1106000000000003,1.7186000000000001
2.8089,2.2188
0.8013,1.0554
2.2472,1.7559
2.7442,2.0527
1.0239,1.0612
2.2193,1.7773
2.7095000000000002,2.0456000000000003
1.1400000000000001,1.1003
2.0107000000000004,1.7056
3.1029,2.1971
1.1540000000000001,1.0727
2.2726,1.7832000000000001
2.6634,2.1189
1.2049,1.1148
2.3502,1.8374000000000001
3.2219,2.0625
1.0869,1.0683
2.2295000000000003,2.1827
2.9198000000000004,2.0724000000000005
1.0944,1.0733000000000001
2.3253000000000004,1.7877
2.6876,2.0454000000000003
1.0463,1.1616
2.2111,1.871
2.7488,2.1146000000000003
1.0849,1.1198
2.2947,1.7590000000000001
2.7701000000000002,2.0902
1.163,1.0864000000000003
2.1313,1.7316
2.769,1.9693000000000003
0.9852000000000001,1.0584000000000002
3.4685,1.7646000000000002
2.7165000000000004,2.1357
1.0219,1.0406
2.4947000000000004,1.8523
2.6877000000000004,2.0018000000000002
1.0751000000000002,1.0565000000000002
2.1497,1.7251
2.8401000000000005,2.9193000000000002
1.1660000000000001,1.1382
2.2341,1.6878000000000002
2.9017,2.0564000000000004
1.2313,1.0971000000000002
2.3717,1.7955
2.6690000000000005,2.0325
1.1737000000000002,1.1375
2.1850000000000005,1.7186000000000001
3.0032,2.0855
1.2827000000000002,1.0989
2.2,1.7094
2.4358,2.0594
1.191,1.0957000000000001
2.3078,1.8082
3.7205000000000004,2.0898000000000003
0.9876000000000001,1.0622
2.1305,1.7206000000000001
2.8149,2.0558
1.0579,1.0754
1.9939000000000002,1.7145000000000001
2.9312,2.0489
1.1765,1.1033
2.329,1.7571
2.7177,2.1012
1.0682,1.1304
2.0730000000000004,1.719
2.7,2.1976
1.2458,1.1561
2.0332000000000003,1.7371
2.9273000000000002,2.1331
1.0123,1.0890000000000002
2.1019,1.6971
2.8307,2.0924000000000005
0.9905,1.0782
2.3898,1.8281
2.6742000000000004,2.0010000000000003
0.9001,1.0196
2.4497,1.7969000000000002
3.1097000000000006,2.9867
1.1800000000000002,1.0941
2.4495000000000005,1.75
3.0445,2.1176000000000004
1.1334000000000002,1.0655000000000001
2.2244,1.8156
2.709,2.0733
1.0552000000000001,1.094
2.0601,1.7096000000000002
2.8559,2.0208
1.3183,1.0859
2.3317000000000005,1.8354000000000001
2.7529,2.0315000000000003
1.3835000000000002,1.1218000000000001
2.206,1.8061000000000003
2.7938000000000005,2.0532000000000004
1.0268,1.0568000000000002
2.2085,1.9418
2.4193000000000002,1.9457
1.106,1.1031000000000002
2.3473,1.7798000000000003
2.7636000000000003,2.0541
1.1560000000000001,1.0899
1.7941,1.6294
2.6387000000000005,1.9761000000000002
1.2084000000000001,1.1585
2.0783,1.706
3.0640000000000005,2.0794
1.0687000000000002,1.0542000000000002
2.0675000000000003,1.6828
2.6244,2.1457
0.9897,1.0498
2.1748000000000003,1.7287000000000001
2.5191000000000003,1.9945000000000002
1.0653000000000001,1.0732000000000002
2.1609000000000003,2.8803
3.8381000000000003,2.072
1.113,1.0722
2.1739,1.6825
2.7442,2.0587999999999997
1.1732,1.104
2.3343000000000003,1.7441000000000002
2.8296,2.0239
1.1818,1.673
2.1252000000000004,1.909
3.0979,2.1196
1.2089,1.1502000000000001
2.217,1.7474
3.5296000000000003,2.1429
1.1446000000000003,1.1034
2.0741,1.8749
2.7430000000000003,1.991
1.0903,1.0764000000000002
2.1573,1.7535
2.8442000000000003,2.6296000000000004
1.1508,1.2498
2.1503,1.7093000000000003
2.7787,2.2231
1.137,1.0831
2.1172,1.7674
2.6584,1.9917000000000002
1.1272,1.0997000000000001
2.2178000000000004,1.7484000000000002
2.7454,2.0037000000000003
1.1156,1.3234000000000001
2.0427,2.7751
2.5057,2.0628
1.1603,1.0457
2.2475,1.7513
2.9355,2.0745
1.1614000000000002,1.0767
2.1819,1.7454
2.7497000000000003,2.0331
1.0645000000000002,1.0304000000000002
2.258,1.7224
2.9004,2.0944000000000003
0.9473000000000001,1.0221
1.9368,1.7777
2.6993,2.0086
1.0193,1.0834
3.0058000000000002,1.7550000000000001
2.4143000000000003,2.0205
1.1469000000000003,1.122
2.1916,1.8063
3.0234,2.1364
1.1555,1.1323
1.9866000000000004,1.7163
2.7065,2.1066000000000003
1.0601,1.1112000000000002
2.4878,1.7630000000000001
2.7477,2.0488
1.4086,1.0708
2.0593,1.7242000000000002
2.7590000000000003,2.0431
0.9396000000000001,1.0825
2.0028,1.8278
2.619,2.0184
0.9309000000000001,1.1722
2.1179,1.7134
2.7857000000000003,2.0328
1.1652000000000002,1.1958000000000002
2.1847,1.7761
2.8442000000000003,2.0837
1.1952,1.1303
2.1938,1.8148000000000002
2.6736000000000004,2.5008
1.0642000000000003,1.0306
2.1092000000000004,1.7682000000000002
2.8142,2.0716
1.1685,1.0753000000000001
2.1823,1.7834
2.8231,2.1587
1.244,1.0942
2.3764000000000003,1.753
2.8462,2.0722
1.1300000000000001,1.1128000000000002
2.1787,1.7145000000000001
2.8308,3.0574
1.2658,1.0712
2.2363999999999997,1.8153000000000001
2.8254,2.0857
1.1155000000000002,1.1134000000000002
2.3572,2.0187
3.2157,2.0649
1.2392,1.1313
2.0017,1.6568
2.8517,1.9964000000000002
1.2039000000000002,1.1463
1.8577000000000001,1.6299000000000001
2.5489,2.0391000000000004
1.1608,1.0899
2.0087,1.7023000000000001
2.8484000000000003,2.1459
1.1083,1.1146
2.676,1.8129000000000002
3.444,2.0183000000000004
1.0034,1.0522
2.3666,1.7859000000000003
2.7300000000000004,2.072
1.2777,1.1352
2.1487000000000003,1.7397
2.67,2.0731
1.0982,1.0724
2.3276,1.9311
2.6614,2.0012000000000003
1.3513000000000002,1.1622000000000001
2.2208,1.7731000000000001
2.8689,2.0671
1.0974000000000002,1.0769
2.2012,1.7497
2.6569000000000003,2.0383000000000004
1.1236,1.1093000000000002
2.3145000000000002,1.9113
2.8503,2.0709
1.0941,1.0932000000000002
2.3169000000000004,1.7923000000000002
2.8299000000000003,2.078
1.1699,1.057
2.7886,1.7357000000000002
2.6993,4.6684
1.0173,1.0787000000000002
2.0612,1.7691000000000001
4.231000000000001,2.1260000000000003
1.3173,1.1405
2.2667,2.0487
3.5519000000000003,2.1039000000000003
1.0747,1.0641
2.3797,1.7969000000000002
2.9109000000000003,2.2082
1.1083,1.0886
2.4103000000000003,1.8037
2.8206,2.058
1.2213,1.1889
2.121,1.7048
2.8172,2.0289
1.075,1.0598
2.4178,1.7413
2.7484,2.2304
1.1084,1.1223
2.2033,1.7767000000000002
2.7101,2.0333
1.2095,1.3176
2.2318,1.7841
2.7755,3.0450000000000004
1.0594000000000001,1.02
2.1649,1.7383000000000002
2.7758000000000003,2.0137
1.0064,1.0461
1.7853,1.6309
2.8717,2.0582000000000003
1.237,1.1051000000000002
2.089,1.6967
2.6793000000000005,2.0576000000000003
1.0912000000000002,1.0794000000000001
2.1546,2.6408
2.7718000000000003,2.0974
0.8726,1.0044000000000002
2.1265,1.9205
2.7483,2.0052
1.1620000000000001,1.1466
2.7374,1.8085000000000002
2.8598,2.1259
1.2878000000000003,1.1302
2.4366000000000003,1.8022
2.9238000000000004,2.0446
1.0643,1.0894000000000001
2.4816000000000003,1.796
2.8219,2.1115
0.9817,1.0487
1.9724,1.7235000000000003
2.9137,2.0438
1.1274,1.1879
2.1434,1.7285
2.8202000000000003,2.0226
1.1905000000000001,1.0984
2.0057,1.7145000000000001
2.938,2.0614000000000003
1.1152,1.0767
2.0484999999999998,1.7247000000000001
2.9537,2.1192
1.0099,1.0688
2.3425,1.7551
2.7382,2.0424
1.2201,1.2476000000000003
2.1100000000000003,1.7299000000000002
2.7661000000000002,2.0015
1.2346,1.0852000000000002
2.1494999999999997,1.7564000000000002
2.724,2.9302
1.0735000000000001,1.0937
2.0761,1.6871000000000003
2.5922,2.0064
1.0484000000000002,1.0815
2.1356,1.7416
3.4946,2.1283
1.0192,1.0377
2.4052000000000002,1.8632000000000002
3.0111,2.7635000000000005
1.1785,1.0886
2.3407000000000004,1.742
3.5794000000000006,2.0589000000000004
0.9837000000000001,1.0764000000000002
2.1365,2.2403000000000004
3.2312,2.0085
1.0240000000000002,1.1112000000000002
2.119,2.0514
2.7503,1.9997
1.1612,1.0775000000000001
2.2723999999999998,1.7752000000000001
2.8109,2.0303
1.2360000000000002,1.1242
2.0879000000000003,1.7184000000000001
2.5773,2.7191000000000005
1.0659,1.0627
2.1352,1.7422000000000002
3.5367,2.5875
1.212,1.1022
2.0859000000000005,1.7550000000000001
2.7847000000000004,2.0079
1.1191,1.1008
2.2794,1.7402000000000002
2.6945,2.0292
1.4745000000000001,1.5534000000000001
1.9459000000000002,1.6737000000000002
2.5271,2.0012000000000003
1.013,1.0858
2.4708,1.7979
2.5442000000000005,2.0249
1.0863,1.0716
2.2614,1.7463000000000002
2.9229,2.0887000000000002
1.2583000000000002,1.1285
2.1276,2.6524
2.6213,2.1121
1.0282000000000002,1.0612
2.4449,1.8251000000000002
2.6665,2.144
0.8951,1.0186000000000002
1.9948000000000001,1.7876
2.6941,2.0739
1.3147,1.1538
2.2779000000000003,1.7984000000000002
2.988,2.0318000000000005
0.9830000000000001,1.0510000000000002
2.0897,1.7691000000000001
2.5854000000000004,1.9785000000000001
1.1865,1.1206
2.1766000000000005,1.7816
2.7206,2.0180000000000002
1.1297,1.1068
2.2288,1.7323000000000002
2.9649000000000005,2.1324
1.0265,1.0288000000000002
2.0407,1.7737
2.8128,2.0999
1.1606,1.0905
2.297,1.7812000000000001
2.5792,2.33
1.3156,1.1237000000000001
2.1795,1.7053
2.5823,2.0067000000000004
1.1286,1.2507
2.0593,1.7606000000000002
3.0697,2.0967
1.0861,1.0790000000000002
2.0535,1.7379000000000002
2.8133000000000004,2.0687
1.0917000000000001,1.1122
1.9836000000000003,1.7011
2.8875,2.1452000000000004
1.1577,1.0934
2.3071,1.7678
2.8519,2.0786000000000002
0.9954000000000001,1.054
2.0882,1.7544000000000002
2.5648000000000004,2.0011
1.3628000000000002,1.204
2.1298000000000004,1.688
2.7138,2.0926
1.1262,1.093
2.3896,1.8155000000000001
2.6212,2.0371
1.1528,1.1053
2.2901000000000002,1.7924000000000002
2.8539000000000003,2.1165000000000003
1.1636000000000002,1.0887000000000002
2.4518,1.7742
2.5417,1.9968
1.3301,1.6454000000000002
2.1413,1.6996000000000002
2.5184,2.0419
1.1909,1.0912000000000002
1.9777000000000002,1.7208
2.8698,2.0625
1.0302,1.0405
2.4401,1.7446
3.0860000000000003,2.1374000000000004
1.1241,1.0817
2.271,1.7195
3.1054000000000004,2.0606999999999998
0.9843000000000001,1.0642000000000003
2.1358,3.3359
2.7456000000000005,2.0567
1.1133,1.1209
2.1062000000000003,1.7664000000000002
2.5979,2.007
1.1148,1.0626000000000002
2.2331,1.7570000000000001
2.5432,2.1380000000000003
1.0621,1.0451
2.2571000000000003,1.7693
2.8564000000000003,2.0873000000000004
1.0436,1.0719
2.2803000000000004,1.9121000000000001
2.8869,2.0386
1.0542000000000002,1.0530000000000002
2.0158000000000005,1.7121
2.6409000000000002,2.0489
1.0515,1.1084
2.2414,1.7285
2.5587999999999997,2.0605
1.1307,1.0944
1.9537,1.8124
2.9712,2.1097
1.0744,1.1441000000000001
2.1521,2.266
2.8624,2.0604
1.0872,1.0825
2.1873,1.7734
2.8897000000000004,2.1976
1.0831,1.0897000000000001
2.1823,1.9301000000000001
2.7045000000000003,2.0596
1.3576000000000001,1.1312000000000002
2.2269,1.8138
3.1719,2.0497
1.0748000000000002,1.1033
2.1387000000000005,1.7485
2.9266,2.0654000000000003
1.0765,1.065
2.0103,1.6759000000000002
2.7907,2.0372000000000003
1.0424,1.0864000000000003
2.3706,1.7992000000000001
2.6731000000000003,2.1661
1.0972,1.0730000000000002
2.2199000000000004,1.7105000000000001
2.9773,2.9029000000000003
1.2241000000000002,1.1104
2.1027000000000005,1.8314000000000001
2.3799,2.0709999999999997
1.0437,1.0834
2.0923000000000003,1.7782000000000002
2.6068000000000002,1.9716
1.2639,1.1174000000000002
2.0963000000000003,1.7585000000000002
2.6911,2.0932
1.0185000000000002,1.0616
2.0835000000000004,1.9366
2.7643000000000004,2.0264
1.0418,1.0707000000000002
2.291,1.7665
2.686,1.9882000000000002
1.2387000000000001,1.0997000000000001
2.174,1.7632
2.7648,2.2196
1.0666,1.0325
2.1337,1.9027000000000003
2.7477,2.1133
1.06,1.0942
2.3281,1.9315
2.8189,2.0498
1.0829000000000002,1.1348
2.1389,1.7439
2.7065,2.1589
1.1735,1.0623
1.8362,2.5165
2.7178000000000004,2.0599
1.234,1.1249
2.0882,1.7367000000000001
2.9891,2.2496
1.1279000000000001,1.0721
2.233,1.8800000000000001
2.4812000000000003,2.0005
1.1093000000000002,1.1005
2.3648000000000002,1.8008000000000002
2.7483,2.0491
1.2532,1.1092
2.4005,1.7796
2.3736,1.9465000000000001
1.123,1.1284
1.9808000000000001,1.7111
2.9250000000000003,2.0757000000000003
1.1191,1.1092
2.2072000000000003,1.7966000000000002
2.9218,2.0498
1.0889,1.0821
2.0026,1.7771000000000001
2.5884,2.0104
1.3618000000000001,1.0693
1.8735000000000002,1.7247000000000001
2.7799,2.1387000000000005
1.0775000000000001,1.0339
2.3851000000000004,1.7749000000000001
2.5100000000000002,2.2183
1.3016,1.1669
2.0491,1.8915000000000002
2.7532000000000005,2.0721000000000003
1.0968,1.0674000000000001
2.1290000000000004,1.7163
2.6350000000000002,2.0137
1.3310000000000002,1.1273000000000002
2.226,1.7662000000000002
2.8255000000000003,2.067
1.2452,1.1262
2.1444,1.8472
2.7815000000000003,2.186
1.2763000000000002,1.169
2.1744,1.7350000000000003
2.8587000000000002,2.0719000000000003
1.0293,1.1161
1.9794999999999998,1.6817000000000002
2.8102,3.0271
0.9790000000000001,1.0399
2.428,1.7883
2.5554,2.0063
1.1976,1.0953
1.8328000000000002,1.7089
4.3427999999999995,3.1643
1.1626,1.1321
2.0968000000000004,1.7408000000000001
2.8069,2.0809
0.8783000000000001,1.0263000000000002
2.5491,1.7248
2.8669000000000002,2.0856
1.2489000000000001,1.387
2.1778,1.6929
2.7300000000000004,2.0704000000000002
1.0886,1.0938
1.9709000000000003,1.6791000000000003
2.6627,2.0478
1.2101,1.1275
2.0243,1.7478
2.7488,2.1352
1.1342,1.0818
2.2522,1.7629000000000001
2.7432000000000003,3.3163000000000005
1.0799,1.0532
2.3857,1.8401
2.7807,1.9905000000000002
0.875,1.0018
2.2332,1.7498000000000002
2.7576,2.1167
1.0159000000000002,1.0315
2.1038,1.7042000000000002
2.6278,2.0756
1.02,1.0485000000000002
2.2071,1.7765000000000002
2.9882000000000004,2.0593
1.1996,1.1077000000000001
2.2659,1.7681
2.6940000000000004,2.0386
0.9855,1.0499
2.3854,1.8917000000000002
2.6101,2.0533
1.1355,1.0727
4.0555,1.85
3.1134,1.9989000000000001
0.8983000000000001,1.0323
2.5589000000000004,1.8247
2.7443000000000004,2.0162
1.1861000000000002,1.5765
2.1189,1.7348000000000001
2.8742000000000005,2.0355
1.1914,1.0557
2.0236,1.6795
2.5837,2.0469
0.9813000000000001,1.0118
2.2375000000000003,1.7357000000000002
2.6067,2.2082
1.1283,1.0856999999999999
2.2265,1.7473
2.6267,2.0533
0.9922000000000002,1.0769
2.7760000000000002,1.7044
2.5547,1.9809000000000003
0.9786,1.0083000000000002
2.0583000000000005,1.7876
3.0006000000000004,2.1226000000000003
1.1194,1.0896000000000001
2.1607000000000003,1.9639000000000002
2.5767,1.9780000000000002
1.0714000000000001,1.0529000000000002
2.3528,1.7589000000000001
2.9561,2.0491
1.2315000000000003,1.1204
2.0937,1.7295
2.7011000000000003,2.0413
0.9942,1.0307000000000002
2.2241,1.7623
2.6553,2.1705
1.1537000000000002,1.1087
2.0805000000000002,1.733
2.9031000000000002,3.0735
1.1405,1.074
2.3745000000000003,1.8317
2.7242,2.0508
1.0304000000000002,1.0477
2.1684,1.7576
2.7826,2.0436
1.2348000000000001,1.1114
2.3479,1.7792000000000001
2.7753,2.0175
1.1525,1.1388
2.1098000000000003,1.8044
2.9313000000000002,2.0286000000000004
1.2829,1.1252
2.2572,1.7368000000000001
2.8828,2.0387
1.0431000000000001,1.5047000000000001
2.3780000000000006,1.7862000000000002
2.6445000000000003,2.0482
0.9098,1.0225
2.0481000000000003,1.871
2.6765,2.8866
1.1036000000000001,1.09
2.2457000000000003,1.768
2.8273,2.0627000000000004
0.9986,1.054
3.4690000000000003,1.7812000000000001
2.8522,2.9551
1.1946,1.1031000000000002
2.0448000000000004,1.7812000000000001
2.6757,1.9825000000000004
1.266,1.1375
2.1901,1.7248
2.8354,2.0801000000000003
1.0623,1.0624
2.1728000000000005,1.7389000000000001
3.0938000000000003,2.1336000000000004
1.1800000000000002,1.0553000000000001
2.1729000000000003,1.729
2.9383,2.0927000000000002
1.0159000000000002,1.0486
2.6014000000000004,1.8578000000000001
2.7922000000000002,2.0676
1.0521,1.0938
2.0071,1.7157000000000002
2.9885,2.1707
1.1400000000000001,1.1025
2.0417,1.6951000000000003
2.5663,1.9865
1.2049,1.1109000000000002
2.2292,1.7647000000000002
2.9636000000000005,2.0854000000000004
1.6589,1.0559
3.4079,1.8359
2.846,2.0501
1.2448000000000001,1.1345
2.1352,1.8372000000000002
2.8228000000000004,2.0460000000000003
1.3163,1.1436
2.1959000000000004,1.7661
2.9873,2.0962000000000005
1.2051000000000003,1.1041
2.2272,1.724
2.9844000000000004,2.0677
1.0538,1.0487
2.0451,1.7507000000000001
2.6445000000000003,2.2255000000000003
1.1837,1.083
2.1918,1.7459
2.9812000000000003,2.0599
1.2144,1.1368
2.2381,1.7561
2.8164000000000002,2.0524000000000004
1.1013000000000002,1.0947
2.3008,1.7678
2.6658000000000004,2.1803
1.3444000000000003,1.2260000000000002
2.076,1.7292
2.9358,2.0383000000000004
1.1028000000000002,1.1372000000000002
2.3765,1.7824000000000002
2.5516,1.9917000000000002
1.2638,1.1023
2.0641000000000003,1.7099000000000002
2.4129,2.0604
1.1138000000000001,1.0797
1.9551,1.696
2.7755,2.0682
1.2482000000000002,1.1109000000000002
2.0802,1.8603
2.5906000000000002,2.0532000000000004
1.0831,1.1076000000000001
2.2167000000000003,1.7581
2.8609,2.0926
1.1514000000000002,1.0970000000000002
2.2135000000000002,1.7169
2.4805,2.0227
1.2624000000000002,1.0728
2.2076000000000002,1.8954000000000002
2.7326,2.4872
1.5844,1.9563000000000001
2.3064,3.1882000000000006
2.6275,2.0322
1.1971,1.1007
2.0737,1.7085000000000001
3.0121,2.2613
1.1843000000000001,1.1024
1.9699000000000002,1.9203000000000001
2.8453000000000004,2.067
1.0867000000000002,1.1007
2.3881,1.7221
2.7839,2.0842
1.0996000000000001,1.0926
2.1659,1.7383000000000002
2.7802000000000002,2.0417
1.4867000000000001,1.0631
2.4176,1.8513000000000002
2.7988,2.0542
1.3262,1.1707
1.9917000000000002,1.7025000000000001
2.5768,2.0047
1.012,1.0515
1.9931000000000003,1.7424000000000002
2.7874000000000003,2.1390000000000002
1.0681,1.1028000000000002
1.9966000000000004,1.7528000000000001
2.4903,2.4339
1.1132000000000002,1.0898
2.3669000000000002,1.7362
2.5922,2.0105
1.7821,1.618
2.2486,1.7341000000000002
3.0518000000000005,2.1118
1.0197,1.0585
2.2694,1.8246
4.3467,2.0749
1.3231,1.2851000000000001
2.2026000000000003,1.7829
2.7785,2.0663
1.252,1.098
2.2011000000000003,1.7044
2.8553,2.0706
1.0688,1.0762
2.2747,1.7599
2.7985,2.0225
1.1101,1.0778
2.0952,1.7339
2.5591000000000004,2.0746
1.1015000000000001,1.0686
2.0722,1.8079
2.7268000000000003,1.9958000000000002
0.8628,0.9961
2.5585,1.7079
2.6968,2.0337
1.0394,1.0785
2.1007000000000002,1.6993000000000003
2.7413000000000003,2.0107000000000004
1.163,1.1166
2.3753,1.7399000000000002
2.7418,1.9822
1.0521,1.1054000000000002
3.3999000000000006,2.8186
2.5881000000000003,2.0251
0.9537,1.0123
2.5053,1.8694
3.0101000000000004,2.1635
1.1531,1.0623
1.9748999999999999,1.6792
2.954,2.0770000000000004
1.1727,1.1027
1.9984,1.6935000000000002
2.9366000000000003,2.2146000000000003
1.2067,1.077
1.996,1.7399000000000002
2.9371,2.2245000000000004
1.1249,1.0874000000000001
2.3409000000000004,1.7518000000000002
2.4794,2.0204000000000004
1.1115000000000002,1.0713000000000001
2.2581,1.7485
2.7155,1.9846
1.0745000000000002,1.0324000000000002
2.4459,1.7684
2.9010000000000002,2.2274
1.0556,1.0697
2.3419,1.9854
2.689,2.0229000000000004
1.2457,1.1106
2.3757,1.8202
2.9595000000000002,2.0902
1.0623,1.1093000000000002
2.4935,1.8004000000000002
2.6687,2.0464
1.1656000000000002,1.0999
2.1229,1.7314
2.8164000000000002,2.5208
1.1224000000000003,1.108
2.4236,1.8479
2.8447000000000005,2.0661
1.2182,1.1061
2.1102,1.7314
2.559,2.0370000000000004
1.2622,1.1689
2.1818000000000004,1.6877000000000002
3.1043000000000003,2.0336
1.1138000000000001,1.0669
2.2799,1.7633
2.7417000000000002,2.1273
1.1215000000000002,1.1253000000000002
2.4382,1.7870000000000001
2.9822,2.0300000000000002
1.1355,1.1305
2.3967000000000005,1.8171000000000002
2.8289,2.1624
1.1144,1.0875000000000001
2.1695,1.9458000000000002
2.8672000000000004,2.0061000000000004
1.1653,1.0816000000000001
2.3456,1.8003
2.8611,2.0570000000000004
1.4252000000000002,1.1402
2.0315000000000003,1.727
2.6887,2.0119000000000002
1.149,1.1094
2.1935000000000002,1.7462
2.938,2.0755
1.0499,1.0679
2.2416000000000005,1.7440000000000002
2.6713,2.1334
0.9994999999999999,1.0463
2.2019,2.4869000000000003
2.7631,2.0444
0.8693000000000001,1.0071999999999999
2.2089000000000003,1.8191000000000002
2.6947,2.0879000000000003
1.1329,1.0942
2.1275,1.7423
2.9504,2.1011
1.1527,1.0749000000000002
2.1631000000000005,1.7274
2.8682,2.1027000000000005
1.122,1.0961
2.1218,1.7785000000000002
2.5879000000000003,2.0087
1.1903000000000001,1.1001
2.1041000000000003,1.6917000000000002
2.6956,2.0757000000000003
1.155,1.0603000000000002
2.1016000000000004,1.7773
2.8512000000000004,2.0675000000000003
1.0901,1.1061
2.0155,1.8251000000000002
2.7909,2.0573
1.231,1.1245
2.3761000000000005,1.7778000000000003
2.5463,1.9153000000000002
1.1446000000000003,1.0639
2.2358000000000002,1.7225000000000001
2.7455000000000003,2.0998
1.2507,1.0819
2.241,1.7275
2.7373000000000003,2.0170000000000003
1.1821000000000002,1.1237000000000001
2.2066,1.7745
2.9057000000000004,2.1916
0.9762000000000001,1.0909000000000002
2.2723999999999998,1.7988000000000002
2.8727,2.062
1.0251000000000001,1.0488000000000002
2.1731000000000003,1.7023000000000001
2.9359,2.0395
1.2192,1.054
2.5222,1.7357000000000002
2.8112000000000004,1.9876
1.2469,1.1513
2.2815000000000003,1.7912000000000001
2.4992,2.0441000000000003
1.3159,1.1048
2.1166,1.6826
2.6681,2.0369
1.2419,1.1155000000000002
2.3541,1.7751000000000001
2.7238,2.0183000000000004
1.0293,1.0525
2.2461,1.8985
2.7081000000000004,2.0898000000000003
1.0778,1.0511000000000001
2.4288,1.8247
2.9492000000000003,2.2147
1.1755000000000002,1.1285
2.2259,1.7909000000000002
2.7564,2.0660000000000003
1.0775000000000001,1.0776000000000001
2.2921,1.7741
2.7094000000000005,2.0863
1.118,1.0982
2.0754,1.9360000000000002
2.7639,2.0331
1.1873,1.1078999999999999
2.1464000000000003,1.7513
2.6339,2.2409
1.2108,1.1454
2.314,1.8022
3.3349,2.1141
1.2117,1.0883000000000003
2.2753,1.8417000000000001
3.2339,2.0369
1.0448,1.0537
2.5891,1.7327000000000001
2.6429,2.0423
1.2986,1.1217
2.1624,1.7159
2.716,2.0594
0.9684,1.0349000000000002
2.2604,1.7655
2.6457,2.1857
1.1782000000000001,1.1145
2.1314,1.7497
2.8713,2.2017
1.0211000000000001,1.0303
2.1383,1.8127000000000002
3.3186,2.0472
1.2014,1.0896000000000001
2.3721,1.7509000000000001
2.4356,1.9893000000000003
1.0071,1.0201000000000002
2.0594,1.7697
2.8588000000000005,2.0616000000000003
1.2204000000000002,1.1557000000000002
2.6578,2.2672
2.6420000000000003,2.0356
1.0067000000000002,1.0713000000000001
2.2398000000000002,1.7426000000000001
2.9040000000000004,2.1984
1.6487,1.0659
3.31,2.7742
2.6375,2.0681000000000003
1.0366000000000002,1.5002000000000002
2.5519000000000003,1.7999
2.7210000000000005,2.0368
1.268,1.0736
1.9875,1.6329
2.9905,2.3225000000000002
1.2216,1.0976
2.0497,1.8239
2.7009,2.0194
1.0381,1.0746
2.2149,1.6738
2.6665,2.0395
1.2260000000000002,1.1561
1.9978,1.6745
2.7470000000000003,2.0508
1.0951000000000002,1.0529000000000002
2.2077,1.8189
2.7287000000000003,2.016
1.0483,1.0956000000000001
2.3259000000000003,1.7697
2.8342,2.081
1.1048,1.105
2.3045999999999998,1.7644000000000002
2.7121000000000004,2.0141
1.2168,1.124
2.3205,1.7434000000000003
2.7649000000000004,2.0536
1.0787000000000002,1.0697
1.9818000000000002,1.6980000000000002
2.7070000000000003,2.0048000000000004
1.1656000000000002,1.1074000000000002
2.2389,1.7853
2.4948,1.9648
0.9126000000000001,1.0464
2.0617,1.7749000000000001
3.2406,2.1494
1.0723,1.0775000000000001
2.3949000000000003,1.7074000000000003
2.7002,2.1879
0.9582,1.0218
2.3287,1.9179000000000002
2.5928999999999998,2.0482
1.1169,1.0679
2.2182,1.7372
3.2093,2.1933
1.1427,1.159
2.1633,1.7460000000000002
2.6065000000000005,2.1127000000000002
1.3256000000000001,1.1482
2.1518,1.8681
2.4949,1.9769
1.1091,1.0863
2.1365,1.7589000000000001
2.6850000000000005,2.0378000000000003
1.1576000000000002,1.1151000000000002
2.2515,1.7336
2.958,2.0489
1.0856000000000001,1.1928
2.0089,1.7113
2.8160000000000003,2.0601
1.0196,1.0936000000000001
2.1368000000000005,1.7540000000000002
2.6857,2.112
1.1383,1.1121
2.3418,1.7889000000000002
3.0961,2.0998
1.223,1.1102
2.2057,1.7630000000000001
2.5928999999999998,1.9729999999999999
1.2192,1.1116000000000001
2.4015,1.8462
2.6726,2.0466
1.0881,1.0985
2.1589,1.7841
2.833,2.0542
1.0785,1.0835000000000001
2.6055,1.8119000000000003
2.7800000000000002,2.0204000000000004
1.3611,1.0873
2.1994000000000002,1.7882000000000002
2.5231000000000003,1.9923000000000002
2.4563,1.0879
2.032,1.7003000000000001
2.3747,1.9269
1.0643,1.0543
2.3429,1.7562
2.8268,2.1031
1.5984,1.1561
2.3428000000000004,1.9614000000000003
2.6329000000000002,2.0779
0.9598,1.0215
2.4492000000000003,1.7681
2.5714,1.9747000000000003
1.1016000000000001,1.0528
2.5648000000000004,1.7965000000000002
2.7779000000000003,2.0313000000000003
1.0187,1.0239
2.4087,1.7848
2.6012,2.0464
1.0150000000000001,1.0844
3.4185000000000003,2.6710000000000003
2.5078,1.9959
1.2197,1.0951000000000002
2.2111,1.7283000000000002
2.7813,2.0302000000000002
0.9886,1.0367
2.2519000000000005,2.9360000000000004
2.9455,2.1123000000000003
1.0241,1.0379
2.1066000000000003,1.7943000000000002
3.2272000000000003,2.1208
1.1751,1.1562000000000001
2.2361,1.8607
2.7097,2.1415
1.0648,1.0859
2.1015,1.7164000000000001
2.9484000000000004,2.0883
1.0359,1.0205000000000002
2.1483000000000003,1.8728000000000002
2.8757,2.0769
1.059,1.0741
2.2131,1.7447000000000001
2.6554,2.0349999999999997
1.2570000000000001,1.0885
2.6731000000000003,1.7737
3.2140000000000004,2.3438
1.0094,1.0365000000000002
2.2124,1.7332
2.9368000000000003,2.1559
1.0261,1.0407000000000002
2.1892,2.2274
2.5914,1.9539000000000002
1.0713000000000001,1.1011
2.1648,1.7280000000000002
2.5865000000000005,2.0367
1.1264,1.0912000000000002
2.2881,1.799
2.6263,1.9776
1.119,1.0444
2.3426,1.7917
2.9853,2.0527
1.0799,1.0532
2.1146000000000003,1.7791000000000001
2.9218,2.124
1.1293,1.1062
2.1202,2.1311
2.9087,2.1335
1.2781,1.1181
2.0827000000000004,1.715
2.8319,2.0467000000000004
1.1788,1.0808
2.4621,1.8830000000000002
2.5716,2.1589
1.0545,1.123
1.8818000000000001,1.9569
2.7252,2.1744
1.1749,1.0933000000000002
2.2994,1.8483000000000003
2.7331,2.0221
1.1692,1.0921
2.3236000000000003,1.8503
2.6016000000000004,2.0318000000000005
1.3945,1.12
2.2618,1.7844
2.7506000000000004,2.1941
1.0938,1.0815
2.2318,1.9074
3.1129000000000002,2.1062000000000003
1.2845,1.093
2.1784,1.8847000000000003
3.8093000000000004,2.0812
1.1720000000000002,1.0973000000000002
2.2601999999999998,1.7396
2.883,2.032
1.1393,1.0883000000000003
2.0845,1.7303000000000002
3.039,2.0709
1.3055,1.1532
2.3383000000000003,1.7514000000000003
2.4655,1.991
1.0258,1.0613000000000001
2.2804,1.8114000000000001
2.8631,2.1711
1.1257000000000001,1.1036000000000001
2.392,1.8479
2.5640000000000005,1.9998
1.0017,1.0574
2.33,1.7569000000000001
2.9532,2.1539
1.116,1.0984
2.2177,1.7180000000000002
2.6861,2.0643000000000002
1.1829,1.0890000000000002
2.0035000000000003,1.6725
2.8177000000000003,2.0719000000000003
1.1666,1.0593
1.9771000000000003,1.7252
2.8557,2.0217
1.2547000000000001,1.1834
2.3435,1.8116
3.1924,1.9939000000000002
1.0821,1.0639
2.4697,1.6703
2.8602000000000003,2.1197
1.1136,1.1282
2.0902,1.7161000000000002
2.7488,2.1544000000000003
1.0946,1.0541
2.1673,1.8772000000000002
2.6509000000000005,2.1399
0.9657000000000001,1.0297
2.2089000000000003,1.7300000000000002
2.8649,2.0835000000000004
1.3666000000000003,1.3470000000000002
2.2222,1.7991000000000001
3.0382000000000002,2.0711000000000004
1.0817,1.0788
2.4265000000000003,1.7790000000000001
2.8589,2.1349000000000005
1.2932,1.1335000000000002
2.0767,1.7157000000000002
2.9121000000000006,2.1284000000000005
1.1505,1.1132000000000002
2.2455000000000003,1.7213
2.7727000000000004,2.0027
1.2514,1.0865
2.2230000000000003,1.7928000000000002
2.5318000000000005,2.0289
1.1784000000000001,1.0953
2.1866000000000003,2.5138000000000003
2.6661,2.0706
1.2516,1.2986
2.3662,1.8169000000000002
2.6859,2.0436
1.2811000000000001,1.0719
2.4012000000000002,1.8527
2.7321000000000004,1.9998
1.1985000000000001,1.0821
2.1792000000000002,1.7544000000000002
2.4912,2.1141
1.1903000000000001,1.0946
2.5378000000000003,1.8326000000000002
3.0907,2.205
1.2903,1.122
2.0968000000000004,1.7392000000000003
2.9186000000000005,2.0965000000000003
1.1233,1.0962
2.2402,1.7581
2.6116000000000006,2.1442
1.0849,1.0853
2.0886,1.74
2.931,2.9356
1.1933,1.0765
1.9252000000000002,1.6633000000000002
2.6194,2.0243
1.1616,1.2252
2.1678,1.7349
2.6299,2.0610000000000004
1.0806000000000002,1.0688
2.1682,1.697
2.7145,1.9979
1.1422,1.0737
2.1045,1.7498000000000002
2.8475,2.0217
1.1824000000000001,1.1256
2.5307000000000004,1.8208
2.6955,2.0762
1.1307,1.0848000000000002
2.0927000000000002,1.7251
2.3217000000000003,1.971
1.0719,1.0499
2.2719000000000005,1.7972000000000001
2.982,2.0709
1.1169,1.0831
2.6021,1.7699
2.7952000000000004,2.1682
1.1774,1.1186
2.1756,1.7369
2.7433,2.0859000000000005
1.1820000000000002,1.0665000000000002
2.1401000000000003,1.745
2.5085,1.9904000000000002
1.1365,1.1134000000000002
2.1455,1.7451
2.5679000000000003,2.0723
1.0794000000000001,1.0701
1.9915000000000003,1.7155
2.8923,2.1510000000000002
1.3476,1.0608
2.2311,1.7593
2.5814000000000004,1.9696000000000002
1.0482,1.0648
2.1624,2.8776
2.6147,2.0972
1.1159,1.0714000000000001
2.1045,1.6856000000000002
2.7744000000000004,2.0349
1.2456,1.1017000000000001
2.1688,1.7245000000000001
2.8733,2.1054000000000004
0.9954000000000001,1.0404000000000002
2.4095,1.8307000000000002
2.4689,1.9628000000000003
0.9939,1.175
2.3155,1.8013000000000001
4.5208,3.0594
1.0010000000000001,1.0407000000000002
2.0267000000000004,1.7283000000000002
2.6857,2.0624000000000002
1.1389,1.0970000000000002
2.1099,1.7606000000000002
2.8481,2.1176000000000004
1.056,1.0743
2.1791,1.7399000000000002
2.8846000000000003,2.1955
1.1442,1.0635
2.1446,1.8477000000000001
3.0536,2.1312
1.0898,1.1118000000000001
2.3856,1.7691000000000001
2.5431,1.9662
0.9620000000000001,1.0522
1.977,1.77
2.8766,2.0556
1.0917000000000001,1.0631
2.2498,1.8017
2.8859000000000004,2.0664
1.0028000000000001,1.0811
1.9812000000000003,1.6736000000000002
2.5386,2.1539
1.0744,1.0454
2.2081,1.7248
2.6269,2.1214000000000004
1.1448,1.1072
2.2437,1.7654
3.0703,2.0154
1.1511000000000002,1.112
2.2783,1.8049000000000002
3.0502000000000002,2.092
1.103,1.0756000000000001
2.2371000000000003,1.7350000000000003
2.8433,2.0571
0.8792,1.02
2.0914,1.7372
2.6643,2.0219
1.1083,1.1265
1.9628000000000003,1.6760000000000002
2.6222000000000003,1.9986000000000002
1.185,1.0748000000000002
2.5375,1.8689000000000002
2.7657000000000003,2.0345000000000004
1.1137,1.1044000000000003
2.2065,1.7896
2.8782,2.0448000000000004
1.1379000000000001,1.103
2.1841,1.8692000000000002
2.7842000000000002,2.0819
1.2154000000000003,1.1175
2.0555,1.7152
2.9157,2.1091
1.1094,1.0806000000000002
2.2108000000000003,1.7108
3.3058,1.9937000000000002
1.1184,1.059
2.1584,1.747
2.7882000000000002,2.0385
1.039,1.1011
2.1858000000000004,1.7407000000000001
2.8707000000000003,2.3828
1.0484000000000002,1.0807
2.0882,1.7447000000000001
3.0260000000000002,2.0839
1.2558,1.0965
2.2431,1.8113000000000001
2.6574000000000004,2.1574000000000004
1.1086000000000003,1.0886
2.3281,1.8043000000000002
3.0007,2.1338
1.1262,1.0644
2.2761,1.9283000000000001
2.8339000000000003,2.0437000000000003
1.2698000000000003,1.1275
2.1919,1.7394
2.8108,2.0834
0.9681000000000001,1.0456
2.1519,1.6958000000000002
2.8383000000000003,2.0879000000000003
1.2063,1.2027
1.9065000000000003,1.722
3.2342,2.2033
1.11,1.111
2.3864000000000005,1.7409000000000001
2.6437,2.0475000000000003
1.0264,1.1102
2.022,1.8231
2.6020000000000003,2.0113000000000003
0.9862,1.0897000000000001
2.3436,1.7859000000000003
2.9409,2.0947
1.1449,1.0778
2.3813000000000004,1.8404
3.0252,2.1144000000000003
0.9595,1.0681
2.5302000000000002,1.7823000000000002
2.6506000000000003,1.9725000000000004
1.1836000000000002,1.1031000000000002
2.1069999999999998,1.6647
2.9216,2.1024
1.0629000000000002,1.0657
2.0623,1.7517
2.6723000000000003,2.0426
1.1835,1.1228
2.0547,1.776
2.9214,2.1219000000000006
1.1804000000000001,1.1070000000000002
1.9221000000000001,1.7335
2.7825,2.0292
1.1814,1.1602000000000001
2.2548,2.6291
2.6639000000000004,2.0795000000000003
1.2337,1.1307
2.0596,1.7497
2.8712,2.1159
1.2277,1.1749
2.3292,1.8085000000000002
2.7512,2.0731
1.2648000000000001,1.1198
2.1972000000000005,1.7465
2.9949,2.0712
0.9571000000000001,1.0703000000000003
2.3728,1.8305
2.6804,2.0833000000000004
0.9171,1.0985
2.3292,1.8925
2.8919,2.0905000000000005
1.0856999999999999,1.0323
2.3261000000000003,1.7645
2.7074,2.123
1.127,1.0624
2.0730000000000004,1.7672
2.8949000000000003,2.0566
1.1246,1.0990000000000002
2.1627,1.7852000000000001
2.7825,2.0543
1.1396000000000002,1.1267
2.0148,1.733
3.6271000000000004,2.0727
1.2089,1.1719
2.2346000000000004,1.7546
2.8220000000000005,2.0156
1.1369000000000002,1.1302
2.1236,1.7763000000000002
2.7084,2.1526
0.9462,1.0503
2.3167999999999997,1.7565
2.7841000000000005,2.144
0.9772000000000001,1.0814000000000001
3.0009000000000006,1.7874
3.0524000000000004,2.1977
1.0361,1.0496
2.0701,1.7176
2.5054000000000003,1.9922
1.3066,1.1224000000000003
2.0469,1.7072
2.7086,2.0570000000000004
1.1376000000000002,1.1197000000000001
2.2582,1.7447000000000001
2.8095000000000003,2.0795000000000003
1.1731,1.0817
2.1338,1.6926
2.6607000000000003,2.0577
1.0155,1.0638
2.5313000000000003,1.7796
2.9382,2.0853
1.0923,1.0618
2.0646,1.7294
2.7368,2.0618
1.1302,1.0546000000000002
1.6787000000000003,1.7046000000000001
3.0438,2.063
1.1248,1.0832000000000002
2.1731000000000003,1.7034
2.6995,2.0577
1.0883000000000003,1.1892
2.4376,1.7953000000000001
2.6443,2.0592
1.3778,1.08
2.2131,1.7536
2.7565000000000004,2.0262000000000002
1.1756000000000002,1.0834
2.0702000000000003,3.0082000000000004
2.4684000000000004,2.0971
1.1582000000000001,1.0625
2.0640000000000005,1.7578
2.7244,2.0201
1.0741,1.0365000000000002
2.1423,1.7324
2.7921,2.0756
1.0447,1.1108
2.3633,1.7884000000000002
3.0124,2.1456
1.4206,1.2659000000000002
2.305,1.8190000000000002
2.6481,2.0019
1.2573,1.1055000000000001
2.3056,1.7096000000000002
2.5348,2.0458
1.2364000000000002,1.1631
2.0323,2.7872
4.5396,3.2415
1.2697,1.1636000000000002
2.3552,1.7462
2.7561,2.0489
1.0856999999999999,1.1361999999999999
2.2838000000000003,1.7611
2.6578,2.0545000000000004
0.9979000000000001,1.0465000000000002
2.3683,1.7874
2.6727,2.0746
0.9940000000000001,1.2172
2.2714000000000003,1.7391
2.7715,1.9911
1.1189000000000002,1.1031000000000002
2.4332,1.7662000000000002
2.5083,2.0036
1.2796,1.1293
2.0196000000000005,1.6605
2.6608,1.9956
1.1417000000000002,1.0717
2.0486000000000004,1.7226000000000001
2.7454,2.099
2.0553,1.0679
2.1535,1.7258000000000002
2.8794000000000004,2.104
1.0316,1.0396
2.2554000000000003,1.7635
2.7334,2.2627
1.1093000000000002,1.0568000000000002
2.496,2.0186
3.7267,2.0446
1.213,1.1314
2.3414,1.8505000000000003
2.8060000000000005,2.0807
1.1522000000000001,1.0865
2.1828,1.9036000000000002
2.7576,2.0756
1.1686,1.0977000000000001
2.1259,1.7287000000000001
2.7552000000000003,2.0833000000000004
1.0246000000000002,1.9178000000000002
2.1541,1.83
2.9977000000000005,2.0704000000000002
1.2754,1.1365
2.4713000000000003,1.8074000000000001
2.6667,1.9848000000000001
1.0242,1.0361
2.245,1.7976
2.6088,2.0017
1.0981,1.0501
2.1831000000000005,1.7585000000000002
2.6498000000000004,2.1179
1.0436,1.0342
2.029,1.7798000000000003
2.4982,1.9757
1.1784000000000001,1.1366
2.5006,1.7895
2.8191,2.186
1.1622000000000001,1.0898
2.4228,1.7449000000000001
2.4649000000000005,1.9684
1.1113,1.0752000000000002
2.0254000000000003,1.6929
3.0481000000000003,2.1109
1.1054000000000002,1.0596
1.8924,1.6697000000000002
2.7573000000000003,2.0428
1.1666,1.0763
2.0854000000000004,1.7283000000000002
2.8686000000000003,2.2695000000000003
1.0073,1.0991
2.109,1.7792000000000001
2.6175,2.0179
1.2816,1.1361
2.4706,2.7031000000000005
2.7819000000000003,2.0318000000000005
1.1704,1.2356
2.3094,1.8042000000000002
2.5734,2.0195
1.1838,1.0651
2.1637,1.7616
2.9008000000000003,2.0959
1.0099,1.0527000000000002
2.5203,1.7998
2.8655,2.0726
1.1843000000000001,1.0802
3.7382,2.0019
2.9011,2.0693
1.1385,1.1520000000000001
2.1163000000000003,1.76
2.8555,2.1215
1.1208000000000002,1.0677
2.0578000000000003,1.7442
2.5887000000000002,1.9929000000000001
1.0966,1.0791000000000002
2.2313000000000005,1.7438000000000002
2.7462000000000004,3.0862000000000003
0.9115000000000001,1.0647
2.6569000000000003,1.8496000000000001
2.8577000000000004,2.0370000000000004
0.9825,1.2243
2.2339,1.7804000000000002
3.8969000000000005,3.0591000000000004
1.2688000000000001,1.1215000000000002
2.1349000000000005,2.794
2.9663000000000004,2.0660000000000003
1.0989,1.1048
3.2473,2.1862
3.1684,2.1729000000000003
1.2171,1.1053
2.2142,1.7688000000000001
2.6829,2.062
1.0512,1.0975000000000001
2.1766000000000005,1.7691000000000001
2.8175000000000003,1.9866000000000004
1.1637000000000002,1.0847
2.1282,1.7852000000000001
2.7228,2.0689
1.2474,1.1166
2.5676,1.7858
3.2179,2.1256
1.1278,1.1350000000000002
2.0403000000000002,1.7036000000000002
2.7584000000000004,2.0606
1.316,1.0971000000000002
2.1871,1.7415000000000003
2.5565,1.9992
1.2188,1.1078000000000001
2.1119000000000003,1.6993000000000003
2.5193000000000003,2.0087
1.0421,1.0616
2.3109,1.7946000000000002
2.7057,2.0189
1.1475000000000002,1.0783
2.1008000000000004,1.7194
2.8176,2.0926
1.1255,1.094
2.1849,1.8444000000000003
2.8891000000000004,2.0115000000000003
1.1154000000000002,1.0472000000000001
2.4352,1.7752000000000001
2.9138,2.2087
1.0534999999999999,1.044
2.1668,1.7303000000000002
2.7030000000000003,2.5098
1.0354,1.0701
2.1915000000000004,1.6886
3.0446,2.4944
1.1349,1.0829000000000002
2.4081,1.7742
2.5976000000000004,2.0244
1.2078,1.1150000000000002
2.237,1.7321000000000002
2.7960000000000003,2.0357000000000003
1.0463,1.0805
2.2257000000000002,1.7551
2.6939,2.0781
1.0816000000000001,1.0752000000000002
2.7128,1.843
2.7768,2.0654000000000003
1.0797,1.078
2.2335000000000003,1.8353000000000002
2.5498000000000003,2.0036
1.1542,1.1411000000000002
2.1548000000000003,1.6877000000000002
2.7143,2.0362
1.0409,1.0844
2.2239,1.8045000000000002
2.8161,2.0727
0.9591000000000001,1.0686
2.2622000000000004,1.719
2.7333000000000003,2.0969
1.1364,1.0904
2.3192,1.7767000000000002
2.6524,2.0094000000000003
1.0382,1.0683
2.1879,1.7391
2.704,2.045
1.0337,1.0831
2.0237000000000003,1.7264000000000002
2.7877,2.0854000000000004
1.0912000000000002,1.1035000000000001
2.4257000000000004,1.8629
2.5915,1.9989000000000001
1.1031000000000002,1.0493
2.201,1.7638
2.5471,2.1173
1.1275,1.0898
2.357,2.1507
2.9851,2.1557
1.2707,1.101
3.7028,2.7279999999999998
4.1034,3.363
1.0342,1.1070000000000002
2.0958,1.7212000000000003
2.7302000000000004,2.1378
1.1119,1.0812
2.2593,1.8024
3.1277000000000004,2.2065
1.2157,2.7208
2.1497,1.7177000000000002
2.6971,2.0782000000000003
1.0281,1.0225
2.301,1.9201000000000001
2.6443,2.0555
1.1519,1.1185
2.3512000000000004,1.7892000000000001
2.7646,2.0568
1.0788,1.0863
2.2032000000000003,1.7332
2.6795,1.9955000000000003
1.0858,1.0841
2.2674000000000003,1.7844
2.8535,2.0803000000000003
1.0931,1.0903
2.3333,1.7942000000000002
2.5257,2.0100000000000002
1.1219000000000001,1.078
2.1528000000000005,1.7423
2.8566000000000003,2.0461
1.0873,1.0677
2.3218,2.0617
3.0234,2.3045999999999998
1.175,1.0952000000000002
3.0636,1.6862000000000001
2.5734,2.0276
1.2610000000000001,1.1384
1.8741,1.6954
2.6831000000000005,1.9974000000000003
1.0163000000000002,1.0507000000000002
2.0577,2.5702000000000003
2.6911,2.032
1.1509,1.0655000000000001
2.0323,1.7473
2.9348,2.1275
0.933,1.0193
2.1821,1.7225000000000001
3.0827000000000004,2.244
1.1333,1.1202
2.419,1.9084
2.8839,2.1521
1.0933000000000002,1.0596
2.1192,1.778
3.6665,2.0483000000000002
1.0597,1.0652000000000001
2.1756,1.7394
3.0996,2.1511
1.1640000000000001,1.0593
2.3342,1.7184000000000001
2.4712,1.9989999999999999
1.1878000000000002,1.1068
2.3769,1.7901000000000002
2.5502000000000002,2.016
1.2094,1.0886
2.1749,1.7550000000000001
2.8469,2.1555000000000004
1.2137,1.1721000000000001
2.2007000000000003,1.9005
2.9273000000000002,2.1204
1.1524,1.0924
2.362,1.7852000000000001
2.632,2.0276
1.0797,1.0744
2.1526,1.7655
2.8281,2.0547
1.3284,1.1382
2.4154000000000004,1.7508000000000001
2.8002000000000002,2.0653
1.1788,1.1438000000000001
2.2157999999999998,1.7695
2.4887,1.9719
1.1125,1.0746
1.9753,1.6649000000000003
2.7011000000000003,2.0426
1.0547,1.0559
2.0928,1.7576
2.8003000000000005,2.0648000000000004
1.2501,1.1005
2.4939000000000004,2.9544
2.7896,2.1408
1.2103000000000002,1.1403
2.0280000000000005,1.9311
2.6099,2.08
1.1857,1.0995
2.1272,1.9630000000000003
2.6398,1.9896000000000003
1.1923000000000001,1.1128000000000002
2.0075000000000003,1.7109
3.9621000000000004,2.3162
1.0726000000000002,1.0539
2.2034000000000002,2.2846
2.8924000000000003,2.0905000000000005
1.1095,1.0688
2.3988,1.7278
3.0486000000000004,2.0579
1.245,1.0927
2.2960000000000003,1.7516
2.6503,2.0098
1.1519,1.0806000000000002
2.2746000000000004,2.186
2.7389,2.0108
1.1215000000000002,1.0437
2.2772,1.731
3.1135000000000006,2.128
1.3067,1.1061
2.1155000000000004,1.7149
2.3078,1.9798000000000002
1.2863,1.1989
2.3033,2.9096
2.5693,1.9961000000000002
1.1835,1.08
2.4231000000000003,1.8152000000000001
2.8378,2.1971
1.2483000000000002,1.1068
2.2652,1.737
2.5593,2.0078
1.0297,1.0896000000000001
2.1882,2.7647
3.0113000000000003,2.1357
1.2219000000000002,1.0773
2.2691,1.7709000000000001
2.653,1.9943
1.0811,1.0545
1.9804000000000002,1.7408000000000001
2.5221,1.9765
1.1485,1.1051000000000002
2.3514,1.866
2.9532,2.2865
0.9462,1.0339
2.1057,1.8786
3.0769,2.1436
1.1493,1.3108
2.2877,1.7843000000000002
3.0352,2.0638
1.2672,1.1042
2.3013,1.7825
3.1291,2.0793
1.1701000000000001,1.1294
2.2922000000000002,1.778
2.677,2.0977
1.0697,1.0799
2.2997,1.7602000000000002
2.676,1.9672
1.2503,1.1280000000000001
1.997,1.679
2.4984,2.0295
1.0936000000000001,1.0899
2.1825,1.7828000000000002
2.4653,1.9453
1.0302,1.1321
2.2923999999999998,1.7577
2.7981,2.0042000000000004
1.0223,1.0677
2.0082,1.7138000000000002
2.6641,2.0343
1.0052,1.0529000000000002
2.3257,1.7537000000000003
3.0226,2.1129000000000002
1.0776000000000001,1.1126
2.0177000000000005,1.7414
2.8970000000000002,2.4401
1.0217000000000003,1.0751000000000002
2.2989,1.8475000000000001
2.7953,2.0294000000000003
1.0969,1.0662
2.0821,1.9011000000000002
2.8514,2.1475999999999997
1.1971,1.0974000000000002
2.0480000000000005,1.7874
2.7635000000000005,2.1384
1.1498000000000002,1.3485
2.2379000000000002,1.7391
2.6345,2.0645
1.1566,1.0926
2.3151,1.7366000000000001
2.7211000000000003,2.0257
1.2155,1.1526
2.1257,1.7055000000000002
2.6704000000000003,2.0373
1.1817000000000002,1.1103
2.0170000000000003,1.6742000000000001
2.765,2.0367
1.0430000000000001,1.0668000000000002
2.2664,1.7673
2.7289000000000003,2.0765000000000002
0.9719000000000001,1.0952000000000002
2.0587999999999997,1.7807000000000002
2.6993,2.0226
1.2812000000000001,1.1092
1.9613,1.6857
2.7363,2.0708
1.1722,1.0792
1.9798000000000002,1.6956
2.7411000000000003,2.1262
1.1629,1.1452
2.0349,1.7471
2.9235,3.0886000000000005
1.2135000000000002,1.1158000000000001
2.3348,1.8493000000000002
2.4812000000000003,2.3009000000000004
1.1564,1.1445
2.5220000000000002,1.8082
4.5773,2.0979
1.2111,1.1069
2.0633,1.7939000000000003
3.0162,2.1278
1.1615,1.1401000000000001
2.3114000000000003,1.7930000000000001
2.5889,2.0237000000000003
0.9952000000000001,1.0791000000000002
2.1747000000000005,1.7560000000000002
2.7668000000000004,2.1839000000000004
1.1598000000000002,1.1049
2.5053,1.7863000000000002
2.5949000000000004,2.0188
0.9784000000000002,1.0575
2.0639,1.7445000000000002
2.6965,2.0208
1.1672,1.0743
2.0527,1.8193000000000001
2.6757,2.0663
0.9882000000000001,1.0549000000000002
2.1353,1.7932000000000001
2.9638000000000004,3.1121
1.1482,1.102
2.3016,1.7438000000000002
4.8354,2.0820000000000003
1.1400000000000001,1.0747
2.2631,1.8993
2.7070000000000003,2.0263
1.2268000000000001,1.167
2.3160000000000003,1.7352
2.7169,2.1085000000000003
1.2149,1.1094
2.0170000000000003,1.7174
2.6538,2.0289
1.4262000000000001,1.1403999999999999
2.2712000000000003,1.7776
2.8508999999999998,2.127
1.0704,1.0784
1.9899000000000002,1.6814000000000002
2.8718000000000004,2.0286000000000004
1.9169,1.1024
2.3664,1.9221000000000001
2.6615,2.0439
1.0729000000000002,1.1851
2.1451000000000002,1.7283000000000002
2.5549,2.0204000000000004
1.1522000000000001,1.1426
2.0433,1.7185000000000001
2.9136,2.1101
1.3083,1.1138000000000001
2.2313000000000005,1.7187000000000001
2.7983000000000002,2.0085
1.1305,1.0797
2.2633,1.7803
2.5973,2.0075000000000003
1.0553000000000001,1.04
2.1788000000000003,1.7425000000000002
2.6528000000000005,2.0380000000000003
1.0585,1.0296
2.1407000000000003,1.7057
2.7338,2.0919000000000003
1.2284000000000002,1.1197000000000001
2.1698,2.2483
2.8631,2.0162
1.1862000000000001,1.0812
2.4171,1.8062000000000002
2.7794,2.0985
1.1489,1.1022
2.1275,1.7363000000000002
2.8363000000000005,2.0353000000000003
1.1442,2.0961
2.157,1.7778000000000003
2.7365000000000004,2.0672
1.1585,1.1107
2.1055,1.7058000000000002
2.7907,2.058
0.9953,1.1311000000000002
2.0193,1.7125000000000001
2.6484,2.0218000000000003
1.1167,1.0494
2.3497000000000003,1.8138
2.7763,2.0455
1.1265,1.4732
2.2856,1.7425000000000002
2.562,2.0584000000000002
1.0116,1.0521
2.281,1.8291000000000002
2.8613000000000004,2.0288000000000004
1.0339,1.0725
2.0878000000000005,1.7484000000000002
2.6296000000000004,2.1940000000000004
1.1397,1.1378
2.1567000000000003,1.8782000000000003
2.8927,2.0925000000000002
0.9015000000000001,1.0112
2.2397000000000005,1.7329
2.7348000000000003,2.0428
1.2518000000000002,1.1324
1.9174,1.7229
2.7659,2.1198
0.9653,1.0421
2.3040000000000003,1.77
2.7383,2.0633
1.1891,1.1387
1.8751000000000002,1.6794000000000002
2.8897000000000004,2.0586
0.9791000000000001,1.1017000000000001
2.6355000000000004,1.7828000000000002
2.8217000000000003,2.1183
1.1360000000000001,1.1019
2.2463,1.7425000000000002
2.8529000000000004,2.9384
1.1548,1.1193000000000002
2.1989,1.7464000000000002
2.6428000000000003,2.039
1.059,1.057
2.0424,1.7333
2.841,2.0536
1.2389000000000001,1.1358000000000001
2.2526,1.7407000000000001
2.7476000000000003,1.9970999999999999
1.0572000000000001,1.0771000000000002
2.0075000000000003,1.8171000000000002
2.9432,2.0989000000000004
1.0599,1.0681
2.1111000000000004,1.7099000000000002
2.4917000000000002,1.9881
1.1911,1.1122
3.4059000000000004,1.7955
2.87,2.0907
1.1952,1.0872
2.3383000000000003,1.7428000000000001
2.8078,2.1203000000000003
1.0613000000000001,1.0303
2.1991,1.7777
2.652,2.006
1.1481,1.0859
2.2593,1.7368000000000001
2.8511,2.1593000000000004
1.3423,1.3058000000000003
2.1304000000000003,1.7106000000000001
2.7669,2.1341
1.2427,1.08
2.1330000000000005,1.7949000000000002
3.0283,2.1021
1.0659,1.0209000000000001
2.4452000000000003,1.7765000000000002
2.6582000000000003,2.0181999999999998
1.1582000000000001,1.0882
1.8614,1.6676000000000002
2.5268,1.9461000000000002
1.2032,1.1449
2.0196000000000005,1.7032000000000003
2.8830999999999998,2.1097
1.1898,1.0889
2.1189,1.7936
2.6256,2.0268
0.9385000000000001,1.0716
2.0388,1.7259
2.7309,2.0669
0.9983000000000002,1.0527000000000002
2.1845000000000003,1.7432
2.9156000000000004,2.1087000000000002
1.1665,1.07
2.176,1.7611
3.1786000000000003,2.1225
1.0846,1.0658
2.2559000000000005,1.832
2.9341000000000004,2.1137
1.0818,1.0729000000000002
2.1224,1.7248
2.7936,2.1666000000000003
1.0572000000000001,1.0993000000000002
2.3223000000000003,1.8389
2.9628,2.172
1.2133,1.1250000000000002
2.1024,1.7253
2.7886,2.0368
1.0037000000000003,1.0622
2.1004,1.7004000000000001
2.5338000000000003,1.9882000000000002
1.0272000000000001,1.0522
2.3075,1.8461
2.9205000000000005,2.0535
1.278,1.1484
2.2426,1.7582000000000002
2.5686000000000004,2.0504
1.0943,1.0579
2.2704,1.7322000000000002
2.7134000000000005,2.0868
0.9740000000000001,1.0553000000000001
2.3323,2.3669000000000002
2.9229,2.0532000000000004
1.1055000000000001,1.1212000000000002
2.3686000000000003,1.8828
2.8789000000000002,2.2136
1.0832000000000002,1.0675000000000001
2.5784000000000002,1.8708000000000002
2.3825000000000003,2.0387
1.1501000000000001,1.1356000000000002
2.1249000000000002,1.7342000000000002
2.908,2.0606999999999998
1.1620000000000001,1.1048
2.2382999999999997,1.7292
2.5676,1.9829
1.0936000000000001,1.0504000000000002
2.3573,1.8865
3.0923000000000003,2.0593
1.1174000000000002,1.1403
2.3345000000000002,1.8017
3.0041,2.1252000000000004
1.1754,1.0630000000000002
2.0142,1.7278
2.7829,3.1983
1.0887000000000002,1.1278
1.8619,1.6689
3.0723000000000003,2.0146
1.101,1.057
2.0328,2.9924
2.7273,2.0575
1.0387,1.1221
1.9757,1.7132
3.1516,2.1297
1.1898,1.0932000000000002
2.2513000000000005,1.8086
2.4952000000000005,1.9698000000000002
1.4497000000000002,1.0534000000000001
2.1281,1.7933000000000001
2.5224,1.9326
1.1032000000000002,1.0883000000000003
2.1339,1.7274
2.7359000000000004,2.0663
1.1717000000000002,1.0893000000000002
2.0279,1.722
2.6786000000000003,2.0268
0.9530000000000001,1.1626
2.3701,1.8453
2.7829,1.9766000000000001
1.0646,1.0704
1.8489000000000002,1.7091
3.0012000000000003,2.0487
1.0544,1.0851000000000002
2.0888,1.7157000000000002
2.8232,2.0365
1.2266,1.1324
2.2683,1.7816
2.9456,2.0328
1.0688,1.0502
1.9078000000000002,1.6636000000000002
2.9983,2.0455
0.998,1.1066
2.2494,2.5609
3.1336000000000004,2.0468
1.0970000000000002,1.0453000000000001
2.3586,1.8094000000000001
2.6950000000000003,2.0429000000000004
1.1828,1.0959
2.1964,1.6931
2.6957,2.0107000000000004
1.2499000000000002,1.1454
2.1903,1.7452
2.7222,2.04
1.2618,1.1471
2.2300000000000004,1.7386000000000001
2.6692,2.0101000000000004
1.0424,1.0794000000000001
2.0019,1.6808
2.7026000000000003,2.0533
1.1369000000000002,1.0963
2.1682,1.7964
2.686,2.1510000000000002
1.1809,1.1559000000000001
2.0545000000000004,1.747
2.6353,2.0324
1.0157,1.0949
2.2205000000000004,1.7165000000000001
3.4457000000000004,2.0408
1.0266000000000002,1.09
2.2347,1.7782000000000002
3.0034,2.0128
1.1464,1.0841
2.0082,1.8142000000000003
2.6819,2.0129
1.0733000000000001,1.1129
2.1585,1.7475
2.7257000000000002,2.0578000000000003
0.9517000000000001,1.0248
2.0967,1.7276000000000002
2.6885000000000003,2.1132
2.1336000000000004,1.0838
2.1217,1.8565
2.9704,2.0973
1.1589,1.0957000000000001
2.8744,1.7768
2.7922000000000002,2.0589000000000004
1.0939,1.0955000000000001
2.1294,1.7101000000000002
2.8651,2.068
1.0867000000000002,1.078
2.2946,2.7235
2.9450000000000003,2.0848
1.1804000000000001,1.1221
2.2005000000000003,1.7195
2.765,2.0401
1.2972000000000001,1.1021
2.1353,1.8223000000000003
2.6503,2.0413
1.0084,1.0582
2.0352,1.7271
2.7946000000000004,2.1581
1.1801000000000001,1.0945
2.1047000000000002,1.7491
2.9128000000000003,2.1004
1.0975000000000001,1.0585
2.2656,1.7720000000000002
2.6327,2.6039000000000003
1.1818,1.1046
2.0755,1.7305000000000001
2.7304,0.1332
1.2092,1.1192000000000002
2.0983,1.7765000000000002
2.5995000000000004,1.9913
1.0553000000000001,1.0747
2.4782,1.7846000000000002
2.6627,2.1028000000000002
1.163,1.1812
2.12,1.9249000000000003
2.9836000000000005,2.1264000000000003
1.1751,1.1161
2.3116,1.7335
2.6206000000000005,2.0340000000000003
1.1241,1.119
2.1795,1.7440000000000002
2.6112,2.0116
1.1265,1.1161
2.1601000000000004,1.7590000000000001
2.6942000000000004,2.042
1.3615000000000002,1.1594000000000002
2.3789000000000002,1.7778000000000003
3.1586000000000003,2.0909
1.1558,1.0789
2.3859000000000004,1.7360000000000002
2.794,2.0299000000000005
1.1276000000000002,1.0812
2.0528,1.7469000000000001
2.8388000000000004,2.1047000000000002
1.3142000000000003,1.1488000000000003
2.0887000000000002,1.7085000000000001
2.7702,2.0518000000000005
1.2657,1.1371
2.2023,1.7689000000000001
2.8507000000000002,2.1049
1.179,1.0665000000000002
2.2817000000000003,1.7463000000000002
3.0115000000000003,2.0699
1.0956000000000001,1.0731
2.31,1.7644000000000002
2.7784000000000004,2.1149000000000004
1.1096000000000001,1.0632000000000001
2.0872,1.7392000000000003
2.6901,2.0887000000000002
0.9858,1.0403
2.0506,1.743
2.3181,1.9825000000000004
1.0737999999999999,1.0881
2.313,1.7843000000000002
2.3694,1.9821000000000002
1.3345000000000002,1.1273000000000002
2.0319000000000003,1.7178
2.9805,2.0799
1.1596,1.059
2.2616000000000005,1.7585000000000002
2.7898,2.0659
1.2651000000000001,1.1483
2.3808000000000002,1.7991000000000001
2.5782000000000003,1.9665
1.1673,1.0713000000000001
2.2577000000000003,1.7611
2.9193000000000002,2.0617
1.1949,1.1209
2.0411,1.7257000000000002
2.5208,2.0178000000000003
1.1497,1.1036000000000001
2.1979,1.7417
2.5957000000000003,2.0352
1.0064,1.0584000000000002
2.3205,1.7965000000000002
2.9286000000000003,2.0679000000000003
1.1392000000000002,1.0952000000000002
2.1763,1.7177000000000002
2.7527000000000004,2.078
2.1496000000000004,1.0971000000000002
2.3855,1.8097
2.7379000000000002,2.0243
0.9099,1.0370000000000001
1.9103,1.6962000000000002
2.4896000000000003,2.0235000000000003
1.0995,1.07
1.8767,1.7196000000000002
2.7268000000000003,2.0377
1.0319,1.0712
2.1923000000000004,1.7315000000000003
2.811,2.1507
1.0199,1.1419000000000001
2.4689,1.9935
2.8013,2.0540000000000003
1.0309,1.0769
2.0056000000000003,1.7242000000000002
2.8479,2.1978
1.0981,1.0674000000000001
2.0471,1.7545000000000002
2.8017000000000003,2.4527000000000005
1.1280000000000001,1.0959999999999999
2.4559,1.7536
2.5703,1.9789
1.0111,1.1232
2.1415,1.7382
2.9807,2.0392
1.0484000000000002,1.0835000000000001
2.069,1.7154000000000003
2.4404,2.0224
1.2651000000000001,1.0515
2.2695000000000003,1.7704000000000002
2.6224,2.0246999999999997
1.2573,1.1146
2.3112000000000004,1.8310000000000002
2.6207000000000003,1.9989999999999999
1.2137,1.1796
2.2073,1.7227000000000001
2.9123,2.1436
1.1656000000000002,1.0772000000000002
2.2012,1.762
2.5946000000000002,1.9768
1.1299000000000001,1.0759
2.4024,1.7670000000000001
3.0714,2.0804
1.206,1.1317
2.3505000000000003,1.9520000000000002
2.6969000000000003,2.0411
0.9911,1.0599
2.0844,1.7061000000000002
2.867,2.0236
1.0632000000000001,1.1094
2.2071,1.6971
2.5229000000000004,1.9566000000000001
1.0894000000000001,1.0889
1.7934,1.6371
2.6224,1.9732
0.9585,1.0582
2.1805000000000003,1.8152000000000001
2.8243,2.0593
1.1838,1.1061
2.1510000000000002,1.7032000000000003
2.7294000000000005,2.0443000000000002
1.1439,1.0939
2.1216,1.7615
2.7912000000000003,2.0678
1.2004000000000001,1.0952000000000002
2.1005,1.7372
2.5208,2.0135
1.1437000000000002,1.1792
2.1293,1.7416
2.4901000000000004,2.0096000000000003
1.1585,1.0810000000000002
1.9464000000000001,1.7193000000000003
2.7933000000000003,2.0572
1.0303,1.0501
2.0970000000000004,1.7185000000000001
2.6200000000000006,1.9859
1.1373000000000002,1.0735000000000001
2.3713,1.7716
3.6077000000000004,2.1365
1.1403,1.1078000000000001
2.491,1.8995000000000002
2.8549,2.0549
1.1287,1.0594000000000001
2.3236000000000003,1.7544000000000002
3.1645000000000003,2.1031
1.0854000000000001,1.0652000000000001
2.1119000000000003,1.7289
4.2986,2.04
1.1423,1.1268
2.6021,1.7280000000000002
2.8545000000000003,2.0997
1.1607,1.0690000000000002
2.9638000000000004,1.8044
2.653,2.0906000000000002
1.0679,1.0658
2.3069,1.7898
2.8683,2.1133
1.0665000000000002,1.0527000000000002
2.4177,1.8313000000000001
2.5839,2.0309
1.0614000000000001,1.1004
2.0268,1.7071
2.5939,1.9995
1.1366,1.1553000000000002
2.3925,1.7810000000000001
2.7743,2.0311
1.1564,1.1287
2.2008,1.7703
2.6906,1.9968
1.0875000000000001,1.0957000000000001
2.212,1.9391
2.8461000000000003,3.0349
1.1166,1.0588000000000002
2.163,1.7476000000000003
2.7205000000000004,2.0674
1.1911,1.1135000000000002
2.0104,1.7261000000000002
2.8651,2.587
1.3021,1.1864
2.1935000000000002,1.8494000000000002
2.712,2.0023000000000004
1.0614000000000001,1.0735000000000001
2.0302000000000002,1.7259
2.6457,2.6086
1.0150000000000001,1.0391000000000001
2.2704999999999997,1.7493
2.7972,2.0205
1.1786,1.0788
2.1517000000000004,1.8846000000000003
2.7978,2.2815000000000003
1.1776,1.098
2.3047000000000004,1.7662000000000002
2.8944,2.2217000000000002
1.0113,1.0507000000000002
2.1108,1.7835
2.9817000000000005,2.1443
1.0339,1.0466
2.0839,1.7132
2.5404,1.9701000000000002
1.1260000000000001,1.0753000000000001
2.1843000000000004,1.7539
2.7131,2.0371
1.1828,1.0806000000000002
2.2718,1.7976
2.7221,2.1952
1.0448,1.0462000000000002
2.0756,2.4989
2.6092000000000004,2.011
1.2175,1.0973000000000002
2.2568,1.7274
5.9103,2.1379
1.1842000000000001,1.0906000000000002
2.1632000000000002,1.7373000000000003
2.9112,2.241
1.1437000000000002,1.0953
2.3061000000000003,1.7386000000000001
2.5964,2.0315000000000003
1.1783000000000001,1.0938
2.0660000000000003,1.6704
2.7050000000000005,2.0540000000000003
1.1175,1.095
2.2256000000000005,1.8944
2.7822000000000005,2.033
1.0258,1.0855000000000001
2.1619,1.7257000000000002
2.8619000000000003,2.0627000000000004
1.2082,1.1397
2.2070000000000003,1.7369
2.6149000000000004,2.0311
1.105,1.0643
2.3606,1.7735
2.5742,2.1217
1.1969,1.1247
2.1921000000000004,1.7309
2.7331,2.0480000000000005
0.9276000000000001,1.0575
2.2062000000000004,2.5437000000000003
2.6397,2.0397000000000003
1.2427,1.1081
2.1902000000000004,1.7174
2.7429000000000006,2.0545000000000004
1.0323,1.0515999999999999
2.0978,1.7307000000000001
2.8847,2.0589000000000004
1.1448,1.0963
2.2997,1.7634
3.0405,3.0091
1.1786,1.1067000000000002
2.0052,1.7535
2.9346,2.0708
1.1812,1.4652
1.9622000000000004,1.7422000000000002
2.7732,2.0328
1.1998,1.094
2.2186000000000003,1.7509000000000001
2.636,2.0759000000000003
1.1694000000000002,1.0879
2.3349,1.7864
2.7632000000000003,2.2063
1.1711,1.09
2.1592000000000002,1.7192
4.0437,2.1308
1.0005000000000002,1.0442
2.1134,1.7357000000000002
2.6145,1.9793000000000003
1.1246,1.0763
2.4861000000000004,1.7879
2.9209,2.0899
1.0204,1.0775000000000001
2.1571000000000002,1.7451
2.8089,2.1568
1.6734,1.1209
2.1367000000000003,1.7513
2.9084000000000003,2.0299000000000005
1.1367,1.1106
2.0517,2.5725000000000002
2.8516000000000004,2.0898000000000003
1.1832,1.1537000000000002
2.1391999999999998,1.7335
3.0335,2.1172
1.0526000000000002,1.0457
2.3624,1.9251
2.8316,2.0465
1.0783,1.0903
2.2381,1.7001000000000002
2.4856000000000003,1.9721
1.1158000000000001,2.1904000000000003
2.117,2.6803
2.3662,1.9696000000000002
1.0752000000000002,1.0439000000000003
2.06,1.7027
2.7712000000000003,2.1107
1.1326,1.1211
2.1172,1.734
2.7384000000000004,2.0080000000000005
1.1547,1.1197000000000001
2.2667,1.7428000000000001
2.8382000000000005,2.0633
1.0517,1.0718
2.1346,1.8748
2.9534000000000002,2.0387
1.0957000000000001,1.1304
2.1366,1.7725000000000002
3.8988000000000005,2.0633
1.1046,1.0563
2.2063,1.7446
2.9552000000000005,2.0552
1.0933000000000002,1.1446000000000003
1.9719,1.6993000000000003
2.7799,2.0138000000000003
1.2648000000000001,1.1073000000000002
2.1260000000000003,1.6697000000000002
2.7142000000000004,2.0897
1.2439,1.1276000000000002
2.2488,1.7482000000000002
3.1151,3.0177000000000005
1.1597,1.1031000000000002
2.1845000000000003,1.7935
2.6225,2.0478
1.1711,1.1150000000000002
2.1472,2.8176
2.9967,2.0587
0.9747000000000001,1.0701
2.3121,1.7777
2.7340000000000004,2.0038
1.0192,1.0473999999999999
2.1406000000000005,1.7221
2.712,2.0609
1.0967000000000002,1.0748000000000002
1.9315,1.722
2.8120000000000003,2.0531
1.151,1.0629000000000002
2.257,1.8046000000000002
2.7204,2.1093
2.1808,1.0993000000000002
2.2405000000000004,1.7975
2.8518000000000003,2.0498
1.1075,1.0686
2.4047,1.8269
2.974,2.1631000000000005
1.1422,1.0636
2.2757000000000005,1.7357000000000002
2.8415000000000004,1.9994
0.9972000000000002,1.0396
2.1576,1.7477
2.6331,2.0226
1.5964000000000003,1.0879
2.1293,1.7245000000000001
2.9018000000000006,2.0855
1.1456000000000002,1.1142
2.0732000000000004,1.7585000000000002
2.6321,1.9822
1.1619,1.1280000000000001
2.2219,1.7345000000000002
2.7408,2.0348
1.2484,1.1446000000000003
2.4012000000000002,1.8723
4.2520999999999995,2.1172
1.179,1.1278
2.3708,1.7553
2.4938,1.9908000000000001
1.1936000000000002,1.1300000000000001
2.0802,1.7253
2.7866,2.0372000000000003
1.1742000000000001,1.0957000000000001
2.2566,1.7303000000000002
2.9309000000000003,2.0746
0.9669,1.9114000000000002
2.0947999999999998,1.7200000000000002
2.8754,2.0581
1.1038000000000001,1.0893000000000002
2.4023,1.9969000000000003
2.591,2.0313000000000003
1.3434,1.1078000000000001
2.3030000000000004,1.7631000000000001
2.5334000000000003,2.0461
0.9738,1.084
2.1126,1.7503000000000002
2.6451000000000002,2.0272
1.1112000000000002,1.1877
2.363,1.8106000000000002
2.6614,2.1022000000000003
1.2762000000000002,1.1361
2.3369000000000004,1.7467000000000001
2.7904,2.1163000000000003
1.2231,1.0729000000000002
1.9503000000000001,1.7409000000000001
2.8891000000000004,2.1813000000000002
1.0325,1.0611000000000002
2.1864000000000003,1.8851
2.54,1.9922
1.0402,1.0561
1.9802000000000002,1.7172
4.4245,3.0719000000000003
2.0194,1.1068
2.3301000000000003,1.7475
2.5271,2.0425
1.2056,1.1216000000000002
1.9720000000000002,1.7139000000000002
2.6951,3.0618000000000003
1.1744999999999999,1.0764000000000002
2.1461,1.7533
2.3603,1.9899000000000002
1.1026,1.0767
2.2958000000000003,1.7682000000000002
2.8506,2.1132
1.0161,1.0582
2.1142000000000003,1.8097
2.9293,2.0496
1.1254000000000002,1.1263
1.938,2.536
2.8564000000000003,2.0018000000000002
1.1243,1.0501
2.4024,1.8103000000000002
2.9647,2.0839
1.0975000000000001,1.0639
2.6391999999999998,1.7456
2.984,2.0716
1.1331000000000002,1.1194
1.8305,1.6388000000000003
2.7409,2.0214
1.0932000000000002,1.0943
2.4495000000000005,1.7640000000000002
3.0693,2.0803000000000003
1.0718,1.0723
2.087,1.7251
2.8970000000000002,2.1101
1.2078,1.0990000000000002
2.251,1.7296000000000002
2.8181,2.0595000000000003
1.1679000000000002,1.1237000000000001
2.4525,1.8071000000000002
2.6173,2.0338000000000003
1.0333,1.1093000000000002
2.0312,2.1405
2.6179,2.0931
1.1351,1.0829000000000002
2.2234,1.7509000000000001
2.6657,2.0523
1.2162000000000002,1.0955000000000001
2.2669,1.8194000000000001
2.8927,2.1879
1.1892,1.1008
2.2173000000000003,1.8029000000000002
3.1617,2.0822000000000003
0.9659000000000001,1.0852000000000002
2.1922,1.8018
3.089,2.0861
1.1072,1.093
2.2546000000000004,1.7241000000000002
2.535,1.9872
1.2493,1.1536
1.8277,1.6452
2.9354000000000005,2.0777
1.2829,1.1413
2.2718,1.7308
2.7504,2.0837
1.0198,1.0659
2.2416000000000005,1.7306000000000001
2.9447,2.0799
1.0829000000000002,1.0495
2.2606,1.7294
2.5368,2.0458
1.0915,1.0999
2.2635000000000005,1.7547000000000001
2.9497,2.0753
1.0796000000000001,1.0439000000000003
2.069,1.7882000000000002
3.0412,2.3475
1.0309,1.0404000000000002
2.124,1.87
2.9664,2.1237
1.3205,1.1800000000000002
2.1859,1.7480000000000002
2.6339,2.0554
1.2608000000000001,1.0944
2.4289000000000005,1.7534
2.4939000000000004,2.0073
1.1116000000000001,1.0803
2.2947,1.7869000000000002
2.6944,2.1026000000000002
0.9999,1.0748000000000002
2.1031,1.7424000000000002
2.7971000000000004,2.0348
1.2201,1.1356000000000002
2.3285000000000005,1.8750000000000002
2.8221000000000003,2.055
1.0809000000000002,1.0677
2.4555000000000002,1.7930000000000001
2.6333,2.0318000000000005
0.987,1.0240000000000002
2.062,1.7151
3.0109000000000004,2.0758
0.9848000000000001,1.1501000000000001
2.1986000000000003,2.0289
2.7467,2.076
0.973,1.0469000000000002
2.2704,1.8007000000000002
2.9295000000000004,2.1237
1.0438,1.0786
1.9812000000000003,1.7132
2.7515,2.2872
1.2747000000000002,1.1369000000000002
2.1385,1.8657000000000001
2.6838,2.0306
1.2326000000000001,1.1161
2.4139,1.7974
2.6527,2.0301
1.1712,1.1181
2.1171,1.6992
2.4684000000000004,1.9552000000000003
1.0799,1.0712
2.4741000000000004,1.8286
2.9619000000000004,2.1486
0.9209,1.0136
2.2069,1.7274
2.6176000000000004,2.0301
1.0385000000000002,1.0509
2.3547,1.9044
2.7697000000000003,2.0533
1.0048000000000001,1.0371
2.3353,1.7698000000000003
2.6495,2.0325
1.131,1.0606
2.0667000000000004,1.7165000000000001
2.4788,1.9707000000000001
1.1365,1.1109000000000002
2.0867,1.7422000000000002
2.7866,2.0457
1.0916000000000001,1.0818
2.5003,1.7910000000000001
2.5752,2.0538000000000003
1.2517,1.1505
2.0207,1.9200000000000002
2.7036000000000002,2.0527
1.0212,1.0379
2.1100000000000003,1.9381000000000002
2.7984000000000004,2.0553
1.0992,1.0711
2.1647000000000003,1.8268000000000002
3.0450000000000004,2.1665
1.1559000000000001,1.1249
2.3132,1.872
2.7927000000000004,2.2191000000000005
1.2448000000000001,1.1191
2.1096,1.8316000000000001
2.5947999999999998,2.0500000000000003
1.1169,1.0422
2.0635000000000003,1.7114
2.9083000000000006,2.1004
0.9131,1.0042
2.1094,1.7952000000000001
2.6008000000000004,2.6139
1.0023,1.0745000000000002
2.1485000000000003,1.7651000000000001
2.7645,2.0911000000000004
1.1244,1.1035000000000001
2.3303,1.7731000000000001
2.6122,2.027
1.1522999999999999,1.1556000000000002
2.2793,1.7606000000000002
2.876,2.0292
1.1339,1.1025
2.2861000000000002,1.7954
2.7642,2.087
1.1762000000000001,1.0706000000000002
2.2566,1.7474
2.6284000000000005,2.0700000000000003
1.0851000000000002,1.0489
2.2165000000000004,1.8175000000000001
2.5421000000000005,1.9462000000000002
1.1303,1.0808
2.1791,1.84
2.8224,2.15
1.2212,1.1415000000000002
2.3582,1.8152000000000001
2.8019,2.0231000000000003
1.2825,1.1227
2.2962,1.7165000000000001
2.8468,2.0684
1.0443,1.0609
2.084,1.6990000000000003
2.4302,1.9963000000000004
1.2636,1.1314
2.1045,1.7355
2.632,1.9669
0.9953,1.0344
2.1147,1.7510000000000001
3.216,2.1379
1.2456,1.2594
2.2239,1.7838
2.4289000000000005,1.9854
1.0995,1.1048
2.3195,1.7789000000000001
2.5945,2.0239
1.0459,1.05
2.2345,1.701
2.5893,1.9928000000000003
1.1653,1.1246
3.2442,2.5387
2.9264,2.0802
1.1991,1.0834
2.1042,1.7035000000000002
2.7988,2.0579
1.2246000000000001,1.1092
1.9875,1.7186000000000001
2.5357000000000003,1.9948000000000001
1.0833000000000002,1.0816000000000001
2.1024,1.6921000000000002
2.9218,2.0309
1.1227,1.0806000000000002
2.1605000000000003,1.8607
2.8946,2.1414000000000004
1.1991,1.093
2.1196,1.7621000000000002
2.6622,2.1574000000000004
1.3169000000000002,1.1531
2.2915,1.8109
2.722,2.0762
1.2168,1.0947
2.3819000000000004,1.8509000000000002
2.6762,2.0432
1.0264,1.0652000000000001
2.4322000000000004,1.7819
2.811,2.0246999999999997
1.1489,1.0787000000000002
1.9835,1.7283000000000002
3.0091,2.1207000000000003
1.08,1.0584000000000002
2.1816,1.7621000000000002
2.9088,2.0707
1.1436,1.1149
2.971,1.7196000000000002
3.0164000000000004,2.0832
1.1027,1.0454
2.3171000000000004,1.8198
2.8332,2.0354
1.2468000000000001,1.0997000000000001
1.9047,1.6940000000000002
2.6677000000000004,2.0103
1.0655000000000001,1.1037
1.9392,2.7198
2.6978,2.0794
1.1716,1.0838
1.9407,1.7164000000000001
2.5262000000000002,2.0235000000000003
1.0205000000000002,1.0718
1.9219,1.7711000000000001
2.6650000000000005,2.0108
1.2857,1.1597
2.047,1.6938
2.7272000000000003,7.8914
1.0068,1.0779
2.3225000000000002,2.0663
2.6617,2.0226
1.0634000000000001,1.0582
1.9845000000000002,1.6785
2.5534000000000003,2.0868
1.2920000000000003,1.3532000000000002
2.1587,1.9591999999999998
2.7505,1.9607999999999999
1.0507000000000002,1.0291000000000001
1.9403000000000001,1.6547
2.6402,2.0835000000000004
1.0661000000000003,1.1153
2.3002000000000002,1.7595000000000003
2.8589,2.0632
1.1653,1.1025
2.9838,1.7480000000000002
2.5283,2.006
1.0771000000000002,1.0816000000000001
2.007,1.7037
2.8676,2.0427
1.2264000000000002,1.1679000000000002
2.0463,2.7808
2.836,2.027
1.1363,1.1135000000000002
2.0792,1.6942000000000002
2.6975000000000002,2.6192
0.9322000000000001,1.0444
2.1591,1.9020000000000001
2.4011,2.0888
1.2037,1.1455
2.2056000000000004,1.8493000000000002
2.8004000000000002,3.1220000000000003
1.2246000000000001,1.0972
2.2184,1.724
2.6848,2.0084
1.1065,1.0985
2.3717,1.7385
2.4991000000000003,2.1119000000000003
1.1334000000000002,1.0526000000000002
2.143,1.8027000000000002
2.9789,2.1374000000000004
1.2014,1.0823
2.2685,1.7653
2.9242,2.0681000000000003
1.059,1.1285
2.1175,1.7171
2.4401,1.9774000000000003
1.1543,1.0657
3.5129,2.8571
3.0094000000000003,2.092
1.0413,1.0579
2.2123,1.8860000000000001
2.7368,2.0743000000000005
1.1191,1.0753000000000001
2.3247000000000004,1.8175000000000001
2.7293,2.0702000000000003
0.9975999999999999,1.0495
2.4098,1.7744000000000002
2.4217,1.9405000000000001
1.3013000000000001,1.1461999999999999
2.2057,2.7920000000000003
2.6472,2.0688
1.2231,1.0904
2.1935000000000002,1.7327000000000001
3.7188000000000003,2.0351000000000004
1.2282,1.1423
2.5943000000000005,1.7627000000000002
2.9567,2.0863
1.1107,1.0787000000000002
2.7679,2.9117
2.6963,2.0818
1.0513000000000001,1.0671000000000002
2.2116000000000002,2.9413
2.6829,2.0215
0.9366000000000001,1.0206
2.301,1.7884000000000002
2.9644000000000004,2.0385
0.9933000000000002,1.0735000000000001
2.3498,1.8550000000000002
3.4938000000000002,2.0552
1.1017000000000001,1.137
2.2515,1.8255000000000001
2.6401000000000003,1.9805000000000001
1.0698,1.1013000000000002
2.1463,1.6843000000000001
2.7817000000000003,2.0243
1.2027,1.1043
2.0465,1.6713000000000002
2.9297000000000004,2.0513000000000003
1.1537000000000002,1.0754
2.1712000000000002,1.9180000000000001
2.8962000000000003,1.9888000000000001
1.1233,1.0907
1.9788000000000001,1.7189
2.8688000000000002,2.1035000000000004
1.3290000000000002,1.1965000000000001
2.789,1.7109
2.4596999999999998,2.0081
1.2083000000000002,1.1376000000000002
2.1096,1.6782000000000001
2.8545000000000003,2.0504
1.1488000000000003,1.221
2.1433000000000004,2.0825
2.6837000000000004,2.0424
1.049,1.0710000000000002
1.9641000000000004,1.7252
2.7209,2.0087
1.0784,1.0646
2.2526,1.7718
2.5435000000000003,2.1022000000000003
1.0651,1.0606
2.2515,1.7268000000000001
2.8298000000000005,2.0647
1.0959999999999999,1.0837
2.0686000000000004,1.8755000000000002
2.7056000000000004,2.0585
1.1424,1.0771000000000002
2.0255,1.7352
3.0586,2.1066000000000003
1.2983,1.1709
4.189100000000001,1.8109
2.5042000000000004,2.0183000000000004
1.0711,1.1045
2.0382,1.7319000000000002
2.6313,2.0776000000000003
1.1386,1.1966
2.1452000000000004,1.747
2.5954,2.0242000000000004
1.2117,1.1024
2.3508,1.7987000000000002
2.7094000000000005,2.0567
1.0043,1.0833000000000002
2.3023000000000002,1.8907
2.6672000000000002,2.0241000000000002
1.2019000000000002,1.1274
2.5266,1.7479000000000002
2.9199,2.0882
1.0165,1.066
2.0679000000000003,1.6922000000000001
2.3765,2.0107000000000004
1.1580000000000001,1.0732000000000002
2.3269,1.7666000000000002
2.5922,1.9843
1.1552,1.1269
2.0827000000000004,1.7319000000000002
2.9957,2.1913
1.0417,1.1408
2.1498000000000004,1.7765000000000002
3.1020000000000003,2.0501
1.1452,1.1423
2.3014,2.3971
3.2324,2.0117
1.8928,1.6035000000000001
2.2180000000000004,1.7345000000000002
2.7653,2.0165
1.2565,1.1053
2.2995000000000005,1.9067
2.7183,2.0974
1.2142000000000002,1.1087
2.4426,1.7611
2.6783,2.0136
1.0224000000000002,1.0843
2.1555000000000004,1.7907000000000002
2.8173,2.0358
1.0897000000000001,1.0582
2.1862,1.7296000000000002
2.531,1.9777000000000002
1.0797,1.0342
2.1906,1.7849000000000002
2.7101,2.199
0.9972000000000002,1.0368
2.2527000000000004,1.804
2.8775000000000004,2.4638000000000004
1.0055,1.09
2.2809000000000004,1.8423
4.884,2.0403000000000002
1.0995,1.0794000000000001
2.0862000000000003,1.8402000000000003
2.7436000000000003,2.0437000000000003
0.9947,1.0885
2.4045,3.0846000000000005
2.8111,2.0540000000000003
1.1227,1.0912000000000002
2.0749,1.7472
2.6689000000000003,2.0336
1.2454,1.1643000000000001
2.0757000000000003,1.7644000000000002
2.5999,2.0538000000000003
1.3002,1.1051000000000002
1.9966000000000004,1.7079
2.744,2.0835000000000004
1.1192000000000002,1.1154000000000002
2.1655,2.5743000000000005
2.9947000000000004,2.1808
0.9736,1.0419
2.5714,1.8147
2.8183000000000002,2.1131
0.9263,1.0482
2.2667,1.8963
2.8706,2.1319
1.2587000000000002,1.1452
2.2008,1.7462
2.8201000000000005,2.0345000000000004
1.2461,1.1151000000000002
2.2788,1.7636
2.6642,2.0379
1.1150000000000002,1.0944
2.0734,1.7408000000000001
2.8102,2.0493
1.1022,1.0992
2.1419,1.7076
2.9869000000000003,2.1944
1.0475,1.1005
2.0975,1.7428000000000001
2.9094,2.0254000000000003
1.1128000000000002,1.3198
2.1895000000000002,1.7481
2.4552,2.6256
0.9913000000000001,1.5325
2.3706,1.7203000000000002
2.9764,2.0648000000000004
1.2316,1.1189000000000002
2.2283000000000004,1.7524000000000002
2.6560000000000006,1.9732
1.0443,1.1025
1.9926000000000001,1.7192
2.7089000000000003,2.0415
1.112,1.0406
2.3533,1.7644000000000002
2.5373,2.0128
1.038,1.0967000000000002
2.2103,2.024
2.8592,2.051
1.2041,1.1144
2.0064,1.7915
2.9724,2.1778
1.2399000000000002,1.1218000000000001
2.0869,1.8205
2.7403000000000004,2.0238
1.2121,1.1379000000000001
2.0835000000000004,1.7201
2.4766000000000004,1.9779000000000002
1.0179,1.0762
2.2295000000000003,1.7667000000000002
2.7054,2.0701
1.1701000000000001,1.1017000000000001
2.2706000000000004,1.9265
2.7241,2.1223
1.2044,1.0969
2.219,1.7657
2.5271,1.9372
1.1163,1.0672000000000001
2.1111000000000004,1.7367000000000001
2.6287000000000003,1.9909000000000003
1.5617,1.5497
2.2308000000000003,2.6028000000000002
2.8843,3.2748
1.253,1.1524
2.254,1.7168
2.6921000000000004,2.0392
1.0843,1.1677
2.0872,1.7775000000000003
2.9454000000000002,2.1194
1.2604,1.1596
2.2582,1.7235000000000003
2.5136,2.0147
1.2342000000000002,1.1261
2.1568,1.7355
2.9126,2.0545000000000004
1.1236,1.0723
2.2046,1.8003
2.6510000000000002,2.0171
1.0635,1.0572000000000001
2.1436,1.7701000000000002
2.8171000000000004,2.1391999999999998
1.4474000000000002,1.2348000000000001
2.15,2.0597000000000003
3.0672000000000006,2.1381
1.6651,1.0821
1.9882000000000002,1.6748
2.7855000000000003,2.0842
1.0926,1.0769
2.2967,1.7514000000000003
2.7331,2.2586
1.1192000000000002,2.3019
1.9748999999999999,1.8399000000000003
2.9845,1.9991
1.1041,1.0958
2.2182,1.7233
2.6371,2.5734
1.0338,1.0285000000000002
2.1778,1.7773
2.8713,2.1100000000000003
1.175,1.0978999999999999
2.1788000000000003,1.8759000000000001
2.7852,2.0141
1.1283,1.0711
2.0127,1.7037
3.4000000000000004,2.0281000000000002
0.9738,1.0263000000000002
2.1402,1.7312
4.267200000000001,2.1211
1.1260000000000001,1.1289000000000002
2.1793000000000005,1.7837
2.7712000000000003,1.9701000000000002
0.9816,1.04
2.2301,1.7377
2.6564,1.9586000000000001
1.163,1.1038000000000001
2.2314000000000003,1.7593
2.9196,2.0955000000000004
1.1028000000000002,1.0926
2.1108,1.7347000000000001
2.6903,2.0515
1.1569,1.0764000000000002
2.2941000000000003,1.8190000000000002
2.8294,2.0768
1.1025,1.1102
2.3769,1.8246
2.8623000000000003,2.0493
1.1864,1.0681
2.0611,1.8775
2.9799,2.1517000000000004
1.3296000000000001,1.1154000000000002
1.9658000000000002,1.7276000000000002
2.6508,2.2986
1.3004000000000002,1.1153
1.9802000000000002,1.6407
2.5619,1.9825000000000004
1.214,1.1454
2.5032,1.8395000000000001
2.4751,1.9556
1.1962000000000002,1.0674000000000001
2.2399,1.8005
2.8474000000000004,2.0835000000000004
1.0047000000000001,1.0476
2.119,1.7405000000000002
2.6245000000000003,1.9994
1.1565,1.1121
2.1703,1.7339
2.7659,2.0664
1.1775000000000002,2.1905
2.2733000000000003,1.7003000000000001
2.7129000000000003,2.0536
1.2669000000000001,1.2406000000000001
2.4795000000000003,2.8663
2.9092000000000002,2.0569
1.1871000000000003,1.0951000000000002
2.164,1.7241000000000002
2.9422,2.091
1.1440000000000001,1.0514000000000001
2.0263,2.4764
2.7706000000000004,2.0572
1.1062,1.1212000000000002
2.4158,7.422600000000001
3.3031,3.2061
1.1245,1.0676
2.2015000000000002,1.7434000000000003
2.3286000000000002,1.9536000000000002
1.193,1.111
2.0429000000000004,1.6915
2.7659,2.0289
1.0374,1.0521
2.3985,1.7724000000000002
2.628,2.0494000000000003
1.2349999999999999,1.101
1.9791,1.6905000000000001
3.3888000000000003,2.1472
0.9941000000000001,1.0664
2.0029000000000003,1.8174000000000001
2.7754000000000003,2.0093000000000005
1.0712,1.1017000000000001
2.3007,1.7437000000000002
2.9385000000000003,2.0546
0.9841000000000001,1.1124
2.0262000000000002,1.6852000000000003
2.8419,3.2864
1.0824,1.1355
2.1688,1.7122000000000002
2.7396,2.1015
1.0253,1.0567
2.3395,1.7448000000000001
2.6512000000000002,2.0038
1.1496,1.1430000000000002
2.2908,1.7214
3.1605000000000003,2.0795000000000003
1.9381000000000002,1.1452
2.2153000000000005,1.7779
3.0068,2.2314000000000003
1.0942,1.0822000000000003
2.3962000000000003,1.7732
2.7753,2.1002
1.2344000000000002,1.0817
2.293,1.8171000000000002
2.4065000000000003,2.1062000000000003
1.1987,1.0772000000000002
2.1394,1.7674
3.052,2.0723
1.0885,1.1073000000000002
3.3885,1.7459
2.5827000000000004,1.9883000000000002
1.1849,1.2368999999999999
2.322,1.8095
2.7539000000000002,2.0346
1.216,1.1070000000000002
2.3284,1.7881000000000002
2.5269000000000004,1.9552000000000003
1.1422,1.1090000000000002
2.471,1.8007000000000002
2.9322000000000004,2.0415
0.9842,1.0743
2.098,1.7197
2.7949,2.1732
1.1317,1.0725
2.3537000000000003,1.7941
2.5332000000000003,2.0059
1.3538000000000001,1.1526
2.3511,1.8048
2.6839000000000004,1.9959
1.0509,1.6604
1.9423000000000001,1.6664
2.5393,2.0467000000000004
1.0806000000000002,1.0826
2.3231,1.8179
2.7867,2.0465
1.0349000000000002,1.0772000000000002
2.2012,1.7437000000000002
2.7787,3.1411000000000002
1.0458,1.0604
2.1239000000000003,1.7346000000000001
2.7066,2.0091
1.0990000000000002,1.0697
2.3099000000000003,1.8230000000000002
3.1304000000000003,2.1988000000000003
1.1466,1.0776000000000001
2.3064999999999998,2.6297
2.7336,2.0361000000000002
1.0534000000000001,1.0431000000000001
2.3438,1.9387
2.7914000000000003,2.0587
1.0926,1.0455
2.3705000000000003,1.76
2.5792,2.0004000000000004
1.1143,1.0721
2.2611000000000003,1.7641000000000002
2.7482,2.0269000000000004
1.0561,1.0429
3.1575,1.7625000000000002
2.5085,2.0109
1.1846,1.0863
2.0236,1.704
3.1626000000000003,2.1252000000000004
0.9605000000000001,1.0384
2.4108,1.742
2.8030000000000004,2.0731
1.2025,1.1309
2.8542000000000005,1.7567000000000002
2.7926,2.1213
1.0774000000000001,1.0773
2.3451,1.8119000000000003
2.7279999999999998,2.1060000000000003
1.2360000000000002,1.1626
2.1698,1.7877
2.6777,2.0561
1.1345,1.1027
2.3165,1.7794000000000003
2.4825000000000004,1.9968
1.0925000000000002,1.0964
2.2085,1.9184000000000003
2.7242,2.1622
1.132,1.1032000000000002
2.4035,1.9551
2.6668,2.1964
0.9834000000000002,1.0959
2.4128000000000003,1.7757
2.9188,2.3688000000000002
1.1136,1.1359
2.2456,1.7476000000000003
2.6896000000000004,2.1145
1.1795,1.1029
2.1456,1.7515
2.7537,2.0288000000000004
1.1558,1.093
2.1671,2.1753000000000005
2.7671,2.0162999999999998
1.1453000000000002,1.0777
1.7479000000000002,1.6143
3.125,2.0939
1.1924000000000001,1.1994
2.2801,1.7542
2.5821000000000005,2.0038
1.1131000000000002,1.1115000000000002
2.2564,2.201
2.9788,2.0808000000000004
1.2519,1.1196000000000002
2.1153999999999997,1.9048
2.7094000000000005,2.0417
1.1908,1.1331000000000002
2.2504,1.7221
2.9267000000000003,2.0659
1.0247000000000002,1.0665000000000002
2.0503,1.7187000000000001
3.0566,2.1088
1.199,1.094
2.2499,1.737
2.8636,2.023
1.1185,1.0799
1.9175000000000002,1.7238000000000002
2.5500000000000003,2.0055000000000005
1.1803,1.1078000000000001
2.3161,1.7770000000000001
2.7082,2.1058000000000003
1.3317,1.2191
2.3121,1.9215
2.5047,1.9612000000000003
1.0808,1.0811
2.0554,1.7671000000000001
2.6356,2.0366
1.0912000000000002,1.1150000000000002
2.1067,1.7025000000000001
4.1409,2.1426000000000003
1.0054,1.0856000000000001
2.1784,1.8093
2.6164,2.1532
1.1438000000000001,1.0716
2.3045,1.7388000000000001
2.5696,1.9687000000000003
1.098,1.0986000000000002
2.2858,1.7702000000000002
2.895,2.0692000000000004
1.1524,1.0712
2.3014,1.7934
2.8291000000000004,2.0228
1.1776,1.1167
2.5227,1.7646000000000002
2.6271000000000004,2.0365
1.2164000000000001,1.1479000000000001
2.0995000000000004,1.7105000000000001
2.5256000000000003,1.9787000000000003
1.042,1.0442
2.2338,1.7170000000000003
2.7237000000000005,2.0969
1.2265000000000001,1.1165
2.396,1.8115
2.4659,1.9729
1.1356000000000002,1.1294
2.3157,1.7350000000000003
2.6722,2.0582000000000003
1.2633,1.1094
2.3231,1.8204
2.823,2.0511
1.3859000000000001,1.1095
2.6745,2.1694
2.6644000000000005,2.0554
1.2509000000000001,1.1764
2.2144,2.5533
2.6542000000000003,1.9954
1.1048,1.0695999999999999
2.2230000000000003,1.7933000000000001
2.6995,2.0634
1.0448,1.0396
2.2964,1.7871
3.6514,2.0632
1.2013,1.0914
2.1748000000000003,1.8184000000000002
2.7991,2.1563000000000003
1.1999,1.1217
2.1569000000000003,1.7097000000000002
3.6657,2.2031
0.9432,1.8692000000000002
2.0113000000000003,1.7483000000000002
2.7564,2.0543
1.085,1.084
2.2814,1.7102
2.8179000000000003,2.0904000000000003
1.0337,1.0697
2.2762000000000002,1.7532
2.8687,3.1238000000000006
1.1142,1.1224000000000003
2.2094000000000005,1.7308
2.9534000000000002,2.2021
0.9397,1.072
2.1775,1.8025
2.895,2.067
1.1343,1.0767
2.3882,1.7435
2.9549000000000003,2.0879000000000003
1.177,1.1162
2.1493,2.5774
2.7094000000000005,2.007
1.0174,1.0469000000000002
2.4727,1.8392
2.8372,2.0278
1.2078,1.1444
2.3253000000000004,1.7480000000000002
2.8434000000000004,2.1109
1.2109,1.1012000000000002
2.1642,1.8901000000000001
2.6727,1.9793000000000003
1.4546000000000001,1.0495
2.37,3.1837000000000004
2.8252,2.1151
1.1558,1.0909000000000002
2.2516000000000003,1.8091000000000002
3.5023000000000004,2.2221
1.0692,1.1068
2.1130000000000004,1.7540000000000002
2.8272000000000004,2.0728
1.0341,1.0471
2.4054,1.8056
3.1038,2.1419
1.0684000000000002,1.1062
2.2057,1.7401
2.7993,2.0359000000000003
1.3523,1.106
2.1971,1.716
2.4407,1.9847000000000004
0.9774,1.0228000000000002
2.2225,3.0324
2.7567000000000004,2.0824000000000003
1.0346000000000002,1.0450000000000002
2.2124,2.8031
2.7297000000000002,2.0293
1.1679000000000002,1.0787000000000002
1.8958000000000002,1.705
2.7853,2.0208
1.1759000000000002,1.1244
3.6456,1.7042000000000002
4.0644,2.0579
1.0859,1.0758
2.5825,8.4464
3.0245,2.1188000000000002
1.0385000000000002,1.1064
1.8663000000000003,1.6900000000000002
2.7871,2.0438
1.0679,1.0901
2.2585,1.7681
2.5751000000000004,1.9862
1.0603000000000002,1.1336
1.957,1.6653000000000002
2.6529000000000003,1.996
1.1525,1.1331000000000002
2.483,1.7639
2.8409000000000004,2.1806
1.2256,1.1531
2.3063000000000002,1.7586000000000002
2.9586,2.2356000000000003
1.206,1.0890000000000002
2.4528000000000003,1.8173000000000001
2.9544,2.036
0.9476,1.0378
2.2734,1.7334000000000003
3.0794000000000006,3.2544
1.1917000000000002,1.1143
2.4877000000000002,1.7312
2.9328000000000003,2.1628000000000003
1.0529000000000002,1.0746
2.2555,1.7541000000000002
2.6338000000000004,2.016
1.1224000000000003,1.1467
2.2121000000000004,1.7426000000000001
2.8615000000000004,2.1417
1.0628,1.0915
2.3258,2.0434000000000005
2.8431,2.0368
0.9933000000000002,1.0320000000000003
2.2239,1.7486000000000002
2.8885,2.3225000000000002
1.1537000000000002,1.1428
2.0071,1.7076
2.7203,2.1402
1.0701,1.0673
2.2096,1.8487000000000002
2.6166,1.9861000000000002
1.1282,1.0725
2.0500000000000003,1.8036
3.2743,3.0236
1.1536,1.1121
2.2231,1.7622
2.6820000000000004,2.1562
1.0929000000000002,1.0989
2.6469,1.8699000000000001
2.7978,2.0398
1.1505,1.1150000000000002
2.3346,1.7276000000000002
2.5353000000000003,2.0131
1.1979,1.1339
2.3476,1.8122
2.7713,2.0153000000000003
1.1755000000000002,1.4318
2.375,1.7875
2.5521000000000003,2.0033
0.9289000000000001,1.0074
2.0972,1.6885000000000001
2.8958,3.1876
1.1211,1.1196000000000002
2.3302,1.7791000000000001
2.8215000000000003,2.0272
0.9113000000000001,1.0705
2.0934,1.7078000000000002
2.9015,2.1416
1.0522,1.0546000000000002
2.8202000000000003,1.8239
2.5819,2.0117
1.0198,1.1064
1.9679000000000002,1.6872
2.7533000000000003,1.9940000000000002
1.112,1.1617000000000002
2.0216000000000003,1.7105000000000001
2.7362,2.0153000000000003
1.0606,1.0668000000000002
2.1175,1.7156
2.5597000000000003,2.0171
1.1419000000000001,1.1304
2.1759,1.677
3.1837000000000004,2.2599
1.0563,1.0785
2.1725,1.7916
2.6539,1.9970999999999999
1.0822000000000003,1.0752000000000002
2.0594,1.7153
2.7608,2.032
1.1373000000000002,1.0702
2.1455,1.732
2.7377000000000002,2.0162
0.9857000000000001,1.0489
3.0050000000000003,1.7932000000000001
2.7692,2.0344
0.8879,1.0028000000000001
2.2538,1.8642
2.9353000000000002,2.0575
1.1984000000000001,1.1408
2.4166000000000003,1.8488
2.3098000000000005,2.0111
1.1253000000000002,1.0777
2.2681000000000004,1.7332
2.9932000000000003,2.0740000000000003
1.1189000000000002,1.1571
2.3548,1.7640000000000002
2.6460000000000004,2.1186
1.2740000000000002,1.2074000000000003
2.4427000000000003,1.8319
2.8780000000000006,2.0343
1.2599,1.3033000000000001
2.0972,1.6792
2.7827,2.9979000000000005
0.9852000000000001,1.0721
2.2288,1.7286000000000001
2.643,2.0869
1.3344,1.1167
2.2155,1.7558
2.8299000000000003,2.1001000000000003
1.0128000000000001,1.0712
2.1394,1.9936000000000003
2.664,2.1158
1.0138,1.0782
2.1501,1.7850000000000001
2.8923,2.0752
1.1774,1.1018
2.2553,1.7652
2.487,2.0099
1.1925,1.0433000000000001
2.2378000000000005,1.753
4.0992,3.0077000000000003
1.1772,1.1586
1.9301000000000001,1.6841
3.1180000000000003,2.1232
1.4823000000000002,1.0711
2.1509000000000005,1.7199000000000002
2.7438000000000002,2.0129
1.0156,1.0219
2.3553,1.8014000000000001
2.8201000000000005,2.1387000000000005
1.2866000000000002,1.1133
2.1656,1.7314
2.8143000000000002,2.2432000000000003
1.1258000000000001,1.1051000000000002
2.2826,1.8030000000000002
2.6909,1.9712000000000003
1.0909000000000002,1.0803
2.2070000000000003,1.7417
2.6153,2.0044
1.3056,1.1511000000000002
2.2256000000000005,1.7283000000000002
2.8998,2.1301
1.2861,1.2212
3.5149,1.8335000000000001
2.6528000000000005,2.2421
1.054,1.1066
2.4605,1.7538
2.854,2.0491
1.0901,1.0654
2.0355,1.7224
2.836,2.1038
1.1696,1.094
2.1202,1.8323
2.5825,2.0208
1.0694000000000001,1.1809
2.2195,1.752
2.6901,2.0546
1.1614000000000002,1.0819
1.8931000000000002,1.6976
2.7614,2.0225
1.1194,1.0786
2.1129000000000002,1.7260000000000002
2.5332000000000003,2.0175
1.0234,1.1920000000000002
2.2995000000000005,1.806
2.8216,2.0649
1.1846,1.1432
2.2359000000000004,1.7175
2.7590000000000003,2.2623
1.0498,1.0284
2.0559000000000003,1.6908
2.8596000000000004,2.0301
1.2511,1.1502000000000001
2.181,1.7869000000000002
2.9688000000000003,2.0742
1.1453000000000002,1.1296000000000002
2.2815000000000003,2.8396000000000003
2.8365,2.0634
1.0579,1.1031000000000002
2.0143,1.6791000000000003
2.5035000000000003,1.9893000000000003
1.1884000000000001,1.1181
2.3125000000000004,1.7466000000000002
2.7023,2.0237000000000003
1.3536000000000001,1.165
2.4154000000000004,1.9388
2.8059000000000003,2.1447000000000003
1.2414,1.1099
2.0962000000000005,1.7249
2.7343,2.0224
1.0129,1.0643
2.0514,1.6981000000000002
3.5535,2.059
1.1879,1.1459000000000001
2.3135,1.7612
2.6239000000000003,2.1928
1.0216,1.0401
2.2279,1.7749000000000001
2.7177,2.0819
1.1628,1.0927
2.152,1.7607
2.7724,2.2345
1.1648,1.0724
2.2003,1.8465
2.6904000000000003,1.9951
1.2574,1.1478
2.2655000000000003,2.8504000000000005
2.5833000000000004,2.0521000000000003
1.2799,1.0935000000000001
2.4195,1.9979
3.0903,2.0443000000000002
1.124,1.1118000000000001
2.3459000000000003,1.7728000000000002
2.5164000000000004,2.0364000000000004
1.1353000000000002,1.1363
2.2372,1.7437000000000002
2.6152,2.0051
1.0987,1.0886
2.1494,1.7405000000000002
2.9047,2.1103
1.0095,1.0379
2.2504,1.835
3.1567000000000003,2.0813
1.1098,1.0856999999999999
1.9934000000000003,1.8083
2.6291,1.9988000000000001
1.0726000000000002,1.0529000000000002
3.0037000000000003,1.7383000000000002
2.7063,2.0506
1.2027,1.1241
2.412,1.7623
2.6802,2.164
1.1713,1.1169
2.1294,1.7071
2.6062000000000003,2.0187
1.2455,1.0896000000000001
2.2886,1.7252
2.4911,2.0610000000000004
0.895,1.0178
2.1794000000000002,1.8287000000000002
2.8599,2.0309
1.0931,1.0947
2.2921,1.7291
2.9603,2.2454
1.3502000000000003,1.1289000000000002
2.2221,1.7178
2.7856,2.0868
1.167,1.1374
2.1393000000000004,1.7206000000000001
2.5893,2.0525
1.1567,1.0742
2.1095,1.7027
2.8324000000000003,2.0809
1.3179,1.0959
2.2409,1.7431
2.7118,2.0221
1.0485000000000002,1.0603000000000002
2.0985,1.7353
2.9038000000000004,2.0456000000000003
1.1403,1.0947
2.2062000000000004,1.7791000000000001
2.5860000000000003,2.0271
1.1184,1.0627
2.0930000000000004,2.0475000000000003
2.8407000000000004,2.0168
1.1159,1.0647
2.3085000000000004,1.7476000000000003
2.6133,2.0262000000000002
0.9822000000000002,1.0365000000000002
2.3489999999999998,1.7543000000000002
2.6903,2.1621
1.4119,1.1293
2.1696000000000004,1.7473
2.6867,1.9913999999999998
1.0402,1.0792
2.2306,1.75
3.0928,2.1602
1.1035000000000001,1.1326
2.0309,1.7053
3.1425000000000005,2.1572
1.3491,1.1352
2.2766,1.778
2.7517,2.0312
1.1576000000000002,1.0992
2.2593,1.7284000000000002
2.6639000000000004,2.0504
1.1842000000000001,1.1123
2.0705000000000005,1.7217
2.7807,2.0334000000000003
1.2067,1.1243
2.2513000000000005,1.7078000000000002
3.1678,2.1124
1.2870000000000001,1.1036000000000001
2.1118,1.7693
2.74,1.9812000000000003
0.9876000000000001,1.0256
1.981,1.7581
2.9810000000000003,2.0992
1.1911,1.1090000000000002
2.1186,1.6840000000000002
3.5111,2.0653
1.3221,1.1222
2.2132,1.7749000000000001
2.8727,2.0526000000000004
1.0626000000000002,1.0927
2.5062,1.7909000000000002
2.6931000000000003,2.0244
1.1529,1.0888
2.0882,1.7573
2.9127,2.0221
1.1515000000000002,1.0598
2.0314,1.7070000000000003
2.9562,2.1967000000000003
1.1229,1.1013000000000002
2.14,1.7139000000000002
2.6224,2.0095
1.0493,1.0437
2.3275,1.7103000000000002
2.8381000000000003,2.0578000000000003
1.1581,1.0869
2.3775000000000004,1.7314
2.6994000000000002,2.0660000000000003
1.026,1.0311000000000001
2.0571,1.6906
2.8437,2.1374000000000004
1.2488,1.1252
2.2613,1.76
2.7804,2.0388
1.2895,1.1128000000000002
2.278,1.7415000000000003
3.1463,2.0902
1.1409,1.1026
1.9146,3.4831000000000003
2.8399,2.0317
1.1272,1.0524
1.9942000000000002,1.7092
2.5381,1.938
1.1215000000000002,1.0798
2.0448000000000004,1.7277000000000002
2.8189,2.0253
1.3295000000000001,1.1428
2.3888,1.8142000000000003
2.8114000000000003,2.0946000000000002
1.1388,1.0876
2.1121,1.6965000000000001
2.9714000000000005,2.1343
1.2243,1.0842
2.1966,1.7650000000000001
2.7283000000000004,1.9804000000000002
1.6781000000000001,1.0974000000000002
2.448,1.8227
2.6343,2.076
1.2627000000000002,1.1329
2.2758000000000003,1.7846000000000002
2.9455,2.431
0.9245000000000001,1.0145
2.0755,1.8283000000000003
2.6777,2.0147
1.1237000000000001,1.1070000000000002
2.1638,1.7193000000000003
2.8665000000000003,2.0432
0.9776000000000001,1.0799
2.0011,1.7265000000000001
2.5922,2.0339
1.2542,1.1350000000000002
2.4248,2.8802000000000003
2.9102000000000006,2.1421
1.2045000000000001,1.0971000000000002
2.1009,1.7489000000000001
2.5135,2.1385
1.1622000000000001,1.0756999999999999
2.1934000000000005,1.7973000000000001
2.3412,1.9045
1.2233,1.0838
2.3427000000000002,1.8037
2.8463000000000003,2.059
1.1346,1.1029
2.2505,1.7392000000000003
2.8551,2.1391999999999998
1.2113,1.1374
2.0613,1.7820000000000003
3.1887,2.4692
1.0711,1.0549000000000002
2.5204000000000004,1.8274000000000001
2.5185000000000004,1.99
1.0976,1.0927
2.6555000000000004,2.3881
2.6787,2.0884
1.2448000000000001,1.0868
2.1093,1.7200000000000002
2.8695,2.0471
1.1592,1.0921
2.1231,1.7242000000000002
2.8265000000000002,2.0463
1.1037,1.0584000000000002
2.1991,1.7185000000000001
2.934,2.0802
1.1452,1.1066
2.3176,1.7414
2.9977000000000005,2.1601000000000004
1.1163,1.1025
2.1279000000000003,1.7408000000000001
2.7719000000000005,2.0715
1.1091,1.0240000000000002
2.0493,1.7051000000000003
2.7596000000000003,2.0399000000000003
1.1425,1.1031000000000002
2.244,1.7427
2.769,2.0727
0.9889,1.0331000000000001
2.0941,1.7399000000000002
2.8099000000000003,2.1417
1.1314,1.1015000000000001
2.3736,1.7798000000000003
2.6612000000000005,1.9885000000000002
1.2789000000000001,1.1616
2.2489000000000003,1.7232
2.6138000000000003,1.9887
1.0765,1.0739
2.2876000000000003,1.852
3.1377,2.2445
0.9844,1.0736
2.2140000000000004,1.7924000000000002
3.5597000000000003,2.2025
1.137,1.0722
2.0483000000000002,1.8442
4.492,3.1125000000000003
1.0827,1.0634000000000001
2.3077,1.7379000000000002
2.6678,2.0050000000000003
1.2237,1.113
2.0493,1.7099000000000002
2.7781000000000002,2.1981
1.1053,1.0563
2.532,1.8398
4.035,3.0699000000000005
1.0042,1.0344
2.1464000000000003,1.7134
2.7266,1.9717000000000002
1.1764,1.1285
2.2531,1.7170000000000003
4.0535000000000005,2.0617
1.137,1.1385
2.0284999999999997,1.6846
2.7933000000000003,2.0719000000000003
1.0121000000000002,1.0479
2.2069,1.7213
2.7739000000000003,2.0368
1.3013000000000001,1.1392000000000002
2.2437,2.6620000000000004
2.3619000000000003,1.9846
1.2517,1.0796000000000001
2.2128,1.7456
2.6456,2.0668
1.1204,1.0705
2.2418,1.7298
2.6537,2.1050999999999997
1.2479000000000002,1.1038000000000001
2.2061,1.7473
2.5380000000000003,2.1329000000000002
1.3032,1.1492000000000002
2.5183000000000004,1.8918000000000001
2.7336,2.0765000000000002
1.0541,1.0501
1.9621,1.8931000000000002
2.6432,2.1625
1.1448,1.0945
2.1451000000000002,1.7301
2.8086,2.0142
1.2187000000000001,1.1135000000000002
2.0187,1.6818
2.5096000000000003,2.0246999999999997
1.2094,1.088
2.1616,1.7421000000000002
2.7312,2.0395
1.2376000000000003,1.133
2.04,1.7415000000000003
2.8364000000000003,2.0653
1.2051000000000003,1.1227
2.0921,1.8287000000000002
2.8120000000000003,2.0793
1.0999,1.0905
2.1914000000000002,1.8092000000000001
2.3486000000000002,2.0069000000000004
1.1003,1.4213000000000002
2.4808,1.7679000000000002
2.68,2.0418000000000003
1.1837,1.1754
2.1181,1.7052
2.5219,1.9717000000000002
1.1192000000000002,1.0832000000000002
2.1199,1.7323000000000002
2.5501,2.0528
1.0922,1.0673
3.0424,1.7833
2.5635000000000003,2.0279
1.1676,1.0748000000000002
2.4065000000000003,2.627
2.7803000000000004,3.039
0.9883000000000001,1.0774000000000001
2.1845000000000003,1.7319000000000002
2.8242000000000003,2.1279000000000003
0.9830000000000001,1.0293
2.3353,1.8004000000000002
2.5735,1.9878
1.1890000000000003,1.1167
2.2027,1.7296000000000002
3.4566000000000003,2.0779
1.0856000000000001,1.0875000000000001
2.1529000000000003,1.7012
3.08,2.1202
1.3222000000000003,1.1162
2.2337000000000002,1.7577
2.6377,2.0277000000000003
1.1176000000000001,1.1088
2.3321,1.7729000000000001
2.6195000000000004,2.0599
1.1435,1.067
2.2546000000000004,1.7391
2.5595000000000003,2.0463
1.2261000000000002,1.1406
2.3762000000000003,1.8196
2.4977000000000005,1.9792
1.2347000000000001,1.2848
2.0901,1.7707000000000002
2.7242,2.0013
1.2096000000000002,1.0896000000000001
2.2308000000000003,1.7579000000000002
4.7665,3.119
1.1417000000000002,1.0992
2.2683,1.8057
2.5189,2.0705000000000005
2.0094000000000003,1.2846000000000002
2.3562000000000003,1.8153000000000001
2.8161,2.3025
1.2422000000000002,1.0829000000000002
2.0252,1.6900000000000002
2.9917000000000002,2.0738000000000003
1.0315,1.0776000000000001
1.9776,1.6857
2.8944,2.1328
1.232,1.1437000000000002
2.4043,1.7166000000000001
2.9786,2.1475999999999997
1.1929,1.0756999999999999
2.1589,1.7397
2.7078,2.062
1.1263,1.0628
2.1157000000000004,1.8302
2.6762,2.236
1.3676000000000001,1.1528
2.1654,1.7976
2.7418,2.065
1.1449,2.0379
2.3027,1.7484000000000002
2.6874000000000002,2.0402000000000005
0.9410000000000001,1.0539
2.7340000000000004,1.7689000000000001
2.5622000000000003,1.9989000000000001
1.1183,1.0854000000000001
2.1077,1.7274
2.664,2.0783
1.05,1.0557
2.2525,1.9112
2.8635,2.0047
1.1359,1.1016000000000001
2.2115,1.7264000000000002
2.5253,2.031
1.1618000000000002,1.0784
2.2119,1.7365000000000002
2.507,1.9932
1.122,1.1061
2.2620999999999998,1.8138
2.9607,2.0307000000000004
1.067,1.088
2.3573,1.7839000000000003
2.5923000000000003,1.9879
1.1265,1.1008
2.3954000000000004,1.7812000000000001
2.7701000000000002,2.0497
1.3017,1.1035000000000001
2.2475,1.7870000000000001
2.6105,2.004
1.1782000000000001,1.0964
2.1909,1.745
2.8634000000000004,2.0493
1.0804,1.1111
2.0381,2.1299
2.9588,2.0521000000000003
1.1128000000000002,1.0862
1.9449,1.8491000000000002
2.5655,1.9658000000000002
1.7519,1.0714000000000001
2.3085000000000004,1.7422000000000002
2.8146,2.0699
1.0349000000000002,1.0618
2.0663,1.762
2.9646000000000003,2.0914
1.0178,1.0841
2.3710000000000004,1.7428000000000001
2.8869,2.0559000000000003
1.1333,1.1203
2.0606,1.7726
2.9404000000000003,2.0652
1.1579000000000002,1.0804
2.3976,2.1314
2.9687,2.0949000000000004
1.1331000000000002,1.0951000000000002
2.2018000000000004,2.8009000000000004
3.3415000000000004,2.0408
1.2818,1.1297
2.5139000000000005,1.9535
2.9999000000000002,2.1242
1.1497,1.0430000000000001
1.9476,1.6442
2.6899,2.0577
1.2097,1.0755000000000001
2.2369,1.7857
2.7601999999999998,2.1924
1.0598,1.0625
2.0657,1.8066000000000002
2.7221,2.087
1.0186000000000002,1.0293999999999999
2.168,1.8147
2.9315,2.1266000000000003
1.1137,1.0787000000000002
2.1641,2.0298
2.7821000000000002,1.9938
1.1463,1.0824
2.2243000000000004,1.7283000000000002
2.6438,2.0616000000000003
1.2795,1.0342
2.1629,1.8335000000000001
2.6196,1.9812000000000003
1.0484000000000002,1.0644
1.9979,1.7692
2.7639,2.2351
1.1474,1.1109000000000002
2.2538,2.4157
2.6986000000000003,2.1923000000000004
1.1401000000000001,1.0608
2.1824000000000003,1.9572999999999998
2.8276,2.2452
1.1194,1.0603000000000002
2.2319,1.7299000000000002
2.8268,2.0236
1.1602000000000001,1.1023
2.4384,1.7491
2.668,2.0939
1.1662000000000001,1.0890000000000002
2.2298999999999998,1.7471
2.9091,2.0669
1.1668000000000003,1.083
2.1202,1.7301
2.7555,2.0577
1.0965,1.1001
2.1323000000000003,1.7298
2.5764,1.9963000000000004
1.0863,1.1045
2.6225,3.3275
2.9308000000000005,2.1268000000000002
1.1876,1.1117
2.2177,1.7485
2.8296,1.9963000000000004
1.2711000000000001,1.1162
3.3292,1.889
2.7674000000000003,1.9953000000000003
1.3605000000000003,1.1563
2.08,1.7272
2.5856,2.0074000000000005
1.0771000000000002,1.0671000000000002
2.161,1.7263000000000002
2.8028000000000004,2.0362
1.0635,1.0339
2.1468,1.7223000000000002
2.7698,2.1510000000000002
1.1405,1.1265
1.9336000000000002,2.4329
2.7323,2.0416000000000003
1.1391,1.0632000000000001
2.5871,1.7961
2.8603,2.0432
1.2434,1.1049
2.1911,1.7554
2.7882000000000002,2.0281000000000002
1.2015,1.3105
2.3467000000000002,1.8315
2.7175000000000002,2.0748
1.1015000000000001,1.0828
2.4018,1.7822
2.4552,2.0028
1.1933,1.1621000000000001
2.0195,1.6763000000000001
2.4814000000000003,2.0351000000000004
1.0604,1.1012000000000002
2.1196,1.8231
3.0437000000000003,2.0570000000000004
1.0910000000000002,1.149
2.3863,1.8647000000000002
2.5966,2.058
1.1011,1.1178000000000001
2.4650000000000003,1.8139
2.8958,2.0783
0.9109,1.0150000000000001
2.3344,1.7574
2.8705000000000003,2.0377
1.2083000000000002,1.1644
2.0625,1.8738000000000001
3.0816000000000003,2.119
1.2053,1.1205
2.1955,1.7442
2.8392,2.0928
1.2069,1.1159
2.0801000000000003,1.7359
2.4933,2.1677000000000004
1.0066000000000002,1.0425
2.2323,1.8036
2.7166,2.0132000000000003
1.0359,1.0684000000000002
2.5386,1.7763000000000002
2.5603000000000002,1.9896000000000003
1.0497,1.0655000000000001
2.1747000000000005,1.7537000000000003
2.9047,2.1016000000000004
1.2271,1.0744
2.5268,1.8915000000000002
2.7289000000000003,2.1715000000000004
1.0722,1.0723
2.3558000000000003,1.7567000000000002
3.4021000000000003,2.1388000000000003
1.0641,1.0543
2.2205000000000004,1.7876
3.0132000000000003,2.7975
1.0592000000000001,1.0561
2.0242000000000004,1.6829000000000003
2.6997,1.9790000000000003
1.1994,1.0811
2.068,2.6413
3.1537,3.0593
1.7957,1.0826
2.1178,2.0359000000000003
2.5562,2.0658
1.1505,1.1042
2.3232,1.7170000000000003
2.8265000000000002,2.0072
1.0321,1.0514000000000001
2.0934,1.7135000000000002
2.5689,2.0066
1.1543,1.1018
2.2056000000000004,1.7485
2.9606000000000003,2.0376000000000003
1.4216,1.1151000000000002
2.3482,1.7464000000000002
2.8451,2.1001000000000003
1.157,1.0791000000000002
2.0904000000000003,1.7451
2.8049000000000004,2.0640000000000005
1.2439,1.0849
2.2597000000000005,1.7214
2.7986,2.0775
1.2575,1.1446000000000003
2.1616,1.7329
3.1766000000000005,2.1195000000000004
1.1043,1.1055000000000001
2.4377999999999997,2.8734
2.7822000000000005,2.0448000000000004
1.2496,1.1296000000000002
2.2135000000000002,1.7361000000000002
2.9529,2.0922
1.0482,1.1937
2.015,1.7646000000000002
2.7525000000000004,2.0663
1.1699,1.1192000000000002
2.4906,1.8414000000000001
2.5778000000000003,1.9685000000000001
1.2206000000000001,1.3986
2.0633,1.7813
2.5622000000000003,2.0031000000000003
1.0698,1.0495
2.5039000000000002,1.8128
2.8156000000000003,2.0784000000000002
1.4665000000000001,1.2294
2.4125,1.7886000000000002
2.614,1.9913
1.1522999999999999,1.104
2.3725,1.7928000000000002
2.7421,2.2616000000000005
1.003,1.0363
2.4825000000000004,2.1243
2.6919,2.0368
1.1969,1.1009000000000002
2.1775,1.7008
2.7833,2.0148
1.2135000000000002,1.1059
2.4358,1.7797
2.5638,2.1169000000000002
0.9699000000000001,1.0415
2.5153000000000003,1.9093
2.9278000000000004,2.1264000000000003
1.0272000000000001,1.0505
2.081,1.7455
2.7634,2.0234
1.0951000000000002,1.0859
2.2857000000000003,2.8783000000000003
2.7313000000000005,2.0142
1.1187,1.1042
2.0187,1.7027
2.9073,2.0232
1.1131000000000002,1.0764000000000002
2.2398000000000002,1.7841
2.7708000000000004,2.0585
0.9742000000000001,1.0525
2.0312,1.6923000000000001
2.7128,2.0306
1.1078000000000001,1.1104
2.0609,2.6794000000000002
2.8474000000000004,2.1486
1.2264000000000002,1.1251
2.2674000000000003,1.8432000000000002
2.6453,2.0529
1.1358000000000001,1.0863
2.4823000000000004,1.8317
2.7482,2.0575
1.0778,1.0796000000000001
2.1588000000000003,1.6876
2.8142,2.0149
1.0676,1.0616
2.2366,1.7783
2.5395000000000003,1.9504000000000001
1.2787,1.1078999999999999
2.2617000000000003,1.8009
2.9836000000000005,2.1993
1.1043,1.1452
2.0208,1.8570000000000002
2.9547000000000003,2.3280000000000003
1.1375,1.1398000000000001
2.0683,1.7451
3.0158000000000005,3.4572000000000003
1.2699,1.4207
1.9382000000000001,1.7085000000000001
2.7887000000000004,2.112
1.1171,1.0922
2.3283,1.7369
2.6551,2.0949000000000004
1.0067000000000002,1.0551
2.1308,1.7737
2.5547,1.9848999999999999
1.1904000000000001,1.0619
2.3325,1.734
2.8295,2.0624000000000002
1.1187,1.0718
2.1158,1.7166000000000001
2.9772000000000003,2.1177
1.4016,1.1072
2.2773000000000003,1.7647000000000002
2.834,2.954
1.7408000000000001,1.163
2.7881000000000005,2.9775
2.6564,2.1532
1.0978999999999999,1.2020000000000002
2.3698,1.8607
2.8043,2.5084
1.15,1.1074000000000002
2.2844,2.2967
2.8887,2.0554
0.8975000000000001,1.0519
2.2673,1.7476000000000003
2.6560000000000006,2.0097
1.1464,1.0689
2.0564000000000004,1.8424
3.0046,1.9557000000000002
1.1061,1.0643
2.2211000000000003,1.7003000000000001
2.7859,2.0471
0.9994000000000001,1.0407000000000002
2.0753,1.7254000000000003
2.7275000000000005,2.0512
1.0883000000000003,1.0403
2.1754000000000002,1.7632
2.7802000000000002,2.0569
1.0178,1.0353
2.0594,1.6951000000000003
2.9551,2.0326000000000004
1.1951,1.1260000000000001
2.3062,1.8036
2.7564,1.9487
1.1419000000000001,1.1144
2.0286000000000004,1.7784
2.6704000000000003,2.0289
1.2298,1.095
2.2737,1.6871000000000003
2.7191000000000005,2.0178000000000003
1.2670000000000001,1.1003
2.3565,2.9145
2.8805,1.9558000000000002
1.2711000000000001,1.0701
2.2145,2.0089
3.0447,2.0532000000000004
1.0369000000000002,1.1187
2.1415,1.7241000000000002
2.8004000000000002,2.0625999999999998
0.9736,1.0693
2.3042000000000002,1.7399000000000002
2.6319,2.0233
1.1254000000000002,1.0693
2.3521,1.7702000000000002
2.5719000000000003,2.0986
1.0821,1.0904
2.2572,1.7595000000000003
3.1537,2.1054000000000004
1.0668000000000002,1.0587000000000002
2.0319000000000003,1.7041
2.7958000000000003,2.039
1.2093000000000003,1.1437000000000002
2.0844,1.6973
2.6558,2.0103
1.1491000000000002,1.0981
1.9897,1.6814000000000002
2.5717000000000003,2.1456
1.2797,1.1391
2.1773000000000002,1.7722
2.5816000000000003,2.0309
1.1207,1.3153000000000001
2.3458,1.8027000000000002
3.3537000000000003,2.0250000000000004
1.2942,1.1416
2.1075,1.8252000000000002
2.7412,2.0656000000000003
1.1752000000000002,1.1241
2.8667000000000002,2.7620999999999998
2.6861,2.0655
1.1057000000000001,1.1044000000000003
2.1922,1.7613
2.8072000000000004,2.0716
1.3063,1.1349
2.0981000000000005,1.7551
3.4265000000000003,2.9679
1.1146,1.1112000000000002
2.1619,1.734
2.636,2.2233
1.0886,1.0419
2.1532,1.9641000000000004
3.0352,2.0354
1.0348,1.1055000000000001
1.9259000000000002,1.6866
2.5644,2.0529
1.2356,1.0874000000000001
2.3518000000000003,1.8386000000000002
2.6743,1.9986000000000002
1.7257000000000002,1.1053
2.2704999999999997,1.8243
2.7888,1.9969000000000003
1.1121,1.0945
3.2633,1.7592
2.8015000000000003,2.0969
1.2527000000000001,1.1459000000000001
2.5998,1.8823
3.1270000000000002,2.1395000000000004
1.1396000000000002,1.0562
2.2233,1.8093
2.7324,2.0762
1.0583,1.0509
2.0140000000000002,1.7335
2.9452000000000003,2.1528000000000005
1.0893000000000002,1.0657
2.291,1.7607
2.5903,1.9641000000000004
0.9374,1.0808
2.1861,1.7728000000000002
2.8782,3.1413
1.0161,1.047
2.2141,1.7742
2.7298,2.0625999999999998
1.2991000000000001,1.1574
2.2883,1.8037
2.9721,2.1071000000000004
1.1449,1.0982
2.0635000000000003,1.734
2.6473,1.9932
1.062,1.0809000000000002
2.0829,2.4362000000000004
2.9171,2.1134999999999997
1.198,1.1225
2.1624,1.7331
3.454,2.0416000000000003
0.9489000000000001,1.0392000000000001
2.0777,1.7595000000000003
3.0586,2.1859
1.042,1.0505
2.1158,1.6878000000000002
2.8045,2.0218000000000003
0.9994999999999999,1.1025
2.3444,1.7678
2.6879,2.1003000000000003
1.2037,1.0889
2.1998,1.6940000000000002
2.7761,2.0181999999999998
1.3166,1.1556000000000002
2.0341,1.8590000000000002
2.5511000000000004,2.0001
1.0621,1.0525
2.3624,1.7674
3.7135000000000002,3.0839000000000003
0.9886,1.0338
3.9859999999999998,1.7426000000000001
2.8184,2.0815
1.1203,1.1018
2.2404,1.7558
3.024,3.2392000000000003
1.2926000000000002,1.2759000000000003
2.0606,1.6752000000000002
2.3531000000000004,1.9726000000000001
1.2246000000000001,1.312
2.1964,1.7055000000000002
2.9329,2.1254
1.0433000000000001,1.0802
2.3649,1.7677
2.6371,2.0031000000000003
1.0847,1.9262000000000001
2.1706,1.7651000000000001
2.9957,2.0906000000000002
1.1338000000000001,1.0756999999999999
2.2096,1.7943000000000002
2.6866000000000003,2.0342000000000002
1.0517,1.0561
2.2279,1.7795
2.7558000000000002,2.1056
1.0002000000000002,1.0103
2.0014,1.7142000000000002
2.6083,2.2221
1.0155,1.1078999999999999
3.2265,2.0606999999999998
2.6157000000000004,2.0368
1.1177000000000001,1.0601
2.2734,1.7393
2.5073,1.9921000000000002
1.147,1.0611000000000002
2.1859,1.7734
2.8151,2.0139000000000005
1.2127000000000001,1.1009000000000002
2.0281000000000002,1.7359
2.8975000000000004,2.1445000000000003
1.0913000000000002,1.0781
2.2202,1.7693
3.7112000000000003,2.0419
1.0449000000000002,1.0737999999999999
2.0253,1.7414
2.7422000000000004,2.0459
1.2786000000000002,1.1028000000000002
2.0523,1.6942000000000002
3.0941,2.0740000000000003
1.0532,1.0505
2.4949,1.7917
2.9229,2.0794
1.2428000000000001,1.2225000000000001
2.2987,1.752
2.5415000000000005,2.0429000000000004
1.2460000000000002,1.1260000000000001
2.1647000000000003,1.7570000000000001
2.3675,1.9575
1.443,1.0585
2.0218000000000003,1.6660000000000001
3.4066,1.9842000000000002
1.6259,1.1343
2.1802,1.7356
2.8102,2.1296
1.0424,1.0736
2.0943000000000005,1.7614000000000003
2.5112000000000005,1.967
1.0952000000000002,1.1255
2.2558000000000002,1.758
2.8237,2.0617
1.2312,1.074
2.2631,1.7394
2.6724,2.0614000000000003
1.4871,2.0454000000000003
2.1697,1.7357000000000002
2.5828,1.9850000000000003
1.0092,1.052
2.1564,1.7743000000000002
2.661,2.0835000000000004
0.8858,1.0406
2.0946000000000002,1.7601000000000002
2.8202000000000003,1.9853
0.9851000000000001,1.03
2.3214,1.7237
3.1771000000000003,2.4167000000000005
1.1075,1.0422
2.5712,1.8010000000000002
2.6572,1.9999000000000002
1.0402,1.0248
2.0935,1.7632
2.9336,2.0792
1.2397,1.1041
2.334,1.7824000000000002
2.9065000000000003,2.0652
1.0453000000000001,1.0795000000000001
2.3582,1.7998
2.8658000000000006,2.1987
1.0729000000000002,1.0987
2.5008,1.7776
2.6155000000000004,2.0417
1.1559000000000001,1.0444
2.2457000000000003,1.7983
2.5615,2.0428
1.0834,1.0701
2.2704,1.7930000000000001
3.1852,2.0303999999999998
0.9444000000000001,1.0354999999999999
2.1636,1.8488
2.89,2.2177
0.9655000000000001,1.0659
2.2528,1.8289
2.8554,2.1834000000000002
1.2882,1.1082
2.1599000000000004,1.7971000000000001
3.0102,2.095
1.1558,1.1139000000000001
2.1816999999999998,1.7599
2.5355,2.0004000000000004
0.9271,1.1087
2.0535,1.7292
2.6873,2.0040999999999998
1.1113,1.0493
2.3086,1.8896000000000002
2.7564,2.0534
1.1708,1.1003
2.17,1.6879000000000002
3.1437,2.1098000000000003
1.0547,1.0657
2.1793000000000005,1.7662000000000002
2.4438000000000004,2.0108
1.0530000000000002,1.1181
2.2243000000000004,1.7725000000000002
2.802,2.0733
1.0802,1.0943
2.2123,1.7489000000000001
2.9160000000000004,2.1823
1.2552,1.1157000000000001
2.2213000000000003,1.8050000000000002
3.9806,3.0139000000000005
1.0509,1.0839
2.2430000000000003,1.7709000000000001
2.6168000000000005,2.0173
1.0973000000000002,1.1208000000000002
1.9665,1.7146000000000001
2.9528000000000003,2.3539000000000003
1.1574,1.0934
2.0561,1.9418
3.0663,2.0906000000000002
1.1128000000000002,1.1115000000000002
2.0008,1.7192
2.7453,2.0416000000000003
1.1892,1.1157000000000001
2.3567,1.7839000000000003
2.7767,1.9913999999999998
1.2498,1.2166
2.3167,1.8082
2.7846,2.0808000000000004
1.1222,1.0621
2.2676000000000003,1.7512
2.8325000000000005,2.1146000000000003
1.0832000000000002,1.0852000000000002
2.1461,1.8814000000000002
2.8599,1.9951
1.0754,1.106
2.3435,1.7334000000000003
2.5451,1.984
1.1712,1.0875000000000001
2.1997,1.7107
2.6306000000000003,2.0410000000000004
1.1683000000000001,1.1920000000000002
2.1602,1.7494
2.7632000000000003,3.2751000000000006
1.1285,1.0678
2.2486,1.8276000000000001
2.6456,2.1301
0.9321,1.0164
2.262,1.8310000000000002
2.7361,2.1086
1.0782,1.0898
2.31,1.7864
2.5671,2.026
1.0625,1.0552000000000001
2.0813,1.7014
3.1408,2.1417
1.0288000000000002,1.0586
1.9626000000000001,1.7844
3.6538,2.5092
1.3000000000000003,1.1638
2.2457000000000003,1.7314
2.7321000000000004,2.0451
1.2801000000000002,1.1366
2.4809,1.8092000000000001
2.8772,2.0476
1.2134,1.1172
1.9642000000000002,1.6836000000000002
2.529,2.083
1.0548,1.0481000000000003
1.9857,2.2151
2.3165,2.2207
1.2582000000000002,1.1087
1.923,1.7099000000000002
2.5652,1.9854
1.1088,1.0615
2.3386,1.8036
2.6521,2.0028
1.1807,1.0899
2.3316,1.7872000000000001
4.165100000000001,2.1432
1.8737000000000001,1.0951000000000002
2.3965,1.7613
2.3108,1.9727
1.195,1.0956000000000001
2.4676000000000005,1.8028
2.6911,2.0185000000000004
1.2612,1.1964000000000001
2.3645000000000005,1.7645
2.7140000000000004,2.2414
1.2180000000000002,1.1554
2.0826,1.8628000000000002
2.9201,2.0820000000000003
1.2173,1.15
2.2547,1.7923000000000002
2.8350000000000004,2.027
0.9298000000000001,1.0454
2.0633,1.7317
2.6788000000000003,2.2141
1.2006000000000001,1.1225
2.2298999999999998,1.8841
2.6233000000000004,2.0468
1.1496,1.1008
2.3172,1.7951000000000001
2.9657000000000004,2.1522
1.508,1.0982
2.016,1.7045000000000001
2.6361000000000003,2.0595000000000003
1.1941,1.1152
2.3437,1.7301
2.6954000000000002,1.9824
1.1206,1.1077000000000001
2.1677000000000004,1.7245000000000001
4.428000000000001,2.9124000000000003
1.6540000000000001,1.5673000000000001
2.4445,1.8094000000000001
2.2023,1.9583000000000002
1.1661,1.0788
2.4022,1.7494
2.6152,2.0437000000000003
1.1684,1.1335000000000002
1.9618,1.7367000000000001
3.5739,2.0826
1.0813000000000001,1.0809000000000002
2.2926,1.7576
3.5637000000000003,2.1842
1.026,1.0510000000000002
2.4714000000000005,1.8342
2.8743000000000003,2.1164
1.1213,1.1143
2.1222000000000003,1.7187000000000001
2.9878,2.0798
1.1966999999999999,1.0951000000000002
2.1736,1.7174
2.4422,2.0103
1.1707,1.0908
2.1112,1.7462
2.5778000000000003,1.9935
1.2691,1.7275
2.1395000000000004,1.7343
2.5673000000000004,1.9657
0.9987000000000001,1.0177
2.3903000000000003,1.7593
2.5165,2.0601
1.0433000000000001,1.0794000000000001
2.2648,1.7942000000000002
2.4586,1.9967000000000001
1.2025,1.1070000000000002
2.4965,1.7953000000000001
2.7993,2.2186000000000003
1.1912,1.0915
2.246,1.7585000000000002
2.7873000000000006,2.055
1.1701000000000001,1.0839
2.4849,1.8200000000000003
2.7549,2.092
1.3455000000000001,1.1677
2.3378,1.8115
2.5848,2.0641000000000003
1.1507,1.0856000000000001
2.0678,1.7445000000000002
2.6296000000000004,2.0796
1.1443,1.1313
2.233,1.7883
3.5007,2.3416
1.1794000000000002,1.1044000000000003
2.1133,1.7773
2.9168000000000003,3.5203
1.1877,1.0953
2.2682,1.7632
2.6295,2.0493
1.1795,1.0777
2.3465000000000003,1.7964
2.9289000000000005,2.2579000000000002
1.1577,1.1487
1.8874,1.8621000000000003
2.9883,2.1156
1.225,1.1003
2.1573,1.7824000000000002
2.7214,2.0385
1.2336,1.1466
2.4019000000000004,1.7996
2.5700000000000003,1.9775
1.0002000000000002,1.0266000000000002
2.24,1.8712000000000002
2.5158000000000005,2.1444
1.2950000000000002,1.1376000000000002
2.3787000000000003,1.799
3.0221,2.0603000000000002
1.1157000000000001,1.064
2.5644,1.8021
2.7222,2.0043
1.2409000000000001,1.1321
2.1781,1.7905000000000002
2.5259,2.0018000000000002
1.1192000000000002,1.0737999999999999
2.2228,1.7467000000000001
2.4991000000000003,1.9821000000000002
1.0871000000000002,1.0456
2.3322,1.7825
2.4682000000000004,2.0278
1.1388,1.0895
2.3171000000000004,1.8072000000000001
2.7076000000000002,2.1399
1.1,1.1169
2.2241,1.8485
2.7209,1.9915000000000003
1.1194,1.0903
2.1938,1.7902
2.6554,2.024
1.0278,1.1082
2.2191000000000005,1.7826
2.6977,2.0036
1.0755000000000001,1.0804
2.2303,1.9167
2.6379,2.0292
1.0743,1.0463
2.3276,1.9785000000000001
2.8333,2.0156
1.1250000000000002,1.0682
2.0964,1.7515
2.5653,2.0513000000000003
1.2364000000000002,1.1024
2.1969000000000003,1.7504
3.246,2.0024
0.9914999999999999,1.0377
2.2925000000000004,1.8132000000000001
2.7592000000000003,2.044
0.9659000000000001,1.0718
2.8709000000000002,1.7715
2.6173,1.9834000000000003
1.1522000000000001,1.1081
2.1675,1.715
2.704,2.0265999999999997
1.1603,1.0876
2.3086,1.7728000000000002
2.6503,2.2816
1.2822,1.1017000000000001
1.8932,1.6614000000000002
4.012,2.2073
1.0542000000000002,1.0854000000000001
2.4561,3.0353000000000003
2.7041,2.0587999999999997
1.0928000000000002,1.1166
2.2494,1.7609000000000001
2.8438,2.1578999999999997
1.2319000000000002,1.1013000000000002
2.4167000000000005,1.8578000000000001
2.4451,2.0015
1.2592,1.1704
2.2587,1.8067
2.7444,2.1346
1.0823,1.1295000000000002
2.4167000000000005,1.7683000000000002
2.9487,2.1459
1.0234,1.0539
2.0431,2.5531
2.8022000000000005,2.0781
1.0232,1.0541
2.7494000000000005,1.799
3.0012000000000003,2.0871
1.2941,1.1555
2.1001000000000003,1.7214
2.883,2.1249000000000002
1.1762000000000001,1.0791000000000002
2.2128,1.7415000000000003
2.5951000000000004,2.0987
1.0201000000000002,1.0853
2.421,1.8200000000000003
2.7769,2.0135
1.1663000000000001,1.111
1.9709000000000003,3.003
2.8025,2.0505000000000004
1.2136,1.078
2.6071000000000004,1.7637000000000003
2.5657,1.9934000000000003
1.1826,1.0636
2.1119000000000003,1.733
2.5524000000000004,1.9848000000000001
1.1059,1.0954000000000002
2.4514000000000005,1.7279
2.4144,1.9687000000000003
1.0005000000000002,1.0509
2.3319,2.8031
2.7502000000000004,2.0222
1.2287000000000001,1.1321
2.3732,1.7691000000000001
2.7632000000000003,2.0263
0.9686,1.0281
2.3702,1.7804000000000002
2.7390000000000003,2.1017
1.3502000000000003,1.1538
1.9629,1.7264000000000002
2.7748,2.1671
1.0849,1.0538
2.2462000000000004,1.7608000000000001
2.604,1.9913
1.0646,1.0953
1.9984,1.8341000000000003
2.6461,2.0102
1.0852000000000002,1.0661000000000003
2.1420000000000003,1.7153
2.8609,2.3402000000000003
1.1747,1.0856000000000001
2.1083,1.7379000000000002
2.9373000000000005,2.5912
1.1323,1.0697
2.0323,1.8181
2.7907,2.0852
1.1077000000000001,1.1157000000000001
2.3585000000000003,1.7770000000000001
2.6060000000000003,2.0157
1.0325,1.0659
2.2138,1.75
3.0228000000000006,2.1795
1.2838,1.1363
2.2195,1.7188
2.9032000000000004,2.0508
0.9913000000000001,1.0868
2.1402,1.6792
3.0009000000000006,2.0482
1.1227,1.0967000000000002
2.2015000000000002,1.7438000000000002
2.7030000000000003,2.4375
1.8064,1.1651
2.4178,1.8073000000000001
2.6725,2.0002
1.1513,1.0532
2.2779000000000003,1.7929
2.7953,2.1134999999999997
1.1205,1.1636000000000002
2.4579000000000004,1.8049000000000002
2.8589,2.0764
1.1097000000000001,1.1154000000000002
2.0745,1.6731
2.6502000000000003,1.9519000000000002
0.9056,1.0431000000000001
2.0156,1.709
2.7129000000000003,2.0718
1.1211,1.0877000000000001
2.8779,1.7554
2.7416000000000005,2.0293
1.2421000000000002,1.1524
2.4903,1.8017
2.7415,2.0426
1.2296000000000002,1.1189000000000002
2.5656000000000003,1.7989000000000002
2.6510000000000002,2.0209
1.2036,1.1204
2.0678,1.7323000000000002
2.6147,2.0028
1.245,1.1201
2.2678,1.7445000000000002
3.0287,2.0875
1.2312,1.0921
2.1545,1.7042000000000002
2.5569,1.977
1.1544,1.0878
2.3727,1.7172
2.7663,2.0956
1.0978999999999999,1.0454
2.1458000000000004,1.7563000000000002
2.6365,1.9839000000000002
1.8947,1.0994000000000002
2.0968000000000004,1.8124
2.7562,2.0427
1.2202,1.0989
2.1599000000000004,1.7504
2.532,2.0900000000000003
1.2713,1.188
2.3073,1.7657
2.4796,1.9962
1.0997000000000001,1.054
1.8862,1.6941
2.7403000000000004,2.0669
1.2199000000000002,1.0973000000000002
2.2337000000000002,1.8175000000000001
2.6276,2.0293
1.0688,1.0859
1.9718000000000002,1.6922000000000001
3.3506,2.0843000000000003
1.1882000000000001,1.1021
2.2534,1.7981000000000003
2.5829,2.0038
1.2075,1.0771000000000002
2.0444,1.6709
2.5786000000000002,2.0005
1.1812,1.1105000000000003
2.0860000000000003,1.997
2.5676,3.4403
1.1452,1.0923
2.0399000000000003,2.0848
3.1514,2.1088
1.1340000000000001,1.0899
2.2191000000000005,1.7582000000000002
2.8949000000000003,2.0394
1.1926,1.1175
2.4360000000000004,1.7213
2.7172000000000005,2.0706
1.0752000000000002,1.0876
2.1121,1.6769
2.8120000000000003,2.1245000000000003
1.2743000000000002,1.1498000000000002
2.0435000000000003,1.7178
2.4518,1.9780000000000002
0.9978,1.0454
2.1346,1.7577
2.5011,3.0869
0.9734,1.1181
2.2448000000000006,1.7690000000000001
2.7704999999999997,2.0325
1.0096,1.0772000000000002
2.1271000000000004,1.7861
2.8929000000000005,2.0612
1.1448,1.0883000000000003
1.9504000000000001,1.7259
2.4984,2.0068
1.2182,1.0851000000000002
2.0195,1.6849
3.6153,2.0138000000000003
1.1125,1.0714000000000001
2.1945,1.7665
2.8392,2.2348000000000003
1.1108,1.1145
2.2062000000000004,1.8613000000000002
2.7149,2.13
1.1271,1.0677
2.0378000000000003,1.7191
2.7245000000000004,2.0860000000000003
1.0981,1.0809000000000002
2.0411,1.7224
2.7777000000000003,1.9774000000000003
1.0431000000000001,1.0761
2.2886,1.7660000000000002
2.9236,2.1607000000000003
1.2551,1.1145
2.1676,1.7181000000000002
2.7735000000000003,2.0651
1.1482,1.1178000000000001
2.2719000000000005,1.741
2.8893,2.0459
1.0209000000000001,1.0286
1.9977000000000003,1.7062000000000002
2.7075000000000005,2.0380000000000003
0.9790000000000001,1.7309
2.0422000000000002,1.6959000000000002
2.7016,2.0974
1.2384000000000002,1.1107
2.4130000000000003,7.8002
2.6060000000000003,2.0396
1.2458,1.0975000000000001
2.1562,1.7611
2.7013000000000003,2.0724000000000005
1.2993,1.1553000000000002
2.0438,1.7984000000000002
3.0563000000000002,2.0652
1.2888000000000002,1.1195000000000002
2.3023000000000002,1.8315
2.9915000000000003,2.0836
1.1540000000000001,1.0806000000000002
2.2489000000000003,1.7326000000000001
2.6761000000000004,1.9892
1.0787000000000002,1.2494
2.2064000000000004,1.7105000000000001
2.5726,2.0074000000000005
1.1371,1.0981
1.9445000000000001,1.6768000000000003
3.3480000000000003,2.096
1.1603,1.0961
2.0936000000000003,1.7460000000000002
2.9314000000000004,2.1304000000000003
0.9470000000000001,1.0633000000000001
2.4221,1.8020000000000003
2.7310000000000003,2.0515
1.1365,1.0529000000000002
1.9602,1.7093000000000003
2.8047000000000004,2.0050000000000003
1.0915,1.0861
2.2365000000000004,1.7407000000000001
2.7142000000000004,2.0664
1.0141,1.1467
3.3709000000000002,1.8234000000000001
2.7733000000000003,2.1021
1.4575,1.1511000000000002
2.2826,1.7806
2.8137000000000003,2.1456
0.8884,1.0506
2.0324,1.7234
2.5579,2.0624000000000002
1.1791,1.0943
2.1033000000000004,1.6993000000000003
2.7798000000000003,2.0882
1.0991,1.0695999999999999
2.1708000000000003,1.7538
2.7604,2.6689000000000003
1.0515,1.0679
2.1797,1.8512000000000002
2.8870000000000005,2.0823
1.0156,1.0278
2.3077,1.9405000000000001
2.6835999999999998,1.9653
1.1285,1.1116000000000001
2.1638,2.0975
2.7673000000000005,2.0516
1.4919,1.1089000000000002
2.406,1.7650000000000001
2.6725,2.0021
1.1925,1.1032000000000002
2.2595,1.7247000000000001
2.6973000000000003,2.055
1.2105,1.095
2.1115,1.7965000000000002
2.8095000000000003,2.0084
1.1473,1.0774000000000001
2.1587,2.8984
2.6850000000000005,2.0524000000000004
0.9028,1.0416
2.1374000000000004,1.7665
2.7331,2.8152000000000004
1.1132000000000002,1.065
2.1663000000000006,1.6925000000000001
2.7070000000000003,2.0654000000000003
1.3504,1.0584000000000002
3.1653000000000002,3.9238
2.8915,2.1063
1.2185000000000001,1.105
2.1138000000000003,1.6885000000000001
2.7559000000000005,2.0254000000000003
1.2167000000000001,1.1005
2.197,1.7105000000000001
3.0435000000000003,2.0713000000000004
1.1425,1.1171
2.0439,1.7304000000000002
2.7083000000000004,2.0467000000000004
1.2213,1.1026
2.2576,1.7734
2.6619,2.0267000000000004
1.3290000000000002,1.1489
2.2155,1.7545000000000002
2.9286000000000003,2.0762
1.0615,1.0635
2.0593,1.8192000000000002
3.0415000000000005,2.1020000000000003
0.9998000000000001,1.0702
1.8986,1.7026000000000001
2.6049,2.0383000000000004
1.1233,1.1959000000000002
2.1042,1.7115
2.4075,1.9686000000000001
1.1591000000000002,1.0783
2.3309,1.7267000000000001
2.9952000000000005,2.1282
1.2502000000000002,1.1198
2.5354,1.8305
2.7168,2.1838
1.1003,1.088
2.2332,1.8058000000000003
2.7034000000000002,2.0845
1.0943,1.1647
2.1785,1.7557
2.9284000000000003,2.0742
1.1652000000000002,1.0756999999999999
2.302,1.8132000000000001
2.7032000000000003,2.0309
1.0761,1.0688
2.2748,1.7531
2.6746,2.0296000000000003
1.1714000000000002,1.1518000000000002
2.3891000000000004,1.8172000000000001
3.0101000000000004,2.0679000000000003
0.995,1.0591000000000002
2.1717,1.8448000000000002
2.6252000000000004,1.9855000000000003
1.0889,1.0876
2.099,1.7323000000000002
2.7259,2.0539
1.1183,1.0854000000000001
2.3128,1.7908000000000002
3.0967000000000002,2.1898
1.0116,1.0488000000000002
1.9786000000000001,1.8769000000000002
2.7142000000000004,1.9723000000000002
1.11,1.0982
2.2404,1.724
2.8972,2.0725000000000002
1.2253,1.1685
2.2946,1.8256000000000001
2.7555,2.0387
1.1805,1.1037
2.1655,1.7383000000000002
2.8206,2.0233
1.3793000000000002,1.1541000000000001
2.434,1.8237
2.7498,2.1038
1.0793000000000001,1.0376
2.3150000000000004,1.7730000000000001
2.5572000000000004,1.9813999999999998
1.1503,1.0988
2.2936,1.9789
2.6959000000000004,2.0122
1.2551,1.1077000000000001
2.4650000000000003,1.7930000000000001
3.0771,2.1105
1.1676,1.1299000000000001
2.0517,1.6772
2.8495,2.0489
1.1943000000000001,1.1111
2.1041000000000003,1.8618000000000001
2.5824000000000003,1.9851
1.0086000000000002,1.0366000000000002
2.3242000000000003,1.7791000000000001
2.7883,2.0523
1.0501,1.0412000000000001
2.011,2.1082
2.608,2.2529
1.1596,1.0654
2.2022,1.8494000000000002
2.8342,2.0923000000000003
1.1891,1.1501000000000001
2.3658,1.7151
2.8508999999999998,2.0522
1.1883,1.0996000000000001
3.2436000000000003,1.8288000000000002
2.572,2.0033
1.8711000000000002,1.4936
2.052,1.9165
2.6578,2.0643000000000002
1.092,1.0856000000000001
2.0434000000000005,1.6813000000000002
2.6991000000000005,2.0210000000000004
1.1657,1.1400000000000001
2.1284000000000005,1.7387000000000001
2.9864,2.1193
0.9724000000000002,1.0678
2.059,1.7257000000000002
2.6475999999999997,3.023
1.0737,1.1237000000000001
2.1945,1.7476000000000003
2.8192,2.0732000000000004
1.0814000000000001,1.0858
2.1771,1.7465
2.7841000000000005,2.1042
0.9183,1.0395
2.3268,1.8466
2.6561000000000003,2.0835000000000004
1.1691000000000003,1.1144
2.0326000000000004,1.7457000000000003
2.7748,2.0741
1.1181,1.1134000000000002
2.4735,1.7997000000000003
2.7046,2.0047
1.3231,1.1169
2.3279,1.7690000000000001
2.9204,2.0359000000000003
1.2537000000000003,1.123
2.5832,1.8264000000000002
2.8156000000000003,2.0399000000000003
0.987,1.0341
2.1828,1.7770000000000001
2.4868,2.0178000000000003
0.9984,1.0373
2.1229,1.7129
2.957,2.0878000000000005
1.0718,1.0844
2.2182,1.8319
2.8396000000000003,2.0421000000000005
1.1444,1.1151000000000002
2.1633,1.8213000000000001
2.6507,2.0071
1.1644,1.1097000000000001
2.0128,1.6764000000000001
2.8298000000000005,2.0826
1.1405,1.8283000000000003
3.2168,3.9811000000000005
2.4596999999999998,1.9438000000000002
1.1549000000000003,1.1245
2.2403000000000004,1.7518000000000002
2.7876000000000003,2.1295
1.1540000000000001,1.0889
2.1598,1.7468000000000001
2.6767000000000003,2.0095
1.1658,1.1304
2.2497000000000003,1.7494
2.4583,2.0243
1.0449000000000002,1.0622
2.5741,1.8693000000000002
3.0588,2.3234000000000004
1.1178000000000001,1.074
2.2107000000000006,1.7588000000000001
2.6466000000000003,2.0387
1.3545,1.1749
2.1317000000000004,1.747
3.0751000000000004,2.1309000000000005
1.1540000000000001,1.1437000000000002
2.0768,1.714
2.794,2.0837
0.9844,1.0150000000000001
2.2192000000000003,1.9521
2.6158,2.0116
1.1876,1.0978999999999999
2.0681000000000003,1.7307000000000001
2.6063,2.0776000000000003
1.0996000000000001,1.1572000000000002
1.9046000000000003,1.6751
2.9106,2.087
1.0239,1.0681
2.1138000000000003,1.7326000000000001
2.8369000000000004,2.0708
1.1129,1.057
2.1596,1.7423
2.8383000000000003,2.0418000000000003
0.9108,1.0849
2.1015,1.6778000000000002
2.7146000000000003,2.0164000000000004
1.0579,1.0773
2.0571,1.7304000000000002
2.9102000000000006,2.1728000000000005
0.8484,1.0939
2.2605000000000004,1.8308
2.9187000000000003,2.0742
1.0933000000000002,1.0587000000000002
1.9983000000000002,1.716
2.6102,1.9801000000000002
1.0611000000000002,1.0685
2.4223,1.8251000000000002
2.6974,2.0087
1.0963,1.1022
2.1894,1.7429000000000001
2.4781,2.0202
1.0951000000000002,1.0517
2.0227,1.6817000000000002
2.8745000000000003,2.2028
1.1716,1.0948000000000002
2.2495000000000003,2.4241
2.5853,1.9707000000000001
1.1454,1.0758
2.1948000000000003,1.8866000000000003
2.7766,2.0073
1.1085,1.1232
2.0842,1.7148
2.7414,2.0774
1.0299,1.0345
2.0970000000000004,1.8918000000000001
2.9290000000000003,2.0893
1.0494,1.0994000000000002
2.2503,1.8092000000000001
2.3977,1.9886000000000001
1.0783,1.0852000000000002
2.5532000000000004,1.7706000000000002
2.6439000000000004,2.0678
1.0245,1.0718
2.181,1.7187000000000001
2.692,2.0323
0.9927,1.1249
2.1778,1.7475
2.7911,2.0537000000000005
1.1685,1.1113
2.2243000000000004,1.6988
2.7067,2.0126000000000004
1.0879,1.1400000000000001
2.1694,1.7853
3.023,2.0881000000000003
1.2195,1.0866
2.2749,1.8158
2.7955,2.1820000000000004
1.279,1.1350000000000002
2.1916,1.8095
2.5236,2.0625
1.1224000000000003,1.0983
2.0165,1.7563000000000002
2.4561,2.0498
1.3884,1.1571
2.0225,2.8082000000000003
2.5453,2.1527
1.1185,1.0790000000000002
2.3431,1.7613
2.6594,2.0419
1.1867,1.1355
2.0484,1.7764
3.1272,2.0909
1.1895,1.0743
2.1226000000000003,1.7886000000000002
2.6634,2.0096000000000003
1.1268,1.0917999999999999
2.1811000000000003,1.8711000000000002
2.8937000000000004,2.0566
0.9738,1.0117
3.5646000000000004,1.7701000000000002
2.8320000000000003,3.1503000000000005
1.1334000000000002,1.0923
2.1454,1.6899
2.5785,2.0189
1.2063,1.1136
2.3199,1.7480000000000002
2.7596000000000003,2.0572
1.0652000000000001,1.0628
3.1881,1.7415000000000003
2.6948000000000003,1.9887
1.1116000000000001,1.0924
2.1472,1.8197
3.0967000000000002,2.1278
1.2394,1.0801
1.9984,1.7399000000000002
2.6227000000000005,1.9705
1.0769,1.0499
2.1624,1.7123000000000002
2.9485,2.0775
1.0890000000000002,1.111
2.2371000000000003,2.7228
2.9463000000000004,2.0942
1.2044,1.1257000000000001
2.1471000000000005,1.7231000000000003
2.7184000000000004,2.1044
1.1751,1.1196000000000002
2.4392000000000005,1.7972000000000001
2.8771,2.0484999999999998
1.0181,1.07
2.3523000000000005,1.7785000000000002
2.5672,2.0306
1.1177000000000001,1.1248
2.2171,1.7387000000000001
2.5887000000000002,1.9793000000000003
1.1276000000000002,1.1297
2.3234000000000004,1.7690000000000001
2.4101,1.9707000000000001
1.1787,1.1302
2.1649,1.8426
3.8332,2.0262000000000002
1.58,1.5759
2.0139000000000005,1.7411
2.6674,1.9867000000000001
1.0446000000000002,1.0226
2.3829000000000002,1.8698000000000001
3.2757000000000005,1.99
0.9556,1.0469000000000002
2.2715,1.7553
2.8581000000000003,2.047
1.1288,1.1298000000000001
2.0127,1.7108
2.6669,2.0291
1.0509,1.0704
2.2641000000000004,1.7992000000000001
2.8351,2.2189
1.1567,1.1049
2.1485000000000003,1.7336
2.8669000000000002,2.085
0.9271,1.0041
2.2818,1.7733
2.7167000000000003,2.0574
1.0639,1.0751000000000002
2.2199000000000004,1.7503000000000002
2.7858,2.0734
1.1563,1.0735000000000001
2.1459,1.7339
2.9293,2.111
1.102,1.0551
2.2675,1.9194000000000002
2.5883,2.0708
1.1382,1.0888
1.9233000000000002,1.7153
2.4444000000000004,1.9581
1.1601000000000001,1.0875000000000001
2.3006,1.7473
2.9269000000000003,2.0646
1.0476,1.0838
2.244,1.8024
2.8141000000000003,2.0863
1.2245000000000001,1.0978999999999999
2.2998000000000003,1.7235000000000003
2.654,2.0031000000000003
0.9832000000000001,1.0751000000000002
2.1869000000000005,1.9609000000000003
3.0458,2.0415
1.0959999999999999,1.0743
2.0233,1.6939000000000002
3.0947,2.111
1.2920000000000003,1.1357000000000002
2.2266,1.7063
2.6822,2.0321000000000002
1.3146000000000002,1.147
3.0774,1.7455
2.7846,2.0431
1.1919000000000002,1.0701
2.0829,1.6758000000000002
2.6043000000000003,2.0395
1.1205,1.0953
2.2423,1.7518000000000002
2.7654000000000005,2.0730000000000004
1.0452000000000001,1.0421
1.9775,1.7379000000000002
2.7601,2.2969
1.0101,1.1692
2.2672,2.9821
2.8263000000000003,2.0903
1.1514000000000002,1.0972
2.1555000000000004,1.7485
4.0016,2.1447000000000003
1.2835,1.1227
2.2509,2.7835000000000005
2.6200000000000006,1.9707999999999999
1.0153,1.0412000000000001
1.9525000000000001,1.6645
2.8813000000000004,2.2282
1.0854000000000001,1.0554
2.3726000000000003,1.807
2.4776,2.0652
1.2414,1.1015000000000001
2.2512,1.7997000000000003
2.673,2.0819
1.1416,1.1197000000000001
2.2453,1.7564000000000002
2.9827,2.1422
0.9517000000000001,1.0303
2.2277,1.7871
2.8423000000000003,2.0866000000000002
1.205,1.0667
2.1971,1.7723
2.8041000000000005,2.0747
1.0668000000000002,1.0417
2.0779,1.6793
2.8035,2.0533
1.2685000000000002,1.1096000000000001
2.095,1.6856000000000002
2.7288,3.0204000000000004
1.1504,1.0523000000000002
2.1242,1.7489000000000001
2.6022000000000003,2.0016000000000003
0.9815000000000002,1.0221
2.1643,1.7383000000000002
2.4343000000000004,2.6192
1.1004,1.0587000000000002
3.5100000000000002,2.6552000000000002
2.719,2.0717000000000003
1.1086000000000003,1.1017000000000001
2.2765000000000004,1.7387000000000001
2.7129000000000003,2.1406000000000005
1.4440000000000002,1.0895
2.2787,1.8184000000000002
2.3438,2.0061000000000004
1.0643,1.0743
2.7855000000000003,1.7283000000000002
2.6156,1.9745000000000001
1.2304,1.1111
1.9558000000000002,1.7369
3.1541000000000006,2.5596
1.1195000000000002,1.0714000000000001
2.2298,1.7832000000000001
2.8377000000000003,2.0706
1.0592000000000001,1.0702
2.2531,1.7465
2.6155000000000004,1.9793000000000003
1.0512,1.0849
1.9516000000000002,1.6981000000000002
3.4793000000000003,4.1712
1.3042000000000002,1.1659000000000002
2.0791,1.7942000000000002
2.8784,2.3929000000000005
1.179,1.0948000000000002
2.1842,1.7446
2.716,2.2046
1.0584000000000002,1.0334
2.1804,1.727
3.0347,2.0533
1.0955000000000001,1.0779
2.4707000000000003,1.8045000000000002
2.4746,2.0494000000000003
1.1071,1.0923
2.3817,1.8047
2.6672000000000002,2.0712
1.0797,1.0818
2.094,1.7509000000000001
2.8895,2.0996
1.2107,1.1432
2.2933000000000003,1.7549000000000001
2.8362000000000003,2.0394
1.1059,1.1058000000000001
2.1563000000000003,2.0031000000000003
2.8051,2.0656000000000003
1.288,1.1176000000000001
2.0756,1.7395000000000003
2.7031000000000005,2.0445
1.3526,1.1602000000000001
1.8272000000000002,1.6997000000000002
2.9512,2.1852
1.2177000000000002,1.105
2.3668,1.7284000000000002
2.7187,2.0363
1.1226,1.1135000000000002
2.0314,1.7456
2.8372,2.0772
1.1674,1.2429000000000001
2.5231000000000003,1.8446
2.2477,1.9887
1.1135000000000002,1.0987
2.1108,1.7628000000000001
2.5082000000000004,2.0261000000000005
1.0589,1.0765
2.1399,1.7636
2.6453,2.0587
1.266,1.1091
2.2193,1.9233000000000002
3.0989000000000004,2.0967
1.064,1.0942
2.196,1.7297
2.4412000000000003,1.9746
1.2362,1.1128000000000002
2.0643000000000002,2.7785
2.4972000000000003,1.974
1.0131000000000001,1.0744
2.3408,1.7969000000000002
2.6466000000000003,2.0015
1.4395,1.2217
2.0666,1.6741000000000001
2.833,2.1057
1.1857,1.1480000000000001
2.2317,1.7775000000000003
2.8683,2.1339
1.1676,1.0814000000000001
2.3858,1.8138
2.6350000000000002,2.0785
1.0399,1.0866
2.2604,1.786
2.9195,2.0714
1.1537000000000002,1.0906000000000002
2.2281000000000004,1.7577
2.7528,2.0271
1.196,1.1706
2.7272000000000003,1.6981000000000002
2.744,2.1948000000000003
0.9603,1.0416
2.4162000000000003,1.9013
3.1589,2.0591000000000004
1.1026,1.0627
3.4553000000000003,2.6067
3.0693,2.0385
1.1647,1.1496
2.3385000000000002,2.8661000000000003
3.0065,2.123
1.0484000000000002,1.0673
2.3810000000000002,1.8104000000000002
2.6683000000000003,2.0333
1.0288000000000002,1.0262000000000002
2.1029,1.7155
2.7691,2.297
1.0805,1.0733000000000001
1.9212,1.66
3.3678000000000003,1.9999000000000002
1.0832000000000002,1.0727
1.8621000000000003,1.6761
2.7266,2.0194
1.0621,1.0613000000000001
1.9781,1.7195
2.5942000000000003,2.0678
1.0823,1.0966
2.262,2.1446
2.9319,2.0643000000000002
0.9524,1.0365000000000002
2.0448000000000004,1.6948000000000003
2.8083,2.1205
1.0264,1.0483
2.2219,1.7234
2.8502,2.0545000000000004
1.245,1.0890000000000002
2.372,1.7546
2.9117,2.0657
1.1235000000000002,1.1095
2.2009,1.7037
2.8416,2.0899
1.0546000000000002,1.0486
2.7725000000000004,1.7832000000000001
2.7138,2.0557000000000003
1.1832,1.0866
2.18,1.9363000000000001
2.6349000000000005,2.0152
1.1572000000000002,1.1475000000000002
2.4696000000000002,1.8395000000000001
2.7942,2.0702000000000003
1.3087000000000002,1.1194
1.9956,1.7735
2.6575,2.0625999999999998
1.0111,1.039
2.3640000000000003,1.7308
2.9675000000000002,2.0733
1.0876,1.0392000000000001
2.1192,1.7762000000000002
2.6867,2.065
0.8572000000000001,1.0279
2.1683000000000003,1.7071
2.9474,2.079
1.1033,1.0886
2.0977,1.8884
2.497,1.9915000000000003
1.1212000000000002,1.0810000000000002
2.1863,1.7862000000000002
2.5945,1.996
1.1554,1.0823
2.2079,1.7576
2.8478000000000003,2.0657
2.3401000000000005,1.0767
2.2871,1.7649
2.6037,1.9899000000000002
1.0773,1.1432
2.3822,1.7327000000000001
2.5338000000000003,1.9641000000000004
1.3297,1.1598000000000002
2.3076,1.7647000000000002
2.7243000000000004,2.0712
1.0575,1.0635
2.1435,1.8028
3.153,2.0222
2.1675,1.1107
2.1198,1.7376000000000003
2.6218,2.0051
1.1480000000000001,1.0743
2.0712,1.6967
2.5010000000000003,2.0082
1.2335,1.0891
2.1269,1.6984000000000001
2.524,1.9953000000000003
1.0861,1.0742
2.3776,1.7784
2.4495000000000005,2.0261000000000005
1.0943,1.074
2.3367,1.7317
2.9063000000000003,2.2070000000000003
1.1231000000000002,1.067
2.1494,1.9018000000000002
2.8442000000000003,2.0325
1.2528000000000001,1.1216000000000002
2.0585,1.6817000000000002
2.8870000000000005,3.3067
1.1162,1.0515999999999999
2.2145,1.7237
2.686,1.9904000000000002
1.5573000000000001,1.5436
2.0758,1.7481
2.8346,2.1559
1.3065000000000002,1.1595000000000002
2.1237,1.7761
3.8255000000000003,2.6703
1.0255,1.1061
2.1854999999999998,2.2326
2.8787000000000003,2.0576000000000003
1.1022,1.0835000000000001
2.3492,1.7825
2.7465,2.0742
1.0489,1.0349000000000002
1.9026,1.697
2.6987,2.2366
1.0131000000000001,1.0515999999999999
2.0584000000000002,1.9490000000000003
2.9399,2.0346
1.0798,1.1008
2.3823,1.8616000000000001
2.7552000000000003,2.0725000000000002
1.2956,1.1334000000000002
2.3925,1.7984000000000002
2.7892000000000006,2.0507
1.2495000000000003,1.1065
2.1699,1.7318000000000002
2.8718000000000004,2.0532000000000004
0.9436000000000001,1.0754
2.3295,1.7773
2.4951,2.0085
1.0625,1.0728
2.2442,1.7252
2.6835,2.0261000000000005
0.9708000000000001,1.0457
2.1176000000000004,1.8069000000000002
2.9274999999999998,2.0347
1.1884000000000001,1.0915
2.2206,1.794
2.7106,2.0480000000000005
1.105,1.0836000000000001
2.1945,1.8248000000000002
2.7266,2.1195000000000004
0.9683,1.0312000000000001
2.0647,1.7616
2.8633,2.1295
1.078,1.0934
2.1806,1.8275000000000001
2.6896000000000004,1.9774000000000003
0.9353,1.0487
2.1145,1.7022000000000002
2.7305,2.0109
1.2770000000000001,1.1388
2.2366,1.8882
2.8176,2.039
1.0705,1.0882
2.2908,1.7709000000000001
2.8817,2.0336
1.026,1.0603000000000002
2.4111000000000002,1.7945
2.5745,1.9821000000000002
1.1511000000000002,1.1168
3.0304,1.6844000000000001
2.5584000000000002,2.0369
0.9670000000000001,1.0367
2.3819000000000004,1.9471000000000003
2.6466000000000003,2.0188
1.1498000000000002,1.2133
2.2025,1.7292
2.6248,2.0351000000000004
1.1581,1.1227
2.1254,1.7402000000000002
2.8193,2.1519
1.1976,1.1142
1.9012,1.6848
2.7623,3.325
1.0779,1.0565000000000002
2.4322000000000004,1.7936
2.7949,2.0632
1.0383,1.0703000000000003
2.1682,1.7401
2.8415000000000004,2.0928
1.0190000000000001,1.0659
2.2165000000000004,1.794
2.7211000000000003,1.9698000000000002
0.9684,1.0657
2.1948000000000003,1.9029
2.9488000000000003,2.0503
1.0511000000000001,1.0872
2.1566,1.7423
3.0128000000000004,2.0816000000000003
1.2866000000000002,1.1663000000000001
2.1174000000000004,1.7289
2.9008000000000003,2.0513000000000003
1.0928000000000002,1.1005
2.2302000000000004,1.7763000000000002
2.9481,2.1725
1.0234,1.0929000000000002
2.0902,1.7189
2.6411,2.1940000000000004
0.9490000000000001,1.0078
2.1666000000000003,1.8092000000000001
2.6227000000000005,2.0374
1.8281,1.4411
2.4072,2.462
2.5107000000000004,1.967
1.1072,1.0678
2.1213,1.6913000000000002
2.7476000000000003,3.0656000000000003
1.0676,1.0998
2.3614,1.7777
3.8064,2.072
1.1843000000000001,1.0517
2.1772,1.7493
2.7604,2.0445
1.0986000000000002,1.0674000000000001
1.9839000000000002,1.7093000000000003
2.7337000000000002,2.1559
1.1106,1.1414000000000002
2.3592,1.8425000000000002
2.7269,2.1489
1.1194,1.0673
2.3240000000000003,1.8476000000000001
2.7743,2.0683
1.1856,1.098
1.9912000000000003,1.6759000000000002
2.6629,2.1927000000000003
1.1935000000000002,1.1519
2.2559000000000005,1.9316000000000002
2.7593,2.0438
1.2371,1.1714000000000002
2.3356000000000003,1.7791000000000001
2.732,2.0688
1.042,1.0715
2.0222,1.7237
2.6262,1.9557000000000002
1.2533,1.0879
1.9459000000000002,1.6926
2.9595000000000002,2.0674
1.0871000000000002,1.0462000000000002
2.2561,1.7359
2.9985000000000004,2.1408
1.113,1.1108
2.1705,1.7482000000000002
2.6852,2.0211
1.4259000000000002,1.084
2.1809,1.7682000000000002
2.7281000000000004,2.0447
1.0837,1.0882
2.3504000000000005,1.7831000000000001
2.6466000000000003,2.1612000000000005
1.0482,1.0376
2.2397000000000005,1.7483000000000002
3.3066000000000004,2.0799
1.1603,1.0988
2.1422,1.7043000000000001
2.8255000000000003,2.0700000000000003
1.286,1.1325
2.058,1.7440000000000002
3.5983,2.0108
1.1084,1.0787000000000002
2.2239,1.7553
2.5185000000000004,2.1311
1.1012000000000002,1.0627
2.4422,1.8479
2.5309,2.0514
1.0365000000000002,1.0442
2.0074000000000005,1.6705
3.0207,2.0511
1.1672,1.1026
2.6294,1.771
2.5056000000000003,2.0173
1.0758,1.0743
2.1214000000000004,1.7286000000000001
2.5368,2.0204000000000004
1.1174000000000002,1.1308000000000002
2.0415,1.7097000000000002
2.7746000000000004,2.0033
0.9773,1.0241
2.1066000000000003,1.7128
2.9108000000000005,2.0845
1.1896,1.0967000000000002
1.872,1.673
2.6614,2.0698000000000003
1.0690000000000002,1.0787000000000002
2.0814000000000004,1.6997000000000002
2.9464,2.0738000000000003
1.2655,1.145
2.1267,1.7505000000000002
2.6188000000000002,2.0611
1.0071999999999999,1.0672000000000001
2.3756000000000004,1.7379000000000002
2.8832000000000004,2.0961
0.9994999999999999,1.0415
2.3800000000000003,1.8091000000000002
2.7606,2.0599
1.5668000000000002,1.0482
2.1971,1.737
2.9471000000000003,2.1666000000000003
0.9744,1.0403
2.2513000000000005,1.7678
2.7918000000000003,2.0338000000000003
1.1726,1.1017000000000001
2.0411,1.7267000000000001
2.8571,8.399000000000001
1.2834,1.0855000000000001
3.176,1.9496000000000002
2.8082000000000003,2.0848
0.9308000000000001,0.9898000000000001
2.4732,1.7662000000000002
2.5584000000000002,2.0063
1.2225000000000001,1.1428
2.1908000000000003,1.9440000000000002
2.547,1.9625000000000004
1.1613,1.0779
2.0537000000000005,1.6926
4.0447,1.9934000000000003
1.0487,1.1044000000000003
2.2036,1.7441000000000002
2.3291000000000004,1.9183000000000001
1.8920000000000001,1.1166
2.0056000000000003,1.7064000000000001
2.585,2.0272
1.1485,1.0807
2.2771000000000003,1.7727000000000002
2.7679,2.127
1.2228,1.0527000000000002
2.1578,1.7537000000000003
2.8955,2.0562
1.0,1.0875000000000001
2.1648,1.7139000000000002
2.6363000000000003,2.0146
1.1581,1.1053
2.4023,1.7776
3.0739,2.0993
1.1304,1.1205
2.1833,2.7249000000000003
2.5176,1.9621
1.1722,1.0743
2.2973,1.7911000000000001
2.5447,1.9881
1.1813000000000002,1.0821
2.1785,1.7527000000000001
2.6126,2.0138000000000003
1.0677,1.0963
2.2385,1.7261000000000002
2.6708000000000003,2.0645
1.0046,1.0445
2.1475999999999997,1.7225000000000001
2.8491000000000004,2.2262000000000004
1.2595,1.1446000000000003
2.0568,1.7233
2.6544000000000003,1.9587000000000003
1.1660000000000001,1.1086000000000003
2.3054,1.7387000000000001
