v,w,p,q,e,j,s,op_count
50,2,1,1,48,2,5,1110087.8073743093
50,2,2,1,48,2,5,2020435.6263880015
50,2,3,1,48,2,5,3322791.9335594242
50,2,4,1,48,2,5,5086617.0481689265
68,3,1,1,65,4,5,2062131.7263854637
68,3,1,2,65,4,5,3685985.0378644727
68,3,2,1,65,4,5,3686296.0378644723
68,3,2,2,65,4,5,6009099.44341647
68,3,3,1,65,4,5,6009693.44341647
68,3,3,2,65,4,5,9154795.07745285
68,3,4,1,65,4,5,9156000.077452851
68,3,4,2,65,4,5,13246748.046526143
68,3,5,1,65,4,5,13249336.046526143
68,3,5,2,65,4,5,18409078.436533894
68,3,6,1,65,4,5,18414615.43653389
68,3,6,2,65,4,5,24766700.317734726
87,4,1,1,83,6,5,3431687.536333383
87,4,1,2,83,6,5,6031141.249727892
87,4,2,1,83,6,5,6031472.249727893
87,4,2,2,83,6,5,9749776.313415112
87,4,3,1,83,6,5,9750390.313415114
87,4,3,2,83,6,5,14784992.80171181
87,4,4,1,83,6,5,14786217.80171181
87,4,4,2,83,6,5,21334566.77687054
87,4,5,1,83,6,5,21337174.776870545
87,4,5,2,83,6,5,29596718.291557413
87,4,6,1,83,6,5,29602275.29155741
87,4,6,2,83,6,5,39770461.39072466
87,4,7,1,83,6,5,39781767.39072467
87,4,7,2,83,6,5,52056044.113047265
87,4,8,1,83,6,5,52077663.11304726
87,4,8,2,83,6,5,66655478.49203984
112,5,1,1,107,8,5,5797592.109941541
112,5,1,2,107,8,5,10028329.086706541
112,5,2,1,107,8,5,10028680.08670654
112,5,2,2,107,8,5,16080367.527801672
112,5,3,1,107,8,5,16081001.527801674
112,5,3,2,107,8,5,24274987.483085018
112,5,4,1,107,8,5,24276232.483085018
112,5,4,2,107,8,5,34933864.99576221
112,5,5,1,107,8,5,34936492.99576221
112,5,5,2,107,8,5,48379120.10351969
112,5,6,1,107,8,5,48384697.10351969
112,5,6,2,107,8,5,64933666.83942652
112,5,7,1,107,8,5,64944992.839426525
112,5,7,2,107,8,5,84921653.23265913
112,5,8,1,107,8,5,84943292.23265915
112,5,8,2,107,8,5,108668991.30908933
112,5,9,1,107,8,5,108707891.30908933
112,5,9,2,107,8,5,136503977.09176517
112,5,10,1,107,8,5,136570180.0917652
112,5,10,2,107,8,5,168758000.60130763
134,6,1,1,128,10,5,8514671.686519276
134,6,1,2,128,10,5,14507682.58178057
134,6,2,1,128,10,5,14508053.58178057
134,6,2,2,128,10,5,23080487.032211166
134,6,3,1,128,10,5,23081141.032211166
134,6,3,2,128,10,5,34688193.07271373
134,6,4,1,128,10,5,34689458.07271374
134,6,4,2,128,10,5,49786324.7342377
134,6,5,1,128,10,5,49788972.73423769
134,6,5,2,128,10,5,68830850.0443546
134,6,6,1,128,10,5,68836447.0443546
134,6,6,2,128,10,5,92278531.02773248
134,6,7,1,128,10,5,92289877.02773248
134,6,7,2,128,10,5,120587363.70652969
134,6,8,1,128,10,5,120609022.7065297
134,6,8,2,128,10,5,154217108.10072434
134,6,9,1,128,10,5,154256028.10072434
134,6,9,2,128,10,5,193629908.2283911
134,6,10,1,128,10,5,193696131.22839114
134,6,10,2,128,10,5,239291002.10593575
134,6,11,1,128,10,5,239398464.10593572
134,6,11,2,128,10,5,291669521.7482943
134,6,12,1,128,10,5,291836942.7482943
134,6,12,2,128,10,5,351239383.16910374
147,7,1,1,140,12,5,10562083.834322482
147,7,1,2,140,12,5,17740221.01726285
147,7,2,1,140,12,5,17740612.017262846
147,7,2,2,140,12,5,28008239.842832398
147,7,3,1,140,12,5,28008913.842832394
147,7,3,2,140,12,5,41911240.335266866
147,7,4,1,140,12,5,41912525.335266866
147,7,4,2,140,12,5,59994758.51641726
147,7,5,1,140,12,5,59997426.51641726
147,7,5,2,140,12,5,82804774.40605278
147,7,6,1,140,12,5,82810391.40605278
147,7,6,2,140,12,5,110888062.02211721
147,7,7,1,140,12,5,110899428.02211721
147,7,7,2,140,12,5,144792629.3809469
147,7,8,1,140,12,5,144814308.38094687
147,7,8,2,140,12,5,185068248.4974572
147,7,9,1,140,12,5,185107188.4974572
147,7,9,2,140,12,5,232267075.38530278
147,7,10,1,140,12,5,232333318.38530278
147,7,10,2,140,12,5,286944360.05701554
147,7,11,1,140,12,5,287051842.0570156
147,7,11,2,140,12,5,349659246.52412474
147,7,12,1,140,12,5,349826687.52412474
147,7,12,2,140,12,5,420975662.7972609
147,7,13,1,140,12,5,421227546.7972609
147,7,13,2,140,12,5,501463300.8862471
147,7,14,1,140,12,5,501830945.88624716
147,7,14,2,140,12,5,591698686.8001786
194,8,1,1,186,14,5,18796736.44324007
194,8,1,2,186,14,5,31150664.25375584
194,8,2,1,186,14,5,31151075.25375584
194,8,2,2,186,14,5,48822105.70081286
194,8,3,1,186,14,5,48822799.70081286
194,8,3,2,186,14,5,72749248.80611515
194,8,4,1,186,14,5,72750553.80611515
194,8,4,2,186,14,5,103870737.58947887
194,8,5,1,186,14,5,103873425.58947888
194,8,5,2,186,14,5,143125660.0690451
194,8,6,1,186,14,5,143131297.0690451
194,8,6,2,186,14,5,191453898.26146352
194,8,7,1,186,14,5,191465284.26146352
194,8,7,2,186,14,5,249796568.18205142
194,8,8,1,186,14,5,249818267.1820514
194,8,8,2,186,14,5,319096549.8449324
194,8,9,1,186,14,5,319135509.8449324
194,8,9,2,186,14,5,400299107.2631569
194,8,10,1,186,14,5,400365370.26315695
194,8,10,2,186,14,5,494352598.4488088
194,8,11,1,186,14,5,494460100.44880885
194,8,11,2,186,14,5,602209275.413098
194,8,12,1,186,14,5,602376736.413098
194,8,12,2,186,14,5,724826174.1664431
194,8,13,1,186,14,5,725078078.1664431
194,8,13,2,186,14,5,863166094.7185439
194,8,14,1,186,14,5,863533759.7185438
194,8,14,2,186,14,5,1018198671.0784461
194,8,15,1,186,14,5,1018721409.0784461
194,8,15,2,186,14,5,1190901531.2545996
194,8,16,1,186,14,5,1191627898.2545993
194,8,16,2,186,14,5,1382261547.2549078
191,9,1,1,182,16,5,18840533.14669438
191,9,1,2,182,16,5,30822386.400893595
191,9,2,1,182,16,5,30822817.4008936
191,9,2,2,182,16,5,47961633.3741202
191,9,3,1,182,16,5,47962347.374120206
191,9,3,2,182,16,5,71168182.08136214
191,9,4,1,182,16,5,71169507.08136214
191,9,4,2,182,16,5,101352416.5364392
191,9,5,1,182,16,5,101355124.5364392
191,9,5,2,182,16,5,139425164.7521213
191,9,6,1,182,16,5,139430821.7521213
191,9,6,2,182,16,5,186298048.7402323
191,9,7,1,182,16,5,186309454.7402323
191,9,7,2,182,16,5,242883924.51174107
191,9,8,1,182,16,5,242905643.51174104
191,9,8,2,182,16,5,310097412.0768421
191,9,9,1,182,16,5,310136392.0768421
191,9,9,2,182,16,5,388855515.44502676
191,9,10,1,182,16,5,388921798.4450267
191,9,10,2,182,16,5,480078332.62514627
191,9,11,1,182,16,5,480185854.6251463
191,9,11,2,182,16,5,584689855.6254683
191,9,12,1,182,16,5,584857336.6254683
191,9,12,2,182,16,5,703618860.453727
191,9,13,1,182,16,5,703870784.4537271
191,9,13,2,182,16,5,837799887.1171681
191,9,14,1,182,16,5,838167572.117168
191,9,14,2,182,16,5,988174309.6225885
191,9,15,1,182,16,5,988697067.6225885
191,9,15,2,182,16,5,1155691495.976374
191,9,16,1,182,16,5,1156417882.976374
191,9,16,2,182,16,5,1341310058.1845303
191,9,17,1,182,16,5,1342299214.1845305
191,9,17,2,182,16,5,1545999192.2527137
191,9,18,1,182,16,5,1547322271.2527137
191,9,18,2,182,16,5,1770740108.1862564
227,10,1,1,217,18,5,27298941.98575442
227,10,1,2,217,18,5,44121183.97368309
227,10,2,1,217,18,5,44121634.97368308
227,10,2,2,217,18,5,68184087.69027695
227,10,3,1,217,18,5,68184821.69027695
227,10,3,2,217,18,5,100765173.14861433
227,10,4,1,217,18,5,100766518.14861433
227,10,4,2,217,18,5,143142456.36085021
227,10,5,1,217,18,5,143145184.3608502
227,10,5,2,217,18,5,196594397.3383011
227,10,6,1,217,18,5,196600074.33830112
227,10,6,2,217,18,5,262400250.09152055
227,10,7,1,217,18,5,262411676.09152058
227,10,7,2,217,18,5,341840502.630366
227,10,8,1,217,18,5,341862241.6303661
227,10,8,2,217,18,5,436197406.9640592
227,10,9,1,217,18,5,436236406.9640591
227,10,9,2,217,18,5,546755599.1012387
227,10,10,1,217,18,5,546821902.1012388
227,10,10,2,217,18,5,674802809.0500094
227,10,11,1,217,18,5,674910351.0500094
227,10,11,2,217,18,5,821630660.8179843
227,10,12,1,217,18,5,821798161.8179843
227,10,12,2,217,18,5,988535562.4123247
227,10,13,1,217,18,5,988787506.4123247
227,10,13,2,217,18,5,1176819685.839774
227,10,14,1,217,18,5,1177187390.839774
227,10,14,2,217,18,5,1387792037.1066906
227,10,15,1,217,18,5,1388314815.1066904
227,10,15,2,217,18,5,1622769616.2190762
227,10,16,1,217,18,5,1623496023.2190762
227,10,16,2,217,18,5,1883078667.1826022
227,10,17,1,217,18,5,1884067843.1826024
227,10,17,2,217,18,5,2170056018.0026336
227,10,18,1,217,18,5,2171379117.002634
227,10,18,2,217,18,5,2485050510.6842504
227,10,19,1,217,18,5,2486792220.6842504
227,10,19,2,217,18,5,2829424521.232267
227,10,20,1,217,18,5,2831684674.2322664
227,10,20,2,217,18,5,3204555569.6512504
258,11,1,1,247,20,5,36220856.03285715
258,11,1,2,247,20,5,57867543.389679156
258,11,2,1,247,20,5,57868014.389679156
258,11,2,2,247,20,5,88831292.49126996
258,11,3,1,247,20,5,88832046.49126995
258,11,3,2,247,20,5,130756023.34884986
258,11,4,1,247,20,5,130757388.34884986
258,11,4,2,247,20,5,185286171.97291526
258,11,5,1,247,20,5,185288919.97291523
258,11,5,2,247,20,5,254066618.3732994
258,11,6,1,247,20,5,254072315.3732994
258,11,6,2,247,20,5,338743036.5592272
258,11,7,1,247,20,5,338754482.5592272
258,11,7,2,247,20,5,440962334.53936464
258,11,8,1,247,20,5,440984093.5393647
258,11,8,2,247,20,5,562373184.3218626
258,11,9,1,247,20,5,562412204.3218626
258,11,9,2,247,20,5,704626641.914397
258,11,10,1,247,20,5,704692964.914397
258,11,10,2,247,20,5,869376857.3242053
258,11,11,1,247,20,5,869484419.3242053
258,11,11,2,247,20,5,1058281874.5581189
258,11,12,1,247,20,5,1058449395.558119
258,11,12,2,247,20,5,1273004521.6225934
258,11,13,1,247,20,5,1273256485.6225934
258,11,13,2,247,20,5,1515213390.5237353
258,11,14,1,247,20,5,1515581115.5237353
258,11,14,2,247,20,5,1786583907.2673264
258,11,15,1,247,20,5,1787106705.2673264
258,11,15,2,247,20,5,2088799491.8588471
258,11,16,1,247,20,5,2089525918.8588471
258,11,16,2,247,20,5,2423552808.3034973
258,11,17,1,247,20,5,2424542004.303497
258,11,17,2,247,20,5,2792547104.6062136
258,11,18,1,247,20,5,2793870223.6062136
258,11,18,2,247,20,5,3197497642.771689
258,11,19,1,247,20,5,3199239372.771689
258,11,19,2,247,20,5,3640133218.8043866
258,11,20,1,247,20,5,3642393391.804386
258,11,20,2,247,20,5,4122197772.7085547
258,11,21,1,247,20,5,4125093064.7085547
258,11,21,2,247,20,5,4645452088.488243
258,11,22,1,247,20,5,4649117809.488243
258,11,22,2,247,20,5,5211675584.147311
259,12,1,1,247,22,5,37606079.97291525
259,12,1,2,247,22,5,59418513.37329939
259,12,2,1,247,22,5,59419004.37329938
259,12,2,2,247,22,5,90619360.55922727
259,12,3,1,247,22,5,90620134.55922726
259,12,3,2,247,22,5,132865109.53936468
259,12,4,1,247,22,5,132866494.53936468
259,12,4,2,247,22,5,187812784.32186258
259,12,5,1,247,22,5,187815552.32186255
259,12,5,2,247,22,5,257119852.91439697
259,12,6,1,247,22,5,257125569.91439697
259,12,6,2,247,22,5,342444577.3242053
259,12,7,1,247,22,5,342456043.3242053
259,12,7,2,247,22,5,445446453.558119
259,12,8,1,247,22,5,445468232.558119
259,12,8,2,247,22,5,567786741.6225935
259,12,9,1,247,22,5,567825781.6225935
259,12,9,2,247,22,5,711129085.5237353
259,12,10,1,247,22,5,711195428.5237353
259,12,10,2,247,22,5,877140223.2673264
259,12,11,1,247,22,5,877247805.2673262
259,12,11,2,247,22,5,1067490786.8588471
259,12,12,1,247,22,5,1067658327.8588471
259,12,12,2,247,22,5,1283856192.3034973
259,12,13,1,247,22,5,1284108176.303497
259,12,13,2,247,22,5,1527917619.6062138
259,12,14,1,247,22,5,1528285364.6062138
259,12,14,2,247,22,5,1801363082.771689
259,12,15,1,247,22,5,1801885900.771689
259,12,15,2,247,22,5,2105888589.8043861
259,12,16,1,247,22,5,2106615036.8043861
259,12,16,2,247,22,5,2443199392.7085547
259,12,17,1,247,22,5,2444188608.7085547
259,12,17,2,247,22,5,2815011327.488243
259,12,18,1,247,22,5,2816334466.488243
259,12,18,2,247,22,5,3223052244.147311
259,12,19,1,247,22,5,3224793994.1473117
259,12,19,2,247,22,5,3669063526.6894426
259,12,20,1,247,22,5,3671323719.689442
259,12,20,2,247,22,5,4154801703.118154
259,12,21,1,247,22,5,4157697015.118154
259,12,21,2,247,22,5,4682040145.436806
259,12,22,1,247,22,5,4685705886.436807
259,12,22,2,247,22,5,5252570859.648613
259,12,23,1,247,22,5,5257162853.648614
259,12,23,2,247,22,5,5868206365.75665
259,12,24,1,247,22,5,5873902920.756649
259,12,24,2,247,22,5,6530781667.763859
284,13,1,1,271,24,5,46426385.04949294
284,13,1,2,271,24,5,72587701.57409547
284,13,2,1,271,24,5,72588212.57409547
284,13,2,2,271,24,5,110009151.89821716
284,13,3,1,271,24,5,110009945.89821714
284,13,3,2,271,24,5,160677504.02935323
284,13,4,1,271,24,5,160678909.02935323
284,13,4,2,271,24,5,226580081.9745864
284,13,5,1,271,24,5,226582869.9745864
284,13,5,2,271,24,5,309704653.7406164
284,13,6,1,271,24,5,309710390.7406164
284,13,6,2,271,24,5,412039781.3337872
284,13,7,1,271,24,5,412051267.33378714
284,13,7,2,271,24,5,535575260.7601117
284,13,8,1,271,24,5,535597059.76011175
284,13,8,2,271,24,5,682302652.0252945
284,13,9,1,271,24,5,682341712.0252945
284,13,9,2,271,24,5,854215899.1347528
284,13,10,1,271,24,5,854282262.1347528
284,13,10,2,271,24,5,1053312040.0936345
284,13,11,1,271,24,5,1053419642.0936344
284,13,11,2,271,24,5,1281592006.9068367
284,13,12,1,271,24,5,1281759567.9068367
284,13,12,2,271,24,5,1541061515.5790217
284,13,13,1,271,24,5,1541313519.5790217
284,13,13,2,271,24,5,1833732046.1146312
284,13,14,1,271,24,5,1834099811.1146314
284,13,14,2,271,24,5,2161621912.5179
284,13,15,1,271,24,5,2162144750.5179005
284,13,15,2,271,24,5,2526757422.79287
284,13,16,1,271,24,5,2527483889.79287
284,13,16,2,271,24,5,2931174128.9434
284,13,17,1,271,24,5,2932163364.9433994
284,13,17,2,271,24,5,3376918166.973176
284,13,18,1,271,24,5,3378241325.973176
284,13,18,2,271,24,5,3866047686.8857255
284,13,19,1,271,24,5,3867789456.8857255
284,13,19,2,271,24,5,4400634372.684421
284,13,20,1,271,24,5,4402894585.684422
284,13,20,2,271,24,5,4982765052.372494
284,13,21,1,271,24,5,4985660384.372494
284,13,21,2,271,24,5,5614543397.953036
284,13,22,1,271,24,5,5618209158.953036
284,13,22,2,271,24,5,6298091715.429017
284,13,23,1,271,24,5,6302683729.429017
284,13,23,2,271,24,5,7035552824.803281
284,13,24,1,271,24,5,7041249399.803281
284,13,24,2,271,24,5,7829092030.078558
284,13,25,1,271,24,5,7836096018.078557
284,13,25,2,271,24,5,8680899179.257471
284,13,26,1,271,24,5,8689440126.25747
284,13,26,2,271,24,5,9593190814.342539
317,14,1,1,303,26,5,59328646.443910256
317,14,1,2,303,26,5,91835310.36312458
317,14,2,1,303,26,5,91835841.3631246
317,14,2,2,303,26,5,138333076.0890683
317,14,3,1,303,26,5,138333890.0890683
317,14,3,2,303,26,5,201290623.6284644
317,14,4,1,303,26,5,201292048.6284644
317,14,4,2,303,26,5,283177208.987691
317,14,5,1,303,26,5,283180016.98769104
317,14,5,2,303,26,5,386462532.1728047
317,14,6,1,303,26,5,386468289.1728047
317,14,6,2,303,26,5,513617087.1895617
317,14,7,1,303,26,5,513628593.18956167
317,14,7,2,303,26,5,667112602.0434374
317,14,8,1,303,26,5,667134421.0434374
317,14,8,2,303,26,5,849422568.7396442
317,14,9,1,303,26,5,849461648.7396442
317,14,9,2,303,26,5,1063022863.2831485
317,14,10,1,303,26,5,1063089246.2831485
317,14,10,2,303,26,5,1310392455.6786854
317,14,11,1,303,26,5,1310500077.6786857
317,14,11,2,303,26,5,1594014209.9307737
317,14,12,1,303,26,5,1594181790.9307737
317,14,12,2,303,26,5,1916375774.0437274
317,14,13,1,303,26,5,1916627798.0437272
317,14,13,2,303,26,5,2279970560.0216694
317,14,14,1,303,26,5,2280338345.021669
317,14,14,2,303,26,5,2687298813.8685417
317,14,15,1,303,26,5,2687821671.8685417
317,14,15,2,303,26,5,3140868775.5881166
317,14,16,1,303,26,5,3141595262.588117
317,14,16,2,303,26,5,3643197929.1840057
317,14,17,1,303,26,5,3644187185.1840053
317,14,17,2,303,26,5,4196814342.659668
317,14,18,1,303,26,5,4198137521.659668
317,14,18,2,303,26,5,4804258098.018421
317,14,19,1,303,26,5,4805999888.018421
317,14,19,2,303,26,5,5468082811.263446
317,14,20,1,303,26,5,5470343044.263447
317,14,20,2,303,26,5,6190857242.397798
317,14,21,1,303,26,5,6193752594.397797
317,14,21,2,303,26,5,6975166995.424404
317,14,22,1,303,26,5,6978832776.424404
317,14,22,2,303,26,5,7823616308.346086
317,14,23,1,303,26,5,7828208342.346086
317,14,23,2,303,26,5,8738829933.165548
317,14,24,1,303,26,5,8744526528.16555
317,14,24,2,303,26,5,9723455105.885399
317,14,25,1,303,26,5,9730459113.885399
317,14,25,2,303,26,5,10780163606.508142
317,14,26,1,303,26,5,10788704573.50814
317,14,26,2,303,26,5,11911653909.036188
317,14,27,1,303,26,5,11921990315.036188
317,14,27,2,303,26,5,13120653421.471863
317,14,28,1,303,26,5,13133075010.471865
317,14,28,2,303,26,5,14409920815.81741
320,15,1,1,305,28,5,62124355.29784078
320,15,1,2,305,28,5,95242003.55018295
320,15,2,1,305,28,5,95242554.55018295
320,15,2,2,305,28,5,142613729.63305715
320,15,3,1,305,28,5,142614563.63305715
320,15,3,2,305,28,5,206754597.5519749
320,15,4,1,305,28,5,206756042.5519749
320,15,4,2,305,28,5,290180267.3121831
320,15,5,1,305,28,5,290183095.3121831
320,15,5,2,305,28,5,395406842.91868085
320,15,6,1,305,28,5,395412619.91868085
320,15,6,2,305,28,5,524951222.37623465
320,15,7,1,305,28,5,524962748.3762346
320,15,7,2,305,28,5,681331537.6893927
320,15,8,1,305,28,5,681353376.6893926
320,15,8,2,305,28,5,867067684.8624978
320,15,9,1,305,28,5,867106784.8624978
320,15,9,2,305,28,5,1084681943.8997002
320,15,10,1,305,28,5,1084748346.8997
320,15,10,2,305,28,5,1336699688.8049676
320,15,11,1,305,28,5,1336807330.8049679
320,15,11,2,305,28,5,1625650187.5820978
320,15,12,1,305,28,5,1625817788.5820975
320,15,12,2,305,28,5,1954067492.234725
320,15,13,1,305,28,5,1954319536.2347248
320,15,13,2,305,28,5,2324491418.7663326
320,15,14,1,305,28,5,2324859223.766332
320,15,14,2,305,28,5,2739468617.180259
320,15,15,1,305,28,5,2739991495.180259
320,15,15,2,305,28,5,3201553731.479707
320,15,16,1,305,28,5,3202280238.4797072
320,15,16,2,305,28,5,3713310649.6677494
320,15,17,1,305,28,5,3714299925.667749
320,15,17,2,305,28,5,4277313843.7473373
320,15,18,1,305,28,5,4278637042.7473373
320,15,18,2,305,28,5,4896149799.721308
320,15,19,1,305,28,5,4897891609.721307
320,15,19,2,305,28,5,5572418537.592383
320,15,20,1,305,28,5,5574678790.592384
320,15,20,2,305,28,5,6308735221.363191
320,15,21,1,305,28,5,6311630593.36319
320,15,21,2,305,28,5,7107731859.036247
320,15,22,1,305,28,5,7111397660.036246
320,15,22,2,305,28,5,7972059092.613984
320,15,23,1,305,28,5,7976651146.613984
320,15,23,2,305,28,5,8904388078.09874
320,15,24,1,305,28,5,8910084693.09874
320,15,24,2,305,28,5,9907412455.492771
320,15,25,1,305,28,5,9914416483.492771
320,15,25,2,305,28,5,10983850408.798248
320,15,26,1,305,28,5,10992391395.798246
320,15,26,2,305,28,5,12136446816.017265
320,15,27,1,305,28,5,12146783242.017265
320,15,27,2,305,28,5,13367975489.151852
320,15,28,1,305,28,5,13380397098.151852
320,15,28,2,305,28,5,14681241504.203953
320,15,29,1,305,28,5,14696071724.20395
320,15,29,2,305,28,5,16079083621.175455
320,15,30,1,305,28,5,16096682074.175457
320,15,30,2,305,28,5,17564376794.068184
333,16,1,1,317,30,5,69029494.74741653
333,16,1,2,317,30,5,104860445.73187484
333,16,2,1,317,30,5,104861016.73187485
333,16,2,2,317,30,5,156113258.5615291
333,16,3,1,317,30,5,156114112.5615291
333,16,3,2,317,30,5,225509053.24110645
333,16,4,1,317,30,5,225510518.24110645
333,16,4,2,317,30,5,315769565.7751207
333,16,5,1,317,30,5,315772413.7751207
333,16,5,2,317,30,5,429616976.1678851
333,16,6,1,317,30,5,429622773.16788507
333,16,6,2,317,30,5,569774258.4235239
333,16,7,1,317,30,5,569785804.423524
333,16,7,2,317,30,5,738965620.5459834
333,16,8,1,317,30,5,738987479.5459834
333,16,8,2,317,30,5,939917034.539042
333,16,9,1,317,30,5,939956154.539042
333,16,9,2,317,30,5,1175356856.4063194
333,16,10,1,317,30,5,1175423279.4063194
333,16,10,2,317,30,5,1448016536.1512856
333,16,11,1,317,30,5,1448124198.151286
333,16,11,2,317,30,5,1760631417.7772691
333,16,12,1,317,30,5,1760799038.7772691
333,16,12,2,317,30,5,2115941629.287464
333,16,13,1,317,30,5,2116193693.287464
333,16,13,2,317,30,5,2516693062.684938
333,16,14,1,317,30,5,2517060887.6849375
333,16,14,2,317,30,5,2965638443.972637
333,16,15,1,317,30,5,2966161341.972637
333,16,15,2,317,30,5,3465538493.153396
333,16,16,1,317,30,5,3466265020.153396
333,16,16,2,317,30,5,4019163174.2299385
333,16,17,1,317,30,5,4020152470.229938
333,16,17,2,317,30,5,4629293035.204886
333,16,18,1,317,30,5,4630616254.204886
333,16,18,2,317,30,5,5298720638.080764
333,16,19,1,317,30,5,5300462468.080764
333,16,19,2,317,30,5,6030252078.8600025
333,16,20,1,317,30,5,6032512351.860003
333,16,20,2,317,30,5,6826708597.544946
333,16,21,1,317,30,5,6829603989.544945
333,16,21,2,317,30,5,7690928278.137851
333,16,22,1,317,30,5,7694594099.137851
333,16,22,2,317,30,5,8625767838.640898
333,16,23,1,317,30,5,8630359912.640896
333,16,23,2,317,30,5,9634104511.056185
333,16,24,1,317,30,5,9639801146.056187
333,16,24,2,317,30,5,10718838011.385746
333,16,25,1,317,30,5,10725842059.385748
333,16,25,2,317,30,5,11882892599.63154
333,16,26,1,317,30,5,11891433606.63154
333,16,26,2,317,30,5,13129219229.795458
333,16,27,1,317,30,5,13139555675.795458
333,16,27,2,317,30,5,14460797789.879332
333,16,28,1,317,30,5,14473219418.879332
333,16,28,2,317,30,5,15880639431.884928
333,16,29,1,317,30,5,15895469671.884928
333,16,29,2,317,30,5,17391788991.81396
333,16,30,1,317,30,5,17409387464.813957
333,16,30,2,317,30,5,18997327499.66808
333,16,31,1,317,30,5,19018092621.66808
333,16,31,2,317,30,5,20700374779.44889
333,16,32,1,317,30,5,20724746450.448895
333,16,32,2,317,30,5,22504092139.15795
378,17,1,1,362,32,5,91035738.19745643
378,17,1,2,362,32,5,137083632.92357856
378,17,2,1,362,32,5,137084223.92357856
378,17,2,2,362,32,5,202950629.49310932
378,17,3,1,362,32,5,202951503.49310935
378,17,3,2,362,32,5,292133807.91055524
378,17,4,1,362,32,5,292135292.9105552
378,17,4,2,362,32,5,408130884.1802309
378,17,5,1,362,32,5,408133752.18023103
378,17,5,2,362,32,5,554440018.3062701
378,17,6,1,362,32,5,554445835.3062701
378,17,6,2,362,32,5,734560164.2926354
378,17,7,1,362,32,5,734571730.2926354
378,17,7,2,362,32,5,951991510.1431276
378,17,8,1,362,32,5,952013389.1431274
378,17,8,2,362,32,5,1210236007.8613942
378,17,9,1,362,32,5,1210275147.8613942
378,17,9,2,362,32,5,1512797993.4509382
378,17,10,1,362,32,5,1512864436.4509382
378,17,10,2,362,32,5,1863184896.9151254
378,17,11,1,362,32,5,1863292578.9151256
378,17,11,2,362,32,5,2264908042.25719
378,17,12,1,362,32,5,2265075683.2571907
378,17,12,2,362,32,5,2721483537.480245
378,17,13,1,362,32,5,2721735621.480245
378,17,13,2,362,32,5,3236433254.5872836
378,17,14,1,362,32,5,3236801099.5872836
378,17,14,2,362,32,5,3813285899.5811877
378,17,15,1,362,32,5,3813808817.581188
378,17,15,2,362,32,5,4455578172.464735
378,17,16,1,362,32,5,4456304719.464734
378,17,16,2,362,32,5,5166856017.2406
378,17,17,1,362,32,5,5167845333.240601
378,17,17,2,362,32,5,5950675961.911363
378,17,18,1,362,32,5,5951999200.911363
378,17,18,2,362,32,5,6810606548.479509
378,17,19,1,362,32,5,6812348398.479509
378,17,19,2,362,32,5,7750229852.947442
378,17,20,1,362,32,5,7752490145.947443
378,17,20,2,362,32,5,8773143095.317476
378,17,21,1,362,32,5,8776038507.317478
378,17,21,2,362,32,5,9882960339.591854
378,17,22,1,362,32,5,9886626180.591854
378,17,22,2,362,32,5,11083314283.772732
378,17,23,1,362,32,5,11087906377.77273
378,17,23,2,362,32,5,12377858139.8622
378,17,24,1,362,32,5,12383554794.862202
378,17,24,2,362,32,5,13770267603.862282
378,17,25,1,362,32,5,13777271671.862284
378,17,25,2,362,32,5,15264242915.774931
378,17,26,1,362,32,5,15272783942.77493
378,17,26,2,362,32,5,16863511009.602034
378,17,27,1,362,32,5,16873847475.602034
378,17,27,2,362,32,5,18571827753.34542
378,17,28,1,362,32,5,18584249402.34542
378,17,28,2,362,32,5,20392980279.00687
378,17,29,1,362,32,5,20407810539.00687
378,17,29,2,362,32,5,22330789402.588093
378,17,30,1,362,32,5,22348387895.58809
378,17,30,2,362,32,5,24389112134.090748
378,17,31,1,362,32,5,24409877276.090748
378,17,31,2,362,32,5,26571844277.516453
378,17,32,1,362,32,5,26596215968.516457
378,17,32,2,362,32,5,28882923120.86677
378,17,33,1,362,32,5,28911385524.86677
378,17,33,2,362,32,5,31326330216.143215
378,17,34,1,362,32,5,31359414631.143215
378,17,34,2,362,32,5,33906094249.34725
406,18,1,1,388,34,5,107563444.83958457
406,18,1,2,388,34,5,160614455.69290838
406,18,2,1,388,34,5,160615066.69290835
406,18,2,2,388,34,5,236498620.3965263
406,18,3,1,388,34,5,236499514.39652634
406,18,3,2,388,34,5,339244886.95451236
406,18,4,1,388,34,5,339246391.9545123
406,18,4,2,388,34,5,472882859.3707761
406,18,5,1,388,34,5,472885747.3707761
406,18,5,2,388,34,5,641442585.649072
406,18,6,1,388,34,5,641448422.649072
406,18,6,2,388,34,5,848954907.7930074
406,18,7,1,388,34,5,848966493.7930074
406,18,7,2,388,34,5,1099451901.8060496
406,18,8,1,388,34,5,1099473800.8060496
406,18,8,2,388,34,5,1396967407.6915336
406,18,9,1,388,34,5,1397006567.6915336
406,18,9,2,388,34,5,1745537649.4526687
406,18,10,1,388,34,5,1745604112.4526684
406,18,10,2,388,34,5,2149201945.0925436
406,18,11,1,388,34,5,2149309647.092544
406,18,11,2,388,34,5,2612003506.6141357
406,18,12,1,388,34,5,2612171167.6141357
406,18,12,2,388,34,5,3137990330.0203114
406,18,13,1,388,34,5,3138242434.020312
406,18,13,2,388,34,5,3731216175.313836
406,18,14,1,388,34,5,3731584040.3138356
406,18,14,2,388,34,5,4395741636.4973755
406,18,15,1,388,34,5,4396264574.4973755
406,18,15,2,388,34,5,5135635301.573502
406,18,16,1,388,34,5,5136361868.573502
406,18,16,2,388,34,5,5954975002.5447
406,18,17,1,388,34,5,5955964338.544701
406,18,17,2,388,34,5,6857849155.413368
406,18,18,1,388,34,5,6859172414.413368
406,18,18,2,388,34,5,7848358190.181823
406,18,19,1,388,34,5,7850100060.181823
406,18,19,2,388,34,5,8930616070.852304
406,18,20,1,388,34,5,8932876383.852304
406,18,20,2,388,34,5,10108751905.426977
406,18,21,1,388,34,5,10111647337.426977
406,18,21,2,388,34,5,11386911645.907936
406,18,22,1,388,34,5,11390577506.907936
406,18,22,2,388,34,5,12769259878.297207
406,18,23,1,388,34,5,12773851992.297205
406,18,23,2,388,34,5,14259981702.59675
406,18,24,1,388,34,5,14265678377.596752
406,18,24,2,388,34,5,15863284702.808468
406,18,25,1,388,34,5,15870288790.80847
406,18,25,2,388,34,5,17583401006.934196
406,18,26,1,388,34,5,17591942053.9342
406,18,26,2,388,34,5,19424589436.97572
406,18,27,1,388,34,5,19434925922.97572
406,18,27,2,388,34,5,21391137748.93476
406,18,28,1,388,34,5,21403559417.93476
406,18,28,2,388,34,5,23487364962.813004
406,18,29,1,388,34,5,23502195242.813007
406,18,29,2,388,34,5,25717623782.612064
406,18,30,1,388,34,5,25735222295.612064
406,18,30,2,388,34,5,28086303106.33352
406,18,31,1,388,34,5,28107068268.33352
406,18,31,2,388,34,5,30597830625.9789
406,18,32,1,388,34,5,30622202336.978905
406,18,32,2,388,34,5,33256675517.549694
406,18,33,1,388,34,5,33285137941.549694
406,18,33,2,388,34,5,36067351221.04733
406,18,34,1,388,34,5,36100435656.04734
406,18,34,2,388,34,5,39034418310.473236
406,18,35,1,388,34,5,39072706148.47323
406,18,35,2,388,34,5,42162487453.828735
406,18,36,1,388,34,5,42206613230.828735
406,18,36,2,388,34,5,45456222463.11517
436,19,1,1,417,36,5,126981804.78508668
436,19,1,2,417,36,5,188085993.83160582
436,19,2,1,417,36,5,188086624.8316058
436,19,2,2,417,36,5,275489316.73372185
436,19,3,1,417,36,5,275490230.73372185
436,19,3,2,417,36,5,393832341.4951615
436,19,4,1,417,36,5,393833866.4951615
436,19,4,2,417,36,5,547756312.119509
436,19,5,1,417,36,5,547759220.1195089
436,19,5,2,417,36,5,741902916.6102133
436,19,6,1,417,36,5,741908773.6102133
436,19,6,2,417,36,5,980914636.970595
436,19,7,1,417,36,5,980926242.970595
436,19,7,2,417,36,5,1269435189.2038522
436,19,8,1,417,36,5,1269457108.2038524
436,19,8,2,417,36,5,1612110053.313067
436,19,9,1,417,36,5,1612149233.313067
436,19,9,2,417,36,5,2013587093.3012102
436,19,10,1,417,36,5,2013653576.3012102
436,19,10,2,417,36,5,2478517267.171148
436,19,11,1,417,36,5,2478624989.171148
436,19,11,2,417,36,5,3011555426.925645
436,19,12,1,417,36,5,3011723107.925645
436,19,12,2,417,36,5,3617361208.567371
436,19,13,1,417,36,5,3617613332.567371
436,19,13,2,417,36,5,4300600012.098904
436,19,14,1,417,36,5,4300967897.098904
436,19,14,2,417,36,5,5065944071.522733
436,19,15,1,417,36,5,5066467029.522732
436,19,15,2,417,36,5,5918073614.841265
436,19,16,1,417,36,5,5918800201.841265
436,19,16,2,417,36,5,6861678114.0568285
436,19,17,1,417,36,5,6862667470.0568285
436,19,17,2,417,36,5,7901457625.171674
436,19,18,1,417,36,5,7902780904.171673
436,19,18,2,417,36,5,9042124218.187977
436,19,19,1,417,36,5,9043866108.187979
436,19,19,2,417,36,5,10288403497.10785
436,19,20,1,417,36,5,10290663830.107847
436,19,20,2,417,36,5,11645036209.933327
436,19,21,1,417,36,5,11647931661.933327
436,19,21,2,417,36,5,13116779948.666391
436,19,22,1,417,36,5,13120445829.666391
436,19,22,2,417,36,5,14708410939.308956
436,19,23,1,417,36,5,14713003073.308954
436,19,23,2,417,36,5,16424725921.862877
436,19,24,1,417,36,5,16430422616.862877
436,19,24,2,417,36,5,18270544120.329956
436,19,25,1,417,36,5,18277548228.329952
436,19,25,2,417,36,5,20250709302.711933
436,19,26,1,417,36,5,20259250369.711937
436,19,26,2,417,36,5,22370091931.010513
436,19,27,1,417,36,5,22380428437.010513
436,19,27,2,417,36,5,24633591401.227325
436,19,28,1,417,36,5,24646013090.227325
436,19,28,2,417,36,5,27046138373.363976
436,19,29,1,417,36,5,27060968673.36398
436,19,29,2,417,36,5,29612697191.422012
436,19,30,1,417,36,5,29630295724.422012
436,19,30,2,417,36,5,32338268393.40293
436,19,31,1,417,36,5,32359033575.40293
436,19,31,2,417,36,5,35227891311.308205
436,19,32,1,417,36,5,35252263042.308205
436,19,32,2,417,36,5,38286646761.139244
436,19,33,1,417,36,5,38315109205.13925
436,19,33,2,417,36,5,41519659822.897446
436,19,34,1,417,36,5,41552744277.897446
436,19,34,2,417,36,5,44932102710.58414
436,19,35,1,417,36,5,44970390568.58413
436,19,35,2,417,36,5,48529197732.20062
436,19,36,1,417,36,5,48573323529.20062
436,19,36,2,417,36,5,52316220339.748184
436,19,37,1,417,36,5,52366874895.74819
436,19,37,2,417,36,5,56298502269.228065
436,19,38,1,417,36,5,56356435918.22806
436,19,38,2,417,36,5,60481434770.64144
447,20,1,1,427,38,5,136667553.508466
447,20,1,2,427,38,5,200867095.250746
447,20,2,1,427,38,5,200867746.250746
447,20,2,2,427,38,5,292697978.8595781
447,20,3,1,427,38,5,292698912.8595781
447,20,3,2,427,38,5,417035844.33823717
447,20,4,1,427,38,5,417037389.3382371
447,20,4,2,427,38,5,578757027.6898791
447,20,5,1,427,38,5,578759955.6898791
447,20,5,2,427,38,5,782738308.9175462
447,20,6,1,427,38,5,782744185.9175463
447,20,6,2,427,38,5,1033857262.024173
447,20,7,1,427,38,5,1033868888.0241731
447,20,7,2,427,38,5,1336992695.012591
447,20,8,1,427,38,5,1337014634.0125911
447,20,8,2,427,38,5,1697025179.8855336
447,20,9,1,427,38,5,1697064379.8855333
447,20,9,2,427,38,5,2118837672.6456394
447,20,10,1,427,38,5,2118904175.6456394
447,20,10,2,427,38,5,2607316223.29546
447,20,11,1,427,38,5,2607423965.2954597
447,20,11,2,427,38,5,3167350775.837458
447,20,12,1,427,38,5,3167518476.8374586
447,20,12,2,427,38,5,3803836058.2740183
447,20,13,1,427,38,5,3804088202.274019
447,20,13,2,427,38,5,4521672562.607445
447,20,14,1,427,38,5,4522040467.607446
447,20,14,2,427,38,5,5325767614.839968
447,20,15,1,427,38,5,5326290592.839968
447,20,15,2,427,38,5,6221036534.973743
447,20,16,1,427,38,5,6221763141.973743
447,20,16,2,427,38,5,7212403887.010865
447,20,17,1,427,38,5,7213393263.010865
447,20,17,2,427,38,5,8304804818.953356
447,20,18,1,427,38,5,8306128117.953356
447,20,18,2,427,38,5,9503186492.803177
447,20,19,1,427,38,5,9504928402.803177
447,20,19,2,427,38,5,10812509604.562227
447,20,20,1,427,38,5,10814769957.562227
447,20,20,2,427,38,5,12237749994.232351
447,20,21,1,427,38,5,12240645466.232353
447,20,21,2,427,38,5,13783900345.815338
447,20,22,1,427,38,5,13787566246.81534
447,20,22,2,427,38,5,15455971977.312922
447,20,23,1,427,38,5,15460564131.312922
447,20,23,2,427,38,5,17258996720.726784
447,20,24,1,427,38,5,17264693435.726784
447,20,24,2,427,38,5,19198028892.058556
447,20,25,1,427,38,5,19205033020.058556
447,20,25,2,427,38,5,21278147351.309826
447,20,26,1,427,38,5,21286688438.30983
447,20,26,2,427,38,5,23504457652.48214
447,20,27,1,427,38,5,23514794178.48214
447,20,27,2,427,38,5,25882094283.57699
447,20,28,1,427,38,5,25894515992.576984
447,20,28,2,427,38,5,28416222996.59582
447,20,29,1,427,38,5,28431053316.595825
447,20,29,2,427,38,5,31112043227.54007
447,20,30,1,427,38,5,31129641780.54007
447,20,30,2,427,38,5,33974790606.41109
447,20,31,1,427,38,5,33995555808.41109
447,20,31,2,427,38,5,37009739557.210236
447,20,32,1,427,38,5,37034111308.21023
447,20,32,2,427,38,5,40222205987.93879
447,20,33,1,427,38,5,40250668451.9388
447,20,33,2,427,38,5,43617550070.59804
447,20,34,1,427,38,5,43650634545.59804
447,20,34,2,427,38,5,47201179111.1892
447,20,35,1,427,38,5,47239466989.18919
447,20,35,2,427,38,5,50978550509.71347
447,20,36,1,427,38,5,51022676326.71347
447,20,36,2,427,38,5,54955174810.172035
447,20,37,1,427,38,5,55005829386.172035
447,20,37,2,427,38,5,59136618840.566025
447,20,38,1,427,38,5,59194552509.56602
447,20,38,2,427,38,5,63528508942.89654
447,20,39,1,427,38,5,63594534872.89654
447,20,39,2,427,38,5,68136534293.16467
447,20,40,1,427,38,5,68211531896.16467
447,20,40,2,427,38,5,72966450311.37146
439,21,1,1,418,40,5,135004153.15074813
439,21,1,2,418,40,5,196944958.16284385
439,21,2,1,418,40,5,196945629.16284382
439,21,2,2,418,40,5,285544997.0564504
439,21,3,1,418,40,5,285545951.0564504
439,21,3,2,418,40,5,405508337.8343397
439,21,4,1,418,40,5,405509902.8343397
439,21,4,2,418,40,5,561539764.4991872
439,21,5,1,418,40,5,561542712.4991871
439,21,5,2,418,40,5,758344505.0535768
439,21,6,1,418,40,5,758350402.053577
439,21,6,2,418,40,5,1000628581.5000051
439,21,7,1,418,40,5,1000640227.5000051
439,21,7,2,418,40,5,1293099249.8408844
439,21,8,1,418,40,5,1293121208.8408844
439,21,8,2,418,40,5,1640465530.0785475
439,21,9,1,418,40,5,1640504750.0785475
439,21,9,2,418,40,5,2047438826.2152505
439,21,10,1,418,40,5,2047505349.2152503
439,21,10,2,418,40,5,2518733636.253176
439,21,11,1,418,40,5,2518841398.253176
439,21,11,2,418,40,5,3059068352.194438
439,21,12,1,418,40,5,3059236073.194438
439,21,12,2,418,40,5,3673166150.0410814
439,21,13,1,418,40,5,3673418314.0410814
439,21,13,2,418,40,5,4365755969.795088
439,21,14,1,418,40,5,4366123894.795089
439,21,14,2,418,40,5,5141573585.458379
439,21,15,1,418,40,5,5142096583.458378
439,21,15,2,418,40,5,6005362765.032812
439,21,16,1,418,40,5,6006089392.032812
439,21,16,2,418,40,5,6961876520.520194
439,21,17,1,418,40,5,6962865916.520195
439,21,17,2,418,40,5,8015878447.922276
439,21,18,1,418,40,5,8017201766.922276
439,21,18,2,418,40,5,9172144157.240753
439,21,19,1,418,40,5,9173886087.240753
439,21,19,2,418,40,5,10435462792.477272
439,21,20,1,418,40,5,10437723165.47727
439,21,20,2,418,40,5,11810638641.633432
439,21,21,1,418,40,5,11813534133.633434
439,21,21,2,418,40,5,13302492836.710793
439,21,22,1,418,40,5,13306158757.710793
439,21,22,2,418,40,5,14915865143.710854
439,21,23,1,418,40,5,14920457317.710852
439,21,23,2,418,40,5,16655615842.635082
439,21,24,1,418,40,5,16661312577.635082
439,21,24,2,418,40,5,18526627697.484905
439,21,25,1,418,40,5,18533631845.484905
439,21,25,2,418,40,5,20533808016.261703
439,21,26,1,418,40,5,20542349123.261707
439,21,26,2,418,40,5,22682090800.96683
439,21,27,1,418,40,5,22692427346.966827
439,21,27,2,418,40,5,24976438987.601585
439,21,28,1,418,40,5,24988860716.601585
439,21,28,2,418,40,5,27421846776.167248
439,21,29,1,418,40,5,27436677116.167248
439,21,29,2,418,40,5,30023342050.66506
439,21,30,1,418,40,5,30040940623.665054
439,21,30,2,418,40,5,32785988889.096214
439,21,31,1,418,40,5,32806754111.096214
439,21,31,2,418,40,5,35714890163.46191
439,21,32,1,418,40,5,35739261934.4619
439,21,32,2,418,40,5,38815190229.76325
439,21,33,1,418,40,5,38843652713.76326
439,21,33,2,418,40,5,42092077708.0014
439,21,34,1,418,40,5,42125162203.0014
439,21,34,2,418,40,5,45550788352.177414
439,21,35,1,418,40,5,45589076250.17741
439,21,35,2,418,40,5,49196608010.29234
439,21,36,1,418,40,5,49240733847.29234
439,21,36,2,418,40,5,53034875674.347244
439,21,37,1,418,40,5,53085530270.347244
439,21,37,2,418,40,5,57070986620.3431
439,21,38,1,418,40,5,57128920309.343094
439,21,38,2,418,40,5,61310395638.28089
439,21,39,1,418,40,5,61376421588.2809
439,21,39,2,418,40,5,65758620352.16159
439,21,40,1,418,40,5,65833617975.1616
439,21,40,2,418,40,5,70421244629.98611
439,21,41,1,418,40,5,70506163081.98613
439,21,41,2,418,40,5,75303922083.75539
439,21,42,1,418,40,5,75399783854.75539
439,21,42,2,418,40,5,80412379659.47028
486,22,1,1,464,42,5,169015981.3627341
486,22,1,2,464,42,5,244806143.96856385
486,22,2,1,464,42,5,244806834.96856382
486,22,2,2,464,42,5,353216100.45455116
486,22,3,1,464,42,5,353217074.4545511
486,22,3,2,464,42,5,500001758.82337403
486,22,4,1,464,42,5,500003343.82337403
486,22,4,2,464,42,5,690919763.077622
486,22,5,1,464,42,5,690922731.077622
486,22,5,2,464,42,5,931727201.2197994
486,22,6,1,464,42,5,931733118.2197995
486,22,6,2,464,42,5,1228181955.2523296
486,22,7,1,464,42,5,1228193621.2523296
486,22,7,2,464,42,5,1586043141.177558
486,22,8,1,464,42,5,1586065120.177558
486,22,8,2,464,42,5,2011071638.9977555
486,22,9,1,464,42,5,2011110878.9977555
486,22,9,2,464,42,5,2509030712.7151217
486,22,10,1,464,42,5,2509097255.7151217
486,22,10,2,464,42,5,3085686720.331788
486,22,11,1,464,42,5,3085794502.3317876
486,22,11,2,464,42,5,3746809913.84982
486,22,12,1,464,42,5,3746977654.84982
486,22,12,2,464,42,5,4498175329.271221
486,22,13,1,464,42,5,4498427513.27122
486,22,13,2,464,42,5,5345563766.597932
486,22,14,1,464,42,5,5345931711.597933
486,22,14,2,464,42,5,6294762859.83184
486,22,15,1,464,42,5,6295285877.83184
486,22,15,2,464,42,5,7351568236.974771
486,22,16,1,464,42,5,7352294883.974771
486,22,16,2,464,42,5,8521784770.028501
486,22,17,1,464,42,5,8522774186.0285015
486,22,17,2,464,42,5,9811227914.994753
486,22,18,1,464,42,5,9812551253.994755
486,22,18,2,464,42,5,11225725141.875206
486,22,19,1,464,42,5,11227467091.875206
486,22,19,2,464,42,5,12771117454.67148
486,22,20,1,464,42,5,12773377847.671478
486,22,20,2,464,42,5,14453261001.385157
486,22,21,1,464,42,5,14456156513.385159
486,22,21,2,464,42,5,16278028774.017778
486,22,22,1,464,42,5,16281694715.017778
486,22,22,2,464,42,5,18251312398.570835
486,22,23,1,464,42,5,18255904592.570835
486,22,23,2,464,42,5,20379024015.04578
486,22,24,1,464,42,5,20384720770.04578
486,22,24,2,464,42,5,22667098247.444027
486,22,25,1,464,42,5,22674102415.444027
486,22,25,2,464,42,5,25121494263.766953
486,22,26,1,464,42,5,25130035390.766956
486,22,26,2,464,42,5,27748197926.015896
486,22,27,1,464,42,5,27758534492.015896
486,22,27,2,464,42,5,30553224030.19216
486,22,28,1,464,42,5,30565645779.192158
486,22,28,2,464,42,5,33542618636.297016
486,22,29,1,464,42,5,33557448996.297016
486,22,29,2,464,42,5,36722461488.331696
486,22,30,1,464,42,5,36740060081.331696
486,22,30,2,464,42,5,40098868524.29741
486,22,31,1,464,42,5,40119633766.29742
486,22,31,2,464,42,5,43677994476.195335
486,22,32,1,464,42,5,43702366267.19533
486,22,32,2,464,42,5,47466035560.0266
486,22,33,1,464,42,5,47494498064.0266
486,22,33,2,464,42,5,51469232255.792336
486,22,34,1,464,42,5,51502316770.792336
486,22,34,2,464,42,5,55693872177.49363
486,22,35,1,464,42,5,55732160095.49362
486,22,35,2,464,42,5,60146293033.13152
486,22,36,1,464,42,5,60190418890.13153
486,22,36,2,464,42,5,64832885674.70708
486,22,37,1,464,42,5,64883540290.707085
486,22,37,2,464,42,5,69760097238.22128
486,22,38,1,464,42,5,69818030947.2213
486,22,38,2,464,42,5,74934434373.67516
486,22,39,1,464,42,5,75000460343.67514
486,22,39,2,464,42,5,80362466565.06961
486,22,40,1,464,42,5,80437464208.0696
486,22,40,2,464,42,5,86050829540.40561
486,22,41,1,464,42,5,86135748012.40562
486,22,41,2,464,42,5,92006228771.6841
486,22,42,1,464,42,5,92102090562.68408
486,22,42,2,464,42,5,98235443064.90591
486,22,43,1,464,42,5,98343347678.9059
486,22,43,2,464,42,5,104745328240.07196
486,22,44,1,464,42,5,104866455965.07198
486,22,44,2,464,42,5,111542820901.18312
464,23,1,1,441,44,5,157686222.57808477
464,23,1,2,441,44,5,226819918.21752498
464,23,2,1,441,44,5,226820629.21752495
464,23,2,2,441,44,5,325708587.75275296
464,23,3,1,441,44,5,325709581.75275296
464,23,3,2,441,44,5,459602559.18599796
464,23,4,1,441,44,5,459604164.18599796
464,23,4,2,441,44,5,633752916.5194184
464,23,5,1,441,44,5,633755904.5194184
464,23,5,2,441,44,5,853411187.7551049
464,23,6,1,441,44,5,853417124.7551049
464,23,6,2,441,44,5,1123829694.895083
464,23,7,1,441,44,5,1123841380.895083
464,23,7,2,441,44,5,1450261993.9413161
464,23,8,1,441,44,5,1450283992.9413164
464,23,8,2,441,44,5,1837963404.8957078
464,23,9,1,441,44,5,1838002664.8957078
464,23,9,2,441,44,5,2292191631.760104
464,23,10,1,441,44,5,2292258194.760104
464,23,10,2,441,44,5,2818207472.536296
464,23,11,1,441,44,5,2818315274.5362954
464,23,11,2,441,44,5,3421275619.2260213
464,23,12,1,441,44,5,3421443380.2260213
464,23,12,2,441,44,5,4106665547.830968
464,23,13,1,441,44,5,4106917751.830968
464,23,13,2,441,44,5,4879652498.352773
464,23,14,1,441,44,5,4880020463.352774
464,23,14,2,441,44,5,5745518544.793029
464,23,15,1,441,44,5,5746041582.793029
464,23,15,2,441,44,5,6709553755.153281
464,23,16,1,441,44,5,6710280422.153281
464,23,16,2,441,44,5,7777057441.435032
464,23,17,1,441,44,5,7778046877.435033
464,23,17,2,441,44,5,8953339499.639742
464,23,18,1,441,44,5,8954662858.639742
464,23,18,2,441,44,5,10243721839.768833
464,23,19,1,441,44,5,10245463809.768833
464,23,19,2,441,44,5,11653539905.823683
464,23,20,1,441,44,5,11655800318.823683
464,23,20,2,441,44,5,13188144285.805637
464,23,21,1,441,44,5,13191039817.805637
464,23,21,2,441,44,5,14852902411.716003
464,23,22,1,441,44,5,14856568372.716005
464,23,22,2,441,44,5,16653200349.556057
464,23,23,1,441,44,5,16657792563.556055
464,23,23,2,441,44,5,18594444679.327034
464,23,24,1,441,44,5,18600141454.327034
464,23,24,2,441,44,5,20682064465.030136
464,23,25,1,441,44,5,20689068653.030136
464,23,25,2,441,44,5,22921513314.666546
464,23,26,1,441,44,5,22930054461.66655
464,23,26,2,441,44,5,25318271530.23741
464,23,27,1,441,44,5,25328608116.23741
464,23,27,2,441,44,5,27877848347.74384
464,23,28,1,441,44,5,27890270116.74384
464,23,28,2,441,44,5,30605784267.18692
464,23,29,1,441,44,5,30620614647.186924
464,23,29,2,441,44,5,33507653472.56772
464,23,30,1,441,44,5,33525252085.56772
464,23,30,2,441,44,5,36589066341.88726
464,23,31,1,441,44,5,36609831603.88726
464,23,31,2,441,44,5,39855672047.14657
464,23,32,1,441,44,5,39880043858.14656
464,23,32,2,441,44,5,43313161244.346596
464,23,33,1,441,44,5,43341623768.3466
464,23,33,2,441,44,5,46967268853.48834
464,23,34,1,441,44,5,47000353388.48834
464,23,34,2,441,44,5,50823776928.572716
464,23,35,1,441,44,5,50862064866.572716
464,23,35,2,441,44,5,54888517617.60064
464,23,36,1,441,44,5,54932643494.60065
464,23,36,2,441,44,5,59167376212.57301
464,23,37,1,441,44,5,59218030848.57301
464,23,37,2,441,44,5,63666294289.4907
464,23,38,1,441,44,5,63724228018.49069
464,23,38,2,441,44,5,68391272938.35454
464,23,39,1,441,44,5,68457298928.35454
464,23,39,2,441,44,5,73348376083.16539
464,23,40,1,441,44,5,73423373746.16539
464,23,40,2,441,44,5,78543733891.92403
464,23,41,1,441,44,5,78628652383.92404
464,23,41,2,441,44,5,83983546276.6313
464,23,42,1,441,44,5,84079408087.63129
464,23,42,2,441,44,5,89674086483.28793
464,23,43,1,441,44,5,89781991117.28792
464,23,43,2,441,44,5,95621704771.8947
464,23,44,1,441,44,5,95742832516.8947
464,23,44,2,441,44,5,101832832186.45236
464,23,45,1,441,44,5,101968447974.45236
464,23,45,2,441,44,5,108313984414.96161
464,23,46,1,441,44,5,108465441771.96161
464,23,46,2,441,44,5,115071765739.42317
508,24,1,1,484,46,5,192928297.15283108
508,24,1,2,484,46,5,275680837.2890494
508,24,2,1,484,46,5,275681568.2890493
508,24,2,2,484,46,5,394049699.3202272
508,24,3,1,484,46,5,394050713.3202272
508,24,3,2,484,46,5,554319543.2485194
508,24,4,1,484,46,5,554321168.2485194
508,24,4,2,484,46,5,762775805.076015
508,24,5,1,484,46,5,762778813.0760149
508,24,5,2,484,46,5,1025704364.8047401
508,24,6,1,484,46,5,1025710321.8047401
508,24,6,2,484,46,5,1349391896.4366603
508,24,7,1,484,46,5,1349403602.4366603
508,24,7,2,484,46,5,1740126307.973683
508,24,8,1,484,46,5,1740148326.9736834
508,24,8,2,484,46,5,2204197271.41766
508,24,9,1,484,46,5,2204236551.4176607
508,24,9,2,484,46,5,2747896842.7703905
508,24,10,1,484,46,5,2747963425.7703905
508,24,10,2,484,46,5,3377520172.0336194
508,24,11,1,484,46,5,3377627994.033619
508,24,11,2,484,46,5,4099366303.209043
508,24,12,1,484,46,5,4099534084.209043
508,24,12,2,484,46,5,4919739064.298311
508,24,13,1,484,46,5,4919991288.298311
508,24,13,2,484,46,5,5844948047.303027
508,24,14,1,484,46,5,5845316032.303028
508,24,14,2,484,46,5,6881309678.2247505
508,24,15,1,484,46,5,6881832736.2247505
508,24,15,2,484,46,5,8035148377.064994
508,24,16,1,484,46,5,8035875064.064994
508,24,16,2,484,46,5,9312797807.825235
508,24,17,1,484,46,5,9313787263.825235
508,24,17,2,484,46,5,10720602218.506907
508,24,18,1,484,46,5,10721925597.506908
508,24,18,2,484,46,5,12264917871.111408
508,24,19,1,484,46,5,12266659861.11141
508,24,19,2,484,46,5,13952114561.640099
508,24,20,1,484,46,5,13954374994.640097
508,24,20,2,484,46,5,15788577230.0943
508,24,21,1,484,46,5,15791472782.0943
508,24,21,2,484,46,5,17780707660.475304
508,24,22,1,484,46,5,17784373641.475304
508,24,22,2,484,46,5,19934926270.784367
508,24,23,1,484,46,5,19939518504.78437
508,24,23,2,484,46,5,22257673993.022717
508,24,24,1,484,46,5,22263370788.022717
508,24,24,2,484,46,5,24755414243.191544
508,24,25,1,484,46,5,24762418451.19154
508,24,25,2,484,46,5,27434634981.292004
508,24,26,1,484,46,5,27443176148.292007
508,24,26,2,484,46,5,30301850861.32525
508,24,27,1,484,46,5,30312187467.32525
508,24,27,2,484,46,5,33363605471.292374
508,24,28,1,484,46,5,33376027260.29237
508,24,28,2,484,46,5,36626473663.19446
508,24,29,1,484,46,5,36641304063.19445
508,24,29,2,484,46,5,40097063973.032555
508,24,30,1,484,46,5,40114662606.032555
508,24,30,2,484,46,5,43782021130.80769
508,24,31,1,484,46,5,43802786412.8077
508,24,31,2,484,46,5,47688028660.52089
508,24,32,1,484,46,5,47712400491.52088
508,24,32,2,484,46,5,51821811570.173096
508,24,33,1,484,46,5,51850274114.173096
508,24,33,2,484,46,5,56190139131.7653
508,24,34,1,484,46,5,56223223686.7653
508,24,34,2,484,46,5,60799827751.29841
508,24,35,1,484,46,5,60838115709.29841
508,24,35,2,484,46,5,65657743928.773346
508,24,36,1,484,46,5,65701869825.773346
508,24,36,2,484,46,5,70770807308.19101
508,24,37,1,484,46,5,70821461964.191
508,24,37,2,484,46,5,76145993817.55226
508,24,38,1,484,46,5,76203927566.55226
508,24,38,2,484,46,5,81790338898.85796
508,24,39,1,484,46,5,81856364908.85796
508,24,39,2,484,46,5,87710940828.10892
508,24,40,1,484,46,5,87785938511.10892
508,24,40,2,484,46,5,93914964125.30598
508,24,41,1,484,46,5,93999882637.30598
508,24,41,2,484,46,5,100409643054.44994
508,24,42,1,484,46,5,100505504885.44992
508,24,42,2,484,46,5,107202285213.54153
508,24,43,1,484,46,5,107310189867.54153
508,24,43,2,484,46,5,114300275214.58156
508,24,44,1,484,46,5,114421402979.58157
508,24,44,2,484,46,5,121711078453.57077
508,24,45,1,484,46,5,121846694261.57077
508,24,45,2,484,46,5,129442244970.50986
508,24,46,1,484,46,5,129593702347.50986
508,24,46,2,484,46,5,137501413399.39957
508,24,47,1,484,46,5,137670158505.39957
508,24,47,2,484,46,5,145896315008.24057
508,24,48,1,484,46,5,146083890767.2406
508,24,48,2,484,46,5,154634777829.0336
551,25,1,1,526,48,5,231626897.06608236
551,25,1,2,526,48,5,328870918.63903564
551,25,2,1,526,48,5,328871669.63903564
551,25,2,2,526,48,5,467968174.10678375
551,25,3,1,526,48,5,467969208.10678375
551,25,3,2,526,48,5,656303931.4713995
551,25,4,1,526,48,5,656305576.4713997
551,25,4,2,526,48,5,901264254.7348956
551,25,5,1,526,48,5,901267282.7348956
551,25,5,2,526,48,5,1210235651.899226
551,25,6,1,526,48,5,1210241628.899226
551,25,6,2,526,48,5,1590605424.9662883
551,25,7,1,526,48,5,1590617150.9662883
551,25,7,2,526,48,5,2049762109.937927
551,25,8,1,526,48,5,2049784148.937927
551,25,8,2,526,48,5,2595096006.8159337
551,25,9,1,526,48,5,2595135306.8159337
551,25,9,2,526,48,5,3233999799.602051
551,25,10,1,526,48,5,3234066402.6020513
551,25,10,2,526,48,5,3973869266.297972
551,25,11,1,526,48,5,3973977108.297972
551,25,11,2,526,48,5,4822104078.905345
551,25,12,1,526,48,5,4822271879.905345
551,25,12,2,526,48,5,5786108693.425772
551,25,13,1,526,48,5,5786360937.425772
551,25,13,2,526,48,5,6873293329.860812
551,25,14,1,526,48,5,6873661334.860813
551,25,14,2,526,48,5,8091075042.211986
551,25,15,1,526,48,5,8091598120.211986
551,25,15,2,526,48,5,9446878878.480768
551,25,16,1,526,48,5,9447605585.480768
551,25,16,2,526,48,5,10948139130.6686
551,25,17,1,526,48,5,10949128606.668598
551,25,17,2,526,48,5,12602300674.77688
551,25,18,1,526,48,5,12603624073.776882
551,25,18,2,526,48,5,14416820400.80698
551,25,19,1,526,48,5,14418562410.80698
551,25,19,2,526,48,5,16399168732.760225
551,25,20,1,526,48,5,16401429185.760225
551,25,20,2,526,48,5,18556831238.637917
551,25,21,1,526,48,5,18559726810.637917
551,25,21,2,526,48,5,20897310330.441315
551,25,22,1,526,48,5,20900976331.44131
551,25,22,2,526,48,5,23428127054.171654
551,25,23,1,526,48,5,23432719308.171658
551,25,23,2,526,48,5,26156822969.83014
551,25,24,1,526,48,5,26162519784.83014
551,25,24,2,526,48,5,29090962121.417942
551,25,25,1,526,48,5,29097966349.417942
551,25,25,2,526,48,5,32238133096.936207
551,25,26,1,526,48,5,32246674283.936207
551,25,26,2,526,48,5,35605951178.38605
551,25,27,1,526,48,5,35616287804.38605
551,25,27,2,526,48,5,39202060581.76857
551,25,28,1,526,48,5,39214482390.76857
551,25,28,2,526,48,5,43034136787.084816
551,25,29,1,526,48,5,43048967207.084816
551,25,29,2,526,48,5,47109888958.33584
551,25,30,1,526,48,5,47127487611.33584
551,25,30,2,526,48,5,51437062453.52265
551,25,31,1,526,48,5,51457827755.52265
551,25,31,2,526,48,5,56023441424.64625
551,25,32,1,526,48,5,56047813275.64624
551,25,32,2,526,48,5,60876851507.70758
551,25,33,1,526,48,5,60905314071.70758
551,25,33,2,526,48,5,66005162602.70763
551,25,34,1,526,48,5,66038247177.70763
551,25,34,2,526,48,5,71416291743.64728
551,25,35,1,526,48,5,71454579721.6473
551,25,35,2,526,48,5,77118206058.52748
551,25,36,1,526,48,5,77162331975.52747
551,25,36,2,526,48,5,83118925819.34906
551,25,37,1,526,48,5,83169580495.34906
551,25,37,2,526,48,5,89426527582.11293
551,25,38,1,526,48,5,89484461351.11295
551,25,38,2,526,48,5,96049147416.81993
551,25,39,1,526,48,5,96115173446.81993
551,25,39,2,526,48,5,102994984227.47089
551,25,40,1,526,48,5,103069981930.47087
551,25,40,2,526,48,5,110272303162.06657
551,25,41,1,526,48,5,110357221694.06657
551,25,41,2,526,48,5,117889439112.60783
551,25,42,1,526,48,5,117985300963.60782
551,25,42,2,526,48,5,125854800305.0954
551,25,43,1,526,48,5,125962704979.0954
551,25,43,2,526,48,5,134176871979.53006
551,25,44,1,526,48,5,134297999764.53008
551,25,44,2,526,48,5,142864220159.91254
551,25,45,1,526,48,5,142999835987.91254
551,25,45,2,526,48,5,151925495514.2436
551,25,46,1,526,48,5,152076952911.2436
551,25,46,2,526,48,5,161369437304.5239
551,25,47,1,526,48,5,161538182430.5239
551,25,47,2,526,48,5,171204877426.75415
551,25,48,1,526,48,5,171392453205.75415
551,25,48,2,526,48,5,181440744540.9351
551,25,49,1,526,48,5,181648794880.9351
551,25,49,2,526,48,5,192086068291.06732
551,25,50,1,526,48,5,192316342394.0673
551,25,50,2,526,48,5,203149983615.15152
554,26,1,1,528,50,5,239122603.27381158
554,26,1,2,528,50,5,337421273.4767895
554,26,2,1,528,50,5,337422044.47678953
554,26,2,2,528,50,5,478027097.5821298
554,26,3,1,528,50,5,478028151.5821298
554,26,3,2,528,50,5,668405423.5916834
554,26,4,1,528,50,5,668407088.5916835
554,26,4,2,528,50,5,916022415.5072492
554,26,5,1,528,50,5,916025463.5072491
554,26,5,2,528,50,5,1228344681.330576
554,26,6,1,528,50,5,1228350678.330576
554,26,6,2,528,50,5,1612839623.0633636
554,26,7,1,528,50,5,1612851369.0633636
554,26,7,2,528,50,5,2076975876.707266
554,26,8,1,528,50,5,2076997935.7072663
554,26,8,2,528,50,5,2628223842.2638927
554,26,9,1,528,50,5,2628263162.2638927
554,26,9,2,528,50,5,3274056303.734808
554,26,10,1,528,50,5,3274122926.7348084
554,26,10,2,528,50,5,4021949139.1215367
554,26,11,1,528,50,5,4022057001.1215363
554,26,11,2,528,50,5,4879382120.425562
554,26,12,1,528,50,5,4879549941.425562
554,26,12,2,528,50,5,5853839803.648328
554,26,13,1,528,50,5,5854092067.648328
554,26,13,2,528,50,5,6952812508.791242
554,26,14,1,528,50,5,6953180533.791242
554,26,14,2,528,50,5,8183797389.855676
554,26,15,1,528,50,5,8184320487.855675
554,26,15,2,528,50,5,9554299594.842964
554,26,16,1,528,50,5,9555026321.842964
554,26,16,2,528,50,5,11071833515.75441
554,26,17,1,528,50,5,11072823011.754408
554,26,17,2,528,50,5,12743924128.59128
554,26,18,1,528,50,5,12745247547.59128
554,26,18,2,528,50,5,14578108423.354816
554,26,19,1,528,50,5,14579850453.354816
554,26,19,2,528,50,5,16581936924.046225
554,26,20,1,528,50,5,16584197397.046223
554,26,20,2,528,50,5,18762975298.66668
554,26,21,1,528,50,5,18765870890.66668
554,26,21,2,528,50,5,21128806059.21733
554,26,22,1,528,50,5,21132472080.21733
554,26,22,2,528,50,5,23687030351.699306
554,26,23,1,528,50,5,23691622625.699306
554,26,23,2,528,50,5,26445269836.113697
554,26,24,1,528,50,5,26450966671.113693
554,26,24,2,528,50,5,29411168656.461563
554,26,25,1,528,50,5,29418172904.461563
554,26,25,2,528,50,5,32592395500.743958
554,26,26,1,528,50,5,32600936707.74396
554,26,26,2,528,50,5,35996645750.9619
554,26,27,1,528,50,5,36006982396.9619
554,26,27,2,528,50,5,39631643723.11638
554,26,28,1,528,50,5,39644065552.11639
554,26,28,2,528,50,5,43505144997.208374
554,26,29,1,528,50,5,43519975437.20837
554,26,29,2,528,50,5,47624938837.23882
554,26,30,1,528,50,5,47642537510.23883
554,26,30,2,528,50,5,51998850701.20868
554,26,31,1,528,50,5,52019616023.20869
554,26,31,2,528,50,5,56634744841.11883
554,26,32,1,528,50,5,56659116712.11883
554,26,32,2,528,50,5,61540526992.97016
554,26,33,1,528,50,5,61568989576.97017
554,26,33,2,528,50,5,66724147156.76356
554,26,34,1,528,50,5,66757231751.76356
554,26,34,2,528,50,5,72193602466.49986
554,26,35,1,528,50,5,72231890464.49986
554,26,35,2,528,50,5,77956940150.1799
554,26,36,1,528,50,5,78001066087.1799
554,26,36,2,528,50,5,84022260579.80447
554,26,37,1,528,50,5,84072915275.80446
554,26,37,2,528,50,5,90397720411.37439
554,26,38,1,528,50,5,90455654200.3744
554,26,38,2,528,50,5,97091535814.89046
554,26,39,1,528,50,5,97157561864.89044
554,26,39,2,528,50,5,104111985794.35336
554,26,40,1,528,50,5,104186983517.35336
554,26,40,2,528,50,5,111467415597.76393
554,26,41,1,528,50,5,111552334149.76393
554,26,41,2,528,50,5,119166240217.12285
554,26,42,1,528,50,5,119262102088.12285
554,26,42,2,528,50,5,127216947978.43083
554,26,43,1,528,50,5,127324852672.43083
554,26,43,2,528,50,5,135628104221.68858
554,26,44,1,528,50,5,135749232026.6886
554,26,44,2,528,50,5,144408355070.89682
554,26,45,1,528,50,5,144543970918.89682
554,26,45,2,528,50,5,153566431294.05615
554,26,46,1,528,50,5,153717888711.05618
554,26,46,2,528,50,5,163111152253.16733
554,26,47,1,528,50,5,163279897399.1673
554,26,47,2,528,50,5,173051429944.23087
554,26,48,1,528,50,5,173239005743.23087
554,26,48,2,528,50,5,183396273127.2475
554,26,49,1,528,50,5,183604323487.24753
554,26,49,2,528,50,5,194154791546.21783
554,26,50,1,528,50,5,194385065669.2178
554,26,50,2,528,50,5,205336200239.14243
554,26,51,1,528,50,5,205590557021.14246
554,26,51,2,528,50,5,216949823938.02194
554,26,52,1,528,50,5,217230236459.02194
554,26,52,2,528,50,5,229005101558.85693
588,27,1,1,561,52,5,274761350.91395223
588,27,1,2,561,52,5,385410155.35123676
588,27,2,1,561,52,5,385410946.3512369
588,27,2,2,561,52,5,543681421.6923239
588,27,3,1,561,52,5,543682495.6923239
588,27,3,2,561,52,5,757978469.9389704
588,27,4,1,561,52,5,757980154.9389704
588,27,4,2,561,52,5,1036705456.0928859
588,27,5,1,561,52,5,1036708524.0928859
588,27,5,2,561,52,5,1388266980.1557338
588,27,6,1,561,52,5,1388272997.1557336
588,27,6,2,561,52,5,1821068436.1291327
588,27,7,1,561,52,5,1821080202.1291325
588,27,7,2,561,52,5,2343516452.0146594
588,27,8,1,561,52,5,2343538531.014659
588,27,8,2,561,52,5,2964019419.813848
588,27,9,1,561,52,5,2964058759.813848
588,27,9,2,561,52,5,3690988115.5281944
588,27,10,1,561,52,5,3691054758.5281944
588,27,10,2,561,52,5,4532836409.159154
588,27,11,1,561,52,5,4532944291.159155
588,27,11,2,561,52,5,5497982064.708149
588,27,12,1,561,52,5,5498149905.708149
588,27,12,2,561,52,5,6594847630.176559
588,27,13,1,561,52,5,6595099914.1765585
588,27,13,2,561,52,5,7831861417.565735
588,27,14,1,561,52,5,7832229462.565736
588,27,14,2,561,52,5,9217458572.876991
588,27,15,1,561,52,5,9217981690.876991
588,27,15,2,561,52,5,10760082236.111612
588,27,16,1,561,52,5,10760808983.111612
588,27,16,2,561,52,5,12468184791.270847
588,27,17,1,561,52,5,12469174307.270845
588,27,17,2,561,52,5,14350229206.355917
588,27,18,1,561,52,5,14351552645.355917
588,27,18,2,561,52,5,16414690463.368013
588,27,19,1,561,52,5,16416432513.368013
588,27,19,2,561,52,5,18670057078.3083
588,27,20,1,561,52,5,18672317571.3083
588,27,20,2,561,52,5,21124832711.177914
588,27,21,1,561,52,5,21127728323.17791
588,27,21,2,561,52,5,23787537865.977955
588,27,22,1,561,52,5,23791203906.977955
588,27,22,2,561,52,5,26666711680.709515
588,27,23,1,561,52,5,26671303974.70952
588,27,23,2,561,52,5,29770913807.373653
588,27,24,1,561,52,5,29776610662.373653
588,27,24,2,561,52,5,33108726381.971397
588,27,25,1,561,52,5,33115730649.971394
588,27,25,2,561,52,5,36688756084.50376
588,27,26,1,561,52,5,36697297311.50375
588,27,26,2,561,52,5,40519636288.97172
588,27,27,1,561,52,5,40529972954.971725
588,27,27,2,561,52,5,44610029303.37625
588,27,28,1,561,52,5,44622451152.37626
588,27,28,2,561,52,5,48968628699.7183
588,27,29,1,561,52,5,48983459159.7183
588,27,29,2,561,52,5,53604161733.99878
588,27,30,1,561,52,5,53621760426.99878
588,27,30,2,561,52,5,58525391856.2186
588,27,31,1,561,52,5,58546157198.218605
588,27,31,2,561,52,5,63741121310.37864
588,27,32,1,561,52,5,63765493201.37863
588,27,32,2,561,52,5,69260193824.47975
588,27,33,1,561,52,5,69288656428.47975
588,27,33,2,561,52,5,75091497390.5228
588,27,34,1,561,52,5,75124582005.5228
588,27,34,2,561,52,5,81243967134.50859
588,27,35,1,561,52,5,81282255152.5086
588,27,35,2,561,52,5,87726588276.43797
588,27,36,1,561,52,5,87770714233.43796
588,27,36,2,561,52,5,94548399180.31168
588,27,37,1,561,52,5,94599053896.31166
588,27,37,2,561,52,5,101718494494.13051
588,27,38,1,561,52,5,101776428303.13052
588,27,38,2,561,52,5,109246028379.89526
588,27,39,1,561,52,5,109312054449.89526
588,27,39,2,561,52,5,117140217833.60663
588,27,40,1,561,52,5,117215215576.60663
588,27,40,2,561,52,5,125410346095.26537
588,27,41,1,561,52,5,125495264667.26537
588,27,41,2,561,52,5,134065766148.87218
588,27,42,1,561,52,5,134161628039.87216
588,27,42,2,561,52,5,143115904312.42776
588,27,43,1,561,52,5,143223809026.42776
588,27,43,2,561,52,5,152570263917.9328
588,27,44,1,561,52,5,152691391742.93277
588,27,44,2,561,52,5,162438429081.38797
588,27,45,1,561,52,5,162574044949.38797
588,27,45,2,561,52,5,172730068562.79395
588,27,46,1,561,52,5,172881525999.79395
588,27,46,2,561,52,5,183454939716.15137
588,27,47,1,561,52,5,183623684882.15134
588,27,47,2,561,52,5,194622892529.46082
588,27,48,1,561,52,5,194810468348.46082
588,27,48,2,561,52,5,206243873754.72296
588,27,49,1,561,52,5,206451924134.723
588,27,49,2,561,52,5,218327931127.93845
588,27,50,1,561,52,5,218558205270.93845
588,27,50,2,561,52,5,230885217679.1078
588,27,51,1,561,52,5,231139574481.1078
588,27,51,2,561,52,5,243925996132.23163
588,27,52,1,561,52,5,244206408673.23163
588,27,52,2,561,52,5,257460643395.31052
588,27,53,1,561,52,5,257769203519.31052
588,27,53,2,561,52,5,271499655140.345
588,27,54,1,561,52,5,271838578125.34503
588,27,54,2,561,52,5,286053650473.3357
605,28,1,1,577,54,5,296705402.7978523
605,28,1,2,577,54,5,413803250.14769745
605,28,2,1,577,54,5,413804061.1476975
605,28,2,2,577,54,5,581299135.4055427
605,28,3,1,577,54,5,581300229.4055429
605,28,3,2,577,54,5,808086162.5730095
605,28,4,1,577,54,5,808087867.5730095
605,28,4,2,577,54,5,1103058291.651676
605,28,5,1,577,54,5,1103061379.6516762
605,28,5,2,577,54,5,1475109926.6430805
605,28,6,1,577,54,5,1475115963.6430805
605,28,6,2,577,54,5,1933136265.5487208
605,28,7,1,577,54,5,1933148051.5487206
605,28,7,2,577,54,5,2486033740.3700566
605,28,8,1,577,54,5,2486055839.3700566
605,28,8,2,577,54,5,3142700547.108511
605,28,9,1,577,54,5,3142739907.108511
605,28,9,2,577,54,5,3912037265.7654715
605,28,10,1,577,54,5,3912103928.7654715
605,28,10,2,577,54,5,4802947570.34229
605,28,11,1,577,54,5,4803055472.34229
605,28,11,2,577,54,5,5824339028.840286
605,28,12,1,577,54,5,5824506889.840286
605,28,12,2,577,54,5,6985123993.260746
605,28,13,1,577,54,5,6985376297.260746
605,28,13,2,577,54,5,8294220579.604926
605,28,14,1,577,54,5,8294588644.604927
605,28,14,2,577,54,5,9760553737.874052
605,28,15,1,577,54,5,9761076875.874054
605,28,15,2,577,54,5,11393056412.06932
605,28,16,1,577,54,5,11393783179.06932
605,28,16,2,577,54,5,13200670790.191898
605,28,17,1,577,54,5,13201660326.191896
605,28,17,2,577,54,5,15192349644.242924
605,28,18,1,577,54,5,15193673103.242924
605,28,18,2,577,54,5,17377057760.223515
605,28,19,1,577,54,5,17378799830.223515
605,28,19,2,577,54,5,19763773458.134754
605,28,20,1,577,54,5,19766033971.134758
605,28,20,2,577,54,5,22361490201.97771
605,28,21,1,577,54,5,22364385833.97771
605,28,21,2,577,54,5,25179218299.753418
605,28,22,1,577,54,5,25182884360.753418
605,28,22,2,577,54,5,28225986693.462894
605,28,23,1,577,54,5,28230579007.462894
605,28,23,2,577,54,5,31510844839.10713
605,28,24,1,577,54,5,31516541714.10713
605,28,24,2,577,54,5,35042864676.687096
605,28,25,1,577,54,5,35049868964.687096
605,28,25,2,577,54,5,38831142690.20374
605,28,26,1,577,54,5,38839683937.203735
605,28,26,2,577,54,5,42884802057.65798
605,28,27,1,577,54,5,42895138743.65799
605,28,27,2,577,54,5,47212994891.05075
605,28,28,1,577,54,5,47225416760.05076
605,28,28,2,577,54,5,51824904566.38292
605,28,29,1,577,54,5,51839735046.38291
605,28,29,2,577,54,5,56729748143.65536
605,28,30,1,577,54,5,56747346856.65536
605,28,30,2,577,54,5,61936778876.86891
605,28,31,1,577,54,5,61957544238.86892
605,28,31,2,577,54,5,67455288814.02443
605,28,32,1,577,54,5,67479660725.02442
605,28,32,2,577,54,5,73294611487.12271
605,28,33,1,577,54,5,73323074111.12271
605,28,33,2,577,54,5,79464124692.16455
605,28,34,1,577,54,5,79497209327.16454
605,28,34,2,577,54,5,85973253359.15074
605,28,35,1,577,54,5,86011541397.15074
605,28,35,2,577,54,5,92831472512.08205
605,28,36,1,577,54,5,92875598489.08205
605,28,36,2,577,54,5,100048310318.9592
605,28,37,1,577,54,5,100098965054.9592
605,28,37,2,577,54,5,107633351231.78296
605,28,38,1,577,54,5,107691285060.78297
605,28,38,2,577,54,5,115596239216.55405
605,28,39,1,577,54,5,115662265306.55405
605,28,39,2,577,54,5,123946681073.27313
605,28,40,1,577,54,5,124021678836.27312
605,28,40,2,577,54,5,132694449845.94093
605,28,41,1,577,54,5,132779368437.94093
605,28,41,2,577,54,5,141849388322.5581
605,28,42,1,577,54,5,141945250233.5581
605,28,42,2,577,54,5,151421412625.12537
605,28,43,1,577,54,5,151529317359.12537
605,28,43,2,577,54,5,161420515889.6433
605,28,44,1,577,54,5,161541643734.64328
605,28,44,2,577,54,5,171856772036.11258
605,28,45,1,577,54,5,171992387924.11258
605,28,45,2,577,54,5,182740339628.5338
605,28,46,1,577,54,5,182891797085.53384
605,28,46,2,577,54,5,194081465824.90768
605,28,47,1,577,54,5,194250211010.90765
605,28,47,2,577,54,5,205890490417.23465
605,28,48,1,577,54,5,206078066256.23468
605,28,48,2,577,54,5,218177849961.51544
605,28,49,1,577,54,5,218385900361.51547
605,28,49,2,577,54,5,230954081997.75058
605,28,50,1,577,54,5,231184356160.75058
605,28,50,2,577,54,5,244229829359.94064
605,28,51,1,577,54,5,244484186181.94064
605,28,51,2,577,54,5,258015844576.08618
605,28,52,1,577,54,5,258296257137.08618
605,28,52,2,577,54,5,272322994358.18774
605,28,53,1,577,54,5,272631554502.1877
605,28,53,2,577,54,5,287162264182.2459
605,28,54,1,577,54,5,287501187187.24585
605,28,54,2,577,54,5,302544762958.2611
605,28,55,1,577,54,5,302916392296.26105
605,28,55,2,577,54,5,318481727790.2339
605,28,56,1,577,54,5,318888539977.23395
605,28,56,2,577,54,5,334984528826.16486
643,29,1,1,614,56,5,341588585.7766536
643,29,1,2,614,56,5,473762371.40875465
643,29,2,1,614,56,5,473763202.4087547
643,29,2,2,614,56,5,662822638.9495919
643,29,3,1,614,56,5,662823752.9495919
643,29,3,2,614,56,5,918807488.4007188
643,29,4,1,614,56,5,918809213.4007188
643,29,4,2,614,56,5,1251755895.7636495
643,29,5,1,614,56,5,1251759003.7636497
643,29,5,2,614,56,5,1671707281.0398602
643,29,6,1,614,56,5,1671713338.0398602
643,29,6,2,614,56,5,2188701858.23079
643,29,7,1,614,56,5,2188713664.23079
643,29,7,2,614,56,5,2812781075.337843
643,29,8,1,614,56,5,2812803194.337843
643,29,8,2,614,56,5,3553988144.362388
643,29,9,1,614,56,5,3554027524.3623886
643,29,9,2,614,56,5,4422368661.305762
643,29,10,1,614,56,5,4422435344.305762
643,29,10,2,614,56,5,5427971316.169269
643,29,11,1,614,56,5,5428079238.16927
643,29,11,2,614,56,5,6580848692.954183
643,29,12,1,614,56,5,6581016573.954182
643,29,12,2,614,56,5,7891058159.661742
643,29,13,1,614,56,5,7891310483.661742
643,29,13,2,614,56,5,9368662848.293165
643,29,14,1,614,56,5,9369030933.293163
643,29,14,2,614,56,5,11023732724.849632
643,29,15,1,614,56,5,11024255882.849632
643,29,15,2,614,56,5,12866345749.332306
643,29,16,1,614,56,5,12867072536.332306
643,29,16,2,614,56,5,14906589125.742313
643,29,17,1,614,56,5,14907578681.742311
643,29,17,2,614,56,5,17154560642.08076
643,29,18,1,614,56,5,17155884121.080761
643,29,18,2,614,56,5,19620370100.348732
643,29,19,1,614,56,5,19622112190.34873
643,29,19,2,614,56,5,22314140836.547276
643,29,20,1,614,56,5,22316401369.547276
643,29,20,2,614,56,5,25246011330.67743
643,29,21,1,614,56,5,25248906982.67743
643,29,21,2,614,56,5,28426136906.7402
643,29,22,1,614,56,5,28429802987.7402
643,29,22,2,614,56,5,31864691522.736576
643,29,23,1,614,56,5,31869283856.736576
643,29,23,2,614,56,5,35571869650.66752
643,29,24,1,614,56,5,35577566545.66753
643,29,24,2,614,56,5,39557888246.53399
643,29,25,1,614,56,5,39564892554.53399
643,29,25,2,614,56,5,43832988810.3369
643,29,26,1,614,56,5,43841530077.33689
643,29,26,2,614,56,5,48407439536.07714
643,29,27,1,614,56,5,48417776242.07715
643,29,27,2,614,56,5,53291537551.75563
643,29,28,1,614,56,5,53303959440.75563
643,29,28,2,614,56,5,58495611249.37321
643,29,29,1,614,56,5,58510441749.37321
643,29,29,2,614,56,5,64030022704.93073
643,29,30,1,614,56,5,64047621437.93073
643,29,30,2,614,56,5,69905170188.42903
643,29,31,1,614,56,5,69925935570.42903
643,29,31,2,614,56,5,76131490763.86893
643,29,32,1,614,56,5,76155862694.86894
643,29,32,2,614,56,5,82719462979.25122
643,29,33,1,614,56,5,82747925623.25122
643,29,33,2,614,56,5,89679609646.57668
643,29,34,1,614,56,5,89712694301.57668
643,29,34,2,614,56,5,97022500711.84605
643,29,35,1,614,56,5,97060788769.84607
643,29,35,2,614,56,5,104758756215.06015
643,29,36,1,614,56,5,104802882212.06015
643,29,36,2,614,56,5,112899049340.21964
643,29,37,1,614,56,5,112949704096.21964
643,29,37,2,614,56,5,121454109555.32527
643,29,38,1,614,56,5,121512043404.32529
643,29,38,2,614,56,5,130434725842.37778
643,29,39,1,614,56,5,130500751952.37778
643,29,39,2,614,56,5,139851750017.3778
643,29,40,1,614,56,5,139926747800.3778
643,29,40,2,614,56,5,149716100140.32605
643,29,41,1,614,56,5,149801018752.32602
643,29,41,2,614,56,5,160038764015.22318
643,29,42,1,614,56,5,160134625946.22318
643,29,42,2,614,56,5,170830802780.06985
643,29,43,1,614,56,5,170938707534.06985
643,29,43,2,614,56,5,182103354586.86673
643,29,44,1,614,56,5,182224482451.8667
643,29,44,2,614,56,5,193867638371.61435
643,29,45,1,614,56,5,194003254279.61438
643,29,45,2,614,56,5,206134957714.31345
643,29,46,1,614,56,5,206286415191.31345
643,29,46,2,614,56,5,218916704788.96457
643,29,47,1,614,56,5,219085449994.96457
643,29,47,2,614,56,5,232224364403.5683
643,29,48,1,614,56,5,232411940262.5683
643,29,48,2,614,56,5,246069518130.12524
643,29,49,1,614,56,5,246277568550.12527
643,29,49,2,614,56,5,260463848524.636
643,29,50,1,614,56,5,260694122707.63596
643,29,50,2,614,56,5,275419143437.1011
643,29,51,1,614,56,5,275673500279.1011
643,29,51,2,614,56,5,290947300411.521
643,29,52,1,614,56,5,291227712992.521
643,29,52,2,614,56,5,307060331175.89636
643,29,53,1,614,56,5,307368891339.8964
643,29,53,2,614,56,5,323770366222.2278
643,29,54,1,614,56,5,324109289247.2278
643,29,54,2,614,56,5,341089659476.5156
643,29,55,1,614,56,5,341461288834.5156
643,29,55,2,614,56,5,359030593058.76044
643,29,56,1,614,56,5,359437405265.7605
643,29,56,2,614,56,5,377605682132.9628
643,29,57,1,614,56,5,378050291688.9628
643,29,57,2,614,56,5,396827579847.1232
643,29,58,1,614,56,5,397312744266.1232
643,29,58,2,614,56,5,416709082363.24207
646,30,1,1,616,58,5,351527140.88014346
646,30,1,2,616,58,5,484930007.1898271
646,30,2,1,616,58,5,484930858.18982714
646,30,2,2,616,58,5,675748347.4139521
646,30,3,1,616,58,5,675749481.4139521
646,30,3,2,616,58,5,934113589.5539272
646,30,4,1,616,58,5,934115334.5539272
646,30,4,2,616,58,5,1270158057.6111257
646,30,5,1,616,58,5,1270161185.611126
646,30,5,2,616,58,5,1694014519.586889
646,30,6,1,616,58,5,1694020596.5868888
646,30,6,2,616,58,5,2215816537.4825244
646,30,7,1,616,58,5,2215828363.4825244
646,30,7,2,616,58,5,2845698907.2993093
646,30,8,1,616,58,5,2845721046.2993093
646,30,8,2,616,58,5,3593798189.0384903
646,30,9,1,616,58,5,3593837589.0384903
646,30,9,2,616,58,5,4470253326.701285
646,30,10,1,616,58,5,4470320029.701285
646,30,10,2,616,58,5,5485206358.288882
646,30,11,1,616,58,5,5485314300.288882
646,30,11,2,616,58,5,6648803215.8024435
646,30,12,1,616,58,5,6648971116.802443
646,30,12,2,616,58,5,7971194615.243102
646,30,13,1,616,58,5,7971446959.243102
646,30,13,2,616,58,5,9462537036.611969
646,30,14,1,616,58,5,9462905141.611967
646,30,14,2,616,58,5,11132993793.910126
646,30,15,1,616,58,5,11133516971.910126
646,30,15,2,616,58,5,12992736195.138634
646,30,16,1,616,58,5,12993463002.138634
646,30,16,2,616,58,5,15051944792.298529
646,30,17,1,616,58,5,15052934368.298527
646,30,17,2,616,58,5,17320810721.39082
646,30,18,1,616,58,5,17322134220.39082
646,30,18,2,616,58,5,19809537132.4165
646,30,19,1,616,58,5,19811279242.4165
646,30,19,2,616,58,5,22528340709.376537
646,30,20,1,616,58,5,22530601262.37654
646,30,20,2,616,58,5,25487453280.271885
646,30,21,1,616,58,5,25490348952.271885
646,30,21,2,616,58,5,28697123517.103462
646,30,22,1,616,58,5,28700789618.103462
646,30,22,2,616,58,5,32167618725.872185
646,30,23,1,616,58,5,32172211079.87219
646,30,23,2,616,58,5,35909226726.57893
646,30,24,1,616,58,5,35914923641.57893
646,30,24,2,616,58,5,39932257823.22459
646,30,25,1,616,58,5,39939262151.22459
646,30,25,2,616,58,5,44247046863.80999
646,30,26,1,616,58,5,44255588150.80998
646,30,26,2,616,58,5,48863955390.33597
646,30,27,1,616,58,5,48874292116.33597
646,30,27,2,616,58,5,53793373878.80336
646,30,28,1,616,58,5,53805795787.80336
646,30,28,2,616,58,5,59045724069.21295
646,30,29,1,616,58,5,59060554589.212944
646,30,29,2,616,58,5,64631461385.56551
646,30,30,1,616,58,5,64649060138.56552
646,30,30,2,616,58,5,70561077445.86185
646,30,31,1,616,58,5,70581842847.86185
646,30,31,2,616,58,5,76845102662.10268
646,30,32,1,616,58,5,76869474613.10269
646,30,32,2,616,58,5,83494108930.28877
646,30,33,1,616,58,5,83522571594.28876
646,30,33,2,616,58,5,90518712410.4208
646,30,34,1,616,58,5,90551797085.42079
646,30,34,2,616,58,5,97929576396.49951
646,30,35,1,616,58,5,97967864474.49953
646,30,35,2,616,58,5,105737414276.52562
646,30,36,1,616,58,5,105781540293.5256
646,30,36,2,616,58,5,113952992582.49974
646,30,37,1,616,58,5,114003647358.49974
646,30,37,2,616,58,5,122587134130.42259
646,30,38,1,616,58,5,122645067999.4226
646,30,38,2,616,58,5,131650721250.29485
646,30,39,1,616,58,5,131716747380.29483
646,30,39,2,616,58,5,141154699106.11707
646,30,40,1,616,58,5,141229696909.1171
646,30,40,2,616,58,5,151110079105.88998
646,30,41,1,616,58,5,151194997737.88998
646,30,41,2,616,58,5,161527942401.61414
646,30,42,1,616,58,5,161623804352.61414
646,30,42,2,616,58,5,172419443479.29016
646,30,43,1,616,58,5,172527348253.2902
646,30,43,2,616,58,5,183795813838.9187
646,30,44,1,616,58,5,183916941723.91867
646,30,44,2,616,58,5,195668365764.50024
646,30,45,1,616,58,5,195803981692.50024
646,30,45,2,616,58,5,208048496184.03543
646,30,46,1,616,58,5,208199953681.03543
646,30,46,2,616,58,5,220947690619.52484
646,30,47,1,616,58,5,221116435845.5248
646,30,47,2,616,58,5,234377527226.96896
646,30,48,1,616,58,5,234565103105.96896
646,30,48,2,616,58,5,248349680926.36838
646,30,49,1,616,58,5,248557731366.36838
646,30,49,2,616,58,5,262875927621.72363
646,30,50,1,616,58,5,263106201824.7236
646,30,50,2,616,58,5,277968148511.0352
646,30,51,1,616,58,5,278222505373.0352
646,30,51,2,616,58,5,293638334486.3037
646,30,52,1,616,58,5,293918747087.30365
646,30,52,2,616,58,5,309898590623.5295
646,30,53,1,616,58,5,310207150807.52954
646,30,53,2,616,58,5,326761140762.7132
646,30,54,1,616,58,5,327100063807.7132
646,30,54,2,616,58,5,344238332177.8552
646,30,55,1,616,58,5,344609961555.8552
646,30,55,2,616,58,5,362342640336.9561
646,30,56,1,616,58,5,362749452563.9561
646,30,56,2,616,58,5,381086673752.01636
646,30,57,1,616,58,5,381531283328.01636
646,30,57,2,616,58,5,400483178919.03625
646,30,58,1,616,58,5,400968343358.03625
646,30,58,2,616,58,5,420545045348.0164
646,30,59,1,616,58,5,421073670298.0165
646,30,59,2,616,58,5,441285310682.95734
646,30,60,1,616,58,5,441860455135.95734
646,30,60,2,616,58,5,462717165911.8593
647,31,1,1,616,60,5,359393941.61112577
647,31,1,2,616,60,5,493207770.5868888
647,31,2,1,616,60,5,493208641.58688885
647,31,2,2,616,60,5,684613961.4825243
647,31,3,1,616,60,5,684615115.4825244
647,31,3,2,616,60,5,943775134.2993094
647,31,4,1,616,60,5,943776899.2993094
647,31,4,2,616,60,5,1280854825.0384905
647,31,5,1,616,60,5,1280857973.0384905
647,31,5,2,616,60,5,1706017013.7012851
647,31,6,1,616,60,5,1706023110.7012851
647,31,6,2,616,60,5,2229426474.2888823
647,31,7,1,616,60,5,2229438320.2888823
647,31,7,2,616,60,5,2861249214.802443
647,31,8,1,616,60,5,2861271373.802443
647,31,8,2,616,60,5,3611653007.243102
647,31,9,1,616,60,5,3611692427.243102
647,31,9,2,616,60,5,4490808007.611969
647,31,10,1,616,60,5,4490874730.611968
647,31,10,2,616,60,5,5508887465.910126
647,31,11,1,616,60,5,5508995427.910127
647,31,11,2,616,60,5,6676068526.138634
647,31,12,1,616,60,5,6676236447.138634
647,31,12,2,616,60,5,8002533116.298527
647,31,13,1,616,60,5,8002785480.298527
647,31,13,2,616,60,5,9498468928.39082
647,31,14,1,616,60,5,9498837053.390818
647,31,14,2,616,60,5,11174070488.4165
647,31,15,1,616,60,5,11174593686.4165
647,31,15,2,616,60,5,13039540316.376541
647,31,16,1,616,60,5,13040267143.376541
647,31,16,2,616,60,5,15105090176.271887
647,31,17,1,616,60,5,15106079772.271885
647,31,17,2,616,60,5,17380942416.103466
647,31,18,1,616,60,5,17382265935.103462
647,31,18,2,616,60,5,19877331397.872185
647,31,19,1,616,60,5,19879073527.872185
647,31,19,2,616,60,5,22604505017.578934
647,31,20,1,616,60,5,22606765590.578938
647,31,20,2,616,60,5,25572726315.224586
647,31,21,1,616,60,5,25575622007.224586
647,31,21,2,616,60,5,28792275174.809986
647,31,22,1,616,60,5,28795941295.809986
647,31,22,2,616,60,5,32273450114.33597
647,31,23,1,616,60,5,32278042488.33597
647,31,23,2,616,60,5,36026570165.80335
647,31,24,1,616,60,5,36032267100.80336
647,31,24,2,616,60,5,40061976845.21295
647,31,25,1,616,60,5,40068981193.21295
647,31,25,2,616,60,5,44390036212.56553
647,31,26,1,616,60,5,44398577519.56552
647,31,26,2,616,60,5,49021141021.86185
647,31,27,1,616,60,5,49031477767.86185
647,31,27,2,616,60,5,53965712961.102684
647,31,28,1,616,60,5,53978134890.102684
647,31,28,2,616,60,5,59234204982.288765
647,31,29,1,616,60,5,59249035522.28876
647,31,29,2,616,60,5,64837103721.4208
647,31,30,1,616,60,5,64854702494.4208
647,31,30,2,616,60,5,70784932008.49951
647,31,31,1,616,60,5,70805697430.49951
647,31,31,2,616,60,5,77088251467.5256
647,31,32,1,616,60,5,77112623438.52562
647,31,32,2,616,60,5,83757665206.49974
647,31,33,1,616,60,5,83786127890.49974
647,31,33,2,616,60,5,90803820597.4226
647,31,34,1,616,60,5,90836905292.42259
647,31,34,2,616,60,5,98237412146.29483
647,31,35,1,616,60,5,98275700244.29485
647,31,35,2,616,60,5,106069184453.11708
647,31,36,1,616,60,5,106113310490.11708
647,31,36,2,616,60,5,114309935261.88998
647,31,37,1,616,60,5,114360590057.88997
647,31,37,2,616,60,5,122970518600.61414
647,31,38,1,616,60,5,123028452489.61415
647,31,38,2,616,60,5,132061848011.29018
647,31,39,1,616,60,5,132127874161.29018
647,31,39,2,616,60,5,141594899869.9187
647,31,40,1,616,60,5,141669897692.9187
647,31,40,2,616,60,5,151580716796.50027
647,31,41,1,616,60,5,151665635448.50024
647,31,41,2,616,60,5,162030411155.03543
647,31,42,1,616,60,5,162126273126.03543
647,31,42,2,616,60,5,172955168643.52484
647,31,43,1,616,60,5,173063073437.52484
647,31,43,2,616,60,5,184366251973.96896
647,31,44,1,616,60,5,184487379878.96896
647,31,44,2,616,60,5,196275004642.36838
647,31,45,1,616,60,5,196410620590.36838
647,31,45,2,616,60,5,208692854788.72363
647,31,46,1,616,60,5,208844312305.72363
647,31,46,2,616,60,5,221631319147.03522
647,31,47,1,616,60,5,221800064393.0352
647,31,47,2,616,60,5,235102007085.30368
647,31,48,1,616,60,5,235289582984.30368
647,31,48,2,616,60,5,249116624735.5295
647,31,49,1,616,60,5,249324675195.5295
647,31,49,2,616,60,5,263686979213.7132
647,31,50,1,616,60,5,263917253436.71317
647,31,50,2,616,60,5,278824982929.8553
647,31,51,1,616,60,5,279079339811.8552
647,31,51,2,616,60,5,294542657987.9561
647,31,52,1,616,60,5,294823070608.9561
647,31,52,2,616,60,5,310852140676.0163
647,31,53,1,616,60,5,311160700880.01636
647,31,53,2,616,60,5,327765686046.0363
647,31,54,1,616,60,5,328104609111.03625
647,31,54,2,616,60,5,345295672584.0165
647,31,55,1,616,60,5,345667301982.0164
647,31,55,2,616,60,5,363454606969.95734
647,31,56,1,616,60,5,363861419216.95734
647,31,56,2,616,60,5,382255128927.8593
647,31,57,1,616,60,5,382699738523.8593
647,31,57,2,616,60,5,401710016165.72284
647,31,58,1,616,60,5,402195180624.72284
647,31,58,2,616,60,5,421832189405.54834
647,31,59,1,616,60,5,422360814375.5484
647,31,59,2,616,60,5,442634717503.33624
647,31,60,1,616,60,5,443209861976.33624
647,31,60,2,616,60,5,464130822659.0869
647,31,61,1,616,60,5,464755704271.0869
647,31,61,2,616,60,5,486333885716.80084
647,31,62,1,616,60,5,487011886137.80084
647,31,62,2,616,60,5,509257451554.4784
694,32,1,1,662,62,5,420958756.70370245
694,32,1,2,662,62,5,574800375.0880694
694,32,2,1,662,62,5,574801266.0880694
694,32,2,2,662,62,5,794853987.3916234
694,32,3,1,662,62,5,794855161.3916234
694,32,3,2,662,62,5,1092803301.6156125
694,32,4,1,662,62,5,1092805086.6156125
694,32,4,2,662,62,5,1480332961.761256
694,32,5,1,662,62,5,1480336129.761256
694,32,5,2,662,62,5,1969128055.8297455
694,32,6,1,662,62,5,1969134172.8297455
694,32,6,2,662,62,5,2570874465.8222456
694,32,7,1,662,62,5,2570886331.822246
694,32,7,2,662,62,5,3297259307.7398953
694,32,8,1,662,62,5,3297281486.739895
694,32,8,2,662,62,5,4159971461.5838065
694,32,9,1,662,62,5,4160010901.5838065
694,32,9,2,662,62,5,5170702191.355068
694,32,10,1,662,62,5,5170768934.355068
694,32,10,2,662,62,5,6341145855.054746
694,32,11,1,662,62,5,6341253837.054746
694,32,11,2,662,62,5,7683000704.683879
694,32,12,1,662,62,5,7683168645.683879
694,32,12,2,662,62,5,9207969776.243488
694,32,13,1,662,62,5,9208222160.243488
694,32,13,2,662,62,5,10927761869.734568
694,32,14,1,662,62,5,10928130014.734568
694,32,14,2,662,62,5,12854092619.158094
694,32,15,1,662,62,5,12854615837.158094
694,32,15,2,662,62,5,14998685652.515024
694,32,16,1,662,62,5,14999412499.515024
694,32,16,2,662,62,5,17373273841.80629
694,32,17,1,662,62,5,17374263457.806293
694,32,17,2,662,62,5,19989600643.03281
694,32,18,1,662,62,5,19990924182.032806
694,32,18,2,662,62,5,22859421526.195473
694,32,19,1,662,62,5,22861163676.195473
694,32,19,2,662,62,5,25994505495.295166
694,32,20,1,662,62,5,25996766088.29517
694,32,20,2,662,62,5,29406636698.332745
694,32,21,1,662,62,5,29409532410.332745
694,32,21,2,662,62,5,33107616127.30905
694,32,22,1,662,62,5,33111282268.309048
694,32,22,2,662,62,5,37109263408.22491
694,32,23,1,662,62,5,37113855802.22491
694,32,23,2,662,62,5,41423418681.08112
694,32,24,1,662,62,5,41429115636.08113
694,32,24,2,662,62,5,46061944569.8785
694,32,25,1,662,62,5,46068948937.8785
694,32,25,2,662,62,5,51036728242.61781
694,32,26,1,662,62,5,51045269569.617805
694,32,26,2,662,62,5,56359683561.299805
694,32,27,1,662,62,5,56370020327.299805
694,32,27,2,662,62,5,62042753321.92525
694,32,28,1,662,62,5,62055175270.92525
694,32,28,2,662,62,5,68097911584.49486
694,32,29,1,662,62,5,68112742144.49485
694,32,29,2,662,62,5,74537166093.00935
694,32,30,1,662,62,5,74554764886.00935
694,32,30,2,662,62,5,81372560785.46945
694,32,31,1,662,62,5,81393326227.46944
694,32,31,2,662,62,5,88616178393.87581
694,32,32,1,662,62,5,88640550384.87582
694,32,32,2,662,62,5,96280143134.22917
694,32,33,1,662,62,5,96308605838.22916
694,32,33,2,662,62,5,104376623486.53014
694,32,34,1,662,62,5,104409708201.53014
694,32,34,2,662,62,5,112917835064.77937
694,32,35,1,662,62,5,112956123182.77939
694,32,35,2,662,62,5,121916043576.97755
694,32,36,1,662,62,5,121960169633.97754
694,32,36,2,662,62,5,131383567875.12527
694,32,37,1,662,62,5,131434222691.12526
694,32,37,2,662,62,5,141332783095.22318
694,32,38,1,662,62,5,141390717004.22314
694,32,38,2,662,62,5,151776123887.2718
694,32,39,1,662,62,5,151842150057.2718
694,32,39,2,662,62,5,162726087735.27185
694,32,40,1,662,62,5,162801085578.27185
694,32,40,2,662,62,5,174195238367.22382
694,32,41,1,662,62,5,174280157039.2238
694,32,41,2,662,62,5,186196209255.1283
694,32,42,1,662,62,5,186292071246.1283
694,32,42,2,662,62,5,198741707204.9859
694,32,43,1,662,62,5,198849612018.9859
694,32,43,2,662,62,5,211844516036.79715
694,32,44,1,662,62,5,211965643961.79712
694,32,44,2,662,62,5,225517500354.56253
694,32,45,1,662,62,5,225653116322.56256
694,32,45,2,662,62,5,239773609406.28268
694,32,46,1,662,62,5,239925066943.28268
694,32,46,2,662,62,5,254625881033.9581
694,32,47,1,662,62,5,254794626299.95807
694,32,47,2,662,62,5,270087445713.5892
694,32,48,1,662,62,5,270275021632.58923
694,32,48,2,662,62,5,286171530685.17664
694,32,49,1,662,62,5,286379581165.1766
694,32,49,2,662,62,5,302891464172.72076
694,32,50,1,662,62,5,303121738415.7208
694,32,50,2,662,62,5,320260679694.2222
694,32,51,1,662,62,5,320515036596.2222
694,32,51,2,662,62,5,338292720461.6814
694,32,52,1,662,62,5,338573133102.6814
694,32,52,2,662,62,5,357001243871.0988
694,32,53,1,662,62,5,357309804095.0988
694,32,53,2,662,62,5,376400026082.4749
694,32,54,1,662,62,5,376738949167.47485
694,32,54,2,662,62,5,396502966689.81006
694,32,55,1,662,62,5,396874596107.81006
694,32,55,2,662,62,5,417324093481.1048
694,32,56,1,662,62,5,417730905748.10486
694,32,56,2,662,62,5,438877567288.3597
694,32,57,1,662,62,5,439322176904.3597
694,32,57,2,662,62,5,461177686927.57495
694,32,58,1,662,62,5,461662851406.5749
694,32,58,2,662,62,5,484238894228.7511
694,32,59,1,662,62,5,484767519218.75116
694,32,59,2,662,62,5,508075779155.8886
694,32,60,1,662,62,5,508650923648.8886
694,32,60,2,662,62,5,532703085016.9878
694,32,61,1,662,62,5,533327966648.9878
694,32,61,2,662,62,5,558135713764.0492
694,32,62,1,662,62,5,558813714205.0491
694,32,62,2,662,62,5,584388731383.073
694,32,63,1,662,62,5,585123401817.073
694,32,63,2,662,62,5,611477373374.0598
694,32,64,1,662,62,5,612272440069.0599
694,32,64,2,662,62,5,639417050321.01
696,33,1,1,663,64,5,431218326.5116505
696,33,1,2,663,64,5,585943166.5953494
696,33,2,1,663,64,5,585944077.5953493
696,33,2,2,663,64,5,807260140.602944
696,33,3,1,663,64,5,807261334.602944
696,33,3,2,663,64,5,1106920016.5355747
696,33,4,1,663,64,5,1106921821.5355747
696,33,4,2,663,64,5,1496674518.394356
696,33,5,1,663,64,5,1496677706.3943563
696,33,5,2,663,64,5,1988275814.1803787
696,33,6,1,663,64,5,1988281951.1803784
696,33,6,2,663,64,5,2593476865.8947077
696,33,7,1,663,64,5,2593488751.8947077
696,33,7,2,663,64,5,3324031869.538387
696,33,8,1,663,64,5,3324054068.5383863
696,33,8,2,663,64,5,4191696785.1124353
696,33,9,1,663,64,5,4191736245.1124353
696,33,9,2,663,64,5,5208229956.617852
696,33,10,1,663,64,5,5208296719.617852
696,33,10,2,663,64,5,6385392822.055614
696,33,11,1,663,64,5,6385500824.055615
696,33,11,2,663,64,5,7734950713.426679
696,33,12,1,663,64,5,7735118674.426679
696,33,12,2,663,64,5,9268673746.73198
696,33,13,1,663,64,5,9268926150.731981
696,33,13,2,663,64,5,10998337801.972437
696,33,14,1,663,64,5,10998705966.972435
696,33,14,2,663,64,5,12935725593.148943
696,33,15,1,663,64,5,12936248831.148943
696,33,15,2,663,64,5,15092627828.26238
696,33,16,1,663,64,5,15093354695.26238
696,33,16,2,663,64,5,17480844459.31361
696,33,17,1,663,64,5,17481834095.31361
696,33,17,2,663,64,5,20112186022.30348
696,33,18,1,663,64,5,20113509581.303474
696,33,18,2,663,64,5,22998475067.232803
696,33,19,1,663,64,5,23000217237.2328
696,33,19,2,663,64,5,26151547678.102398
696,33,20,1,663,64,5,26153808291.1024
696,33,20,2,663,64,5,29583255082.913067
696,33,21,1,663,64,5,29586150814.913063
696,33,21,2,663,64,5,33305465353.665573
696,33,22,1,663,64,5,33309131514.66557
696,33,22,2,663,64,5,37330065196.36069
696,33,23,1,663,64,5,37334657610.36068
696,33,23,2,663,64,5,41668961830.99915
696,33,24,1,663,64,5,41674658805.99915
696,33,24,2,663,64,5,46334084961.5817
696,33,25,1,663,64,5,46341089349.5817
696,33,25,2,663,64,5,51337388836.10907
696,33,26,1,663,64,5,51345930183.10906
696,33,26,2,663,64,5,56690854396.58193
696,33,27,1,663,64,5,56701191182.58194
696,33,27,2,663,64,5,62406491519.001015
696,33,28,1,663,64,5,62418913488.001015
696,33,28,2,663,64,5,68496341343.366974
696,33,29,1,663,64,5,68511171923.36697
696,33,29,2,663,64,5,74972478693.68048
696,33,30,1,663,64,5,74990077506.68048
696,33,30,2,663,64,5,81847014587.94218
696,33,31,1,663,64,5,81867780049.94218
696,33,31,2,663,64,5,89132098838.15274
696,33,32,1,663,64,5,89156470849.15274
696,33,32,2,663,64,5,96839922740.31277
696,33,33,1,663,64,5,96868385464.31277
696,33,33,2,663,64,5,104982721854.42288
696,33,34,1,663,64,5,105015806589.42288
696,33,34,2,663,64,5,113572778874.48369
696,33,35,1,663,64,5,113611067012.4837
696,33,35,2,663,64,5,122622426588.4958
696,33,36,1,663,64,5,122666552665.4958
696,33,36,2,663,64,5,132144050928.4598
696,33,37,1,663,64,5,132194705764.4598
696,33,37,2,663,64,5,142150094110.37625
696,33,38,1,663,64,5,142208028039.37622
696,33,38,2,663,64,5,152653057864.2457
696,33,39,1,663,64,5,152719084054.2457
696,33,39,2,663,64,5,163665506754.06873
696,33,40,1,663,64,5,163740504617.06876
696,33,40,2,663,64,5,175200071587.8459
696,33,41,1,663,64,5,175284990279.84586
696,33,41,2,663,64,5,187269452917.57767
696,33,42,1,663,64,5,187365314928.57767
696,33,42,2,663,64,5,199886424629.26465
696,33,43,1,663,64,5,199994329463.26468
696,33,43,2,663,64,5,213063837622.90732
696,33,44,1,663,64,5,213184965567.90732
696,33,44,2,663,64,5,226814623582.5062
696,33,45,1,663,64,5,226950239570.5062
696,33,45,2,663,64,5,241151798836.06177
696,33,46,1,663,64,5,241303256393.0618
696,33,46,2,663,64,5,256088468305.57455
696,33,47,1,663,64,5,256257213591.57455
696,33,47,2,663,64,5,271637829547.04498
696,33,48,1,663,64,5,271825405486.04498
696,33,48,2,663,64,5,287813176880.4736
696,33,49,1,663,64,5,288021227380.4736
696,33,49,2,663,64,5,304627905609.8608
696,33,50,1,663,64,5,304858179872.8608
696,33,50,2,663,64,5,322095516333.2071
696,33,51,1,663,64,5,322349873255.20703
696,33,51,2,663,64,5,340229619342.5129
696,33,52,1,663,64,5,340510032003.5129
696,33,52,2,663,64,5,359043939113.7786
696,33,53,1,663,64,5,359352499357.7786
696,33,53,2,663,64,5,378552318887.0048
696,33,54,1,663,64,5,378891241992.0048
696,33,54,2,663,64,5,398768725336.19183
696,33,55,1,663,64,5,399140354774.19183
696,33,55,2,663,64,5,419707253329.3401
696,33,56,1,663,64,5,420114065616.34015
696,33,56,2,663,64,5,441382130778.45
696,33,57,1,663,64,5,441826740414.45
696,33,57,2,663,64,5,463807723579.52203
696,33,58,1,663,64,5,464292888078.52203
696,33,58,2,663,64,5,486998540642.5565
696,33,59,1,663,64,5,487527165652.5566
696,33,59,2,663,64,5,510969239011.55396
696,33,60,1,663,64,5,511544383524.55396
696,33,60,2,663,64,5,535734629074.5145
696,33,61,1,663,64,5,536359510726.5145
696,33,61,2,663,64,5,561309679863.4388
696,33,62,1,663,64,5,561987680324.4388
696,33,62,2,663,64,5,587709524444.3271
696,33,63,1,663,64,5,588444194898.3271
696,33,63,2,663,64,5,614949465397.1799
696,33,64,1,663,64,5,615744532112.1799
696,33,64,2,663,64,5,643044980385.9974
696,33,65,1,663,64,5,643904350373.9974
696,33,65,2,663,64,5,672011727818.78
696,33,66,1,663,64,5,672939494585.78
696,33,66,2,663,64,5,701865552597.5281
703,34,1,1,669,66,5,447886967.25765353
703,34,1,2,669,66,5,605722972.1322371
703,34,2,1,669,66,5,605723903.1322371
703,34,2,2,669,66,5,831490118.9344788
703,34,3,1,669,66,5,831491332.9344788
703,34,3,2,669,66,5,1137175447.6654308
703,34,4,1,669,66,5,1137177272.6654308
703,34,4,2,669,66,5,1534766974.3261225
703,34,5,1,669,66,5,1534770182.3261225
703,34,5,2,669,66,5,2036253158.9175615
703,34,6,1,669,66,5,2036259315.9175615
703,34,6,2,669,66,5,2653623255.4407334
703,34,7,1,669,66,5,2653635161.4407334
703,34,7,2,669,66,5,3398867751.896603
703,34,8,1,669,66,5,3398889970.896603
703,34,8,2,669,66,5,4283978900.286115
703,34,9,1,669,66,5,4284018380.286115
703,34,9,2,669,66,5,5320951336.610195
703,34,10,1,669,66,5,5321018119.610194
703,34,10,2,669,66,5,6521782790.869747
703,34,11,1,669,66,5,6521890812.869748
703,34,11,2,669,66,5,7898474887.06566
703,34,12,1,669,66,5,7898642868.06566
703,34,12,2,669,66,5,9463034033.198801
703,34,13,1,669,66,5,9463286457.198801
703,34,13,2,669,66,5,11227472401.270023
703,34,14,1,669,66,5,11227840586.270021
703,34,14,2,669,66,5,13203808997.280157
703,34,15,1,669,66,5,13204332255.280157
703,34,15,2,669,66,5,15404070821.230022
703,34,16,1,669,66,5,15404797708.230024
703,34,16,2,669,66,5,17840294117.12042
703,34,17,1,669,66,5,17841283773.120422
703,34,17,2,669,66,5,20524525712.952137
703,34,18,1,669,66,5,20525849291.952137
703,34,18,2,669,66,5,23468824450.725937
703,34,19,1,669,66,5,23470566640.725937
703,34,19,2,669,66,5,26685262706.44258
703,34,20,1,669,66,5,26687523339.442585
703,34,20,2,669,66,5,30185928000.10281
703,34,21,1,669,66,5,30188823752.102806
703,34,21,2,669,66,5,33982924695.707336
703,34,22,1,669,66,5,33986590876.707336
703,34,22,2,669,66,5,38088375791.25689
703,34,23,1,669,66,5,38092968225.25689
703,34,23,2,669,66,5,42514424798.75215
703,34,24,1,669,66,5,42520121793.75215
703,34,24,2,669,66,5,47273237714.193825
703,34,25,1,669,66,5,47280242122.193825
703,34,25,2,669,66,5,52377005077.582565
703,34,26,1,669,66,5,52385546444.58256
703,34,26,2,669,66,5,57837944122.91904
703,34,27,1,669,66,5,57848280928.91904
703,34,27,2,669,66,5,63668301018.203896
703,34,28,1,669,66,5,63680723007.203896
703,34,28,2,669,66,5,69880353195.43776
703,34,29,1,669,66,5,69895183795.43777
703,34,29,2,669,66,5,76486411770.62129
703,34,30,1,669,66,5,76504010603.62128
703,34,30,2,669,66,5,83498824053.75504
703,34,31,1,669,66,5,83519589535.75504
703,34,31,2,669,66,5,90929976148.83966
703,34,32,1,669,66,5,90954348179.83968
703,34,32,2,669,66,5,98792295643.87572
703,34,33,1,669,66,5,98820758387.87572
703,34,33,2,669,66,5,107098254390.8638
703,34,34,1,669,66,5,107131339145.8638
703,34,34,2,669,66,5,115860371375.80447
703,34,35,1,669,66,5,115898659533.80449
703,34,35,2,669,66,5,125091215678.69832
703,34,36,1,669,66,5,125135341775.6983
703,34,36,2,669,66,5,134803409523.54584
703,34,37,1,669,66,5,134854064379.54584
703,34,37,2,669,66,5,145009631418.34763
703,34,38,1,669,66,5,145067565367.3476
703,34,38,2,669,66,5,155722619385.10416
703,34,39,1,669,66,5,155788645595.10416
703,34,39,2,669,66,5,166955174279.81598
703,34,40,1,669,66,5,167030172162.816
703,34,40,2,669,66,5,178720163202.48364
703,34,41,1,669,66,5,178805081914.4836
703,34,41,2,669,66,5,191030522997.10757
703,34,42,1,669,66,5,191126385028.1076
703,34,42,2,669,66,5,203899263841.68835
703,34,43,1,669,66,5,204007168695.68835
703,34,43,2,669,66,5,217339472928.2264
703,34,44,1,669,66,5,217460600893.22638
703,34,44,2,669,66,5,231364318232.7222
703,34,45,1,669,66,5,231499934240.7222
703,34,45,2,669,66,5,245987052375.17627
703,34,46,1,669,66,5,246138509952.17627
703,34,46,2,669,66,5,261221016569.58902
703,34,47,1,669,66,5,261389761875.58902
703,34,47,2,669,66,5,277079644663.961
703,34,48,1,669,66,5,277267220622.96094
703,34,48,2,669,66,5,293576467270.2925
703,34,49,1,669,66,5,293784517790.2924
703,34,49,2,669,66,5,310725115984.58405
703,34,50,1,669,66,5,310955390267.58405
703,34,50,2,669,66,5,328539327696.8361
703,34,51,1,669,66,5,328793684638.83606
703,34,51,2,669,66,5,347032948991.0491
703,34,52,1,669,66,5,347313361672.049
703,34,52,2,669,66,5,366219940635.2233
703,34,53,1,669,66,5,366528500899.2233
703,34,53,2,669,66,5,386114382161.3594
703,34,54,1,669,66,5,386453305286.3594
703,34,54,2,669,66,5,406730476535.4575
703,34,55,1,669,66,5,407102105993.45746
703,34,55,2,669,66,5,428082554917.5182
703,34,56,1,669,66,5,428489367224.51825
703,34,56,2,669,66,5,450185081511.5419
703,34,57,1,669,66,5,450629691167.5419
703,34,57,2,669,66,5,473052658505.5288
703,34,58,1,669,66,5,473537823024.52875
703,34,58,2,669,66,5,496700031101.47943
703,34,59,1,669,66,5,497228656131.4795
703,34,59,2,669,66,5,521142092635.3942
703,34,60,1,669,66,5,521717237168.3942
703,34,60,2,669,66,5,546393889787.27344
703,34,61,1,669,66,5,547018771459.2734
703,34,61,2,669,66,5,572470627881.1174
703,34,62,1,669,66,5,573148628362.1173
703,34,62,2,669,66,5,599387676274.9265
703,34,63,1,669,66,5,600122346748.9266
703,34,63,2,669,66,5,627160573840.7013
703,34,64,1,669,66,5,627955640575.7013
703,34,64,2,669,66,5,655805034534.4419
703,34,65,1,669,66,5,656664404542.4418
703,34,65,2,669,66,5,685336953056.1486
703,34,66,1,669,66,5,686264719843.1487
703,34,66,2,669,66,5,715772410599.822
703,34,67,1,669,66,5,716772860005.822
703,34,67,2,669,66,5,747127680693.4623
703,34,68,1,669,66,5,748205296822.4622
703,34,68,2,669,66,5,779419235129.0696
771,35,1,1,736,68,5,547797316.5456295
771,35,1,2,736,68,5,737467598.0976461
771,35,2,1,736,68,5,737468549.097646
771,35,2,2,736,68,5,1008769953.5745586
771,35,3,1,736,68,5,1008771187.5745586
771,35,3,2,736,68,5,1376109210.977429
771,35,4,1,736,68,5,1376111055.9774287
771,35,4,2,736,68,5,1853891194.3072956
771,35,5,1,736,68,5,1853894422.3072958
771,35,5,2,736,68,5,2456522171.5651765
771,35,6,1,736,68,5,2456528348.565177
771,35,6,2,736,68,5,3198409204.7520685
771,35,7,1,736,68,5,3198421130.752069
771,35,7,2,736,68,5,4093960589.8689475
771,35,8,1,736,68,5,4093982828.868947
771,35,8,2,736,68,5,5157586386.916768
771,35,9,1,736,68,5,5157625886.916767
771,35,9,2,736,68,5,6403699039.896467
771,35,10,1,736,68,5,6403765842.896466
771,35,10,2,736,68,5,7846714086.808962
771,35,11,1,736,68,5,7846822128.808963
771,35,11,2,736,68,5,9501050959.655153
771,35,12,1,736,68,5,9501218960.655153
771,35,12,2,736,68,5,11381133874.43592
771,35,13,1,736,68,5,11381386318.43592
771,35,13,2,736,68,5,13501392811.152128
771,35,14,1,736,68,5,13501761016.152126
771,35,14,2,736,68,5,15876264583.80462
771,35,15,1,736,68,5,15876787861.80462
771,35,15,2,736,68,5,18520194000.39423
771,35,16,1,736,68,5,18520920907.39423
771,35,16,2,736,68,5,21447635112.921772
771,35,17,1,736,68,5,21448624788.921772
771,35,17,2,736,68,5,24673052557.388042
771,35,18,1,736,68,5,24674376156.388042
771,35,18,2,736,68,5,28210922983.793823
771,35,19,1,736,68,5,28212665193.793823
771,35,19,2,736,68,5,32075736576.13989
771,35,20,1,736,68,5,32077997229.13989
771,35,20,2,736,68,5,36281998662.42698
771,35,21,1,736,68,5,36284894434.42699
771,35,21,2,736,68,5,40844231414.65585
771,35,22,1,736,68,5,40847897615.65586
771,35,22,2,736,68,5,45776975638.82723
771,35,23,1,736,68,5,45781568092.827225
771,35,23,2,736,68,5,51094792654.9418
771,35,24,1,736,68,5,51100489669.9418
771,35,24,2,736,68,5,56812266267.0003
771,35,25,1,736,68,5,56819270695.0003
771,35,25,2,736,68,5,62944004823.00338
771,35,26,1,736,68,5,62952546210.00338
771,35,26,2,736,68,5,69504643364.95174
771,35,27,1,736,68,5,69514980190.95174
771,35,27,2,736,68,5,76508845868.84602
771,35,28,1,736,68,5,76521267877.84602
771,35,28,2,736,68,5,83971307574.68689
771,35,29,1,736,68,5,83986138194.6869
771,35,29,2,736,68,5,91906757406.47499
771,35,30,1,736,68,5,91924356259.47498
771,35,30,2,736,68,5,100329960482.2109
771,35,31,1,736,68,5,100350725984.2109
771,35,31,2,736,68,5,109255720713.8953
771,35,32,1,736,68,5,109280092764.89531
771,35,32,2,736,68,5,118698883497.52876
771,35,33,1,736,68,5,118727346261.52875
771,35,33,2,736,68,5,128674338493.11188
771,35,34,1,736,68,5,128707423268.11186
771,35,34,2,736,68,5,139197022494.64523
771,35,35,1,736,68,5,139235310672.64523
771,35,35,2,736,68,5,150281922390.1294
771,35,36,1,736,68,5,150326048507.1294
771,35,36,2,736,68,5,161944078211.56494
771,35,37,1,736,68,5,161994733087.56497
771,35,37,2,736,68,5,174198586274.95245
771,35,38,1,736,68,5,174256520243.95242
771,35,38,2,736,68,5,187060602410.2924
771,35,39,1,736,68,5,187126628640.29242
771,35,39,2,736,68,5,200545345281.5854
771,35,40,1,736,68,5,200620343184.5854
771,35,40,2,736,68,5,214668099796.8319
771,35,41,1,736,68,5,214753018528.83188
771,35,41,2,736,68,5,229444220608.03247
771,35,42,1,736,68,5,229540082659.03247
771,35,42,2,736,68,5,244889135701.18762
771,35,43,1,736,68,5,244997040575.18765
771,35,43,2,736,68,5,261018350076.29785
771,35,44,1,736,68,5,261139478061.29782
771,35,44,2,736,68,5,277847449517.36365
771,35,45,1,736,68,5,277983065545.36365
771,35,45,2,736,68,5,295392104452.38544
771,35,46,1,736,68,5,295543562049.38544
771,35,46,2,736,68,5,313668073903.3638
771,35,47,1,736,68,5,313836819229.3638
771,35,47,2,736,68,5,332691209526.29913
771,35,48,1,736,68,5,332878785505.2991
771,35,48,2,736,68,5,352477459741.1919
771,35,49,1,736,68,5,352685510281.19183
771,35,49,2,736,68,5,373042873952.04254
771,35,50,1,736,68,5,373273148255.0426
771,35,50,2,736,68,5,394403606856.8516
771,35,51,1,736,68,5,394657963818.8516
771,35,51,2,736,68,5,416575922847.61945
771,35,52,1,736,68,5,416856335548.61945
771,35,52,2,736,68,5,439576200500.3465
771,35,53,1,736,68,5,439884760784.3465
771,35,53,2,736,68,5,463420937155.0332
771,35,54,1,736,68,5,463759860300.0332
771,35,54,2,736,68,5,488126753585.67993
771,35,55,1,736,68,5,488498383063.67993
771,35,55,2,736,68,5,513710398760.2872
771,35,56,1,736,68,5,514117211087.28723
771,35,56,2,736,68,5,540188754690.8554
771,35,57,1,736,68,5,540633364366.85535
771,35,57,2,736,68,5,567578841373.3848
771,35,58,1,736,68,5,568064005912.3849
771,35,58,2,736,68,5,595897821817.876
771,35,59,1,736,68,5,596426446867.8759
771,35,59,2,736,68,5,625163007168.329
771,35,60,1,736,68,5,625738151721.3291
771,35,60,2,736,68,5,655391861912.7446
771,35,61,1,736,68,5,656016743604.7448
771,35,61,2,736,68,5,686602009183.1232
771,35,62,1,736,68,5,687280009684.1232
771,35,62,2,736,68,5,718811236145.4647
771,35,63,1,736,68,5,719545906639.4648
771,35,63,2,736,68,5,752037499479.77
771,35,64,1,736,68,5,752832566234.7701
771,35,64,2,736,68,5,786298930950.0392
771,35,65,1,736,68,5,787158300978.0392
771,35,65,2,736,68,5,821613843064.2726
771,35,66,1,736,68,5,822541609871.2727
771,35,66,2,736,68,5,858000734824.4707
771,35,67,1,736,68,5,859001184250.4707
771,35,67,2,736,68,5,895478297566.6338
771,35,68,1,736,68,5,896555913715.6337
771,35,68,2,736,68,5,934065420890.7621
771,35,69,1,736,68,5,935224892150.7621
771,35,69,2,736,68,5,973781198680.8561
771,35,70,1,736,68,5,975027423833.8561
771,35,70,2,736,68,5,1014644935214.9161
783,36,1,1,747,70,5,574806212.4898776
783,36,1,2,747,70,5,770397673.9010696
783,36,2,1,747,70,5,770398644.9010695
783,36,2,2,747,70,5,1050169597.2402111
783,36,3,1,747,70,5,1050170851.2402112
783,36,3,2,747,70,5,1428976502.508293
783,36,4,1,747,70,5,1428978367.508293
783,36,4,2,747,70,5,1921673925.7062845
783,36,5,1,747,70,5,1921677173.7062848
783,36,5,2,747,70,5,2543117846.835137
783,36,6,1,747,70,5,2543124043.835137
783,36,6,2,747,70,5,3308165039.895781
783,36,7,1,747,70,5,3308176985.895781
783,36,7,2,747,70,5,4231673512.8891296
783,36,8,1,747,70,5,4231695771.889129
783,36,8,2,747,70,5,5328503037.816076
783,36,9,1,747,70,5,5328542557.816076
783,36,9,2,747,70,5,6613515770.677498
783,36,10,1,747,70,5,6613582593.677498
783,36,10,2,747,70,5,8101576961.474254
783,36,11,1,747,70,5,8101685023.474255
783,36,11,2,747,70,5,9807555754.207188
783,36,12,1,747,70,5,9807723775.207188
783,36,12,2,747,70,5,11746326076.877125
783,36,13,1,747,70,5,11746578540.877125
783,36,13,2,747,70,5,13932767621.484877
783,36,14,1,747,70,5,13933135846.484875
783,36,14,2,747,70,5,16381766914.031233
783,36,15,1,747,70,5,16382290212.031233
783,36,15,2,747,70,5,19108218474.51698
783,36,16,1,747,70,5,19108945401.51698
783,36,16,2,747,70,5,22127026066.942875
783,36,17,1,747,70,5,22128015762.94288
783,36,17,2,747,70,5,25453104039.30968
783,36,18,1,747,70,5,25454427658.30968
783,36,18,2,747,70,5,29101378753.618122
783,36,19,1,747,70,5,29103120983.618122
783,36,19,2,747,70,5,33086790105.868923
783,36,20,1,747,70,5,33089050778.868927
783,36,20,2,747,70,5,37424293136.0628
783,36,21,1,747,70,5,37427188928.0628
783,36,21,2,747,70,5,42128859728.20044
783,36,22,1,747,70,5,42132525949.20045
783,36,22,2,747,70,5,47215480400.28254
783,36,23,1,747,70,5,47220072874.28254
783,36,23,2,747,70,5,52699166184.30975
783,36,24,1,747,70,5,52704863219.30975
783,36,24,2,747,70,5,58594950596.28276
783,36,25,1,747,70,5,58601955044.28276
783,36,25,2,747,70,5,64917891696.20219
783,36,26,1,747,70,5,64926433103.20219
783,36,26,2,747,70,5,71683074238.06868
783,36,27,1,747,70,5,71693411084.06868
783,36,27,2,747,70,5,78905611909.88287
783,36,28,1,747,70,5,78918033938.88286
783,36,28,2,747,70,5,86600649663.64534
783,36,29,1,747,70,5,86615480303.64536
783,36,29,2,747,70,5,94783366135.35675
783,36,30,1,747,70,5,94800965008.35675
783,36,30,2,747,70,5,103468976155.01764
783,36,31,1,747,70,5,103489741677.01764
783,36,31,2,747,70,5,112672733346.62862
783,36,32,1,747,70,5,112697105417.62862
783,36,32,2,747,70,5,122409932818.19025
783,36,33,1,747,70,5,122438395602.19025
783,36,33,2,747,70,5,132695913941.7031
783,36,34,1,747,70,5,132728998736.70308
783,36,34,2,747,70,5,143546063223.1677
783,36,35,1,747,70,5,143584351421.1677
783,36,35,2,747,70,5,154975817262.58463
783,36,36,1,747,70,5,155019943399.58463
783,36,36,2,747,70,5,167000665803.9544
783,36,37,1,747,70,5,167051320699.9544
783,36,37,2,747,70,5,179636154875.27756
783,36,38,1,747,70,5,179694088864.27753
783,36,38,2,747,70,5,192897890018.55453
783,36,39,1,747,70,5,192963916268.55457
783,36,39,2,747,70,5,206801539609.786
783,36,40,1,747,70,5,206876537532.786
783,36,40,2,747,70,5,221362838268.97232
783,36,41,1,747,70,5,221447757020.97232
783,36,41,2,747,70,5,236597590360.114
783,36,42,1,747,70,5,236693452431.114
783,36,42,2,747,70,5,252521673581.2116
783,36,43,1,747,70,5,252629578475.2116
783,36,43,2,747,70,5,269151042644.26553
783,36,44,1,747,70,5,269272170649.26553
783,36,44,2,747,70,5,286501733045.2763
783,36,45,1,747,70,5,286637349093.27625
783,36,45,2,747,70,5,304589864924.24426
783,36,46,1,747,70,5,304741322541.24426
783,36,46,2,747,70,5,323431647015.17
783,36,47,1,747,70,5,323600392361.17004
783,36,47,2,747,70,5,343043380686.054
783,36,48,1,747,70,5,343230956685.05396
783,36,48,2,747,70,5,363441464068.8965
783,36,49,1,747,70,5,363649514628.8965
783,36,49,2,747,70,5,384642396279.69806
783,36,50,1,747,70,5,384872670602.6981
783,36,50,2,747,70,5,406662781728.45917
783,36,51,1,747,70,5,406917138710.4591
783,36,51,2,747,70,5,429519334519.18005
783,36,52,1,747,70,5,429799747240.18005
783,36,52,2,747,70,5,453228882939.8613
783,36,53,1,747,70,5,453537443243.8614
783,36,53,2,747,70,5,477808374042.50336
783,36,54,1,747,70,5,478147297207.5033
783,36,54,2,747,70,5,503274878313.1064
783,36,55,1,747,70,5,503646507811.1064
783,36,55,2,747,70,5,529645594431.67096
783,36,56,1,747,70,5,530052406778.67096
783,36,56,2,747,70,5,556937854122.1974
783,36,57,1,747,70,5,557382463818.1974
783,36,57,2,747,70,5,585169127092.6862
783,36,58,1,747,70,5,585654291651.6862
783,36,58,2,747,70,5,614357026065.1376
783,36,59,1,747,70,5,614885651135.1375
783,36,59,2,747,70,5,644519311895.5519
783,36,60,1,747,70,5,645094456468.552
783,36,60,2,747,70,5,675673898783.9297
783,36,61,1,747,70,5,676298780495.9298
783,36,61,2,747,70,5,707838859574.2714
783,36,62,1,747,70,5,708516860095.2712
783,36,62,2,747,70,5,741032431144.5769
783,36,63,1,747,70,5,741767101658.5769
783,36,63,2,747,70,5,775273019886.8469
783,36,64,1,747,70,5,776068086661.847
783,36,64,2,747,70,5,810579207277.0819
783,36,65,1,747,70,5,811438577325.0818
783,36,65,2,747,70,5,846969755535.2819
783,36,66,1,747,70,5,847897522362.2819
783,36,66,2,747,70,5,884463613375.4474
783,36,67,1,747,70,5,885464062821.4474
783,36,67,2,747,70,5,923079921845.5787
783,36,68,1,747,70,5,924157538014.5786
783,36,68,2,747,70,5,962838020257.676
783,36,69,1,747,70,5,963997491537.676
783,36,69,2,747,70,5,1003757452207.7399
783,36,70,1,747,70,5,1005003677380.7399
783,36,70,2,747,70,5,1045857971685.7705
783,36,71,1,747,70,5,1047196066127.7704
783,36,71,2,747,70,5,1089159549275.7682
783,36,72,1,747,70,5,1090594851246.7682
783,36,72,2,747,70,5,1133682378445.7332
815,37,1,1,778,72,5,633235256.113105
815,37,1,2,778,72,5,845061445.6622981
815,37,2,1,778,72,5,845062436.6622978
815,37,2,2,778,72,5,1148055253.1404521
815,37,3,1,778,72,5,1148056527.140452
815,37,3,2,778,72,5,1558304202.5485177
815,37,4,1,778,72,5,1558306087.5485175
815,37,4,2,778,72,5,2091896853.8874261
815,37,5,1,778,72,5,2091900121.8874261
815,37,5,2,778,72,5,2764922211.15809
815,37,6,1,778,72,5,2764928428.1580906
815,37,6,2,778,72,5,3593470072.3614054
815,37,7,1,778,72,5,3593482038.361406
815,37,7,2,778,72,5,4593631469.498249
815,37,8,1,778,72,5,4593653748.49825
815,37,8,2,778,72,5,5781499198.569482
815,37,9,1,778,72,5,5781538738.569482
815,37,9,2,778,72,5,7173168439.575947
815,37,10,1,778,72,5,7173235282.575947
815,37,10,2,778,72,5,8784737466.518473
815,37,11,1,778,72,5,8784845548.518473
815,37,11,2,778,72,5,10632308447.397871
815,37,12,1,778,72,5,10632476488.397871
815,37,12,2,778,72,5,12731988334.21494
815,37,13,1,778,72,5,12732240818.21494
815,37,13,2,778,72,5,15099889842.970457
815,37,14,1,778,72,5,15100258087.970457
815,37,14,2,778,72,5,17752132523.665195
815,37,15,1,778,72,5,17752655841.66519
815,37,15,2,778,72,5,20704843920.299896
815,37,16,1,778,72,5,20705570867.299896
815,37,16,2,778,72,5,23974160820.87531
815,37,17,1,778,72,5,23975150536.875313
815,37,17,2,778,72,5,27576230597.392162
815,37,18,1,778,72,5,27577554236.392162
815,37,18,2,778,72,5,31527212635.85116
815,37,19,1,778,72,5,31528954885.851154
815,37,19,2,778,72,5,35843279856.253
815,37,20,1,778,72,5,35845540549.253
815,37,20,2,778,72,5,40540620322.598366
815,37,21,1,778,72,5,40543516134.59837
815,37,21,2,778,72,5,45635438942.887955
815,37,22,1,778,72,5,45639105183.887955
815,37,22,2,778,72,5,51143959259.1224
815,37,23,1,778,72,5,51148551753.1224
815,37,23,2,778,72,5,57082425327.30236
815,37,24,1,778,72,5,57088122382.30237
815,37,24,2,778,72,5,63467103687.4285
815,37,25,1,778,72,5,63474108155.4285
815,37,25,2,778,72,5,70314285423.5014
815,37,26,1,778,72,5,70322826850.50142
815,37,26,2,778,72,5,77640288313.52173
815,37,27,1,778,72,5,77650625179.52173
815,37,27,2,778,72,5,85461459069.49005
815,37,28,1,778,72,5,85473881118.49004
815,37,28,2,778,72,5,93794175667.40697
815,37,29,1,778,72,5,93809006327.40698
815,37,29,2,778,72,5,102654849767.2731
815,37,30,1,778,72,5,102672448660.2731
815,37,30,2,778,72,5,112059929223.08899
815,37,31,1,778,72,5,112080694765.08897
815,37,31,2,778,72,5,122025900682.85521
815,37,32,1,778,72,5,122050272773.85521
815,37,32,2,778,72,5,132569292278.57231
815,37,33,1,778,72,5,132597755082.57231
815,37,33,2,778,72,5,143706676406.24084
815,37,34,1,778,72,5,143739761221.24088
815,37,34,2,778,72,5,155454672595.8614
815,37,35,1,778,72,5,155492960813.86136
815,37,35,2,778,72,5,167829950471.4344
815,37,36,1,778,72,5,167874076628.4344
815,37,36,2,778,72,5,180849232800.96045
815,37,37,1,778,72,5,180899887716.96048
815,37,37,2,778,72,5,194529298636.44003
815,37,38,1,778,72,5,194587232645.44003
815,37,38,2,778,72,5,208886986543.87366
815,37,39,1,778,72,5,208953012813.87366
815,37,39,2,778,72,5,223939197923.26184
815,37,40,1,778,72,5,224014195866.26184
815,37,40,2,778,72,5,239702900418.605
815,37,41,1,778,72,5,239787819190.605
815,37,41,2,778,72,5,256195131417.9037
815,37,42,1,778,72,5,256290993508.9037
815,37,42,2,778,72,5,273433001643.15836
815,37,43,1,778,72,5,273540906557.15836
815,37,43,2,778,72,5,291433698830.36945
815,37,44,1,778,72,5,291554826855.36945
815,37,44,2,778,72,5,310214491499.5375
815,37,45,1,778,72,5,310350107567.5375
815,37,45,2,778,72,5,329792732814.6628
815,37,46,1,778,72,5,329944190451.6628
815,37,46,2,778,72,5,350185864533.7459
815,37,47,1,778,72,5,350354609899.746
815,37,47,2,778,72,5,371411421048.7873
815,37,48,1,778,72,5,371598997067.7873
815,37,48,2,778,72,5,393487033515.78735
815,37,49,1,778,72,5,393695084095.7873
815,37,49,2,778,72,5,416430434074.7464
815,37,50,1,778,72,5,416660708417.7464
815,37,50,2,778,72,5,440259460159.66504
815,37,51,1,778,72,5,440513817161.66504
815,37,51,2,778,72,5,464992058898.5435
815,37,52,1,778,72,5,465272471639.5435
815,37,52,2,778,72,5,490646291603.38226
815,37,53,1,778,72,5,490954851927.3823
815,37,53,2,778,72,5,517240338350.1818
815,37,54,1,778,72,5,517579261535.1818
815,37,54,2,778,72,5,544792502648.94244
815,37,55,1,778,72,5,545164132166.94244
815,37,55,2,778,72,5,573321216203.6646
815,37,56,1,778,72,5,573728028570.6644
815,37,56,2,778,72,5,602845043762.3485
815,37,57,1,778,72,5,603289653478.3485
815,37,57,2,778,72,5,633382688056.9948
815,37,58,1,778,72,5,633867852635.9948
815,37,58,2,778,72,5,664952994833.6036
815,37,59,1,778,72,5,665481619923.6035
815,37,59,2,778,72,5,697574957972.1753
815,37,60,1,778,72,5,698150102565.1753
815,37,60,2,778,72,5,731267724696.7104
815,37,61,1,778,72,5,731892606428.7104
815,37,61,2,778,72,5,766050600875.2094
815,37,62,1,778,72,5,766728601416.2092
815,37,62,2,778,72,5,801943056409.672
815,37,63,1,778,72,5,802677726943.6721
815,37,63,2,778,72,5,838964730716.0994
815,37,64,1,778,72,5,839759797511.0994
815,37,64,2,778,72,5,877135438294.4913
815,37,65,1,778,72,5,877994808362.4912
815,37,65,2,778,72,5,916475174388.8483
815,37,66,1,778,72,5,917402941235.8483
815,37,66,2,778,72,5,957004120737.1707
815,37,67,1,778,72,5,958004570203.1707
815,37,67,2,778,72,5,998742651411.4587
815,37,68,1,778,72,5,999820267600.4586
815,37,68,2,778,72,5,1041711338747.7128
815,37,69,1,778,72,5,1042870810047.7128
815,37,69,2,778,72,5,1085930959365.9332
815,37,70,1,778,72,5,1087177184558.9332
815,37,70,2,778,72,5,1131422500280.12
815,37,71,1,778,72,5,1132760594742.1204
815,37,71,2,778,72,5,1178207165098.2744
815,37,72,1,778,72,5,1179642467089.2744
815,37,72,2,778,72,5,1226306380312.3955
815,37,73,1,778,72,5,1227844457356.3955
815,37,73,2,778,72,5,1275741801678.4844
815,37,74,1,778,72,5,1277388457033.4846
815,37,74,2,778,72,5,1326535320686.5413
849,38,1,1,811,74,5,698546952.0278953
849,38,1,2,811,74,5,928331643.7342049
849,38,2,1,811,74,5,928332654.7342048
849,38,2,2,811,74,5,1257012989.3703086
849,38,3,1,811,74,5,1257014283.3703084
849,38,3,2,811,74,5,1702042436.9371212
849,38,4,1,811,74,5,1702044341.9371212
849,38,4,2,811,74,5,2280872490.4355397
849,38,5,1,811,74,5,2280875778.4355397
849,38,5,2,811,74,5,3010956097.8664436
849,38,6,1,811,74,5,3010962334.8664436
849,38,6,2,811,74,5,3909747001.230696
849,38,7,1,811,74,5,3909758987.230696
849,38,7,2,811,74,5,4994700176.529143
849,38,8,1,811,74,5,4994722475.529143
849,38,8,2,811,74,5,6283272363.762616
849,38,9,1,811,74,5,6283311923.762616
849,38,9,2,811,74,5,7792922686.931929
849,38,10,1,811,74,5,7792989549.931928
849,38,10,2,811,74,5,9541113364.037882
849,38,11,1,811,74,5,9541221466.03788
849,38,11,2,811,74,5,11545310507.081255
849,38,12,1,811,74,5,11545478568.081257
849,38,12,2,811,74,5,13822985012.062826
849,38,13,1,811,74,5,13823237516.062826
849,38,13,2,811,74,5,16391613538.983347
849,38,14,1,811,74,5,16391981803.983345
849,38,14,2,811,74,5,19268679581.84356
849,38,15,1,811,74,5,19269202919.84356
849,38,15,2,811,74,5,22471674628.64419
849,38,16,1,811,74,5,22472401595.64419
849,38,16,2,811,74,5,26018099411.385963
849,38,17,1,811,74,5,26019089147.385967
849,38,17,2,811,74,5,29925465246.069576
849,38,18,1,811,74,5,29926788905.069572
849,38,18,2,811,74,5,34211295462.695717
849,38,19,1,811,74,5,34213037732.695713
849,38,19,2,811,74,5,38893126925.26507
849,38,20,1,811,74,5,38895387638.26506
849,38,20,2,811,74,5,43988511641.77828
849,38,21,1,811,74,5,43991407473.77829
849,38,21,2,811,74,5,49515018464.23604
849,38,22,1,811,74,5,49518684725.236046
849,38,22,2,811,74,5,55490234878.63897
849,38,23,1,811,74,5,55494827392.63896
849,38,23,2,811,74,5,61931768884.98769
849,38,24,1,811,74,5,61937465959.98769
849,38,24,2,811,74,5,68857250967.28285
849,38,25,1,811,74,5,68864255455.28285
849,38,25,2,811,74,5,76284336153.52504
849,38,26,1,811,74,5,76292877600.52504
849,38,26,2,811,74,5,84230706165.71487
849,38,27,1,811,74,5,84241043051.71487
849,38,27,2,811,74,5,92714071659.85292
849,38,28,1,811,74,5,92726493728.85292
849,38,28,2,811,74,5,101752174555.93977
849,38,29,1,811,74,5,101767005235.93977
849,38,29,2,811,74,5,111362790457.97601
849,38,30,1,811,74,5,111380389370.97601
849,38,30,2,811,74,5,121563731163.96219
849,38,31,1,811,74,5,121584496725.96217
849,38,31,2,811,74,5,132372847265.89885
849,38,32,1,811,74,5,132397219376.89885
849,38,32,2,811,74,5,143808030839.78653
849,38,33,1,811,74,5,143836493663.78656
849,38,33,2,811,74,5,155887218225.6258
849,38,34,1,811,74,5,155920303060.62582
849,38,34,2,811,74,5,168628392897.41714
849,38,35,1,811,74,5,168666681135.41714
849,38,35,2,811,74,5,182049588423.1611
849,38,36,1,811,74,5,182093714600.1611
849,38,36,2,811,74,5,196168891514.8582
849,38,37,1,811,74,5,196219546450.8582
849,38,37,2,811,74,5,211004445168.50888
849,38,38,1,811,74,5,211062379197.50885
849,38,38,2,811,74,5,226574451894.11365
849,38,39,1,811,74,5,226640478184.11365
849,38,39,2,811,74,5,242897177035.67303
849,38,40,1,811,74,5,242972174998.67307
849,38,40,2,811,74,5,259990952181.1875
849,38,41,1,811,74,5,260075870973.1875
849,38,41,2,811,74,5,277874178662.65753
849,38,42,1,811,74,5,277970040773.6575
849,38,42,2,811,74,5,296565331146.0835
849,38,43,1,811,74,5,296673236080.08344
849,38,43,2,811,74,5,316082961311.4659
849,38,44,1,811,74,5,316204089356.46594
849,38,44,2,811,74,5,336445701622.8053
849,38,45,1,811,74,5,336581317710.8053
849,38,45,2,811,74,5,357672269188.102
849,38,46,1,811,74,5,357823726845.102
849,38,46,2,811,74,5,379781469709.35645
849,38,47,1,811,74,5,379950215095.3565
849,38,47,2,811,74,5,402792201522.56915
849,38,48,1,811,74,5,402979777561.5691
849,38,48,2,811,74,5,426723459727.7404
849,38,49,1,811,74,5,426931510327.7404
849,38,49,2,811,74,5,451594340408.8708
849,38,50,1,811,74,5,451824614771.8708
849,38,50,2,811,74,5,477424044943.9606
849,38,51,1,811,74,5,477678401965.9606
849,38,51,2,811,74,5,504231884405.0102
849,38,52,1,811,74,5,504512297166.0102
849,38,52,2,811,74,5,532037284048.0201
849,38,53,1,811,74,5,532345844392.0201
849,38,53,2,811,74,5,560859787892.9906
849,38,54,1,811,74,5,561198711097.9906
849,38,54,2,811,74,5,590719063393.9221
849,38,55,1,811,74,5,591090692931.9222
849,38,55,2,811,74,5,621634906198.8152
849,38,56,1,811,74,5,622041718585.8151
849,38,56,2,811,74,5,653627244999.6698
849,38,57,1,811,74,5,654071854735.6699
849,38,57,2,811,74,5,686716146472.4868
849,38,58,1,811,74,5,687201311071.4868
849,38,58,2,811,74,5,720921820307.2662
849,38,59,1,811,74,5,721450445417.2661
849,38,59,2,811,74,5,756264624328.0084
849,38,60,1,811,74,5,756839768941.0084
849,38,60,2,811,74,5,792765069702.7139
849,38,61,1,811,74,5,793389951454.714
849,38,61,2,811,74,5,830443826243.3829
849,38,62,1,811,74,5,831121826804.3829
849,38,62,2,811,74,5,869321727796.0159
849,38,63,1,811,74,5,870056398350.0159
849,38,63,2,811,74,5,909419777720.613
849,38,64,1,811,74,5,910214844535.6132
849,38,64,2,811,74,5,950759154461.1749
849,38,65,1,811,74,5,951618524549.1748
849,38,65,2,811,74,5,993361217205.7015
849,38,66,1,811,74,5,994288984072.7015
849,38,66,2,811,74,5,1037247511636.1935
849,38,67,1,811,74,5,1038247961122.1935
849,38,67,2,811,74,5,1082439775768.651
849,38,68,1,811,74,5,1083517391977.651
849,38,68,2,811,74,5,1128959945883.0745
849,38,69,1,811,74,5,1130119417203.0742
849,38,69,2,811,74,5,1176830162543.4639
849,38,70,1,811,74,5,1178076387756.4639
849,38,70,2,811,74,5,1226072776707.8198
849,38,71,1,811,74,5,1227410871189.82
849,38,71,2,811,74,5,1276710355928.1428
849,38,72,1,811,74,5,1278145657939.1426
849,38,72,2,811,74,5,1328765690640.4326
849,38,73,1,811,74,5,1330303767704.4326
849,38,73,2,811,74,5,1382261800544.6897
849,38,74,1,811,74,5,1383908455919.69
849,38,74,2,811,74,5,1437221941074.9148
849,38,75,1,811,74,5,1438983220312.9148
849,38,75,2,811,74,5,1493669609959.108
849,38,76,1,811,74,5,1495551807556.1077
849,38,76,2,811,74,5,1551628553869.2688
874,39,1,1,835,76,5,752430544.5199453
874,39,1,2,835,76,5,995886119.2595321
874,39,2,1,835,76,5,995887150.2595321
874,39,2,2,835,76,5,1344122067.930495
874,39,3,1,835,76,5,1344123381.9304948
874,39,3,2,835,76,5,1815628118.5337052
874,39,4,1,835,76,5,1815630043.533705
874,39,4,2,835,76,5,2428895075.070018
874,39,5,1,835,76,5,2428898383.0700173
874,39,5,2,835,76,5,3202414185.5402713
874,39,6,1,835,76,5,3202420442.5402718
874,39,6,2,835,76,5,4154677491.9452896
874,39,7,1,835,76,5,4154689497.9452896
874,39,7,2,835,76,5,5304178270.28588
874,39,8,1,835,76,5,5304200589.28588
874,39,8,2,835,76,5,6669411560.562836
874,39,9,1,835,76,5,6669451140.562836
874,39,9,2,835,76,5,8268874786.776935
874,39,10,1,835,76,5,8268941669.776935
874,39,10,2,835,76,5,10121068466.928942
874,39,11,1,835,76,5,10121176588.928942
874,39,11,2,835,76,5,12244497013.019606
874,39,12,1,835,76,5,12244665094.019608
874,39,12,2,835,76,5,14657669621.049667
874,39,13,1,835,76,5,14657922145.049667
874,39,13,2,835,76,5,17379101251.019844
874,39,14,1,835,76,5,17379469536.019848
874,39,14,2,835,76,5,20427313696.930855
874,39,15,1,835,76,5,20427837054.930855
874,39,15,2,835,76,5,23820836746.78339
874,39,16,1,835,76,5,23821563733.78339
874,39,16,2,835,76,5,27578209432.578136
874,39,17,1,835,76,5,27579199188.57814
874,39,17,2,835,76,5,31717981370.315777
874,39,18,1,835,76,5,31719305049.315777
874,39,18,2,835,76,5,36258714189.99696
874,39,19,1,835,76,5,36260456479.99696
874,39,19,2,835,76,5,41218983055.62235
874,39,20,1,835,76,5,41221243788.622345
874,39,20,2,835,76,5,46617378275.19257
874,39,21,1,835,76,5,46620274127.19258
874,39,21,2,835,76,5,52472507000.70827
874,39,22,1,835,76,5,52476173281.708275
874,39,22,2,835,76,5,58802995018.17005
874,39,23,1,835,76,5,58807587552.17005
874,39,23,2,835,76,5,65627488627.57853
874,39,24,1,835,76,5,65633185722.57853
874,39,24,2,835,76,5,72964656612.9343
874,39,25,1,835,76,5,72971661120.9343
874,39,25,2,835,76,5,80833192302.23793
874,39,26,1,835,76,5,80841733769.23795
874,39,26,2,835,76,5,89251815717.49005
874,39,27,1,835,76,5,89262152623.49005
874,39,27,2,835,76,5,98239275814.69116
874,39,28,1,835,76,5,98251697903.69116
874,39,28,2,835,76,5,107814352813.84187
874,39,29,1,835,76,5,107829183513.84187
874,39,29,2,835,76,5,117995860618.94272
874,39,30,1,835,76,5,118013459551.94272
874,39,30,2,835,76,5,128802649327.99423
874,39,31,1,835,76,5,128823414909.99422
874,39,31,2,835,76,5,140253607832.99695
874,39,32,1,835,76,5,140277979963.99692
874,39,32,2,835,76,5,152367666509.9514
874,39,33,1,835,76,5,152396129353.9514
874,39,33,2,835,76,5,165163799998.8581
874,39,34,1,835,76,5,165196884853.8581
874,39,34,2,835,76,5,178661030073.71753
874,39,35,1,835,76,5,178699318331.7175
874,39,35,2,835,76,5,192878428602.53018
874,39,36,1,835,76,5,192922554799.5302
874,39,36,2,835,76,5,207835120597.29663
874,39,37,1,835,76,5,207885775553.29663
874,39,37,2,835,76,5,223550287354.01727
874,39,38,1,835,76,5,223608221403.01724
874,39,38,2,835,76,5,240043169682.6926
874,39,39,1,835,76,5,240109195992.69263
874,39,39,2,835,76,5,257333071227.32312
874,39,40,1,835,76,5,257408069210.32315
874,39,40,2,835,76,5,275439361875.90924
874,39,41,1,835,76,5,275524280687.9093
874,39,41,2,835,76,5,294381481260.4515
874,39,42,1,835,76,5,294477343391.4515
874,39,42,2,835,76,5,314178942346.9502
874,39,43,1,835,76,5,314286847300.9502
874,39,43,2,835,76,5,334851335115.40594
874,39,44,1,835,76,5,334972463180.40594
874,39,44,2,835,76,5,356418330329.8191
874,39,45,1,835,76,5,356553946437.8191
874,39,45,2,835,76,5,378899683398.19
874,39,46,1,835,76,5,379051141075.19
874,39,46,2,835,76,5,402315238322.51917
874,39,47,1,835,76,5,402483983728.5192
874,39,47,2,835,76,5,426684931738.80707
874,39,48,1,835,76,5,426872507797.80707
874,39,48,2,835,76,5,452028797047.05396
874,39,49,1,835,76,5,452236847667.05396
874,39,49,2,835,76,5,478366968631.2604
874,39,50,1,835,76,5,478597243014.26044
874,39,50,2,835,76,5,505719686169.4267
874,39,51,1,835,76,5,505974043211.42664
874,39,51,2,835,76,5,534107299033.5532
874,39,52,1,835,76,5,534387711814.55316
874,39,52,2,835,76,5,563550270779.6404
874,39,53,1,835,76,5,563858831143.6404
874,39,53,2,835,76,5,594069183727.6886
874,39,54,1,835,76,5,594408106952.6886
874,39,54,2,835,76,5,625684743631.6982
874,39,55,1,835,76,5,626056373189.6982
874,39,55,2,835,76,5,658417784439.6696
874,39,56,1,835,76,5,658824596846.6696
874,39,56,2,835,76,5,692289273143.603
874,39,57,1,835,76,5,692733882899.603
874,39,57,2,835,76,5,727320314719.499
874,39,58,1,835,76,5,727805479338.4991
874,39,58,2,835,76,5,763532157157.358
874,39,59,1,835,76,5,764060782287.3579
874,39,59,2,835,76,5,800946196581.1799
874,39,60,1,835,76,5,801521341214.1799
874,39,60,2,835,76,5,839583982458.9656
874,39,61,1,835,76,5,840208864230.9656
874,39,61,2,835,76,5,879467222902.715
874,39,62,1,835,76,5,880145223483.715
874,39,62,2,835,76,5,920617790058.4286
874,39,63,1,835,76,5,921352460632.4286
874,39,63,2,835,76,5,963057725586.1067
874,39,64,1,835,76,5,963852792421.1068
874,39,64,2,835,76,5,1006809246229.7499
874,39,65,1,835,76,5,1007668616337.7498
874,39,65,2,835,76,5,1051894749477.358
874,39,66,1,835,76,5,1052822516364.358
874,39,66,2,835,76,5,1098336819310.9316
874,39,67,1,835,76,5,1099337268816.9318
874,39,67,2,835,76,5,1146158232046.4712
874,39,68,1,835,76,5,1147235848275.4714
874,39,68,2,835,76,5,1195381962263.9768
874,39,69,1,835,76,5,1196541433603.9768
874,39,69,2,835,76,5,1246031188827.449
874,39,70,1,835,76,5,1247277414060.4487
874,39,70,2,835,76,5,1298129300994.8875
874,39,71,1,835,76,5,1299467395496.8877
874,39,71,2,835,76,5,1351699904618.2935
874,39,72,1,835,76,5,1353135206649.2935
874,39,72,2,835,76,5,1406766828433.6665
874,39,73,1,835,76,5,1408304905517.6665
874,39,73,2,835,76,5,1463354130441.007
874,39,74,1,835,76,5,1465000785836.0073
874,39,74,2,835,76,5,1521486104374.3157
874,39,75,1,835,76,5,1523247383632.3157
874,39,75,2,835,76,5,1581187286261.5923
874,39,76,1,835,76,5,1583069483878.5923
874,39,76,2,835,76,5,1642482461074.8376
874,39,77,1,835,76,5,1644492127230.8376
874,39,77,2,835,76,5,1705396669470.0515
874,39,78,1,835,76,5,1707540616859.0513
874,39,78,2,835,76,5,1769955214617.2344
877,40,1,1,837,78,5,770004337.3456346
877,40,1,2,837,78,5,1015126968.8409668
877,40,2,1,837,78,5,1015128019.8409666
877,40,2,2,837,78,5,1365747462.2709072
877,40,3,1,837,78,5,1365748796.270907
877,40,3,2,837,78,5,1840482137.6362653
877,40,4,1,837,78,5,1840484082.636265
877,40,4,2,837,78,5,2457948410.937836
877,40,5,1,837,78,5,2457951738.937836
877,40,5,2,837,78,5,3236764142.1763997
877,40,6,1,837,78,5,3236770419.1764
877,40,6,2,837,78,5,4195547985.352723
877,40,7,1,837,78,5,4195560011.3527236
877,40,7,2,837,78,5,5352919828.467557
877,40,8,1,837,78,5,5352942167.467558
877,40,8,2,837,78,5,6727501323.521642
877,40,9,1,837,78,5,6727540923.521642
877,40,9,2,837,78,5,8337916506.515701
877,40,10,1,837,78,5,8337983409.515701
877,40,10,2,837,78,5,10202792507.450449
877,40,11,1,837,78,5,10202900649.450449
877,40,11,2,837,78,5,12340760350.326582
877,40,12,1,837,78,5,12340928451.326584
877,40,12,2,837,78,5,14770455843.144794
877,40,13,1,837,78,5,14770708387.144794
877,40,13,2,837,78,5,17510520557.905754
877,40,14,1,837,78,5,17510888862.905758
877,40,14,2,837,78,5,20579602900.61013
877,40,15,1,837,78,5,20580126278.61013
877,40,15,2,837,78,5,23996359271.25857
877,40,16,1,837,78,5,23997086278.25857
877,40,16,2,837,78,5,27779455313.85172
877,40,17,1,837,78,5,27780445089.851723
877,40,17,2,837,78,5,31947567256.39021
877,40,18,1,837,78,5,31948890955.390205
877,40,18,2,837,78,5,36519383340.87465
877,40,19,1,837,78,5,36521125650.87466
877,40,19,2,837,78,5,41513605343.305664
877,40,20,1,837,78,5,41515866096.30566
877,40,20,2,837,78,5,46948950183.68384
877,40,21,1,837,78,5,46951846055.68384
877,40,21,2,837,78,5,52844151626.009766
877,40,22,1,837,78,5,52847817927.00977
877,40,22,2,837,78,5,59217962068.284035
877,40,23,1,837,78,5,59222554622.28403
877,40,23,2,837,78,5,66089154422.507195
877,40,24,1,837,78,5,66094851537.507195
877,40,24,2,837,78,5,73476524084.67982
877,40,25,1,837,78,5,73483528612.67982
877,40,25,2,837,78,5,81398890994.80244
877,40,26,1,837,78,5,81407432481.80246
877,40,26,2,837,78,5,89875101786.87566
877,40,27,1,837,78,5,89885438712.87566
877,40,27,2,837,78,5,98924032028.89993
877,40,28,1,837,78,5,98936454137.89992
877,40,28,2,837,78,5,108564588552.87582
877,40,29,1,837,78,5,108579419272.87584
877,40,29,2,837,78,5,118815711874.80385
877,40,30,1,837,78,5,118833310827.80385
877,40,30,2,837,78,5,129696378704.68451
877,40,31,1,837,78,5,129717144306.6845
877,40,31,2,837,78,5,141225604546.5183
877,40,32,1,837,78,5,141249976697.51828
877,40,32,2,837,78,5,153422446388.3057
877,40,33,1,837,78,5,153450909252.30573
877,40,33,2,837,78,5,166306005482.04724
877,40,34,1,837,78,5,166339090357.04727
877,40,34,2,837,78,5,179895430213.74338
877,40,35,1,837,78,5,179933718491.74338
877,40,35,2,837,78,5,194209919063.39456
877,40,36,1,837,78,5,194254045280.39456
877,40,36,2,837,78,5,209268723655.00125
877,40,37,1,837,78,5,209319378631.00125
877,40,37,2,837,78,5,225091151896.56393
877,40,38,1,837,78,5,225149085965.56393
877,40,38,2,837,78,5,241696571210.08304
877,40,39,1,837,78,5,241762597540.08304
877,40,39,2,837,78,5,259104411851.55902
877,40,40,1,837,78,5,259179409854.55902
877,40,40,2,837,78,5,277334170320.99225
877,40,41,1,837,78,5,277419089152.9923
877,40,41,2,837,78,5,296405412862.3833
877,40,42,1,837,78,5,296501275013.3833
877,40,42,2,837,78,5,316337779053.7324
877,40,43,1,837,78,5,316445684027.73236
877,40,43,2,837,78,5,337150985487.0401
877,40,44,1,837,78,5,337272113572.04016
877,40,44,2,837,78,5,358864829538.3068
877,40,45,1,837,78,5,359000445666.3068
877,40,45,2,837,78,5,381499193227.53284
877,40,46,1,837,78,5,381650650924.53284
877,40,46,2,837,78,5,405074047168.7187
877,40,47,1,837,78,5,405242792594.7187
877,40,47,2,837,78,5,429609454609.86475
877,40,48,1,837,78,5,429797030688.86475
877,40,48,2,837,78,5,455125575562.97125
877,40,49,1,837,78,5,455333626202.97125
877,40,49,2,837,78,5,481642671024.03876
877,40,50,1,837,78,5,481872945427.03876
877,40,50,2,837,78,5,509181107283.06757
877,40,51,1,837,78,5,509435464345.0675
877,40,51,2,837,78,5,537761360324.058
877,40,52,1,837,78,5,538041773125.058
877,40,52,2,837,78,5,567404020315.0106
877,40,53,1,837,78,5,567712580699.0105
877,40,53,2,837,78,5,598129796187.9254
877,40,54,1,837,78,5,598468719432.9254
877,40,54,2,837,78,5,629959520308.8031
877,40,55,1,837,78,5,630331149886.8031
877,40,55,2,837,78,5,662914153237.6439
877,40,56,1,837,78,5,663320965664.6438
877,40,56,2,837,78,5,697014788578.448
877,40,57,1,837,78,5,697459398354.448
877,40,57,2,837,78,5,732282657919.2161
877,40,58,1,837,78,5,732767822558.2161
877,40,58,2,837,78,5,768739135861.9482
877,40,59,1,837,78,5,769267761011.9481
877,40,59,2,837,78,5,806405745142.6447
877,40,60,1,837,78,5,806980889795.6448
877,40,60,2,837,78,5,845304161841.3062
877,40,61,1,837,78,5,845929043633.3062
877,40,61,2,837,78,5,885456220681.9325
877,40,62,1,837,78,5,886134221282.9325
877,40,62,2,837,78,5,926883920422.5243
877,40,63,1,837,78,5,927618591016.5244
877,40,63,2,837,78,5,969609429335.0819
877,40,64,1,837,78,5,970404496190.0819
877,40,64,2,837,78,5,1013655090775.6056
877,40,65,1,837,78,5,1014514460903.6055
877,40,65,2,837,78,5,1059043428844.0955
877,40,66,1,837,78,5,1059971195751.0955
877,40,66,2,837,78,5,1105797154134.552
877,40,67,1,837,78,5,1106797603660.552
877,40,67,2,837,78,5,1153939169574.9756
877,40,68,1,837,78,5,1155016785823.9756
877,40,68,2,837,78,5,1203492576357.3665
877,40,69,1,837,78,5,1204652047717.3662
877,40,69,2,837,78,5,1254480679957.7246
877,40,70,1,837,78,5,1255726905210.7244
877,40,70,2,837,78,5,1306926996246.0505
877,40,71,1,837,78,5,1308265090768.0508
877,40,71,2,837,78,5,1360855257686.345
877,40,72,1,837,78,5,1362290559737.3447
877,40,72,2,837,78,5,1416289419626.6072
877,40,73,1,837,78,5,1417827496730.6072
877,40,73,2,837,78,5,1473253666678.8384
877,40,74,1,837,78,5,1474900322093.8384
877,40,74,2,837,78,5,1531772419189.0383
877,40,75,1,837,78,5,1533533698467.0383
877,40,75,2,837,78,5,1591870339797.2075
877,40,76,1,837,78,5,1593752537434.2075
877,40,76,2,837,78,5,1653572340087.346
877,40,77,1,837,78,5,1655582006263.3462
877,40,77,2,837,78,5,1716903587327.4546
877,40,78,1,837,78,5,1719047534736.4543
877,40,78,2,837,78,5,1781889511299.5327
877,40,79,1,837,78,5,1784174822069.5325
877,40,79,2,837,78,5,1848555811219.581
877,40,80,1,837,78,5,1850989843922.5813
877,40,80,2,837,78,5,1916928462747.6
851,41,1,1,810,80,5,736929550.8753253
851,41,1,2,810,80,5,967793399.7836131
851,41,2,1,810,80,5,967794470.7836131
851,41,2,2,810,80,5,1298018402.6316679
851,41,3,1,810,80,5,1298019756.6316676
851,41,3,2,810,80,5,1745137907.420217
851,41,4,1,810,80,5,1745139872.420217
851,41,4,2,810,80,5,2326686378.1499763
851,41,5,1,810,80,5,2326689726.1499763
851,41,5,2,810,80,5,3060198722.821646
851,41,6,1,810,80,5,3060205019.8216467
851,41,6,2,810,80,5,3963210643.435918
851,41,7,1,810,80,5,3963222689.4359183
851,41,7,2,810,80,5,5053259075.993468
851,41,8,1,810,80,5,5053281434.993468
851,41,8,2,810,80,5,6347882720.494962
851,41,9,1,810,80,5,6347922340.494962
851,41,9,2,810,80,5,7864622660.941052
851,41,10,1,810,80,5,7864689583.941052
851,41,10,2,810,80,5,9621023075.332384
851,41,11,1,810,80,5,9621131237.332382
851,41,11,2,810,80,5,11634632035.669584
851,41,12,1,810,80,5,11634800156.669584
851,41,12,2,810,80,5,13923002397.953278
851,41,13,1,810,80,5,13923254961.95328
851,41,13,2,810,80,5,16503692782.184072
851,41,14,1,810,80,5,16504061107.184072
851,41,14,2,810,80,5,19394268642.362568
851,41,15,1,810,80,5,19394792040.362568
851,41,15,2,810,80,5,22612303426.48935
851,41,16,1,810,80,5,22613030453.48935
851,41,16,2,810,80,5,26175379826.565006
851,41,17,1,810,80,5,26176369622.565006
851,41,17,2,810,80,5,30101091118.5901
851,41,18,1,810,80,5,30102414837.5901
851,41,18,2,810,80,5,34407042592.56519
851,41,19,1,810,80,5,34408784922.56519
851,41,19,2,810,80,5,39110853072.49084
851,41,20,1,810,80,5,39113113845.49083
851,41,20,2,810,80,5,44230156526.36756
851,41,21,1,810,80,5,44233052418.36757
851,41,21,2,810,80,5,49782603766.19592
851,41,22,1,810,80,5,49786270087.19593
851,41,22,2,810,80,5,55785864237.97644
851,41,23,1,810,80,5,55790456811.97643
851,41,23,2,810,80,5,62257627901.70961
851,41,24,1,810,80,5,62263325036.70961
851,41,24,2,810,80,5,69215607201.39597
851,41,25,1,810,80,5,69222611749.39595
851,41,25,2,810,80,5,76677539125.03596
851,41,26,1,810,80,5,76686080632.03598
851,41,26,2,810,80,5,84661187354.63017
851,41,27,1,810,80,5,84671524300.63016
851,41,27,2,810,80,5,93184344506.179
851,41,28,1,810,80,5,93196766635.179
851,41,28,2,810,80,5,102264834459.68295
851,41,29,1,810,80,5,102279665199.68297
851,41,29,2,810,80,5,111920514779.1425
851,41,30,1,810,80,5,111938113752.1425
851,41,30,2,810,80,5,122169279222.5581
851,41,31,1,810,80,5,122190044844.5581
851,41,31,2,810,80,5,133029060341.93022
851,41,32,1,810,80,5,133053432512.93022
851,41,32,2,810,80,5,144517832173.25928
851,41,33,1,810,80,5,144546295057.25928
851,41,33,2,810,80,5,156653613016.54575
851,41,34,1,810,80,5,156686697911.54575
851,41,34,2,810,80,5,169454468305.79007
851,41,35,1,810,80,5,169492756603.79004
851,41,35,2,810,80,5,182938513568.99258
851,41,36,1,810,80,5,182982639805.99258
851,41,36,2,810,80,5,197123917478.1538
851,41,37,1,810,80,5,197174572474.15384
851,41,37,2,810,80,5,212028904989.27414
851,41,38,1,810,80,5,212086839078.27414
851,41,38,2,810,80,5,227671760572.35394
851,41,39,1,810,80,5,227737786922.35394
851,41,39,2,810,80,5,244070831531.39368
851,41,40,1,810,80,5,244145829554.39368
851,41,40,2,810,80,5,261244531414.3937
851,41,41,1,810,80,5,261329450266.39368
851,41,41,2,810,80,5,279211343513.35443
851,41,42,1,810,80,5,279307205684.3544
851,41,42,2,810,80,5,297989824454.2762
851,41,43,1,810,80,5,298097729448.2761
851,41,43,2,810,80,5,317598607877.15936
851,41,44,1,810,80,5,317719735982.1594
851,41,44,2,810,80,5,338056408206.00446
851,41,45,1,810,80,5,338192024354.00446
851,41,45,2,810,80,5,359382024508.8117
851,41,46,1,810,80,5,359533482225.8117
851,41,46,2,810,80,5,381594344447.5815
851,41,47,1,810,80,5,381763089893.5815
851,41,47,2,810,80,5,404712348318.3142
851,41,48,1,810,80,5,404899924417.3142
851,41,48,2,810,80,5,428755113181.0102
851,41,49,1,810,80,5,428963163841.0102
851,41,49,2,810,80,5,453741817079.66974
851,41,50,1,810,80,5,453972091502.6698
851,41,50,2,810,80,5,479691743352.29333
851,41,51,1,810,80,5,479946100434.29333
851,41,51,2,810,80,5,506624285030.88116
851,41,52,1,810,80,5,506904697851.88116
851,41,52,2,810,80,5,534558949331.4336
851,41,53,1,810,80,5,534867509735.43365
851,41,53,2,810,80,5,563515362233.951
851,41,54,1,810,80,5,563854285498.951
851,41,54,2,810,80,5,593513273152.4337
851,41,55,1,810,80,5,593884902750.4337
851,41,55,2,810,80,5,624572559694.8821
851,41,56,1,810,80,5,624979372141.882
851,41,56,2,810,80,5,656713232513.2961
851,41,57,1,810,80,5,657157842309.2961
851,41,57,2,810,80,5,689955440243.6766
851,41,58,1,810,80,5,690440604902.6766
851,41,58,2,810,80,5,724319474536.0236
851,41,59,1,810,80,5,724848099706.0236
851,41,59,2,810,80,5,759825775174.3373
851,41,60,1,810,80,5,760400919847.3374
851,41,60,2,810,80,5,796494935286.6183
851,41,61,1,810,80,5,797119817098.6183
851,41,61,2,810,80,5,834347706644.8666
851,41,62,1,810,80,5,835025707265.8666
851,41,62,2,810,80,5,873405005055.0826
851,41,63,1,810,80,5,874139675669.0826
851,41,63,2,810,80,5,913687915837.2667
851,41,64,1,810,80,5,914482982712.2667
851,41,64,2,810,80,5,955217699395.4191
851,41,65,1,810,80,5,956077069543.4191
851,41,65,2,810,80,5,998015796877.5399
851,41,66,1,810,80,5,998943563804.5399
851,41,66,2,810,80,5,1042103835925.6296
851,41,67,1,810,80,5,1043104285471.6298
851,41,67,2,810,80,5,1087503636515.6886
851,41,68,1,810,80,5,1088581252784.6885
851,41,68,2,810,80,5,1134237216887.7168
851,41,69,1,810,80,5,1135396688267.7168
851,41,69,2,810,80,5,1182326799565.7146
851,41,70,1,810,80,5,1183573024838.7146
851,41,70,2,810,80,5,1231794817467.6821
851,41,71,1,810,80,5,1233132912009.6824
851,41,71,2,810,80,5,1282663920105.6204
851,41,72,1,810,80,5,1284099222176.62
851,41,72,2,810,80,5,1334956979875.5286
851,41,73,1,810,80,5,1336495056999.5286
851,41,73,2,810,80,5,1388697098437.4075
851,41,74,1,810,80,5,1390343753872.4075
851,41,74,2,810,80,5,1443907613185.2576
851,41,75,1,810,80,5,1445668892483.2573
851,41,75,2,810,80,5,1500612103807.0786
851,41,76,1,810,80,5,1502494301464.0784
851,41,76,2,810,80,5,1558834398934.8708
851,41,77,1,810,80,5,1560844065130.871
851,41,77,2,810,80,5,1618598582884.635
851,41,78,1,810,80,5,1620742530313.635
851,41,78,2,810,80,5,1679929002486.371
851,41,79,1,810,80,5,1682214313276.3708
851,41,79,2,810,80,5,1742850274004.079
851,41,80,1,810,80,5,1745284306727.079
851,41,80,2,810,80,5,1807387290145.7595
851,41,81,1,810,80,5,1809977686917.7595
851,41,81,2,810,80,5,1873565227163.4126
851,41,82,1,810,80,5,1876319920834.4124
851,41,82,2,810,80,5,1941409552043.0383
944,42,1,1,902,82,5,920338175.8608376
944,42,1,2,902,82,5,1204173624.6310189
944,42,2,1,902,82,5,1204174715.6310189
944,42,2,2,902,82,5,1610168267.337282
944,42,3,1,902,82,5,1610169641.3372817
944,42,3,2,902,82,5,2159878611.9803805
944,42,4,1,902,82,5,2159880596.98038
944,42,4,2,902,82,5,2874862302.561056
944,42,5,1,902,82,5,2874865670.5610557
944,42,5,2,902,82,5,3776677427.080036
944,42,6,1,902,82,5,3776683744.080036
944,42,6,2,902,82,5,4886882867.538036
944,42,7,1,902,82,5,4886894933.538036
944,42,7,2,902,82,5,6227038739.93576
944,42,8,1,902,82,5,6227061118.93576
944,42,8,2,902,82,5,7818706924.273897
944,42,9,1,902,82,5,7818746564.273897
944,42,9,2,902,82,5,9683451684.553127
944,42,10,1,902,82,5,9683518627.553127
944,42,10,2,902,82,5,11842840378.774118
944,42,11,1,902,82,5,11842948560.774117
944,42,11,2,902,82,5,14318444258.937525
944,42,12,1,902,82,5,14318612399.937525
944,42,12,2,902,82,5,17131839361.043995
944,42,13,1,902,82,5,17132091945.043995
944,42,13,2,902,82,5,20304607485.09416
944,42,14,1,902,82,5,20304975830.09416
944,42,14,2,902,82,5,23858337265.088646
944,42,15,1,902,82,5,23858860683.088646
944,42,15,2,902,82,5,27814625329.028065
944,42,16,1,902,82,5,27815352376.028065
944,42,16,2,902,82,5,32195077548.913017
944,42,17,1,902,82,5,32196067364.91302
944,42,17,2,902,82,5,37021310380.7441
944,42,18,1,902,82,5,37022634119.74411
944,42,18,2,902,82,5,42314952294.52191
944,42,19,1,902,82,5,42316694644.52191
944,42,19,2,902,82,5,48097645294.247
944,42,20,1,902,82,5,48099906087.247
944,42,20,2,902,82,5,54391046527.919945
944,42,21,1,902,82,5,54393942439.919945
944,42,21,2,902,82,5,61216829987.541306
944,42,22,1,902,82,5,61220496328.541306
944,42,22,2,902,82,5,68596688299.11162
944,42,23,1,902,82,5,68601280893.11161
944,42,23,2,902,82,5,76552334602.63142
944,42,24,1,902,82,5,76558031757.63142
944,42,24,2,902,82,5,85105504522.10126
944,42,25,1,902,82,5,85112509090.10126
944,42,25,2,902,82,5,94277958225.52165
944,42,26,1,902,82,5,94286499752.52165
944,42,26,2,902,82,5,104091482574.89311
944,42,27,1,902,82,5,104101819540.8931
944,42,27,2,902,82,5,114567893366.21613
944,42,28,1,902,82,5,114580315515.21611
944,42,28,2,902,82,5,125729037659.4912
944,42,29,1,902,82,5,125743868419.49121
944,42,29,2,902,82,5,137596796198.71884
944,42,30,1,902,82,5,137614395191.71884
944,42,30,2,902,82,5,150193085921.89954
944,42,31,1,902,82,5,150213851563.89954
944,42,31,2,902,82,5,163539862561.03372
944,42,32,1,902,82,5,163564234752.03372
944,42,32,2,902,82,5,177659123332.1219
944,42,33,1,902,82,5,177687586236.1219
944,42,33,2,902,82,5,192572909715.16452
944,42,34,1,902,82,5,192605994630.16452
944,42,34,2,902,82,5,208303310324.16208
944,42,35,1,902,82,5,208341598642.16205
944,42,35,2,902,82,5,224872463867.1149
944,42,36,1,902,82,5,224916590124.11493
944,42,36,2,902,82,5,242302562196.0236
944,42,37,1,902,82,5,242353217212.0236
944,42,37,2,902,82,5,260615853446.8885
944,42,38,1,902,82,5,260673787555.88846
944,42,38,2,902,82,5,279834645269.71
944,42,39,1,902,82,5,279900671639.71
944,42,39,2,902,82,5,299981308148.48865
944,42,40,1,902,82,5,300056306191.4886
944,42,40,2,902,82,5,321078278811.2247
944,42,41,1,902,82,5,321163197683.22473
944,42,41,2,902,82,5,343148063729.9187
944,42,42,1,902,82,5,343243925920.9187
944,42,42,2,902,82,5,366213242710.571
944,42,43,1,902,82,5,366321147724.571
944,42,43,2,902,82,5,390296472573.18195
944,42,44,1,902,82,5,390417600698.182
944,42,44,2,902,82,5,415420490921.7521
944,42,45,1,902,82,5,415556107089.7521
944,42,45,2,902,82,5,441608120004.2816
944,42,46,1,902,82,5,441759577741.2816
944,42,46,2,902,82,5,468882270662.77106
944,42,47,1,902,82,5,469051016128.77106
944,42,47,2,902,82,5,497265946373.22076
944,42,48,1,902,82,5,497453522492.2207
944,42,48,2,902,82,5,526782247375.631
944,42,49,1,902,82,5,526990298055.631
944,42,49,2,902,82,5,557454374894.0023
944,42,50,1,902,82,5,557684649337.0022
944,42,50,2,902,82,5,589305635446.3348
944,42,51,1,902,82,5,589559992548.3348
944,42,51,2,902,82,5,622359445244.6292
944,42,52,1,902,82,5,622639858085.6292
944,42,52,2,902,82,5,656639334684.8854
944,42,53,1,902,82,5,656947895108.8854
944,42,53,2,902,82,5,692168952927.1041
944,42,54,1,902,82,5,692507876212.1041
944,42,54,2,902,82,5,728972072565.2855
944,42,55,1,902,82,5,729343702183.2855
944,42,55,2,902,82,5,767072594387.43
944,42,56,1,902,82,5,767479406854.4299
944,42,56,2,902,82,5,806494552225.5378
944,42,57,1,902,82,5,806939162041.5378
944,42,57,2,902,82,5,847262117895.6095
944,42,58,1,902,82,5,847747282574.6095
944,42,58,2,902,82,5,889399606227.6451
944,42,59,1,902,82,5,889928231417.6451
944,42,59,2,902,82,5,932931480185.6451
944,42,60,1,902,82,5,933506624878.6451
944,42,60,2,902,82,5,977882356077.6099
944,42,61,1,902,82,5,978507237909.6099
944,42,61,2,902,82,5,1024277008855.5396
944,42,62,1,902,82,5,1024955009496.5394
944,42,62,2,902,82,5,1072140377505.4344
944,42,63,1,902,82,5,1072875048139.4346
944,42,63,2,902,82,5,1121497570527.2952
944,42,64,1,902,82,5,1122292637422.295
944,42,64,2,902,82,5,1172373871505.1213
944,42,65,1,902,82,5,1173233241673.1216
944,42,65,2,902,82,5,1224794744766.9143
944,42,66,1,902,82,5,1225722511713.9143
944,42,66,2,902,82,5,1278785841134.6733
944,42,67,1,902,82,5,1279786290700.6733
944,42,67,2,902,82,5,1334373003764.3992
944,42,68,1,902,82,5,1335450620053.3994
944,42,68,2,902,82,5,1391582274076.0923
944,42,69,1,902,82,5,1392741745476.0923
944,42,69,2,902,82,5,1450439897773.7524
944,42,70,1,902,82,5,1451686123066.7524
944,42,70,2,902,82,5,1510972330955.3804
944,42,71,1,902,82,5,1512310425517.3806
944,42,71,2,902,82,5,1573206246312.9763
944,42,72,1,902,82,5,1574641548403.9763
944,42,72,2,902,82,5,1637168539422.5403
944,42,73,1,902,82,5,1638706616566.5403
944,42,73,2,902,82,5,1702886335124.0725
944,42,74,1,902,82,5,1704532990579.0728
944,42,74,2,902,82,5,1770386993991.5737
944,42,75,1,902,82,5,1772148273309.5737
944,42,75,2,902,82,5,1839698118893.0437
944,42,76,1,902,82,5,1841580316570.0437
944,42,76,2,902,82,5,1910847561640.4827
944,42,77,1,902,82,5,1912857227856.483
944,42,77,2,902,82,5,1983863429729.8916
944,42,78,1,902,82,5,1986007377178.8916
944,42,78,2,902,82,5,2058774093171.2698
944,42,79,1,902,82,5,2061059403981.2698
944,42,79,2,902,82,5,2135608191408.618
944,42,80,1,902,82,5,2138042224151.6182
944,42,80,2,902,82,5,2214394640329.9365
944,42,81,1,902,82,5,2216985037121.9365
944,42,81,2,902,82,5,2295162639367.2256
944,42,82,1,902,82,5,2297917333058.2256
944,42,82,2,902,82,5,2377941678686.4854
944,42,83,1,902,82,5,2380868900140.485
944,42,83,2,902,82,5,2462761546467.7153
944,42,84,1,902,82,5,2465869831932.7153
944,42,84,2,902,82,5,2549652336274.917
890,43,1,1,847,84,5,831273187.9780648
890,43,1,2,847,84,5,1083685449.8556437
890,43,2,1,847,84,5,1083686560.8556437
890,43,2,2,847,84,5,1444732949.6759613
890,43,3,1,847,84,5,1444734343.675961
890,43,3,2,847,84,5,1933585591.4396768
890,43,4,1,847,84,5,1933587596.4396768
890,43,4,2,847,84,5,2569414435.14744
890,43,5,1,847,84,5,2569417823.1474395
890,43,5,2,847,84,5,3371390984.799887
890,43,6,1,847,84,5,3371397321.7998877
890,43,6,2,847,84,5,4358687538.397647
890,43,7,1,847,84,5,4358699624.397647
890,43,7,2,847,84,5,5550477627.941334
890,43,8,1,847,84,5,5550500026.941335
890,43,8,2,847,84,5,6965936549.431556
890,43,9,1,847,84,5,6965976209.431555
890,43,9,2,847,84,5,8624241982.868906
890,43,10,1,847,84,5,8624308945.868904
890,43,10,2,847,84,5,10544574702.253971
890,43,11,1,847,84,5,10544682904.25397
890,43,11,2,847,84,5,12746119375.587328
890,43,12,1,847,84,5,12746287536.587328
890,43,12,2,847,84,5,15248065454.869543
890,43,13,1,847,84,5,15248318058.869543
890,43,13,2,847,84,5,18069608156.10117
890,43,14,1,847,84,5,18069976521.101177
890,43,14,2,847,84,5,21229949529.28277
890,43,15,1,847,84,5,21230472967.28277
890,43,15,2,847,84,5,24748299618.414864
890,43,16,1,847,84,5,24749026685.414864
890,43,16,2,847,84,5,28643877711.497997
890,43,17,1,847,84,5,28644867547.497997
890,43,17,2,847,84,5,32935913680.53269
890,43,18,1,847,84,5,32937237439.532684
890,43,18,2,847,84,5,37643649411.51944
890,43,19,1,847,84,5,37645391781.51945
890,43,19,2,847,84,5,42786340324.45878
890,43,20,1,847,84,5,42788601137.45878
890,43,20,2,847,84,5,48383256983.35119
890,43,21,1,847,84,5,48386152915.35119
890,43,21,2,847,84,5,54453686796.19716
890,43,22,1,847,84,5,54457353157.19717
890,43,22,2,847,84,5,61016935804.997185
890,43,23,1,847,84,5,61021528418.99718
890,43,23,2,847,84,5,68092330565.75172
890,43,24,1,847,84,5,68098027740.751724
890,43,24,2,847,84,5,75699220118.46124
890,43,25,1,847,84,5,75706224706.46124
890,43,25,2,847,84,5,83856978047.12624
890,43,26,1,847,84,5,83865519594.12624
890,43,26,2,847,84,5,92585004629.74712
890,43,27,1,847,84,5,92595341615.74712
890,43,27,2,847,84,5,101902729078.32434
890,43,28,1,847,84,5,101915151247.32434
890,43,28,2,847,84,5,111829611868.85837
890,43,29,1,847,84,5,111844442648.85838
890,43,29,2,847,84,5,122385147161.34962
890,43,30,1,847,84,5,122402746174.34961
890,43,30,2,847,84,5,133588865309.79852
890,43,31,1,847,84,5,133609630971.79851
890,43,31,2,847,84,5,145460335462.20547
890,43,32,1,847,84,5,145484707673.20547
890,43,32,2,847,84,5,158019168250.57092
890,43,33,1,847,84,5,158047631174.57092
890,43,33,2,847,84,5,171285018570.89526
890,43,34,1,847,84,5,171318103505.8953
890,43,34,2,847,84,5,185277588453.17892
890,43,35,1,847,84,5,185315876791.1789
890,43,35,2,847,84,5,200016630021.4222
890,43,36,1,847,84,5,200060756298.42224
890,43,36,2,847,84,5,215521948543.62564
890,43,37,1,847,84,5,215572603579.62564
890,43,37,2,847,84,5,231813405571.78952
890,43,38,1,847,84,5,231871339700.7895
890,43,38,2,847,84,5,248910922171.9142
890,43,39,1,847,84,5,248976948561.9142
890,43,39,2,847,84,5,266834482244.00015
890,43,40,1,847,84,5,266909480307.00015
890,43,40,2,847,84,5,285604135932.04767
890,43,41,1,847,84,5,285689054824.04767
890,43,41,2,847,84,5,305240003124.0572
890,43,42,1,847,84,5,305335865335.0571
890,43,42,2,847,84,5,325762277042.02893
890,43,43,1,847,84,5,325870182076.0289
890,43,43,2,847,84,5,347191227921.9633
890,43,44,1,847,84,5,347312356066.9634
890,43,44,2,847,84,5,369547206783.86084
890,43,45,1,847,84,5,369682822971.86084
890,43,45,2,847,84,5,392850649291.7216
890,43,46,1,847,84,5,393002107048.7216
890,43,46,2,847,84,5,417122079703.5461
890,43,47,1,847,84,5,417290825189.54614
890,43,47,2,847,84,5,442382114911.33466
890,43,48,1,847,84,5,442569691050.33466
890,43,48,2,847,84,5,468651468571.0875
890,43,49,1,847,84,5,468859519271.08746
890,43,49,2,847,84,5,495950955322.80505
890,43,50,1,847,84,5,496181229785.8051
890,43,50,2,847,84,5,524301495100.4876
890,43,51,1,847,84,5,524555852222.4876
890,43,51,2,847,84,5,553724117532.1355
890,43,52,1,847,84,5,554004530393.1355
890,43,52,2,847,84,5,584239966429.749
890,43,53,1,847,84,5,584548526873.7489
890,43,53,2,847,84,5,615870304369.3284
890,43,54,1,847,84,5,616209227674.3284
890,43,54,2,847,84,5,648636517360.874
890,43,55,1,847,84,5,649008146998.8741
890,43,55,2,847,84,5,682560119608.3864
890,43,56,1,847,84,5,682966932095.3862
890,43,56,2,847,84,5,717662758359.8654
890,43,57,1,847,84,5,718107368195.8654
890,43,57,2,847,84,5,753966218847.3115
890,43,58,1,847,84,5,754451383546.3115
890,43,58,2,847,84,5,791492429316.7251
890,43,59,1,847,84,5,792021054526.725
890,43,59,2,847,84,5,830263466148.1063
890,43,60,1,847,84,5,830838610861.1063
890,43,60,2,847,84,5,870301559065.4556
890,43,61,1,847,84,5,870926440917.4557
890,43,61,2,847,84,5,911629096436.7731
890,43,62,1,847,84,5,912307097097.7731
890,43,62,2,847,84,5,954268630664.0591
890,43,63,1,847,84,5,955003301318.0591
890,43,63,2,847,84,5,998242883663.314
890,43,64,1,847,84,5,999037950578.3141
890,43,64,2,847,84,5,1043574752434.538
890,43,65,1,847,84,5,1044434122622.5378
890,43,65,2,847,84,5,1090287314721.7311
890,43,66,1,847,84,5,1091215081688.7311
890,43,66,2,847,84,5,1138403834762.8938
890,43,67,1,847,84,5,1139404284348.8938
890,43,67,2,847,84,5,1187947769130.0264
890,43,68,1,847,84,5,1189025385439.0266
890,43,68,2,847,84,5,1238942772659.1294
890,43,69,1,847,84,5,1240102244079.1294
890,43,69,2,847,84,5,1291412704470.2024
890,43,70,1,847,84,5,1292658929783.2024
890,43,70,2,847,84,5,1345381634077.2458
890,43,71,1,847,84,5,1346719728659.246
890,43,71,2,847,84,5,1400873847588.2605
890,43,72,1,847,84,5,1402309149699.2605
890,43,72,2,847,84,5,1457913853995.246
890,43,73,1,847,84,5,1459451931159.246
890,43,73,2,847,84,5,1516526391554.203
890,43,74,1,847,84,5,1518173047029.2031
890,43,74,2,847,84,5,1576736434255.1316
890,43,75,1,847,84,5,1578497713593.1313
890,43,75,2,847,84,5,1638569198382.0317
890,43,76,1,847,84,5,1640451396079.0315
890,43,76,2,847,84,5,1702050149162.9038
890,43,77,1,847,84,5,1704059815398.904
890,43,77,2,847,84,5,1767205007509.7483
890,43,78,1,847,84,5,1769348954978.7483
890,43,78,2,847,84,5,1834059756848.5652
890,43,79,1,847,84,5,1836345067678.5652
890,43,79,2,847,84,5,1902640650039.3547
890,43,80,1,847,84,5,1905074682802.3547
890,43,80,2,847,84,5,1972974216386.1174
890,43,81,1,847,84,5,1975564613198.1172
890,43,81,2,847,84,5,2045087268736.853
890,43,82,1,847,84,5,2047841962447.8528
890,43,82,2,847,84,5,2119006910673.5618
890,43,83,1,847,84,5,2121934132147.5618
890,43,83,2,847,84,5,2194760543792.2444
890,43,84,1,847,84,5,2197868829277.2441
890,43,84,2,847,84,5,2272375875072.9004
890,43,85,1,847,84,5,2275674073660.901
890,43,85,2,847,84,5,2351880924339.531
890,43,86,1,847,84,5,2355378205516.5303
890,43,86,2,847,84,5,2433304031810.135
950,44,1,1,906,86,5,961158385.5921848
950,44,1,2,906,86,5,1248599075.9169989
950,44,2,1,906,86,5,1248600206.916999
950,44,2,2,906,86,5,1659750624.1833155
950,44,3,1,906,86,5,1659752038.1833153
950,44,3,2,906,86,5,2216443314.3917933
950,44,4,1,906,86,5,2216445339.3917933
950,44,4,2,906,86,5,2940508606.5430803
950,44,5,1,906,86,5,2940512014.54308
950,44,5,2,906,86,5,3853778404.6378136
950,44,6,1,906,86,5,3853784761.6378136
950,44,6,2,906,86,5,4978085406.6766205
950,44,7,1,906,86,5,4978097512.6766205
950,44,7,2,906,86,5,6335263544.660117
950,44,8,1,906,86,5,6335285963.660117
950,44,8,2,906,86,5,7947148514.588909
950,44,9,1,906,86,5,7947188194.588909
950,44,9,2,906,86,5,9835578396.463593
950,44,10,1,906,86,5,9835645379.463594
950,44,10,2,906,86,5,12022394364.284756
950,44,11,1,906,86,5,12022502586.284754
950,44,11,2,906,86,5,14529441486.052973
950,44,12,1,906,86,5,14529609667.052973
950,44,12,2,906,86,5,17378569613.768814
950,44,13,1,906,86,5,17378822237.76881
950,44,13,2,906,86,5,20591634363.432835
950,44,14,1,906,86,5,20592002748.43284
950,44,14,2,906,86,5,24190498185.045593
950,44,15,1,906,86,5,24191021643.045593
950,44,15,2,906,86,5,28197031522.60762
950,44,16,1,906,86,5,28197758609.607616
950,44,16,2,906,86,5,32633114064.11945
950,44,17,1,906,86,5,32634103920.119453
950,44,17,2,906,86,5,37520636081.58161
950,44,18,1,906,86,5,37521959860.58161
950,44,18,2,906,86,5,42881499860.99462
950,44,19,1,906,86,5,42883242250.99462
950,44,19,2,906,86,5,48737621222.358986
950,44,20,1,906,86,5,48739882055.358986
950,44,20,2,906,86,5,55110931129.67519
950,44,21,1,906,86,5,55113827081.6752
950,44,21,2,906,86,5,62023377390.94376
950,44,22,1,906,86,5,62027043771.94376
950,44,22,2,906,86,5,69496926448.16515
950,44,23,1,906,86,5,69501519082.16516
950,44,23,2,906,86,5,77553565257.33986
950,44,24,1,906,86,5,77559262452.33986
950,44,24,2,906,86,5,86215303258.46834
950,44,25,1,906,86,5,86222307866.46834
950,44,25,2,906,86,5,95504174435.55107
950,44,26,1,906,86,5,95512716002.55107
950,44,26,2,906,86,5,105442239466.5885
950,44,27,1,906,86,5,105452576472.5885
950,44,27,2,906,86,5,116051587963.58107
950,44,28,1,906,86,5,116064010152.58107
950,44,28,2,906,86,5,127354340802.52922
950,44,29,1,906,86,5,127369171602.52924
950,44,29,2,906,86,5,139372652543.4334
950,44,30,1,906,86,5,139390251576.4334
950,44,30,2,906,86,5,152128713940.29407
950,44,31,1,906,86,5,152149479622.2941
950,44,31,2,906,86,5,165644754541.11163
950,44,32,1,906,86,5,165669126772.1116
950,44,32,2,906,86,5,179943045377.88644
950,44,33,1,906,86,5,179971508321.88644
950,44,33,2,906,86,5,195045901746.61902
950,44,34,1,906,86,5,195078986701.61902
950,44,34,2,906,86,5,210975686077.30966
950,44,35,1,906,86,5,211013974435.30966
950,44,35,2,906,86,5,227754810893.95883
950,44,36,1,906,86,5,227798937190.95886
950,44,36,2,906,86,5,245405741864.56696
950,44,37,1,906,86,5,245456396920.56696
950,44,37,2,906,86,5,263951000941.13434
950,44,38,1,906,86,5,264008935090.1343
950,44,38,2,906,86,5,283413169589.66144
950,44,39,1,906,86,5,283479195999.6614
950,44,39,2,906,86,5,303814892110.14856
950,44,40,1,906,86,5,303889890193.1485
950,44,40,2,906,86,5,325178879046.59607
950,44,41,1,906,86,5,325263797958.5961
950,44,41,2,906,86,5,347527910687.00446
950,44,42,1,906,86,5,347623772918.00446
950,44,42,2,906,86,5,370884840653.374
950,44,43,1,906,86,5,370992745707.37396
950,44,43,2,906,86,5,395272599581.705
950,44,44,1,906,86,5,395393727746.7051
950,44,44,2,906,86,5,420714198891.998
950,44,45,1,906,86,5,420849815099.998
950,44,45,2,906,86,5,447232734648.2531
950,44,46,1,906,86,5,447384192425.2531
950,44,46,2,906,86,5,474851391508.47076
950,44,47,1,906,86,5,475020137014.4708
950,44,47,2,906,86,5,503593446764.6514
950,44,48,1,906,86,5,503781022923.6514
950,44,48,2,906,86,5,533482274472.7953
950,44,49,1,906,86,5,533690325192.7952
950,44,49,2,906,86,5,564541349672.9027
950,44,50,1,906,86,5,564771624155.9026
950,44,50,2,906,86,5,596794252698.9739
950,44,51,1,906,86,5,597048609840.9739
950,44,51,2,906,86,5,630264673579.0094
950,44,52,1,906,86,5,630545086460.0094
950,44,52,2,906,86,5,664976416525.0094
950,44,53,1,906,86,5,665284976989.0094
950,44,53,2,906,86,5,700953404512.9742
950,44,54,1,906,86,5,701292327837.9742
950,44,54,2,906,86,5,738219683952.9043
950,44,55,1,906,86,5,738591313610.9043
950,44,55,2,906,86,5,776799429448.7997
950,44,56,1,906,86,5,777206241955.7997
950,44,56,2,906,86,5,816716948648.6609
950,44,57,1,906,86,5,817161558504.6609
950,44,57,2,906,86,5,857996687184.488
950,44,58,1,906,86,5,858481851903.4882
950,44,58,2,906,86,5,900663233702.2817
950,44,59,1,906,86,5,901191858932.2816
950,44,59,2,906,86,5,944741324982.0419
950,44,60,1,906,86,5,945316469715.0419
950,44,60,2,906,86,5,990255851147.7689
950,44,61,1,906,86,5,990880733019.7689
950,44,61,2,906,86,5,1037231860967.4633
950,44,62,1,906,86,5,1037909861648.4633
950,44,62,2,906,86,5,1085694567243.1249
950,44,63,1,906,86,5,1086429237917.125
950,44,63,2,906,86,5,1135669352290.7544
950,44,64,1,906,86,5,1136464419225.7544
950,44,64,2,906,86,5,1187181773510.3518
950,44,65,1,906,86,5,1188041143718.352
950,44,65,2,906,86,5,1240257569045.9177
950,44,66,1,906,86,5,1241185336032.9177
950,44,66,2,906,86,5,1294922663535.4521
950,44,67,1,906,86,5,1295923113141.452
950,44,67,2,906,86,5,1351203173950.955
950,44,68,1,906,86,5,1352280790279.9553
950,44,68,2,906,86,5,1409125415528.4275
950,44,69,1,906,86,5,1410284886968.4272
950,44,69,2,906,86,5,1468715907787.869
950,44,70,1,906,86,5,1469962133120.8687
950,44,70,2,906,86,5,1530001380643.2798
950,44,71,1,906,86,5,1531339475245.28
950,44,71,2,906,86,5,1593008780602.661
950,44,72,1,906,86,5,1594444082733.6606
950,44,72,2,906,86,5,1657765277058.0117
950,44,73,1,906,86,5,1659303354242.0115
950,44,73,2,906,86,5,1724298268665.3328
950,44,74,1,906,86,5,1725944924160.333
950,44,74,2,906,86,5,1792635389814.6248
950,44,75,1,906,86,5,1794396669172.6245
950,44,75,2,906,86,5,1862804517189.8872
950,44,76,1,906,86,5,1864686714906.887
950,44,76,2,906,86,5,1934833776419.1206
950,44,77,1,906,86,5,1936843442675.1208
950,44,77,2,906,86,5,2008751548814.3254
950,44,78,1,906,86,5,2010895496303.3254
950,44,78,2,906,86,5,2084586478201.5017
950,44,79,1,906,86,5,2086871789051.5017
950,44,79,2,906,86,5,2162367477840.6497
950,44,80,1,906,86,5,2164801510623.6497
950,44,80,2,906,86,5,2242123737435.7695
950,44,81,1,906,86,5,2244714134267.7695
950,44,81,2,906,86,5,2323884730234.8613
950,44,82,1,906,86,5,2326639423965.862
950,44,82,2,906,86,5,2407680220219.9263
950,44,83,1,906,86,5,2410607441713.926
950,44,83,2,906,86,5,2493540269386.9624
950,44,84,1,906,86,5,2496648554891.963
950,44,84,2,906,86,5,2581495245115.9727
950,44,85,1,906,86,5,2584793443723.9727
950,44,85,2,906,86,5,2671575827630.955
950,44,86,1,906,86,5,2675073108827.955
950,44,86,2,906,86,5,2763813017549.9106
950,44,87,1,906,86,5,2767518878855.911
950,44,87,2,906,86,5,2858238143524.8403
950,44,88,1,906,86,5,2862162418223.8403
950,44,88,2,906,86,5,2954882869971.743
980,45,1,1,935,88,5,1038053258.411457
980,45,1,2,935,88,5,1343861366.8293111
980,45,2,1,935,88,5,1343862517.8293111
980,45,2,2,935,88,5,1781285353.1894486
980,45,3,1,935,88,5,1781286787.1894484
980,45,3,2,935,88,5,2373550481.492505
980,45,4,1,935,88,5,2373552526.492505
980,45,4,2,935,88,5,3143883211.7391057
980,45,5,1,935,88,5,3143886639.7391057
980,45,5,2,935,88,5,4115510447.9298663
980,45,6,1,935,88,5,4115516824.929867
980,45,6,2,935,88,5,5311659888.065393
980,45,7,1,935,88,5,5311672014.0653925
980,45,7,2,935,88,5,6755560464.146279
980,45,8,1,935,88,5,6755582903.14628
980,45,8,2,935,88,5,8470442872.173114
980,45,9,1,935,88,5,8470482572.173113
980,45,9,2,935,88,5,10479540192.146471
980,45,10,1,935,88,5,10479607195.146471
980,45,10,2,935,88,5,12806088598.06692
980,45,11,1,935,88,5,12806196840.066917
980,45,11,2,935,88,5,15473328157.935015
980,45,12,1,935,88,5,15473496358.935015
980,45,12,2,935,88,5,18504503723.751312
980,45,13,1,935,88,5,18504756367.75131
980,45,13,2,935,88,5,21922865911.516346
980,45,14,1,935,88,5,21923234316.516346
980,45,14,2,935,88,5,25751672171.230656
980,45,15,1,935,88,5,25752195649.23065
980,45,15,2,935,88,5,30014187946.894756
980,45,16,1,935,88,5,30014915053.894756
980,45,16,2,935,88,5,34733687926.50918
980,45,17,1,935,88,5,34734677802.50917
980,45,17,2,935,88,5,39933457382.07441
980,45,18,1,935,88,5,39934781181.07442
980,45,18,2,935,88,5,45636793599.59097
980,45,19,1,935,88,5,45638536009.59097
980,45,19,2,935,88,5,51867007399.05935
980,45,20,1,935,88,5,51869268252.05935
980,45,20,2,935,88,5,58647424744.48002
980,45,21,1,935,88,5,58650320716.48003
980,45,21,2,935,88,5,66001388443.85348
980,45,22,1,935,88,5,66005054844.85348
980,45,22,2,935,88,5,73952259939.18018
980,45,23,1,935,88,5,73956852593.18019
980,45,23,2,935,88,5,82523421186.4606
980,45,24,1,935,88,5,82529118401.4606
980,45,24,2,935,88,5,91738276625.69519
980,45,25,1,935,88,5,91745281253.69518
980,45,25,2,935,88,5,101620255240.88438
980,45,26,1,935,88,5,101628796827.88438
980,45,26,2,935,88,5,112192812710.02867
980,45,27,1,935,88,5,112203149736.02866
980,45,27,2,935,88,5,123479433645.12843
980,45,28,1,935,88,5,123491855854.12843
980,45,28,2,935,88,5,135503633922.18414
980,45,29,1,935,88,5,135518464742.18416
980,45,29,2,935,88,5,148288963101.1962
980,45,30,1,935,88,5,148306562154.19623
980,45,30,2,935,88,5,161859006936.16504
980,45,31,1,935,88,5,161879772638.16507
980,45,31,2,935,88,5,176237389975.0911
980,45,32,1,935,88,5,176261762226.09106
980,45,32,2,935,88,5,191447778249.9747
980,45,33,1,935,88,5,191476241213.9747
980,45,33,2,935,88,5,207513882056.81635
980,45,34,1,935,88,5,207546967031.81635
980,45,34,2,935,88,5,224459458825.61636
980,45,35,1,935,88,5,224497747203.61633
980,45,35,2,935,88,5,242308316080.37515
980,45,36,1,935,88,5,242352442397.37515
980,45,36,2,935,88,5,261084314489.0931
980,45,37,1,935,88,5,261134969565.0931
980,45,37,2,935,88,5,280811371003.77057
980,45,38,1,935,88,5,280869305172.7706
980,45,38,2,935,88,5,301513462090.4081
980,45,39,1,935,88,5,301579488520.4081
980,45,39,2,935,88,5,323214627049.00574
980,45,40,1,935,88,5,323289625152.00574
980,45,40,2,935,88,5,345938971423.56415
980,45,41,1,935,88,5,346023890355.56415
980,45,41,2,935,88,5,369710670502.08356
980,45,42,1,935,88,5,369806532753.0835
980,45,42,2,935,88,5,394553972906.5643
980,45,43,1,935,88,5,394661877980.5643
980,45,43,2,935,88,5,420493204273.00665
980,45,44,1,935,88,5,420614332458.0067
980,45,44,2,935,88,5,447552771021.4112
980,45,45,1,935,88,5,447688387249.4112
980,45,45,2,935,88,5,475757164215.77814
980,45,46,1,935,88,5,475908622012.77814
980,45,46,2,935,88,5,505130963514.1077
980,45,47,1,935,88,5,505299709040.1078
980,45,47,2,935,88,5,535698841208.40045
980,45,48,1,935,88,5,535886417387.40045
980,45,48,2,935,88,5,567485566354.6565
980,45,49,1,935,88,5,567693617094.6566
980,45,49,2,935,88,5,600516008992.8763
980,45,50,1,935,88,5,600746283495.8763
980,45,50,2,935,88,5,634815144457.0602
980,45,51,1,935,88,5,635069501619.0602
980,45,51,2,935,88,5,670408057775.2083
980,45,52,1,935,88,5,670688470676.2084
980,45,52,2,935,88,5,707319948159.3212
980,45,53,1,935,88,5,707628508643.321
980,45,53,2,935,88,5,745576133585.3988
980,45,54,1,935,88,5,745915056930.3989
980,45,54,2,935,88,5,785202055463.4419
980,45,55,1,935,88,5,785573685141.442
980,45,55,2,935,88,5,826223283397.4506
980,45,56,1,935,88,5,826630095924.4504
980,45,56,2,935,88,5,868665520035.4249
980,45,57,1,935,88,5,869110129911.4249
980,45,57,2,935,88,5,912554606009.3655
980,45,58,1,935,88,5,913039770748.3655
980,45,58,2,935,88,5,957916524965.2726
980,45,59,1,935,88,5,958445150215.2725
980,45,59,2,935,88,5,1004777408683.1461
980,45,60,1,935,88,5,1005352553436.1462
980,45,60,2,935,88,5,1053163542286.9868
980,45,61,1,935,88,5,1053788424178.9869
980,45,61,2,935,88,5,1103101369544.7947
980,45,62,1,935,88,5,1103779370245.795
980,45,62,2,935,88,5,1154617498258.5703
980,45,63,1,935,88,5,1155352168952.5703
980,45,63,2,935,88,5,1207738705744.3135
980,45,64,1,935,88,5,1208533772699.3135
980,45,64,2,935,88,5,1262491944402.025
980,45,65,1,935,88,5,1263351314630.025
980,45,65,2,935,88,5,1318904347375.7046
980,45,66,1,935,88,5,1319832114382.7046
980,45,66,2,935,88,5,1377003234303.3528
980,45,67,1,935,88,5,1378003683929.3528
980,45,67,2,935,88,5,1436816117156.97
980,45,68,1,935,88,5,1437893733505.97
980,45,68,2,935,88,5,1498370706172.5564
980,45,69,1,935,88,5,1499530177632.5562
980,45,69,2,935,88,5,1561694915870.1118
980,45,70,1,935,88,5,1562941141223.1116
980,45,70,2,935,88,5,1626816871163.637
980,45,71,1,935,88,5,1628154965785.637
980,45,71,2,935,88,5,1693764913561.132
980,45,72,1,935,88,5,1695200215712.1318
980,45,72,2,935,88,5,1762567607454.597
980,45,73,1,935,88,5,1764105684658.597
980,45,73,2,935,88,5,1833253746500.0325
980,45,74,1,935,88,5,1834900402015.0325
980,45,74,2,935,88,5,1905852360087.4385
980,45,75,1,935,88,5,1907613639465.4385
980,45,75,2,935,88,5,1980392719900.815
980,45,76,1,935,88,5,1982274917637.815
980,45,76,2,935,88,5,2056904346568.1628
980,45,77,1,935,88,5,2058914012844.1628
980,45,77,2,935,88,5,2135417016401.482
980,45,78,1,935,88,5,2137560963910.482
980,45,78,2,935,88,5,2215960768226.7725
980,45,79,1,935,88,5,2218246079096.7725
980,45,79,2,935,88,5,2298565910304.0347
980,45,80,1,935,88,5,2300999943107.034
980,45,80,2,935,88,5,2383263027337.268
980,45,81,1,935,88,5,2385853424189.2686
980,45,81,2,935,88,5,2470082987574.4746
980,45,82,1,935,88,5,2472837681325.4746
980,45,82,2,935,88,5,2559056949997.6533
980,45,83,1,935,88,5,2561984171511.653
980,45,83,2,935,88,5,2650216371602.804
980,45,84,1,935,88,5,2653324657127.804
980,45,84,2,935,88,5,2743593014769.928
980,45,85,1,935,88,5,2746891213397.928
980,45,85,2,935,88,5,2839218954723.025
980,45,86,1,935,88,5,2842716235940.025
980,45,86,2,935,88,5,2937126587080.0947
980,45,87,1,935,88,5,2940832448406.0947
980,45,87,2,935,88,5,3037348635493.138
980,45,88,1,935,88,5,3041272910212.138
980,45,88,2,935,88,5,3139918159378.1553
980,45,89,1,935,88,5,3144071024358.155
980,45,89,2,935,88,5,3244868561735.1455
980,45,90,1,935,88,5,3249260545338.1455
980,45,90,2,935,88,5,3352233597058.1104
1055,46,1,1,1009,90,5,1220264128.7430563
1055,46,1,2,1009,90,5,1574479270.7403586
1055,46,2,1,1009,90,5,1574480441.740359
1055,46,2,2,1009,90,5,2081143810.678055
1055,46,3,1,1009,90,5,2081145264.678055
1055,46,3,2,1009,90,5,2767159492.5567875
1055,46,4,1,1009,90,5,2767161557.556788
1055,46,4,2,1009,90,5,3659429276.377189
1055,46,5,1,1009,90,5,3659432724.3771887
1055,46,5,2,1009,90,5,4784856566.139881
1055,46,6,1,1009,90,5,4784862963.139881
1055,46,6,2,1009,90,5,6170345559.845476
1055,46,7,1,1009,90,5,6170357705.845476
1055,46,7,2,1009,90,5,7842801689.494577
1055,46,8,1,1009,90,5,7842824148.494578
1055,46,8,2,1009,90,5,9829132151.087778
1055,46,9,1,1009,90,5,9829171871.087778
1055,46,9,2,1009,90,5,12156246524.62566
1055,46,10,1,1009,90,5,12156313547.625662
1055,46,10,2,1009,90,5,14851057484.1088
1055,46,11,1,1009,90,5,14851165746.1088
1055,46,11,2,1009,90,5,17940481597.537766
1055,46,12,1,1009,90,5,17940649818.537766
1055,46,12,2,1009,90,5,21451440216.91311
1055,46,13,1,1009,90,5,21451692880.91311
1055,46,13,2,1009,90,5,25410860458.235382
1055,46,14,1,1009,90,5,25411228883.235386
1055,46,14,2,1009,90,5,29845676271.505127
1055,46,15,1,1009,90,5,29846199769.505127
1055,46,15,2,1009,90,5,34782829600.72287
1055,46,16,1,1009,90,5,34783556727.72287
1055,46,16,2,1009,90,5,40249271633.88914
1055,46,17,1,1009,90,5,40250261529.88914
1055,46,17,2,1009,90,5,46271964143.00445
1055,46,18,1,1009,90,5,46273287962.00445
1055,46,18,2,1009,90,5,52877880914.069305
1055,46,19,1,1009,90,5,52879623344.069305
1055,46,19,2,1009,90,5,60094009267.08422
1055,46,20,1,1009,90,5,60096270140.08421
1055,46,20,2,1009,90,5,67947351666.04966
1055,46,21,1,1009,90,5,67950247658.04967
1055,46,21,2,1009,90,5,76464927418.96616
1055,46,22,1,1009,90,5,76468593839.96614
1055,46,22,2,1009,90,5,85673774467.83414
1055,46,23,1,1009,90,5,85678367141.83415
1055,46,23,2,1009,90,5,95600951268.65411
1055,46,24,1,1009,90,5,95606648503.65411
1055,46,24,2,1009,90,5,106273538761.42653
1055,46,25,1,1009,90,5,106280543409.42653
1055,46,25,2,1009,90,5,117718642430.15184
1055,46,26,1,1009,90,5,117727184037.15184
1055,46,26,2,1009,90,5,129963394452.83052
1055,46,27,1,1009,90,5,129973731498.83052
1055,46,27,2,1009,90,5,143034955941.463
1055,46,28,1,1009,90,5,143047378170.463
1055,46,28,2,1009,90,5,156960519272.0497
1055,46,29,1,1009,90,5,156975350112.0497
1055,46,29,2,1009,90,5,171767310504.5911
1055,46,30,1,1009,90,5,171784909577.5911
1055,46,30,2,1009,90,5,187482591893.0876
1055,46,31,1,1009,90,5,187503357615.08762
1055,46,31,2,1009,90,5,204133664485.5396
1055,46,32,1,1009,90,5,204158036756.53958
1055,46,32,2,1009,90,5,221747870813.94754
1055,46,33,1,1009,90,5,221776333797.94754
1055,46,33,2,1009,90,5,240352597674.31183
1055,46,34,1,1009,90,5,240385682669.31183
1055,46,34,2,1009,90,5,259975278996.63287
1055,46,35,1,1009,90,5,260013567394.63284
1055,46,35,2,1009,90,5,280643398804.9111
1055,46,36,1,1009,90,5,280687525141.911
1055,46,36,2,1009,90,5,302384494267.1467
1055,46,37,1,1009,90,5,302435149363.1467
1055,46,37,2,1009,90,5,325226158835.3404
1055,46,38,1,1009,90,5,325284093024.3404
1055,46,38,2,1009,90,5,349196045475.4924
1055,46,39,1,1009,90,5,349262071925.4923
1055,46,39,2,1009,90,5,374321869987.60297
1055,46,40,1,1009,90,5,374396868110.60297
1055,46,40,2,1009,90,5,400631414415.6726
1055,46,41,1,1009,90,5,400716333367.67267
1055,46,41,2,1009,90,5,428152530547.7017
1055,46,42,1,1009,90,5,428248392818.7017
1055,46,42,2,1009,90,5,456913143505.6906
1055,46,43,1,1009,90,5,457021048599.6906
1055,46,43,2,1009,90,5,486941255425.6396
1055,46,44,1,1009,90,5,487062383630.63965
1055,46,44,2,1009,90,5,518264949227.54913
1055,46,45,1,1009,90,5,518400565475.54913
1055,46,45,2,1009,90,5,550912392475.4194
1055,46,46,1,1009,90,5,551063850292.4196
1055,46,46,2,1009,90,5,584911841327.2511
1055,46,47,1,1009,90,5,585080586873.251
1055,46,47,2,1009,90,5,620291644575.0441
1055,46,48,1,1009,90,5,620479220774.0441
1055,46,48,2,1009,90,5,657080247774.799
1055,46,49,1,1009,90,5,657288298534.799
1055,46,49,2,1009,90,5,695306197466.516
1055,46,50,1,1009,90,5,695536471989.516
1055,46,50,2,1009,90,5,734998145484.1956
1055,46,51,1,1009,90,5,735252502666.1956
1055,46,51,2,1009,90,5,776184853355.838
1055,46,52,1,1009,90,5,776465266276.838
1055,46,52,2,1009,90,5,818895196793.4436
1055,46,53,1,1009,90,5,819203757297.4435
1055,46,53,2,1009,90,5,863158170273.0126
1055,46,54,1,1009,90,5,863497093638.0126
1055,46,54,2,1009,90,5,909002891704.5454
1055,46,55,1,1009,90,5,909374521402.5454
1055,46,55,2,1009,90,5,956458607192.0422
1055,46,56,1,1009,90,5,956865419739.0421
1055,46,56,2,1009,90,5,1005554695883.5034
1055,46,57,1,1009,90,5,1005999305779.5034
1055,46,57,2,1009,90,5,1056320674910.9293
1055,46,58,1,1009,90,5,1056805839669.9293
1055,46,58,2,1009,90,5,1108786204420.32
1055,46,59,1,1009,90,5,1109314829690.3203
1055,46,59,2,1009,90,5,1162981092691.6765
1055,46,60,1,1009,90,5,1163556237464.6763
1055,46,60,2,1009,90,5,1218935301348.998
1055,46,61,1,1009,90,5,1219560183260.9978
1055,46,61,2,1009,90,5,1276678950660.2854
1055,46,62,1,1009,90,5,1277356951381.2856
1055,46,62,2,1009,90,5,1336242324927.539
1055,46,63,1,1009,90,5,1336976995641.539
1055,46,63,2,1009,90,5,1397655877966.759
1055,46,64,1,1009,90,5,1398450944941.759
1055,46,64,2,1009,90,5,1460950238677.9456
1055,46,65,1,1009,90,5,1461809608925.9458
1055,46,65,2,1009,90,5,1526156216705.0994
1055,46,66,1,1009,90,5,1527083983732.099
1055,46,66,2,1009,90,5,1593304808186.22
1055,46,67,1,1009,90,5,1594305257832.22
1055,46,67,2,1009,90,5,1662427201593.308
1055,46,68,1,1009,90,5,1663504817962.3083
1055,46,68,2,1009,90,5,1733554783662.364
1055,46,69,1,1009,90,5,1734714255142.364
1055,46,69,2,1009,90,5,1806719145413.388
1055,46,70,1,1009,90,5,1807965370786.388
1055,46,70,2,1009,90,5,1881952088260.38
1055,46,71,1,1009,90,5,1883290182902.3801
1055,46,71,2,1009,90,5,1959285630211.3406
1055,46,72,1,1009,90,5,1960720932382.3406
1055,46,72,2,1009,90,5,2038752012158.2698
1055,46,73,1,1009,90,5,2040290089382.2698
1055,46,73,2,1009,90,5,2120383704257.168
1055,46,74,1,1009,90,5,2122030359792.1682
1055,46,74,2,1009,90,5,2204213412398.0356
1055,46,75,1,1009,90,5,2205974691796.0356
1055,46,75,2,1009,90,5,2290274084764.8726
1055,46,76,1,1009,90,5,2292156282521.8726
1055,46,76,2,1009,90,5,2378598918485.679
1055,46,77,1,1009,90,5,2380608584781.6787
1055,46,77,2,1009,90,5,2469221366372.4556
1055,46,78,1,1009,90,5,2471365313901.4556
1055,46,78,2,1009,90,5,2562175143751.202
1055,46,79,1,1009,90,5,2564460454641.202
1055,46,79,2,1009,90,5,2657494235381.9194
1055,46,80,1,1009,90,5,2659928268204.919
1055,46,80,2,1009,90,5,2755212902468.607
1055,46,81,1,1009,90,5,2757803299340.607
1055,46,81,2,1009,90,5,2855365689759.265
1055,46,82,1,1009,90,5,2858120383530.2656
1055,46,82,2,1009,90,5,2957987432735.895
1055,46,83,1,1009,90,5,2960914654269.8945
1055,46,83,2,1009,90,5,3063113264894.4956
1055,46,84,1,1009,90,5,3066221550439.4956
1055,46,84,2,1009,90,5,3170778625115.068
1055,46,85,1,1009,90,5,3174076823763.068
1055,46,85,2,1009,90,5,3281019265121.612
1055,46,86,1,1009,90,5,3284516546358.612
1055,46,86,2,1009,90,5,3393871257032.1274
1055,46,87,1,1009,90,5,3397577118378.1274
1055,46,87,2,1009,90,5,3509371000998.615
1055,46,88,1,1009,90,5,3513295275737.6157
1055,46,88,2,1009,90,5,3627555232937.0757
1055,46,89,1,1009,90,5,3631708097937.0757
1055,46,89,2,1009,90,5,3748461032347.5083
1055,46,90,1,1009,90,5,3752853015970.509
1055,46,90,2,1009,90,5,3872125830223.914
1055,46,91,1,1009,90,5,3876767820325.914
1055,46,91,2,1009,90,5,3998587417054.2925
1055,46,92,1,1009,90,5,4003490669075.2925
1055,46,92,2,1009,90,5,4127883950910.644
1003,47,1,1,956,92,5,1119605194.8796754
1003,47,1,2,956,92,5,1439880204.0770328
1003,47,2,1,956,92,5,1439881395.077033
1003,47,2,2,956,92,5,1897997415.2202928
1003,47,3,1,956,92,5,1897998889.2202928
1003,47,3,2,956,92,5,2518280808.310026
1003,47,4,1,956,92,5,2518282893.310026
1003,47,4,2,956,92,5,3325055599.3467946
1003,47,5,1,956,92,5,3325059067.346794
1003,47,5,2,956,92,5,4342647448.331152
1003,47,6,1,956,92,5,4342653865.331152
1003,47,6,2,956,92,5,5595382809.263641
1003,47,7,1,956,92,5,5595394975.26364
1003,47,7,2,956,92,5,7107589370.144799
1003,47,8,1,956,92,5,7107611849.144801
1003,47,8,2,956,92,5,8903596582.975155
1003,47,9,1,956,92,5,8903636322.975155
1003,47,9,2,956,92,5,11007736283.755228
1003,47,10,1,956,92,5,11007803326.755228
1003,47,10,2,956,92,5,13444343402.485529
1003,47,11,1,956,92,5,13444451684.485529
1003,47,11,2,956,92,5,16237756763.166563
1003,47,12,1,956,92,5,16237925004.166563
1003,47,12,2,956,92,5,19412319973.798824
1003,47,13,1,956,92,5,19412572657.798824
1003,47,13,2,956,92,5,22992382406.3828
1003,47,14,1,956,92,5,22992750851.38281
1003,47,14,2,956,92,5,27002300266.918987
1003,47,15,1,956,92,5,27002823784.918983
1003,47,15,2,956,92,5,31466437755.407837
1003,47,16,1,956,92,5,31467164902.407837
1003,47,16,2,956,92,5,36409168315.84983
1003,47,17,1,956,92,5,36410158231.84983
1003,47,17,2,956,92,5,41854875976.24543
1003,47,18,1,956,92,5,41856199815.24543
1003,47,18,2,956,92,5,47827956778.59508
1003,47,19,1,956,92,5,47829699228.595085
1003,47,19,2,956,92,5,54352820298.89924
1003,47,20,1,956,92,5,54355081191.89923
1003,47,20,2,956,92,5,61453891257.15833
1003,47,21,1,956,92,5,61456787269.15833
1003,47,21,2,956,92,5,69155611217.3728
1003,47,22,1,956,92,5,69159277658.3728
1003,47,22,2,956,92,5,77482440377.54308
1003,47,23,1,956,92,5,77487033071.54309
1003,47,23,2,956,92,5,86458859449.6696
1003,47,24,1,956,92,5,86464556704.6696
1003,47,24,2,956,92,5,96109371629.75275
1003,47,25,1,956,92,5,96116376297.75275
1003,47,25,2,956,92,5,106458504657.79295
1003,47,26,1,956,92,5,106467046284.79295
1003,47,26,2,956,92,5,117530812967.79063
1003,47,27,1,956,92,5,117541150033.79062
1003,47,27,2,956,92,5,129350879927.74614
1003,47,28,1,956,92,5,129363302176.74614
1003,47,28,2,956,92,5,141943320169.6599
1003,47,29,1,956,92,5,141958151029.65988
1003,47,29,2,956,92,5,155332782009.53232
1003,47,30,1,956,92,5,155350381102.53232
1003,47,30,2,956,92,5,169543949957.36374
1003,47,31,1,956,92,5,169564715699.36374
1003,47,31,2,956,92,5,184601547317.15457
1003,47,32,1,956,92,5,184625919608.15454
1003,47,32,2,956,92,5,200530338876.90512
1003,47,33,1,956,92,5,200558801880.90515
1003,47,33,2,956,92,5,217355133688.61588
1003,47,34,1,956,92,5,217388218703.61588
1003,47,34,2,956,92,5,235100787938.28708
1003,47,35,1,956,92,5,235139076356.28708
1003,47,35,2,956,92,5,253792207905.91916
1003,47,36,1,956,92,5,253836334262.91916
1003,47,36,2,956,92,5,273454353015.51242
1003,47,37,1,956,92,5,273505008131.51242
1003,47,37,2,956,92,5,294112238975.0672
1003,47,38,1,956,92,5,294170173184.06726
1003,47,38,2,956,92,5,315790941006.584
1003,47,39,1,956,92,5,315856967476.584
1003,47,39,2,956,92,5,338515597166.0629
1003,47,40,1,956,92,5,338590595309.0629
1003,47,40,2,956,92,5,362311411753.5044
1003,47,41,1,956,92,5,362396330725.50446
1003,47,41,2,956,92,5,387203658812.9089
1003,47,42,1,956,92,5,387299521103.9088
1003,47,42,2,956,92,5,413217685722.2765
1003,47,43,1,956,92,5,413325590836.2764
1003,47,43,2,956,92,5,440378916873.6076
1003,47,44,1,956,92,5,440500045098.60767
1003,47,44,2,956,92,5,468712857442.90265
1003,47,45,1,956,92,5,468848473710.90265
1003,47,45,2,956,92,5,498245097250.16187
1003,47,46,1,956,92,5,498396555087.1618
1003,47,46,2,956,92,5,529001314709.3855
1003,47,47,1,956,92,5,529170060275.38556
1003,47,47,2,956,92,5,561007280868.5739
1003,47,48,1,956,92,5,561194857087.574
1003,47,48,2,956,92,5,594288863539.7275
1003,47,49,1,956,92,5,594496914319.7275
1003,47,49,2,956,92,5,628872031518.8464
1003,47,50,1,956,92,5,629102306061.8463
1003,47,50,2,956,92,5,664782858895.931
1003,47,51,1,956,92,5,665037216097.931
1003,47,51,2,956,92,5,702047529454.9816
1003,47,52,1,956,92,5,702327942395.9816
1003,47,52,2,956,92,5,740692341163.9984
1003,47,53,1,956,92,5,741000901687.9983
1003,47,53,2,956,92,5,780743710754.9816
1003,47,54,1,956,92,5,781082634139.9817
1003,47,54,2,956,92,5,822228178393.9318
1003,47,55,1,956,92,5,822599808111.9318
1003,47,55,2,956,92,5,865172412440.849
1003,47,56,1,956,92,5,865579225007.8489
1003,47,56,2,956,92,5,909603214299.7334
1003,47,57,1,956,92,5,910047824215.7334
1003,47,57,2,956,92,5,955547523358.5857
1003,47,58,1,956,92,5,956032688137.5857
1003,47,58,2,956,92,5,1003032422019.4058
1003,47,59,1,956,92,5,1003561047309.4056
1003,47,59,2,956,92,5,1052085140818.1938
1003,47,60,1,956,92,5,1052660285611.1938
1003,47,60,2,956,92,5,1102733063634.9504
1003,47,61,1,956,92,5,1103357945566.9504
1003,47,61,2,956,92,5,1155003732993.6758
1003,47,62,1,956,92,5,1155681733734.6758
1003,47,62,2,956,92,5,1208924855452.37
1003,47,63,1,956,92,5,1209659526186.3699
1003,47,63,2,956,92,5,1264524307083.0332
1003,47,64,1,956,92,5,1265319374078.0332
1003,47,64,2,956,92,5,1321830139041.666
1003,47,65,1,956,92,5,1322689509309.666
1003,47,65,2,956,92,5,1380870583228.2686
1003,47,66,1,956,92,5,1381798350275.2686
1003,47,66,2,956,92,5,1441674058036.8408
1003,47,67,1,956,92,5,1442674507702.8406
1003,47,67,2,956,92,5,1504269174195.383
1003,47,68,1,956,92,5,1505346790584.3833
1003,47,68,2,956,92,5,1568684740695.896
1003,47,69,1,956,92,5,1569844212195.896
1003,47,69,2,956,92,5,1634949770814.3794
1003,47,70,1,956,92,5,1636195996207.3792
1003,47,70,2,956,92,5,1703093488220.8333
1003,47,71,1,956,92,5,1704431582882.8335
1003,47,71,2,956,92,5,1773145333179.2588
1003,47,72,1,956,92,5,1774580635370.2588
1003,47,72,2,956,92,5,1845134968837.6553
1003,47,73,1,956,92,5,1846673046081.655
1003,47,73,2,956,92,5,1919092287608.0232
1003,47,74,1,956,92,5,1920738943163.0234
1003,47,74,2,956,92,5,1995047417636.363
1003,47,75,1,956,92,5,1996808697054.363
1003,47,75,2,956,92,5,2073030729362.6748
1003,47,76,1,956,92,5,2074912927139.6746
1003,47,76,2,956,92,5,2153072842170.9585
1003,47,77,1,956,92,5,2155082508486.9587
1003,47,77,2,956,92,5,2235204631129.2144
1003,47,78,1,956,92,5,2237348578678.215
1003,47,78,2,956,92,5,2319457233819.4434
1003,47,79,1,956,92,5,2321742544729.444
1003,47,79,2,956,92,5,2405862057257.645
1003,47,80,1,956,92,5,2408296090100.645
1003,47,80,2,956,92,5,2494450784903.8193
1003,47,81,1,956,92,5,2497041181795.8193
1003,47,81,2,956,92,5,2585255383761.9673
1003,47,82,1,956,92,5,2588010077552.9673
1003,47,82,2,956,92,5,2678308111570.0884
1003,47,83,1,956,92,5,2681235333124.088
1003,47,83,2,956,92,5,2773641524080.1826
1003,47,84,1,956,92,5,2776749809645.1826
1003,47,84,2,956,92,5,2871288482428.251
1003,47,85,1,956,92,5,2874586681096.2515
1003,47,85,2,956,92,5,2971282160594.2935
1003,47,86,1,956,92,5,2974779441851.2935
1003,47,86,2,956,92,5,3073656052952.31
1003,47,87,1,956,92,5,3077361914318.31
1003,47,87,2,956,92,5,3178443981910.301
1003,47,88,1,956,92,5,3182368256669.3013
1003,47,88,2,956,92,5,3285680105640.2666
1003,47,89,1,956,92,5,3289832970660.266
1003,47,89,2,956,92,5,3395398925898.2065
1003,47,90,1,956,92,5,3399790909541.2065
1003,47,90,2,956,92,5,3507635295934.1216
1003,47,91,1,956,92,5,3512277286056.1216
1003,47,91,2,956,92,5,3622424428492.0117
1003,47,92,1,956,92,5,3627327680533.011
1003,47,92,2,956,92,5,3739801903899.8765
1003,47,93,1,956,92,5,3744978049063.877
1003,47,93,2,956,92,5,3859803678249.718
1003,47,94,1,956,92,5,3865264731774.718
1003,47,94,2,956,92,5,3982466091667.534
1018,48,1,1,970,94,5,1169923744.4104502
1018,48,1,2,970,94,5,1499813806.5410216
1018,48,2,1,970,94,5,1499815017.5410218
1018,48,2,2,970,94,5,1971684230.6189666
1018,48,3,1,970,94,5,1971685724.6189666
1018,48,3,2,970,94,5,2610589236.644829
1018,48,4,1,970,94,5,2610591341.644829
1018,48,4,2,970,94,5,3441584300.619144
1018,48,5,1,970,94,5,3441587788.6191435
1018,48,5,2,970,94,5,4489725342.542439
1018,48,6,1,970,94,5,4489731779.5424385
1018,48,6,2,970,94,5,5780069076.415234
1018,48,7,1,970,94,5,5780081262.415234
1018,48,7,2,970,94,5,7337673450.238039
1018,48,8,1,970,94,5,7337695949.23804
1018,48,8,2,970,94,5,9187598176.011358
1018,48,9,1,970,94,5,9187637936.01136
1018,48,9,2,970,94,5,11354905349.735691
1018,48,10,1,970,94,5,11354972412.735691
1018,48,10,2,970,94,5,13864660161.411522
1018,48,11,1,970,94,5,13864768463.41152
1018,48,11,2,970,94,5,16741931695.039331
1018,48,12,1,970,94,5,16742099956.039333
1018,48,12,2,970,94,5,20011793818.6196
1018,48,13,1,970,94,5,20012046522.6196
1018,48,13,2,970,94,5,23699326164.152786
1018,48,14,1,970,94,5,23699694629.15279
1018,48,14,2,970,94,5,27829615197.639362
1018,48,15,1,970,94,5,27830138735.63936
1018,48,15,2,970,94,5,32427755379.079765
1018,48,16,1,970,94,5,32428482546.079765
1018,48,16,2,970,94,5,37518850412.474464
1018,48,17,1,970,94,5,37519840348.47446
1018,48,17,2,970,94,5,43128014585.823875
1018,48,18,1,970,94,5,43129338444.823875
1018,48,18,2,970,94,5,49280374201.12845
1018,48,19,1,970,94,5,49282116671.128456
1018,48,19,2,970,94,5,56001069094.38861
1018,48,20,1,970,94,5,56003330007.3886
1018,48,20,2,970,94,5,63315254245.604774
1018,48,21,1,970,94,5,63318150277.60478
1018,48,21,2,970,94,5,71248101478.77737
1018,48,22,1,970,94,5,71251767939.77736
1018,48,22,2,970,94,5,79824801251.9068
1018,48,23,1,970,94,5,79829393965.90681
1018,48,23,2,970,94,5,89070564536.99347
1018,48,24,1,970,94,5,89076261811.99347
1018,48,24,2,970,94,5,99010624790.03778
1018,48,25,1,970,94,5,99017629478.03777
1018,48,25,2,970,94,5,109670240011.04012
1018,48,26,1,970,94,5,109678781658.04012
1018,48,26,2,970,94,5,121074694894.00087
1018,48,27,1,970,94,5,121085031980.00087
1018,48,27,2,970,94,5,133249303066.92043
1018,48,28,1,970,94,5,133261725335.92043
1018,48,28,2,970,94,5,146219409421.79916
1018,48,29,1,970,94,5,146234240301.79916
1018,48,29,2,970,94,5,160010392534.63742
1018,48,30,1,970,94,5,160027991647.63745
1018,48,30,2,970,94,5,174647667175.43564
1018,48,31,1,970,94,5,174668432937.43564
1018,48,31,2,970,94,5,190156686908.19412
1018,48,32,1,970,94,5,190181059219.19412
1018,48,32,2,970,94,5,206562946780.91324
1018,48,33,1,970,94,5,206591409804.91324
1018,48,33,2,970,94,5,223891986105.59332
1018,48,34,1,970,94,5,223925071140.59335
1018,48,34,2,970,94,5,242169391328.23477
1018,48,35,1,970,94,5,242207679766.23477
1018,48,35,2,970,94,5,261420798988.8379
1018,48,36,1,970,94,5,261464925365.8379
1018,48,36,2,970,94,5,281671898771.403
1018,48,37,1,970,94,5,281722553907.403
1018,48,37,2,970,94,5,302948436643.9305
1018,48,38,1,970,94,5,303006370872.93054
1018,48,38,2,970,94,5,325276218088.4207
1018,48,39,1,970,94,5,325342244578.42065
1018,48,39,2,970,94,5,348681111420.87384
1018,48,40,1,970,94,5,348756109583.87384
1018,48,40,2,970,94,5,373189051201.29034
1018,48,41,1,970,94,5,373273970193.29034
1018,48,41,2,970,94,5,398826041733.67053
1018,48,42,1,970,94,5,398921904044.67053
1018,48,42,2,970,94,5,425618160656.0146
1018,48,43,1,970,94,5,425726065790.0146
1018,48,43,2,970,94,5,453591562620.32294
1018,48,44,1,970,94,5,453712690865.323
1018,48,44,2,970,94,5,482772483062.5959
1018,48,45,1,970,94,5,482908099350.5959
1018,48,45,2,970,94,5,513187242062.83374
1018,48,46,1,970,94,5,513338699919.8337
1018,48,46,2,970,94,5,544862248295.0367
1018,48,47,1,970,94,5,545030993881.0367
1018,48,47,2,970,94,5,577824003067.2051
1018,48,48,1,970,94,5,578011579306.2051
1018,48,48,2,970,94,5,612099104451.3394
1018,48,49,1,970,94,5,612307155251.3394
1018,48,49,2,970,94,5,647714251503.4396
1018,48,50,1,970,94,5,647944526066.4395
1018,48,50,2,970,94,5,684696248573.506
1018,48,51,1,970,94,5,684950605795.5061
1018,48,51,2,970,94,5,723072009705.5392
1018,48,52,1,970,94,5,723352422666.5392
1018,48,52,2,970,94,5,762868563127.5392
1018,48,53,1,970,94,5,763177123671.5392
1018,48,53,2,970,94,5,804113055831.5063
1018,48,54,1,970,94,5,804451979236.5063
1018,48,54,2,970,94,5,846832758243.4409
1018,48,55,1,970,94,5,847204387981.441
1018,48,55,2,970,94,5,891055068983.3431
1018,48,56,1,970,94,5,891461881570.3431
1018,48,56,2,970,94,5,936807519715.2133
1018,48,57,1,970,94,5,937252129651.2134
1018,48,57,2,970,94,5,984117780087.0518
1018,48,58,1,970,94,5,984602944886.0519
1018,48,58,2,970,94,5,1033013662760.8586
1018,48,59,1,970,94,5,1033542288070.8585
1018,48,59,2,970,94,5,1083523128532.6342
1018,48,60,1,970,94,5,1084098273345.6342
1018,48,60,2,970,94,5,1135674291542.3787
1018,48,61,1,970,94,5,1136299173494.3787
1018,48,61,2,970,94,5,1189495424574.0923
1018,48,62,1,970,94,5,1190173425335.0925
1018,48,62,2,970,94,5,1245014964445.7756
1018,48,63,1,970,94,5,1245749635199.7756
1018,48,63,2,970,94,5,1302261517489.4285
1018,48,64,1,970,94,5,1303056584504.4285
1018,48,64,2,970,94,5,1361263865121.0513
1018,48,65,1,970,94,5,1362123235409.0513
1018,48,65,2,970,94,5,1422050969500.6443
1018,48,66,1,970,94,5,1422978736567.6443
1018,48,66,2,970,94,5,1484651979282.2075
1018,48,67,1,970,94,5,1485652428968.2075
1018,48,67,2,970,94,5,1549096235453.7415
1018,48,68,1,970,94,5,1550173851862.7417
1018,48,68,2,970,94,5,1615413277267.2466
1018,48,69,1,970,94,5,1616572748787.2463
1018,48,69,2,970,94,5,1683632848258.7224
1018,48,70,1,970,94,5,1684879073671.7224
1018,48,70,2,970,94,5,1753784902358.1694
1018,48,71,1,970,94,5,1755122997040.1697
1018,48,71,2,970,94,5,1825899610089.5884
1018,48,72,1,970,94,5,1827334912300.5884
1018,48,72,2,970,94,5,1900007364860.9788
1018,48,73,1,970,94,5,1901545442124.9788
1018,48,73,2,970,94,5,1976138789344.341
1018,48,74,1,970,94,5,1977785444919.3413
1018,48,74,2,970,94,5,2054324741945.676
1018,48,75,1,970,94,5,2056086021383.6758
1018,48,75,2,970,94,5,2134596323364.983
1018,48,76,1,970,94,5,2136478521161.9827
1018,48,76,2,970,94,5,2216984883246.2627
1018,48,77,1,970,94,5,2218994549582.262
1018,48,77,2,970,94,5,2301522026917.5146
1018,48,78,1,970,94,5,2303665974486.5146
1018,48,78,2,970,94,5,2388239622220.74
1018,48,79,1,970,94,5,2390524933150.74
1018,48,79,2,970,94,5,2477169806431.939
1018,48,80,1,970,94,5,2479603839294.9385
1018,48,80,2,970,94,5,2568344993271.1104
1018,48,81,1,970,94,5,2570935390183.1104
1018,48,81,2,970,94,5,2661797880002.256
1018,48,82,1,970,94,5,2664552573813.2563
1018,48,82,2,970,94,5,2757561454623.3755
1018,48,83,1,970,94,5,2760488676197.375
1018,48,83,2,970,94,5,2855669003146.4683
1018,48,84,1,970,94,5,2858777288731.4688
1018,48,84,2,970,94,5,2956154116967.536
1018,48,85,1,970,94,5,2959452315655.536
1018,48,85,2,970,94,5,3059050700326.5776
1018,48,86,1,970,94,5,3062547981603.5776
1018,48,86,2,970,94,5,3164392977857.5938
1018,48,87,1,970,94,5,3168098839243.5938
1018,48,87,2,970,94,5,3272215502228.585
1018,48,88,1,970,94,5,3276139777007.585
1018,48,88,2,970,94,5,3382553161871.5513
1018,48,89,1,970,94,5,3386706026911.551
1018,48,89,2,970,94,5,3495441188802.4917
1018,48,90,1,970,94,5,3499833172465.4917
1018,48,90,2,970,94,5,3610915166531.408
1018,48,91,1,970,94,5,3615557156673.408
1018,48,91,2,970,94,5,3729011038062.3
1018,48,92,1,970,94,5,3733914290123.2993
1018,48,92,2,970,94,5,3849765113983.1665
1018,48,93,1,970,94,5,3854941259167.167
1018,48,93,2,970,94,5,3973214080646.01
1018,48,94,1,970,94,5,3978675134191.0103
1018,48,94,2,970,94,5,4099395008436.829
1018,48,95,1,970,94,5,4105153377974.8286
1018,48,95,2,970,94,5,4228345360135.624
1018,48,96,1,970,94,5,4234413854142.624
1018,48,96,2,970,94,5,4360102999366.3955
1051,49,1,1,1002,96,5,1264506106.0911152
1051,49,1,2,1002,96,5,1616049819.341777
1051,49,2,1,1002,96,5,1616051050.341777
1051,49,2,2,1002,96,5,2118893246.5402725
1051,49,3,1,1002,96,5,2118894760.5402722
1051,49,3,2,1002,96,5,2799735175.6871295
1051,49,4,1,1002,96,5,2799737300.6871295
1051,49,4,2,1002,96,5,3685275670.782869
1051,49,5,1,1002,96,5,3685279178.782869
1051,49,5,2,1002,96,5,4802215239.828003
1051,49,6,1,1002,96,5,4802221696.828003
1051,49,6,2,1002,96,5,6177255184.823036
1051,49,7,1,1002,96,5,6177267390.823035
1051,49,7,2,1002,96,5,7837098041.768465
1051,49,8,1,1002,96,5,7837120560.768466
1051,49,8,2,1002,96,5,9808448110.664782
1051,49,9,1,1002,96,5,9808487890.664782
1051,49,9,2,1002,96,5,12118012075.512466
1051,49,10,1,1002,96,5,12118079158.512468
1051,49,10,2,1002,96,5,14792499714.311998
1051,49,11,1,1002,96,5,14792608036.311998
1051,49,11,2,1002,96,5,17858624699.063843
1051,49,12,1,1002,96,5,17858792980.063843
1051,49,12,2,1002,96,5,21343105485.768463
1051,49,13,1,1002,96,5,21343358209.76846
1051,49,13,2,1002,96,5,25272666294.42631
1051,49,14,1,1002,96,5,25273034779.42631
1051,49,14,2,1002,96,5,29674038179.03784
1051,49,15,1,1002,96,5,29674561737.03784
1051,49,15,2,1002,96,5,34573960187.60349
1051,49,16,1,1002,96,5,34574687374.60349
1051,49,16,2,1002,96,5,39999180612.1237
1051,49,17,1,1002,96,5,40000170568.123695
1051,49,17,2,1002,96,5,45976458328.59889
1051,49,18,1,1002,96,5,45977782207.59889
1051,49,18,2,1002,96,5,52532564227.029495
1051,49,19,1,1002,96,5,52534306717.0295
1051,49,19,2,1002,96,5,59694282731.41593
1051,49,20,1,1002,96,5,59696543664.41593
1051,49,20,2,1002,96,5,67488413409.758606
1051,49,21,1,1002,96,5,67491309461.758606
1051,49,21,2,1002,96,5,75941772674.05792
1051,49,22,1,1002,96,5,75945439155.05792
1051,49,22,2,1002,96,5,85081195570.31429
1051,49,23,1,1002,96,5,85085788304.3143
1051,49,23,2,1002,96,5,94933537658.5281
1051,49,24,1,1002,96,5,94939234953.5281
1051,49,24,2,1002,96,5,105525676982.69974
1051,49,25,1,1002,96,5,105532681690.69974
1051,49,25,2,1002,96,5,116884516130.8296
1051,49,26,1,1002,96,5,116893057797.8296
1051,49,26,2,1002,96,5,129036984384.91806
1051,49,27,1,1002,96,5,129047321490.91806
1051,49,27,2,1002,96,5,142010039960.96545
1051,49,28,1,1002,96,5,142022462249.96548
1051,49,28,2,1002,96,5,155830672338.97226
1051,49,29,1,1002,96,5,155845503238.97223
1051,49,29,2,1002,96,5,170525904682.9387
1051,49,30,1,1002,96,5,170543503815.9387
1051,49,30,2,1002,96,5,186122796350.8652
1051,49,31,1,1002,96,5,186143562132.8652
1051,49,31,2,1002,96,5,202648445494.75217
1051,49,32,1,1002,96,5,202672817825.75214
1051,49,32,2,1002,96,5,220129991750.59982
1051,49,33,1,1002,96,5,220158454794.59985
1051,49,33,2,1002,96,5,238594619018.40863
1051,49,34,1,1002,96,5,238627704073.40866
1051,49,34,2,1002,96,5,258069558332.17892
1051,49,35,1,1002,96,5,258107846790.1789
1051,49,35,2,1002,96,5,278582090819.91095
1051,49,36,1,1002,96,5,278626217216.91095
1051,49,36,2,1002,96,5,300159550753.6051
1051,49,37,1,1002,96,5,300210205909.60504
1051,49,37,2,1002,96,5,322829328689.26166
1051,49,38,1,1002,96,5,322887262938.2617
1051,49,38,2,1002,96,5,346618874696.88104
1051,49,39,1,1002,96,5,346684901206.88104
1051,49,39,2,1002,96,5,371555701680.4635
1051,49,40,1,1002,96,5,371630699863.4635
1051,49,40,2,1002,96,5,397667388788.00934
1051,49,41,1,1002,96,5,397752307800.0094
1051,49,41,2,1002,96,5,424981584911.519
1051,49,42,1,1002,96,5,425077447242.5189
1051,49,42,2,1002,96,5,453526012276.99255
1051,49,43,1,1002,96,5,453633917430.9925
1051,49,43,2,1002,96,5,483328470124.4304
1051,49,44,1,1002,96,5,483449598389.4305
1051,49,44,2,1002,96,5,514416838477.83295
1051,49,45,1,1002,96,5,514552454785.83295
1051,49,45,2,1002,96,5,546819082005.20044
1051,49,46,1,1002,96,5,546970539882.2004
1051,49,46,2,1002,96,5,580563253968.5331
1051,49,47,1,1002,96,5,580731999574.5331
1051,49,47,2,1002,96,5,615677500263.8312
1051,49,48,1,1002,96,5,615865076522.8312
1051,49,48,2,1002,96,5,652190063551.0952
1051,49,49,1,1002,96,5,652398114371.0952
1051,49,49,2,1002,96,5,690129287474.3252
1051,49,50,1,1002,96,5,690359562057.3251
1051,49,50,2,1002,96,5,729523620971.5214
1051,49,51,1,1002,96,5,729777978213.5215
1051,49,51,2,1002,96,5,770401622674.6843
1051,49,52,1,1002,96,5,770682035655.6844
1051,49,52,2,1002,96,5,812791965399.8143
1051,49,53,1,1002,96,5,813100525963.8142
1051,49,53,2,1002,96,5,856723440726.9111
1051,49,54,1,1002,96,5,857062364151.9111
1051,49,54,2,1002,96,5,902224963669.9756
1051,49,55,1,1002,96,5,902596593427.9757
1051,49,55,2,1002,96,5,949325577437.0077
1051,49,56,1,1002,96,5,949732390044.0077
1051,49,56,2,1002,96,5,998054458280.0077
1051,49,57,1,1002,96,5,998499068236.0077
1051,49,57,2,1002,96,5,1048440920434.9758
1051,49,58,1,1002,96,5,1048926085253.976
1051,49,58,2,1002,96,5,1100514421151.9124
1051,49,59,1,1002,96,5,1101043046481.9126
1051,49,59,2,1002,96,5,1154304565814.8179
1051,49,60,1,1002,96,5,1154879710647.8179
1051,49,60,2,1002,96,5,1209841113151.6921
1051,49,61,1,1002,96,5,1210465995123.6921
1051,49,61,2,1002,96,5,1267153980534.5354
1051,49,62,1,1002,96,5,1267831981315.5356
1051,49,62,2,1002,96,5,1326273249369.3486
1051,49,63,1,1002,96,5,1327007920143.3484
1051,49,63,2,1002,96,5,1387229170576.1309
1051,49,64,1,1002,96,5,1388024237611.1309
1051,49,64,2,1002,96,5,1450052170158.8833
1051,49,65,1,1002,96,5,1450911540466.8835
1051,49,65,2,1002,96,5,1514772854865.6062
1051,49,66,1,1002,96,5,1515700621952.606
1051,49,66,2,1002,96,5,1581422017938.2988
1051,49,67,1,1002,96,5,1582422467644.2988
1051,49,67,2,1002,96,5,1650030644952.9622
1051,49,68,1,1002,96,5,1651108261381.9624
1051,49,68,2,1002,96,5,1720629919749.597
1051,49,69,1,1002,96,5,1721789391289.5967
1051,49,69,2,1002,96,5,1793251230452.2021
1051,49,70,1,1002,96,5,1794497455885.202
1051,49,70,2,1002,96,5,1867926175578.7786
1051,49,71,1,1002,96,5,1869264270280.7786
1051,49,71,2,1002,96,5,1944686570241.3267
1051,49,72,1,1002,96,5,1946121872472.3267
1051,49,72,2,1002,96,5,2023564452435.8462
1051,49,73,1,1002,96,5,2025102529719.8462
1051,49,73,2,1002,96,5,2104592089422.338
1051,49,74,1,1002,96,5,2106238745017.3381
1051,49,74,2,1002,96,5,2187801984194.8018
1051,49,75,1,1002,96,5,2189563263652.8018
1051,49,75,2,1002,96,5,2273226882041.238
1051,49,76,1,1002,96,5,2275109079858.238
1051,49,76,2,1002,96,5,2360899777193.6465
1051,49,77,1,1002,96,5,2362909443549.646
1051,49,77,2,1002,96,5,2450853919568.0273
1051,49,78,1,1002,96,5,2452997867157.0273
1051,49,78,2,1002,96,5,2543122821594.3813
1051,49,79,1,1002,96,5,2545408132544.382
1051,49,79,2,1002,96,5,2637740265136.709
1051,49,80,1,1002,96,5,2640174298019.7085
1051,49,80,2,1002,96,5,2734740308503.0093
1051,49,81,1,1002,96,5,2737330705435.0093
1051,49,81,2,1002,96,5,2834157293545.283
1051,49,82,1,1002,96,5,2836911987376.2837
1051,49,82,2,1002,96,5,2936025852849.5312
1051,49,83,1,1002,96,5,2938953074443.531
1051,49,83,2,1002,96,5,3040380917015.7524
1051,49,84,1,1002,96,5,3043489202620.753
1051,49,84,2,1002,96,5,3147257722027.948
1051,49,85,1,1002,96,5,3150555920735.9487
1051,49,85,2,1002,96,5,3256691816714.1187
1051,49,86,1,1002,96,5,3260189098011.118
1051,49,86,2,1002,96,5,3368719070296.2627
1051,49,87,1,1002,96,5,3372424931702.2627
1051,49,87,2,1002,96,5,3483375680030.382
1051,49,88,1,1002,96,5,3487299954829.382
1051,49,88,2,1002,96,5,3600698178936.4756
1051,49,89,1,1002,96,5,3604851043996.4756
1051,49,89,2,1002,96,5,3720723443618.5444
1051,49,90,1,1002,96,5,3725115427301.5444
1051,49,90,2,1002,96,5,3843488702174.5884
1051,49,91,1,1002,96,5,3848130692336.5884
1051,49,91,2,1002,96,5,3969031542196.608
1051,49,92,1,1002,96,5,3973934794277.6074
1051,49,92,2,1002,96,5,4097389918860.602
1051,49,93,1,1002,96,5,4102566064064.6025
1051,49,93,2,1002,96,5,4228602163106.5728
1051,49,94,1,1002,96,5,4234063216671.5728
1051,49,94,2,1002,96,5,4362706989908.519
1051,49,95,1,1002,96,5,4368465359466.519
1051,49,95,2,1002,96,5,4499743506634.441
1051,49,96,1,1002,96,5,4505812000661.441
1051,49,96,2,1002,96,5,4639751221496.34
1051,49,97,1,1002,96,5,4646143057852.34
1051,49,97,2,1002,96,5,4782770052090.214
1051,49,98,1,1002,96,5,4789498866649.215
1051,49,98,2,1002,96,5,4928840334026.066
1057,50,1,1,1007,98,5,1296946542.7159169
1057,50,1,2,1007,98,5,1652501233.811176
1057,50,2,1,1007,98,5,1652502484.8111763
1057,50,2,2,1007,98,5,2161081906.856085
1057,50,3,1,1007,98,5,2161083440.856085
1057,50,3,2,1007,98,5,2849691961.8511424
1057,50,4,1,1007,98,5,2849694106.8511424
1057,50,4,2,1007,98,5,3745336094.796842
1057,50,5,1,1007,98,5,3745339622.7968416
1057,50,5,2,1007,98,5,4875019445.693667
1057,50,6,1,1007,98,5,4875025922.693667
1057,50,6,2,1007,98,5,6265747948.542098
1057,50,7,1,1007,98,5,6265760174.542098
1057,50,7,2,1007,98,5,7944528771.342604
1057,50,8,1,1007,98,5,7944551310.342605
1057,50,8,2,1007,98,5,9938370846.095648
1057,50,9,1,1007,98,5,9938410646.09565
1057,50,9,2,1007,98,5,12274285488.801693
1057,50,10,1,1007,98,5,12274352591.801693
1057,50,10,2,1007,98,5,14979287109.461184
1057,50,11,1,1007,98,5,14979395451.461184
1057,50,11,2,1007,98,5,18080394012.074566
1057,50,12,1,1007,98,5,18080562313.074566
1057,50,12,2,1007,98,5,21604629284.64228
1057,50,13,1,1007,98,5,21604882028.64228
1057,50,13,2,1007,98,5,25579021779.164757
1057,50,14,1,1007,98,5,25579390284.16476
1057,50,14,2,1007,98,5,30030607181.64242
1057,50,15,1,1007,98,5,30031130759.64242
1057,50,15,2,1007,98,5,34986429172.0757
1057,50,16,1,1007,98,5,34987156379.0757
1057,50,16,2,1007,98,5,40473540674.46499
1057,50,17,1,1007,98,5,40474530650.46499
1057,50,17,2,1007,98,5,46519005196.81071
1057,50,18,1,1007,98,5,46520329095.810715
1057,50,18,2,1007,98,5,53149898261.113266
1057,50,19,1,1007,98,5,53151640771.11327
1057,50,19,2,1007,98,5,60393308923.373055
1057,50,20,1,1007,98,5,60395569876.373055
1057,50,20,2,1007,98,5,68276341383.59046
1057,50,21,1,1007,98,5,68279237455.59046
1057,50,21,2,1007,98,5,76826116685.76587
1057,50,22,1,1007,98,5,76829783186.76587
1057,50,22,2,1007,98,5,86069774507.89967
1057,50,23,1,1007,98,5,86074367261.89969
1057,50,23,2,1007,98,5,96034475041.99225
1057,50,24,1,1007,98,5,96040172356.99225
1057,50,24,2,1007,98,5,106747400964.04395
1057,50,25,1,1007,98,5,106754405692.04395
1057,50,25,2,1007,98,5,118235759494.05515
1057,50,26,1,1007,98,5,118244301181.05516
1057,50,26,2,1007,98,5,130526784546.02621
1057,50,27,1,1007,98,5,130537121672.02621
1057,50,27,2,1007,98,5,143647738967.9575
1057,50,28,1,1007,98,5,143660161276.9575
1057,50,28,2,1007,98,5,157625916871.84933
1057,50,29,1,1007,98,5,157640747791.84933
1057,50,29,2,1007,98,5,172488646053.7021
1057,50,30,1,1007,98,5,172506245206.7021
1057,50,30,2,1007,98,5,188263290503.5161
1057,50,31,1,1007,98,5,188284056305.51614
1057,50,31,2,1007,98,5,204977253005.29175
1057,50,32,1,1007,98,5,205001625356.29172
1057,50,32,2,1007,98,5,222657977827.02927
1057,50,33,1,1007,98,5,222686440891.02927
1057,50,33,2,1007,98,5,241332953500.72906
1057,50,34,1,1007,98,5,241366038575.7291
1057,50,34,2,1007,98,5,261029715692.39145
1057,50,35,1,1007,98,5,261068004170.39145
1057,50,35,2,1007,98,5,281775850162.0168
1057,50,36,1,1007,98,5,281819976579.0167
1057,50,36,2,1007,98,5,303598995813.6052
1057,50,37,1,1007,98,5,303649650989.6052
1057,50,37,2,1007,98,5,326526847835.1572
1057,50,38,1,1007,98,5,326584782104.1573
1057,50,38,2,1007,98,5,350587160928.67316
1057,50,39,1,1007,98,5,350653187458.6731
1057,50,39,2,1007,98,5,375807752630.15314
1057,50,40,1,1007,98,5,375882750833.15314
1057,50,40,2,1007,98,5,402216506719.5976
1057,50,41,1,1007,98,5,402301425751.5976
1057,50,41,2,1007,98,5,429841376721.0068
1057,50,42,1,1007,98,5,429937239072.0068
1057,50,42,2,1007,98,5,458710389492.38104
1057,50,43,1,1007,98,5,458818294666.38104
1057,50,43,2,1007,98,5,488851648905.7205
1057,50,44,1,1007,98,5,488972777190.7206
1057,50,44,2,1007,98,5,520293339617.02576
1057,50,45,1,1007,98,5,520428955945.02576
1057,50,45,2,1007,98,5,553063730926.2969
1057,50,46,1,1007,98,5,553215188823.2969
1057,50,46,2,1007,98,5,587191180727.534
1057,50,47,1,1007,98,5,587359926353.534
1057,50,47,2,1007,98,5,622704139548.7377
1057,50,48,1,1007,98,5,622891715827.7377
1057,50,48,2,1007,98,5,659631154681.9081
1057,50,49,1,1007,98,5,659839205521.9081
1057,50,49,2,1007,98,5,698000874403.0455
1057,50,50,1,1007,98,5,698231149006.0455
1057,50,50,2,1007,98,5,737842052282.15
1057,50,51,1,1007,98,5,738096409544.1501
1057,50,51,2,1007,98,5,779183551583.2223
1057,50,52,1,1007,98,5,779463964584.2223
1057,50,52,2,1007,98,5,822054349754.2623
1057,50,53,1,1007,98,5,822362910338.2622
1057,50,53,2,1007,98,5,866483543007.2701
1057,50,54,1,1007,98,5,866822466452.2701
1057,50,54,2,1007,98,5,912500350988.2465
1057,50,55,1,1007,98,5,912871980766.2465
1057,50,55,2,1007,98,5,960134121537.1913
1057,50,56,1,1007,98,5,960540934164.1912
1057,50,56,2,1007,98,5,1009414335538.1047
1057,50,57,1,1007,98,5,1009858945514.1047
1057,50,57,2,1007,98,5,1060370611858.9873
1057,50,58,1,1007,98,5,1060855776697.9874
1057,50,58,2,1007,98,5,1113032712381.839
1057,50,59,1,1007,98,5,1113561337731.8394
1057,50,59,2,1007,98,5,1167430547122.6606
1057,50,60,1,1007,98,5,1168005691975.6606
1057,50,60,2,1007,98,5,1223594179441.4517
1057,50,61,1,1007,98,5,1224219061433.4517
1057,50,61,2,1007,98,5,1281553831342.2126
1057,50,62,1,1007,98,5,1282231832143.213
1057,50,62,2,1007,98,5,1341339888862.944
1057,50,63,1,1007,98,5,1342074559656.944
1057,50,63,2,1007,98,5,1402982907555.6458
1057,50,64,1,1007,98,5,1403777974610.6458
1057,50,64,2,1007,98,5,1466513618056.318
1057,50,65,1,1007,98,5,1467372988384.3184
1057,50,65,2,1007,98,5,1531962931744.9617
1057,50,66,1,1007,98,5,1532890698851.9614
1057,50,66,2,1007,98,5,1599361946495.576
1057,50,67,1,1007,98,5,1600362396221.576
1057,50,67,2,1007,98,5,1668741952516.1614
1057,50,68,1,1007,98,5,1669819568965.1616
1057,50,68,2,1007,98,5,1740134438278.719
1057,50,69,1,1007,98,5,1741293909838.7188
1057,50,69,2,1007,98,5,1813571096539.2478
1057,50,70,1,1007,98,5,1814817321992.2478
1057,50,70,2,1007,98,5,1889083830447.7488
1057,50,71,1,1007,98,5,1890421925169.7488
1057,50,71,2,1007,98,5,1966704759748.222
1057,50,72,1,1007,98,5,1968140061999.2217
1057,50,72,2,1007,98,5,2046466227068.6672
1057,50,73,1,1007,98,5,2048004304372.6672
1057,50,73,2,1007,98,5,2128400804301.0852
1057,50,74,1,1007,98,5,2130047459916.0854
1057,50,74,2,1007,98,5,2212541299071.476
1057,50,75,1,1007,98,5,2214302578549.476
1057,50,75,2,1007,98,5,2298920761299.84
1057,50,76,1,1007,98,5,2300802959136.8403
1057,50,76,2,1007,98,5,2387572489850.1772
1057,50,77,1,1007,98,5,2389582156226.177
1057,50,77,2,1007,98,5,2478530039270.4873
1057,50,78,1,1007,98,5,2480673986879.4873
1057,50,78,2,1007,98,5,2571827226622.7715
1057,50,79,1,1007,98,5,2574112537592.7715
1057,50,79,2,1007,98,5,2667498138403.029
1057,50,80,1,1007,98,5,2669932171306.029
1057,50,80,2,1007,98,5,2765577137551.2603
1057,50,81,1,1007,98,5,2768167534503.2607
1057,50,81,2,1007,98,5,2866098870551.4663
1057,50,82,1,1007,98,5,2868853564402.4663
1057,50,82,2,1007,98,5,2969098274621.6465
1057,50,83,1,1007,98,5,2972025496235.646
1057,50,83,2,1007,98,5,3074610584993.801
1057,50,84,1,1007,98,5,3077718870618.801
1057,50,84,2,1007,98,5,3182671342283.93
1057,50,85,1,1007,98,5,3185969541011.93
1057,50,85,2,1007,98,5,3293316399952.034
1057,50,86,1,1007,98,5,3296813681269.0337
1057,50,86,2,1007,98,5,3406581931852.113
1057,50,87,1,1007,98,5,3410287793278.1133
1057,50,87,2,1007,98,5,3522504439872.1675
1057,50,88,1,1007,98,5,3526428714691.1675
1057,50,88,2,1007,98,5,3641120761664.1973
1057,50,89,1,1007,98,5,3645273626744.197
1057,50,89,2,1007,98,5,3762468078464.202
1057,50,90,1,1007,98,5,3766860062167.202
1057,50,90,2,1007,98,5,3886583923002.1836
1057,50,91,1,1007,98,5,3891225913184.1836
1057,50,91,2,1007,98,5,4013506187502.14
1057,50,92,1,1007,98,5,4018409439603.14
1057,50,92,2,1007,98,5,4143273131772.0728
1057,50,93,1,1007,98,5,4148449276996.073
1057,50,93,2,1007,98,5,4275923391383.9824
1057,50,94,1,1007,98,5,4281384444968.9824
1057,50,94,2,1007,98,5,4411495985943.867
1057,50,95,1,1007,98,5,4417254355521.868
1057,50,95,2,1007,98,5,4550030327451.7295
1057,50,96,1,1007,98,5,4556098821498.7295
1057,50,96,2,1007,98,5,4691566228751.568
1057,50,97,1,1007,98,5,4697958065127.568
1057,50,97,2,1007,98,5,4836143912071.384
1057,50,98,1,1007,98,5,4842872726650.384
1057,50,98,2,1007,98,5,4983804017653.177
1057,50,99,1,1007,98,5,4990883873043.177
1057,50,99,2,1007,98,5,5134587612472.946
1057,50,100,1,1007,98,5,5142033006825.946
1057,50,100,2,1007,98,5,5288536199050.693
1084,51,1,1,1033,100,5,1382736981.0835526
1084,51,1,2,1033,100,5,1756622601.2359073
1084,51,2,1,1033,100,5,1756623872.2359073
1084,51,2,2,1033,100,5,2291423515.338617
1084,51,3,1,1033,100,5,2291425069.338617
1084,51,3,2,1033,100,5,3015535331.3921647
1084,51,4,1,1033,100,5,3015537496.3921647
1084,51,4,2,1033,100,5,3957354973.397027
1084,51,5,1,1033,100,5,3957358521.3970265
1084,51,5,2,1033,100,5,5145279809.353673
1084,51,6,1,1033,100,5,5145286306.353672
1084,51,6,2,1033,100,5,6607708001.262565
1084,51,7,1,1033,100,5,6607720247.262565
1084,51,7,2,1033,100,5,8373038945.124158
1084,51,8,1,1033,100,5,8373061504.124159
1084,51,8,2,1033,100,5,10469673800.938904
1084,51,9,1,1033,100,5,10469713620.938904
1084,51,9,2,1033,100,5,12926016112.707243
1084,51,10,1,1033,100,5,12926083235.707243
1084,51,10,2,1033,100,5,15770472518.429615
1084,51,11,1,1033,100,5,15770580880.429613
1084,51,11,2,1033,100,5,19031453550.10645
1084,51,12,1,1033,100,5,19031621871.106445
1084,51,12,2,1033,100,5,22737374523.738167
1084,51,13,1,1033,100,5,22737627287.738163
1084,51,13,2,1033,100,5,26916656519.32519
1084,51,14,1,1033,100,5,26917025044.32519
1084,51,14,2,1033,100,5,31597727450.86793
1084,51,15,1,1033,100,5,31598251048.86793
1084,51,15,2,1033,100,5,36809023226.3668
1084,51,16,1,1033,100,5,36809750453.3668
1084,51,16,2,1033,100,5,42578988997.8222
1084,51,17,1,1033,100,5,42579978993.82219
1084,51,17,2,1033,100,5,48936080501.234505
1084,51,18,1,1033,100,5,48937404420.23451
1084,51,18,2,1033,100,5,55908765486.60414
1084,51,19,1,1033,100,5,55910508016.60415
1084,51,19,2,1033,100,5,63525525237.93147
1084,51,20,1,1033,100,5,63527786210.931465
1084,51,20,2,1033,100,5,71814856183.21689
1084,51,21,1,1033,100,5,71817752275.21689
1084,51,21,2,1033,100,5,80805271594.46074
1084,51,22,1,1033,100,5,80808938115.46074
1084,51,22,2,1033,100,5,90525303377.66342
1084,51,23,1,1033,100,5,90529896151.66344
1084,51,23,2,1033,100,5,101003503952.82532
1084,51,24,1,1033,100,5,101009201287.82532
1084,51,24,2,1033,100,5,112268448223.94673
1084,51,25,1,1033,100,5,112275452971.94673
1084,51,25,2,1033,100,5,124348735639.02806
1084,51,26,1,1033,100,5,124357277346.02808
1084,51,26,2,1033,100,5,137272992340.06966
1084,51,27,1,1033,100,5,137283329486.06966
1084,51,27,2,1033,100,5,151069873403.07184
1084,51,28,1,1033,100,5,151082295732.07187
1084,51,28,2,1033,100,5,165768065168.035
1084,51,29,1,1033,100,5,165782896108.03497
1084,51,29,2,1033,100,5,181396287658.95938
1084,51,30,1,1033,100,5,181413886831.9594
1084,51,30,2,1033,100,5,197983297093.84546
1084,51,31,1,1033,100,5,198004062915.84546
1084,51,31,2,1033,100,5,215557888484.69345
1084,51,32,1,1033,100,5,215582260855.69342
1084,51,32,2,1033,100,5,234148898327.50366
1084,51,33,1,1033,100,5,234177361411.50366
1084,51,33,2,1033,100,5,253785207382.2765
1084,51,34,1,1033,100,5,253818292477.27652
1084,51,34,2,1033,100,5,274495743543.01227
1084,51,35,1,1033,100,5,274534032041.01224
1084,51,35,2,1033,100,5,296309484797.71124
1084,51,36,1,1033,100,5,296353611234.7112
1084,51,36,2,1033,100,5,319255462278.3737
1084,51,37,1,1033,100,5,319306117474.3737
1084,51,37,2,1033,100,5,343362763401.0
1084,51,38,1,1033,100,5,343420697690.00006
1084,51,38,2,1033,100,5,368660535095.5905
1084,51,39,1,1033,100,5,368726561645.59045
1084,51,39,2,1033,100,5,395177987126.1453
1084,51,40,1,1033,100,5,395252985349.1453
1084,51,40,2,1033,100,5,422944395500.6649
1084,51,41,1,1033,100,5,423029314552.665
1084,51,41,2,1033,100,5,451989105971.1496
1084,51,42,1,1033,100,5,452084968342.14954
1084,51,42,2,1033,100,5,482341537623.5995
1084,51,43,1,1033,100,5,482449442817.5994
1084,51,43,2,1033,100,5,514031186558.01495
1084,51,44,1,1033,100,5,514152314863.01495
1084,51,44,2,1033,100,5,547087629658.3963
1084,51,45,1,1033,100,5,547223246006.3963
1084,51,45,2,1033,100,5,581540528452.7438
1084,51,46,1,1033,100,5,581691986369.7438
1084,51,46,2,1033,100,5,617419633063.0577
1084,51,47,1,1033,100,5,617588378709.0576
1084,51,47,2,1033,100,5,654754786245.3383
1084,51,48,1,1033,100,5,654942362544.3383
1084,51,48,2,1033,100,5,693575927519.5857
1084,51,49,1,1033,100,5,693783978379.5858
1084,51,49,2,1033,100,5,733913097389.8005
1084,51,50,1,1033,100,5,734143372012.8004
1084,51,50,2,1033,100,5,775796441653.9827
1084,51,51,1,1033,100,5,776050798935.9827
1084,51,51,2,1033,100,5,819256215804.1326
1084,51,52,1,1033,100,5,819536628825.1327
1084,51,52,2,1033,100,5,864322789516.2505
1084,51,53,1,1033,100,5,864631350120.2504
1084,51,53,2,1033,100,5,911026651230.3365
1084,51,54,1,1033,100,5,911365574695.3367
1084,51,54,2,1033,100,5,959398412820.3911
1084,51,55,1,1033,100,5,959770042618.3912
1084,51,55,2,1033,100,5,1009468814354.4146
1084,51,56,1,1033,100,5,1009875627001.4144
1084,51,56,2,1033,100,5,1061268728944.4067
1084,51,57,1,1033,100,5,1061713338940.4067
1084,51,57,2,1033,100,5,1114829167686.3682
1084,51,58,1,1033,100,5,1115314332545.3682
1084,51,58,2,1033,100,5,1170181284690.299
1084,51,59,1,1033,100,5,1170709910060.2993
1084,51,59,2,1033,100,5,1227356382200.2
1084,51,60,1,1033,100,5,1227931527073.1997
1084,51,60,2,1033,100,5,1286385915804.0703
1084,51,61,1,1033,100,5,1287010797816.07
1084,51,61,2,1033,100,5,1347301499733.911
1084,51,62,1,1033,100,5,1347979500554.911
1084,51,62,2,1033,100,5,1410134912255.722
1084,51,63,1,1033,100,5,1410869583069.7217
1084,51,63,2,1033,100,5,1474918101149.5034
1084,51,64,1,1033,100,5,1475713168224.5032
1084,51,64,2,1033,100,5,1541683189279.2556
1084,51,65,1,1033,100,5,1542542559627.2559
1084,51,65,2,1033,100,5,1610462480252.9792
1084,51,66,1,1033,100,5,1611390247379.979
1084,51,66,2,1033,100,5,1681288464172.6738
1084,51,67,1,1033,100,5,1682288913918.6736
1084,51,67,2,1033,100,5,1754193823474.3396
1084,51,68,1,1033,100,5,1755271439943.3398
1084,51,68,2,1033,100,5,1829211438857.9775
1084,51,69,1,1033,100,5,1830370910437.9775
1084,51,69,2,1033,100,5,1906374395307.587
1084,51,70,1,1033,100,5,1907620620780.587
1084,51,70,2,1033,100,5,1985715988201.1687
1084,51,71,1,1033,100,5,1987054082943.1687
1084,51,71,2,1033,100,5,2067269729510.723
1084,51,72,1,1033,100,5,2068705031781.7227
1084,51,72,2,1033,100,5,2151069354092.249
1084,51,73,1,1033,100,5,2152607431416.249
1084,51,73,2,1033,100,5,2237148826065.7485
1084,51,74,1,1033,100,5,2238795481700.748
1084,51,74,2,1033,100,5,2325542345285.22
1084,51,75,1,1033,100,5,2327303624783.22
1084,51,75,2,1033,100,5,2416284353898.665
1084,51,76,1,1033,100,5,2418166551755.6655
1084,51,76,2,1033,100,5,2509409542998.0835
1084,51,77,1,1033,100,5,2511419209394.0835
1084,51,77,2,1033,100,5,2604952859359.475
1084,51,78,1,1033,100,5,2607096806988.4756
1084,51,78,2,1033,100,5,2702949512272.841
1084,51,79,1,1033,100,5,2705234823262.841
1084,51,79,2,1033,100,5,2803434980462.18
1084,51,80,1,1033,100,5,2805869013385.1797
1084,51,80,2,1033,100,5,2906445019095.493
1084,51,81,1,1033,100,5,2909035416067.493
1084,51,81,2,1033,100,5,3012015666884.781
1084,51,82,1,1033,100,5,3014770360755.781
1084,51,82,2,1033,100,5,3120183253276.043
1084,51,83,1,1033,100,5,3123110474910.0425
1084,51,83,2,1033,100,5,3230984405729.279
1084,51,84,1,1033,100,5,3234092691374.2793
1084,51,84,2,1033,100,5,3344456057088.49
1084,51,85,1,1033,100,5,3347754255836.49
1084,51,85,2,1033,100,5,3460635453041.6763
1084,51,86,1,1033,100,5,3464132734378.6763
1084,51,86,2,1033,100,5,3579560159670.8374
1084,51,87,1,1033,100,5,3583266021116.8374
1084,51,87,2,1033,100,5,3701268071091.974
1084,51,88,1,1033,100,5,3705192345930.974
1084,51,88,2,1033,100,5,3825797417185.086
1084,51,89,1,1033,100,5,3829950282285.0854
1084,51,89,2,1033,100,5,3953186771414.1733
1084,51,90,1,1033,100,5,3957578755137.1733
1084,51,90,2,1033,100,5,4083475058737.2363
1084,51,91,1,1033,100,5,4088117048939.237
1084,51,91,2,1033,100,5,4216701563606.276
1084,51,92,1,1033,100,5,4221604815727.276
1084,51,92,2,1033,100,5,4352905938057.291
1084,51,93,1,1033,100,5,4358082083301.291
1084,51,93,2,1033,100,5,4492128209890.283
1084,51,94,1,1033,100,5,4497589263495.282
1084,51,94,2,1033,100,5,4634408790939.25
1084,51,95,1,1033,100,5,4640167160537.251
1084,51,95,2,1033,100,5,4779788485432.195
1084,51,96,1,1033,100,5,4785856979499.195
1084,51,96,2,1033,100,5,4928308498441.116
1084,51,97,1,1033,100,5,4934700334837.116
1084,51,97,2,1033,100,5,5080010444422.015
1084,51,98,1,1033,100,5,5086739259021.015
1084,51,98,2,1033,100,5,5234936355844.89
1084,51,99,1,1033,100,5,5242016211254.89
1084,51,99,2,1033,100,5,5393128691913.742
1084,51,100,1,1033,100,5,5400574086286.742
1084,51,100,2,1033,100,5,5554630347376.571
1084,51,101,1,1033,100,5,5562456223308.572
1084,51,101,2,1033,100,5,5719484661425.38
1084,51,102,1,1033,100,5,5727706414946.379
1084,51,102,2,1033,100,5,5887735426686.164
1124,52,1,1,1072,102,5,1506636046.3490927
1124,52,1,2,1072,102,5,1908525474.6816428
1124,52,2,1,1072,102,5,1908526765.681643
1124,52,2,2,1072,102,5,2483382536.9646363
1124,52,3,1,1072,102,5,2483384110.9646363
1124,52,3,2,1072,102,5,3261729701.198546
1124,52,4,1,1072,102,5,3261731886.198546
1124,52,4,2,1072,102,5,4274090771.383838
1124,52,5,1,1072,102,5,4274094339.383838
1124,52,5,2,1072,102,5,5550989995.520973
1124,52,6,1,1072,102,5,5550996512.520973
1124,52,6,2,1072,102,5,7122952415.610403
1124,52,7,1,1072,102,5,7122964681.610403
1124,52,7,2,1072,102,5,9020504307.652576
1124,52,8,1,1072,102,5,9020526886.652575
1124,52,8,2,1072,102,5,11274173711.647932
1124,52,9,1,1072,102,5,11274213551.647932
1124,52,9,2,1072,102,5,13914491051.596907
1124,52,10,1,1072,102,5,13914558194.596907
1124,52,10,2,1072,102,5,16971989845.499926
1124,52,11,1,1072,102,5,16972098227.499926
1124,52,11,2,1072,102,5,20477207505.357418
1124,52,12,1,1072,102,5,20477375846.357414
1124,52,12,2,1072,102,5,24460686227.16979
1124,52,13,1,1072,102,5,24460939011.16979
1124,52,13,2,1072,102,5,28952973970.937458
1124,52,14,1,1072,102,5,28953342515.93746
1124,52,14,2,1072,102,5,33984625530.66083
1124,52,15,1,1072,102,5,33985149148.66083
1124,52,15,2,1072,102,5,39586203694.34031
1124,52,16,1,1072,102,5,39586930941.34031
1124,52,16,2,1072,102,5,45788280493.97628
1124,52,17,1,1072,102,5,45789270509.97628
1124,52,17,2,1072,102,5,52621438545.56913
1124,52,18,1,1072,102,5,52622762484.56914
1124,52,18,2,1072,102,5,60116272479.11926
1124,52,19,1,1072,102,5,60118015029.11926
1124,52,19,2,1072,102,5,68303390458.62704
1124,52,20,1,1072,102,5,68305651451.62704
1124,52,20,2,1072,102,5,77213415792.09285
1124,52,21,1,1072,102,5,77216311904.09283
1124,52,21,2,1072,102,5,86876988631.51703
1124,52,22,1,1072,102,5,86880655172.51701
1124,52,22,2,1072,102,5,97324767762.89998
1124,52,23,1,1072,102,5,97329360556.89998
1124,52,23,2,1072,102,5,108587432486.24205
1124,52,24,1,1072,102,5,108593129841.24203
1124,52,24,2,1072,102,5,120695684585.54358
1124,52,25,1,1072,102,5,120702689353.54356
1124,52,25,2,1072,102,5,133680250388.80492
1124,52,26,1,1072,102,5,133688792115.80493
1124,52,26,2,1072,102,5,147571882918.02643
1124,52,27,1,1072,102,5,147582220084.02643
1124,52,27,2,1072,102,5,162401364129.20847
1124,52,28,1,1072,102,5,162413786478.20847
1124,52,28,2,1072,102,5,178199507242.35135
1124,52,29,1,1072,102,5,178214338202.35135
1124,52,29,2,1072,102,5,194997159161.45538
1124,52,30,1,1072,102,5,195014758354.45538
1124,52,30,2,1072,102,5,212825202984.52094
1124,52,31,1,1072,102,5,212845968826.52097
1124,52,31,2,1072,102,5,231714560603.54834
1124,52,32,1,1072,102,5,231738932994.5483
1124,52,32,2,1072,102,5,251696195394.53784
1124,52,33,1,1072,102,5,251724658498.53784
1124,52,33,2,1072,102,5,272801114997.48987
1124,52,34,1,1072,102,5,272834200112.48987
1124,52,34,2,1072,102,5,295060374186.4046
1124,52,35,1,1072,102,5,295098662704.40466
1124,52,35,2,1072,102,5,318505077829.28253
1124,52,36,1,1072,102,5,318549204286.2825
1124,52,36,2,1072,102,5,343166383938.1237
1124,52,37,1,1072,102,5,343217039154.1237
1124,52,37,2,1072,102,5,369075506808.92865
1124,52,38,1,1072,102,5,369133441117.9287
1124,52,38,2,1072,102,5,396263720251.69763
1124,52,39,1,1072,102,5,396329746821.69763
1124,52,39,2,1072,102,5,424762360910.4308
1124,52,40,1,1072,102,5,424837359153.4308
1124,52,40,2,1072,102,5,454602831673.1286
1124,52,41,1,1072,102,5,454687750745.1286
1124,52,41,2,1072,102,5,485816605171.79126
1124,52,42,1,1072,102,5,485912467562.79126
1124,52,42,2,1072,102,5,518435227372.419
1124,52,43,1,1072,102,5,518543132586.419
1124,52,43,2,1072,102,5,552490321255.0123
1124,52,44,1,1072,102,5,552611449580.0122
1124,52,44,2,1072,102,5,588013590583.571
1124,52,45,1,1072,102,5,588149206951.571
1124,52,45,2,1072,102,5,625036823766.096
1124,52,46,1,1072,102,5,625188281703.0961
1124,52,46,2,1072,102,5,663591897804.587
1124,52,47,1,1072,102,5,663760643470.587
1124,52,47,2,1072,102,5,703710782335.0446
1124,52,48,1,1072,102,5,703898358654.0447
1124,52,48,2,1072,102,5,745425543757.469
1124,52,49,1,1072,102,5,745633594637.4691
1124,52,49,2,1072,102,5,788768349455.8605
1124,52,50,1,1072,102,5,788998624098.8605
1124,52,50,2,1072,102,5,833771472108.2191
1124,52,51,1,1072,102,5,834025829410.2191
1124,52,51,2,1072,102,5,880467294086.5454
1124,52,52,1,1072,102,5,880747707127.5454
1124,52,52,2,1072,102,5,928888311946.8395
1124,52,53,1,1072,102,5,929196872570.8394
1124,52,53,2,1072,102,5,979067141009.1014
1124,52,54,1,1072,102,5,979406064494.1014
1124,52,54,2,1072,102,5,1031036520027.3318
1124,52,55,1,1072,102,5,1031408149845.3318
1124,52,55,2,1072,102,5,1084829315949.5306
1124,52,56,1,1072,102,5,1085236128616.5306
1124,52,56,2,1072,102,5,1140478528767.6982
1124,52,57,1,1072,102,5,1140923138783.6982
1124,52,57,2,1072,102,5,1198017296457.835
1124,52,58,1,1072,102,5,1198502461336.8347
1124,52,58,2,1072,102,5,1257478900009.9407
1124,52,59,1,1072,102,5,1258007525399.941
1124,52,59,2,1072,102,5,1318896768548.016
1124,52,60,1,1072,102,5,1319471913441.016
1124,52,60,2,1072,102,5,1382304484540.061
1124,52,61,1,1072,102,5,1382929366572.061
1124,52,61,2,1072,102,5,1447735789098.076
1124,52,62,1,1072,102,5,1448413789939.0762
1124,52,62,2,1072,102,5,1515224587368.0613
1124,52,63,1,1072,102,5,1515959258202.0613
1124,52,63,2,1072,102,5,1584804954010.0166
1124,52,64,1,1072,102,5,1585600021105.0166
1124,52,64,2,1072,102,5,1656511138767.9426
1124,52,65,1,1072,102,5,1657370509135.9429
1124,52,65,2,1072,102,5,1730377572129.8396
1124,52,66,1,1072,102,5,1731305339276.8396
1124,52,66,2,1072,102,5,1806438871077.7075
1124,52,67,1,1072,102,5,1807439320843.7075
1124,52,67,2,1072,102,5,1884729844927.5466
1124,52,68,1,1072,102,5,1885807461416.5466
1124,52,68,2,1072,102,5,1965285501259.3572
1124,52,69,1,1072,102,5,1966444972859.3572
1124,52,69,2,1072,102,5,2048141051937.1394
1124,52,70,1,1072,102,5,2049387277430.1394
1124,52,70,2,1072,102,5,2133331919218.8933
1124,52,71,1,1072,102,5,2134670013980.8936
1124,52,71,2,1072,102,5,2220893741956.6196
1124,52,72,1,1072,102,5,2222329044247.6196
1124,52,72,2,1072,102,5,2310862381886.318
1124,52,73,1,1072,102,5,2312400459230.3184
1124,52,73,2,1072,102,5,2403273930007.9893
1124,52,74,1,1072,102,5,2404920585662.989
1124,52,74,2,1072,102,5,2498164713055.6323
1124,52,75,1,1072,102,5,2499925992573.6323
1124,52,75,2,1072,102,5,2595571300057.249
1124,52,76,1,1072,102,5,2597453497934.249
1124,52,76,2,1072,102,5,2695530508984.8384
1124,52,77,1,1072,102,5,2697540175400.838
1124,52,77,2,1072,102,5,2798079413494.401
1124,52,78,1,1072,102,5,2800223361143.401
1124,52,78,2,1072,102,5,2903255349755.9365
1124,52,79,1,1072,102,5,2905540660765.937
1124,52,79,2,1072,102,5,3011095923373.447
1124,52,80,1,1072,102,5,3013529956316.4463
1124,52,80,2,1072,102,5,3121639016394.9297
1124,52,81,1,1072,102,5,3124229413386.9297
1124,52,81,2,1072,102,5,3234922794412.387
1124,52,82,1,1072,102,5,3237677488303.387
1124,52,82,2,1072,102,5,3350985713751.819
1124,52,83,1,1072,102,5,3353912935405.819
1124,52,83,2,1072,102,5,3469866528753.2246
1124,52,84,1,1072,102,5,3472974814418.2246
1124,52,84,2,1072,102,5,3591604299140.605
1124,52,85,1,1072,102,5,3594902497908.605
1124,52,85,2,1072,102,5,3716238397481.9604
1124,52,86,1,1072,102,5,3719735678838.96
1124,52,86,2,1072,102,5,3843808516739.29
1124,52,87,1,1072,102,5,3847514378205.29
1124,52,87,2,1072,102,5,3974354677908.5947
1124,52,88,1,1072,102,5,3978278952767.595
1124,52,88,2,1072,102,5,4107917237749.8755
1124,52,89,1,1072,102,5,4112070102869.875
1124,52,89,2,1072,102,5,4244536896607.1304
1124,52,90,1,1072,102,5,4248928880350.131
1124,52,90,2,1072,102,5,4384254706318.362
1124,52,91,1,1072,102,5,4388896696540.362
1124,52,91,2,1072,102,5,4527112078215.568
1124,52,92,1,1072,102,5,4532015330356.568
1124,52,92,2,1072,102,5,4673150791214.751
1124,52,93,1,1072,102,5,4678326936478.751
1124,52,93,2,1072,102,5,4822412999995.91
1124,52,94,1,1072,102,5,4827874053620.909
1124,52,94,2,1072,102,5,4974941243273.044
1124,52,95,1,1072,102,5,4980699612891.045
1124,52,95,2,1072,102,5,5130778452154.155
1124,52,96,1,1072,102,5,5136846946241.155
1124,52,96,2,1072,102,5,5289967958591.243
1124,52,97,1,1072,102,5,5296359795007.243
1124,52,97,2,1072,102,5,5452553503920.308
1124,52,98,1,1072,102,5,5459282318539.308
1124,52,98,2,1072,102,5,5618579247491.349
1124,52,99,1,1072,102,5,5625659102921.349
1124,52,99,2,1072,102,5,5788089775388.366
1124,52,100,1,1072,102,5,5795535169781.366
1124,52,100,2,1072,102,5,5961130109239.361
1124,52,101,1,1072,102,5,5968955985191.362
1124,52,101,2,1072,102,5,6137745715116.334
1124,52,102,1,1072,102,5,6145967468657.334
1124,52,102,2,1072,102,5,6317982512525.283
1124,52,103,1,1072,102,5,6326616002199.283
1124,52,103,2,1072,102,5,6501886883486.211
1124,52,104,1,1072,102,5,6510948439521.211
1124,52,104,2,1072,102,5,6689505681703.116
1125,53,1,1,1072,104,5,1529708847.383838
1125,53,1,2,1072,104,5,1932311334.5209727
1125,53,2,1,1072,104,5,1932312645.520973
1125,53,2,2,1072,104,5,2508188359.610403
1125,53,3,1,1072,104,5,2508189953.610403
1125,53,3,2,1072,104,5,3287916526.6525764
1125,53,4,1,1072,104,5,3287918731.6525764
1125,53,4,2,1072,104,5,4302073795.647932
1125,53,5,1,1072,104,5,4302077383.647932
1125,53,5,2,1072,104,5,5581238570.596907
1125,53,6,1,1072,104,5,5581245107.596907
1125,53,6,2,1072,104,5,7155990049.499926
1125,53,7,1,1072,104,5,7156002335.499926
1125,53,7,2,1072,104,5,9056908664.357416
1125,53,8,1,1072,104,5,9056931263.357414
1125,53,8,2,1072,104,5,11314576611.169788
1125,53,9,1,1072,104,5,11314616471.169788
1125,53,9,2,1072,104,5,13959578469.93746
1125,53,10,1,1072,104,5,13959645632.93746
1125,53,10,2,1072,104,5,17022501914.660833
1125,53,11,1,1072,104,5,17022610316.660831
1125,53,11,2,1072,104,5,20533938513.34031
1125,53,12,1,1072,104,5,20534106874.34031
1125,53,12,2,1072,104,5,24524484617.97628
1125,53,13,1,1072,104,5,24524737421.976276
1125,53,13,2,1072,104,5,29024742344.569134
1125,53,14,1,1072,104,5,29025110909.569138
1125,53,14,2,1072,104,5,34065320643.119263
1125,53,15,1,1072,104,5,34065844281.119263
1125,53,15,2,1072,104,5,39676836457.62704
1125,53,16,1,1072,104,5,39677563724.62704
1125,53,16,2,1072,104,5,45889915976.09284
1125,53,17,1,1072,104,5,45890906012.092834
1125,53,17,2,1072,104,5,52735195970.51702
1125,53,18,1,1072,104,5,52736519929.51703
1125,53,18,2,1072,104,5,60243325226.89998
1125,53,19,1,1072,104,5,60245067796.89998
1125,53,19,2,1072,104,5,68444966065.24204
1125,53,20,1,1072,104,5,68447227078.242035
1125,53,20,2,1072,104,5,77370795949.54358
1125,53,21,1,1072,104,5,77373692081.54358
1125,53,21,2,1072,104,5,87051509187.80493
1125,53,22,1,1072,104,5,87055175748.80492
1125,53,22,2,1072,104,5,97517818722.02644
1125,53,23,1,1072,104,5,97522411536.02644
1125,53,23,2,1072,104,5,108800458008.20848
1125,53,24,1,1072,104,5,108806155383.20847
1125,53,24,2,1072,104,5,120930182986.35135
1125,53,25,1,1072,104,5,120937187774.35133
1125,53,25,2,1072,104,5,133937774140.45538
1125,53,26,1,1072,104,5,133946315887.4554
1125,53,26,2,1072,104,5,147854038648.52094
1125,53,27,1,1072,104,5,147864375834.52094
1125,53,27,2,1072,104,5,162709812622.54834
1125,53,28,1,1072,104,5,162722234991.54834
1125,53,28,2,1072,104,5,178535963438.53787
1125,53,29,1,1072,104,5,178550794418.53784
1125,53,29,2,1072,104,5,195363392156.48984
1125,53,30,1,1072,104,5,195380991369.48987
1125,53,30,2,1072,104,5,213223036030.40463
1125,53,31,1,1072,104,5,213243801892.40463
1125,53,31,2,1072,104,5,232145871108.2825
1125,53,32,1,1072,104,5,232170243519.28247
1125,53,32,2,1072,104,5,252162914922.12372
1125,53,33,1,1072,104,5,252191378046.12372
1125,53,33,2,1072,104,5,273305229267.92868
1125,53,34,1,1072,104,5,273338314402.92868
1125,53,34,2,1072,104,5,295603923075.6976
1125,53,35,1,1072,104,5,295642211613.69763
1125,53,35,2,1072,104,5,319090155369.43085
1125,53,36,1,1072,104,5,319134281846.4308
1125,53,36,2,1072,104,5,343795138317.1286
1125,53,37,1,1072,104,5,343845793553.1286
1125,53,37,2,1072,104,5,369750140370.7912
1125,53,38,1,1072,104,5,369808074699.79126
1125,53,38,2,1072,104,5,396986489496.419
1125,53,39,1,1072,104,5,397052516086.419
1125,53,39,2,1072,104,5,425535576494.0122
1125,53,40,1,1072,104,5,425610574757.0122
1125,53,40,2,1072,104,5,455428858407.5711
1125,53,41,1,1072,104,5,455513777499.5711
1125,53,41,2,1072,104,5,486697862025.096
1125,53,42,1,1072,104,5,486793724436.09595
1125,53,42,2,1072,104,5,519374187468.58704
1125,53,43,1,1072,104,5,519482092702.58704
1125,53,43,2,1072,104,5,553489511874.0447
1125,53,44,1,1072,104,5,553610640219.0447
1125,53,44,2,1072,104,5,589075593161.469
1125,53,45,1,1072,104,5,589211209549.469
1125,53,45,2,1072,104,5,626164273894.8605
1125,53,46,1,1072,104,5,626315731851.8605
1125,53,46,2,1072,104,5,664787485232.2191
1125,53,47,1,1072,104,5,664956230918.2191
1125,53,47,2,1072,104,5,704977250965.5453
1125,53,48,1,1072,104,5,705164827304.5454
1125,53,48,2,1072,104,5,746765691650.8394
1125,53,49,1,1072,104,5,746973742550.8395
1125,53,49,2,1072,104,5,790185028828.1014
1125,53,50,1,1072,104,5,790415303491.1014
1125,53,50,2,1072,104,5,835267589331.3317
1125,53,51,1,1072,104,5,835521946653.3318
1125,53,51,2,1072,104,5,882045809688.5306
1125,53,52,1,1072,104,5,882326222749.5306
1125,53,52,2,1072,104,5,930552240611.6984
1125,53,53,1,1072,104,5,930860801255.6982
1125,53,53,2,1072,104,5,980819551576.8348
1125,53,54,1,1072,104,5,981158475081.8348
1125,53,54,2,1072,104,5,1032880535493.9407
1125,53,55,1,1072,104,5,1033252165331.9408
1125,53,55,2,1072,104,5,1086768113467.0161
1125,53,56,1,1072,104,5,1087174926154.016
1125,53,56,2,1072,104,5,1142515339644.0613
1125,53,57,1,1072,104,5,1142959949680.061
1125,53,57,2,1072,104,5,1200155406157.0762
1125,53,58,1,1072,104,5,1200640571056.076
1125,53,58,2,1072,104,5,1259721648152.061
1125,53,59,1,1072,104,5,1260250273562.0613
1125,53,59,2,1072,104,5,1321247548909.0168
1125,53,60,1,1072,104,5,1321822693822.0166
1125,53,60,2,1072,104,5,1384766745051.9429
1125,53,61,1,1072,104,5,1385391627103.9426
1125,53,61,2,1072,104,5,1450313031848.8396
1125,53,62,1,1072,104,5,1450991032709.8396
1125,53,62,2,1072,104,5,1517920368601.7078
1125,53,63,1,1072,104,5,1518655039455.7075
1125,53,63,2,1072,104,5,1587622884126.5466
1125,53,64,1,1072,104,5,1588417951241.5466
1125,53,64,2,1072,104,5,1659454882323.3572
1125,53,65,1,1072,104,5,1660314252711.3572
1125,53,65,2,1072,104,5,1733450847836.1394
1125,53,66,1,1072,104,5,1734378615003.1394
1125,53,66,2,1072,104,5,1809645451802.8936
1125,53,67,1,1072,104,5,1810645901588.8933
1125,53,67,2,1072,104,5,1888073557695.6196
1125,53,68,1,1072,104,5,1889151174204.6199
1125,53,68,2,1072,104,5,1968770227250.318
1125,53,69,1,1072,104,5,1969929698870.318
1125,53,69,2,1072,104,5,2051770726486.9888
1125,53,70,1,1072,104,5,2053016951999.9888
1125,53,70,2,1072,104,5,2137110531819.6323
1125,53,71,1,1072,104,5,2138448626601.6326
1125,53,71,2,1072,104,5,2224825336256.2485
1125,53,72,1,1072,104,5,2226260638567.249
1125,53,72,2,1072,104,5,2314951055688.838
1125,53,73,1,1072,104,5,2316489133052.8384
1125,53,73,2,1072,104,5,2407523835273.401
1125,53,74,1,1072,104,5,2409170490948.401
1125,53,74,2,1072,104,5,2502580055899.9365
1125,53,75,1,1072,104,5,2504341335437.9365
1125,53,75,2,1072,104,5,2600156340752.4463
1125,53,76,1,1072,104,5,2602038538649.447
1125,53,76,2,1072,104,5,2700289561958.93
1125,53,77,1,1072,104,5,2702299228394.9297
1125,53,77,2,1072,104,5,2803016847331.387
1125,53,78,1,1072,104,5,2805160795000.387
1125,53,78,2,1072,104,5,2908375587195.819
1125,53,79,1,1072,104,5,2910660898225.819
1125,53,79,2,1072,104,5,3016403441312.225
1125,53,80,1,1072,104,5,3018837474275.2246
1125,53,80,2,1072,104,5,3127138345884.605
1125,53,81,1,1072,104,5,3129728742896.605
1125,53,81,2,1072,104,5,3240618520660.96
1125,53,82,1,1072,104,5,3243373214571.9604
1125,53,82,2,1072,104,5,3356882476123.2905
1125,53,83,1,1072,104,5,3359809697797.29
1125,53,83,2,1072,104,5,3475969020767.5947
1125,53,84,1,1072,104,5,3479077306452.595
1125,53,84,2,1072,104,5,3597917268473.875
1125,53,85,1,1072,104,5,3601215467261.8755
1125,53,85,2,1072,104,5,3722766645966.131
1125,53,86,1,1072,104,5,3726263927343.1304
1125,53,86,2,1072,104,5,3850556900362.362
1125,53,87,1,1072,104,5,3854262761848.362
1125,53,87,2,1072,104,5,3981328106814.5684
1125,53,88,1,1072,104,5,3985252381693.569
1125,53,88,2,1072,104,5,4115120676238.7515
1125,53,89,1,1072,104,5,4119273541378.751
1125,53,89,2,1072,104,5,4251975363134.9097
1125,53,90,1,1072,104,5,4256367346897.9097
1125,53,90,2,1072,104,5,4391933273497.0444
1125,53,91,1,1072,104,5,4396575263739.0444
1125,53,91,2,1072,104,5,4535035872813.155
1125,53,92,1,1072,104,5,4539939124974.155
1125,53,92,2,1072,104,5,4681324994155.243
1125,53,93,1,1072,104,5,4686501139439.243
1125,53,93,2,1072,104,5,4830842846359.308
1125,53,94,1,1072,104,5,4836303900004.308
1125,53,94,2,1072,104,5,4983632022295.349
1125,53,95,1,1072,104,5,4989390391933.349
1125,53,95,2,1072,104,5,5139735507227.366
1125,53,96,1,1072,104,5,5145804001334.366
1125,53,96,2,1072,104,5,5299196687263.361
1125,53,97,1,1072,104,5,5305588523699.361
1125,53,97,2,1072,104,5,5462059357895.334
1125,53,98,1,1072,104,5,5468788172534.334
1125,53,98,2,1072,104,5,5628367732629.284
1125,53,99,1,1072,104,5,5635447588079.283
1125,53,99,2,1072,104,5,5798166451705.211
1125,53,100,1,1072,104,5,5805611846118.211
1125,53,100,2,1072,104,5,5971500590907.116
1125,53,101,1,1072,104,5,5979326466879.116
1125,53,101,2,1072,104,5,6148415670462.999
1125,53,102,1,1072,104,5,6156637424023.999
1125,53,102,2,1072,104,5,6328957664034.859
1125,53,103,1,1072,104,5,6337591153728.859
1125,53,103,2,1072,104,5,6513173007798.698
1125,53,104,1,1072,104,5,6522234563853.699
1125,53,104,2,1072,104,5,6701108609614.517
1125,53,105,1,1072,104,5,6710615043202.516
1125,53,105,2,1072,104,5,6892811858286.312
1125,53,106,1,1072,104,5,6902780470873.312
1125,53,106,2,1072,104,5,7088330632912.085
1175,54,1,1,1121,106,5,1690440392.970459
1175,54,1,2,1121,106,5,2129501238.37419
1175,54,2,1,1121,106,5,2129502569.37419
1175,54,2,2,1121,106,5,2757527641.7298665
1175,54,3,1,1121,106,5,2757529255.729867
1175,54,3,2,1121,106,5,3607865187.0379305
1175,54,4,1,1121,106,5,3607867412.037931
1175,54,4,2,1121,106,5,4713860834.298818
1175,54,5,1,1121,106,5,4713864442.298819
1175,54,5,2,1121,106,5,6108861987.5129595
1175,54,6,1,1121,106,5,6108868544.512959
1175,54,6,2,1121,106,5,7826216844.680777
1175,54,7,1,1121,106,5,7826229150.680777
1175,54,7,2,1121,106,5,9899274837.80269
1175,54,8,1,1121,106,5,9899297456.80269
1175,54,8,2,1121,106,5,12361387162.87911
1175,54,9,1,1121,106,5,12361427042.879112
1175,54,9,2,1121,106,5,15245907399.910448
1175,54,10,1,1121,106,5,15245974582.910448
1175,54,10,2,1121,106,5,18586192222.8971
1175,54,11,1,1121,106,5,18586300644.897102
1175,54,11,2,1121,106,5,22415602199.83947
1175,54,12,1,1121,106,5,22415770580.83947
1175,54,12,2,1121,106,5,26767502682.737938
1175,54,13,1,1121,106,5,26767755506.737938
1175,54,13,2,1121,106,5,31675264787.5929
1175,54,14,1,1121,106,5,31675633372.5929
1175,54,14,2,1121,106,5,37172266464.40473
1175,54,15,1,1121,106,5,37172790122.40473
1175,54,15,2,1121,106,5,43291893657.17381
1175,54,16,1,1121,106,5,43292620944.17381
1175,54,16,2,1121,106,5,50067541553.900505
1175,54,17,1,1121,106,5,50068531609.900505
1175,54,17,2,1121,106,5,57532615926.58518
1175,54,18,1,1121,106,5,57533939905.58519
1175,54,18,2,1121,106,5,65720534561.22821
1175,54,19,1,1121,106,5,65722277151.22822
1175,54,19,2,1121,106,5,74664728777.82994
1175,54,20,1,1121,106,5,74666989810.82994
1175,54,20,2,1121,106,5,84398645040.39073
1175,54,21,1,1121,106,5,84401541192.39072
1175,54,21,2,1121,106,5,94955746656.9109
1175,54,22,1,1121,106,5,94959413237.9109
1175,54,22,2,1121,106,5,106369515569.39082
1175,54,23,1,1121,106,5,106374108403.39084
1175,54,23,2,1121,106,5,118673454233.83086
1175,54,24,1,1121,106,5,118679151628.83084
1175,54,24,2,1121,106,5,131901087590.2313
1175,54,25,1,1121,106,5,131908092398.23128
1175,54,25,2,1121,106,5,146085965122.59247
1175,54,26,1,1121,106,5,146094506889.59244
1175,54,26,2,1121,106,5,161261663008.9147
1175,54,27,1,1121,106,5,161272000214.91473
1175,54,27,2,1121,106,5,177461786361.19836
1175,54,28,1,1121,106,5,177474208750.1984
1175,54,28,2,1121,106,5,194719971555.44376
1175,54,29,1,1121,106,5,194734802555.44376
1175,54,29,2,1121,106,5,213069888651.65115
1175,54,30,1,1121,106,5,213087487884.65115
1175,54,30,2,1121,106,5,232545243903.82092
1175,54,31,1,1121,106,5,232566009785.82092
1175,54,31,2,1121,106,5,253179782359.9533
1175,54,32,1,1121,106,5,253204154790.95328
1175,54,32,2,1121,106,5,275007290552.04865
1175,54,33,1,1121,106,5,275035753696.04865
1175,54,33,2,1121,106,5,298061599276.10724
1175,54,34,1,1121,106,5,298094684431.10724
1175,54,34,2,1121,106,5,322376586462.12933
1175,54,35,1,1121,106,5,322414875020.1294
1175,54,35,2,1121,106,5,347986180134.1154
1175,54,36,1,1121,106,5,348030306631.11536
1175,54,36,2,1121,106,5,374924361460.0655
1175,54,37,1,1121,106,5,374975016716.0655
1175,54,37,2,1121,106,5,403225167891.98
1175,54,38,1,1121,106,5,403283102240.98004
1175,54,38,2,1121,106,5,432922696395.85925
1175,54,39,1,1121,106,5,432988723005.85925
1175,54,39,2,1121,106,5,464051106771.7034
1175,54,40,1,1121,106,5,464126105054.7034
1175,54,40,2,1121,106,5,496644625063.5129
1175,54,41,1,1121,106,5,496729544175.5129
1175,54,41,2,1121,106,5,530737547059.28784
1175,54,42,1,1121,106,5,530833409490.28784
1175,54,42,2,1121,106,5,566364241881.0286
1175,54,43,1,1121,106,5,566472147135.0287
1175,54,43,2,1121,106,5,603559155664.7355
1175,54,44,1,1121,106,5,603680284029.7354
1175,54,44,2,1121,106,5,642356815330.4084
1175,54,45,1,1121,106,5,642492431738.4084
1175,54,45,2,1121,106,5,682791832442.0482
1175,54,46,1,1121,106,5,682943290419.0482
1175,54,46,2,1121,106,5,724898907157.6548
1175,54,47,1,1121,106,5,725067652863.6547
1175,54,47,2,1121,106,5,768712832269.2284
1175,54,48,1,1121,106,5,768900408628.2284
1175,54,48,2,1121,106,5,814268497332.7693
1175,54,49,1,1121,106,5,814476548252.7694
1175,54,49,2,1121,106,5,861600892888.278
1175,54,50,1,1121,106,5,861831167571.2778
1175,54,50,2,1121,106,5,910745114769.7543
1175,54,51,1,1121,106,5,910999472111.7543
1175,54,51,2,1121,106,5,961736368505.1987
1175,54,52,1,1121,106,5,962016781586.1987
1175,54,52,2,1121,106,5,1014609973806.6116
1175,54,53,1,1121,106,5,1014918534470.6115
1175,54,53,2,1121,106,5,1069401369149.9928
1175,54,54,1,1121,106,5,1069740292674.9928
1175,54,54,2,1121,106,5,1126146116445.3428
1175,54,55,1,1121,106,5,1126517746303.3428
1175,54,55,2,1121,106,5,1184879905796.6619
1175,54,56,1,1121,106,5,1185286718503.662
1175,54,56,2,1121,106,5,1245638560351.9504
1175,54,57,1,1121,106,5,1246083170407.9504
1175,54,57,2,1121,106,5,1308458041243.2083
1175,54,58,1,1121,106,5,1308943206162.2083
1175,54,58,2,1121,106,5,1373374452616.4358
1175,54,59,1,1121,106,5,1373903078046.4358
1175,54,59,2,1121,106,5,1440424046751.6333
1175,54,60,1,1121,106,5,1440999191684.6333
1175,54,60,2,1121,106,5,1509643229272.8008
1175,54,61,1,1121,106,5,1510268111344.8008
1175,54,61,2,1121,106,5,1581068564447.9387
1175,54,62,1,1121,106,5,1581746565328.9387
1175,54,62,2,1121,106,5,1654736780579.0474
1175,54,63,1,1121,106,5,1655471451453.0474
1175,54,63,2,1121,106,5,1730684775482.1265
1175,54,64,1,1121,106,5,1731479842617.1265
1175,54,64,2,1121,106,5,1808949622057.1768
1175,54,65,1,1121,106,5,1809808992465.177
1175,54,65,2,1121,106,5,1889568573948.1985
1175,54,66,1,1121,106,5,1890496341135.1982
1175,54,66,2,1121,106,5,1972579071293.1912
1175,54,67,1,1121,106,5,1973579521099.1912
1175,54,67,2,1121,106,5,2058018746564.1555
1175,54,68,1,1121,106,5,2059096363093.1558
1175,54,68,2,1121,106,5,2145925430497.092
1175,54,69,1,1121,106,5,2147084902137.0918
1175,54,69,2,1121,106,5,2236337158112.0
1175,54,70,1,1121,106,5,2237583383645.0005
1175,54,70,2,1121,106,5,2329292174822.881
1175,54,71,1,1121,106,5,2330630269624.8804
1175,54,71,2,1121,106,5,2424828942637.7334
1175,54,72,1,1121,106,5,2426264244968.7334
1175,54,72,2,1121,106,5,2522986146448.559
1175,54,73,1,1121,106,5,2524524223832.559
1175,54,73,2,1121,106,5,2623802700411.3574
1175,54,74,1,1121,106,5,2625449356106.3574
1175,54,74,2,1121,106,5,2727317754416.1284
1175,54,75,1,1121,106,5,2729079033974.129
1175,54,75,2,1121,106,5,2833570700646.873
1175,54,76,1,1121,106,5,2835452898563.873
1175,54,76,2,1121,106,5,2942601180231.591
1175,54,77,1,1121,106,5,2944610846687.5903
1175,54,77,2,1121,106,5,3054449089982.2817
1175,54,78,1,1121,106,5,3056593037671.282
1175,54,78,2,1121,106,5,3169154589224.9473
1175,54,79,1,1121,106,5,3171439900274.9473
1175,54,79,2,1121,106,5,3286758106719.586
1175,54,80,1,1121,106,5,3289192139702.5854
1175,54,80,2,1121,106,5,3407300347670.1987
1175,54,81,1,1121,106,5,3409890744702.1987
1175,54,81,2,1121,106,5,3530822300824.786
1175,54,82,1,1121,106,5,3533576994755.786
1175,54,82,2,1121,106,5,3657365245665.3477
1175,54,83,1,1121,106,5,3660292467359.347
1175,54,83,2,1121,106,5,3786970759687.8833
1175,54,84,1,1121,106,5,3790079045392.884
1175,54,84,2,1121,106,5,3919680725772.3945
1175,54,85,1,1121,106,5,3922978924580.3945
1175,54,85,2,1121,106,5,4055537339642.8804
1175,54,86,1,1121,106,5,4059034621039.8804
1175,54,86,2,1121,106,5,4194583117417.3413
1175,54,87,1,1121,106,5,4198288978923.3413
1175,54,87,2,1121,106,5,4336860903247.7773
1175,54,88,1,1121,106,5,4340785178146.778
1175,54,88,2,1121,106,5,4482413877050.188
1175,54,89,1,1121,106,5,4486566742210.189
1175,54,89,2,1121,106,5,4631285562324.576
1175,54,90,1,1121,106,5,4635677546107.576
1175,54,90,2,1121,106,5,4783519834064.939
1175,54,91,1,1121,106,5,4788161824326.938
1175,54,91,2,1121,106,5,4939160926759.277
1175,54,92,1,1121,106,5,4944064178940.278
1175,54,92,2,1121,106,5,5098253442479.593
1175,54,93,1,1121,106,5,5103429587783.593
1175,54,93,2,1121,106,5,5260842359061.884
1175,54,94,1,1121,106,5,5266303412726.884
1175,54,94,2,1121,106,5,5426973038376.151
1175,54,95,1,1121,106,5,5432731408034.151
1175,54,95,2,1121,106,5,5596691234686.3955
1175,54,96,1,1121,106,5,5602759728813.395
1175,54,96,2,1121,106,5,5770043103100.615
1175,54,97,1,1121,106,5,5776434939556.615
1175,54,97,2,1121,106,5,5947075208110.8125
1175,54,98,1,1121,106,5,5953804022769.813
1175,54,98,2,1121,106,5,6127834532222.987
1175,54,99,1,1121,106,5,6134914387692.987
1175,54,99,2,1121,106,5,6312368484677.139
1175,54,100,1,1121,106,5,6319813879110.139
1175,54,100,2,1121,106,5,6500724910257.268
1175,54,101,1,1121,106,5,6508550786249.269
1175,54,101,2,1121,106,5,6692952098191.374
1175,54,102,1,1121,106,5,6701173851772.374
1175,54,102,2,1121,106,5,6889098791141.458
1175,54,103,1,1121,106,5,6897732280855.457
1175,54,103,2,1121,106,5,7089214194283.519
1175,54,104,1,1121,106,5,7098275750358.52
1175,54,104,2,1121,106,5,7293347984477.559
1175,54,105,1,1121,106,5,7302854418085.559
1175,54,105,2,1121,106,5,7501550319527.576
1175,54,106,1,1121,106,5,7511518932134.575
1175,54,106,2,1121,106,5,7713871847531.571
1175,54,107,1,1121,106,5,7724320440337.571
1175,54,107,2,1121,106,5,7930363716321.545
1175,54,108,1,1121,106,5,7941310599790.545
1175,54,108,2,1121,106,5,8151077582993.496
1165,55,1,1,1110,108,5,1683759146.7392402
1165,55,1,2,1110,108,5,2115401929.853153
1165,55,2,1,1110,108,5,2115403280.853153
1165,55,2,2,1110,108,5,2732817690.9211974
1165,55,3,1,1110,108,5,2732819324.9211974
1165,55,3,2,1110,108,5,3568788593.9437876
1165,55,4,1,1110,108,5,3568790838.943788
1165,55,4,2,1110,108,5,4656098198.921332
1165,55,5,1,1110,108,5,4656101826.921332
1165,55,5,2,1110,108,5,6027530509.854236
1165,55,6,1,1110,108,5,6027537086.854235
1165,55,6,2,1110,108,5,7715870324.742893
1165,55,7,1,1110,108,5,7715882650.742892
1165,55,7,2,1110,108,5,9753903675.587698
1165,55,8,1,1110,108,5,9753926314.587698
1165,55,8,2,1110,108,5,12174418358.389038
1165,55,9,1,1110,108,5,12174458258.389038
1165,55,9,2,1110,108,5,15010204553.147297
1165,55,10,1,1110,108,5,15010271756.147297
1165,55,10,2,1110,108,5,18294055533.862846
1165,55,11,1,1110,108,5,18294163975.86285
1165,55,11,2,1110,108,5,22058768468.536068
1165,55,12,1,1110,108,5,22058936869.536064
1165,55,12,2,1110,108,5,26337145309.167316
1165,55,13,1,1110,108,5,26337398153.167316
1165,55,13,2,1110,108,5,31161993771.75696
1165,55,14,1,1110,108,5,31162362376.756966
1165,55,14,2,1110,108,5,36566128406.30537
1165,55,15,1,1110,108,5,36566652084.30537
1165,55,15,2,1110,108,5,42582371756.812874
1165,55,16,1,1110,108,5,42583099063.812874
1165,55,16,2,1110,108,5,49243555611.27985
1165,55,17,1,1110,108,5,49244545687.27984
1165,55,17,2,1110,108,5,56582522341.706604
1165,55,18,1,1110,108,5,56583846340.706604
1165,55,18,2,1110,108,5,64632126334.09351
1165,55,19,1,1110,108,5,64633868944.09351
1165,55,19,2,1110,108,5,73425235508.44089
1165,55,20,1,1110,108,5,73427496561.4409
1165,55,20,2,1110,108,5,82994732928.7491
1165,55,21,1,1110,108,5,82997629100.74908
1165,55,21,2,1110,108,5,93373518503.0184
1165,55,22,1,1110,108,5,93377185104.0184
1165,55,22,2,1110,108,5,104594510773.24919
1165,55,23,1,1110,108,5,104599103627.24919
1165,55,23,2,1110,108,5,116690648795.44176
1165,55,24,1,1110,108,5,116696346210.44174
1165,55,24,2,1110,108,5,129694894109.5964
1165,55,25,1,1110,108,5,129701898937.59639
1165,55,25,2,1110,108,5,143640232799.71347
1165,55,26,1,1110,108,5,143648774586.71344
1165,55,26,2,1110,108,5,158559677643.7932
1165,55,27,1,1110,108,5,158570014869.7932
1165,55,27,2,1110,108,5,174486270353.836
1165,55,28,1,1110,108,5,174498692762.83603
1165,55,28,2,1110,108,5,191453083905.84213
1165,55,29,1,1110,108,5,191467914925.8421
1165,55,29,2,1110,108,5,209493224959.8118
1165,55,30,1,1110,108,5,209510824212.81183
1165,55,30,2,1110,108,5,228639836369.74542
1165,55,31,1,1110,108,5,228660602271.74545
1165,55,31,2,1110,108,5,248926099783.64325
1165,55,32,1,1110,108,5,248950472234.64322
1165,55,32,2,1110,108,5,270385238333.50552
1165,55,33,1,1110,108,5,270413701497.50552
1165,55,33,2,1110,108,5,293050519415.3326
1165,55,34,1,1110,108,5,293083604590.3326
1165,55,34,2,1110,108,5,316955257559.12463
1165,55,35,1,1110,108,5,316993546137.1247
1165,55,35,2,1110,108,5,342132817388.8821
1165,55,36,1,1110,108,5,342176943905.8821
1165,55,36,2,1110,108,5,368616616672.6051
1165,55,37,1,1110,108,5,368667271948.60504
1165,55,37,2,1110,108,5,396440129462.2939
1165,55,38,1,1110,108,5,396498063831.29395
1165,55,38,2,1110,108,5,425636889323.9489
1165,55,39,1,1110,108,5,425702915953.9489
1165,55,39,2,1110,108,5,456240492657.5703
1165,55,40,1,1110,108,5,456315490960.57025
1165,55,40,2,1110,108,5,488284602107.15826
1165,55,41,1,1110,108,5,488369521239.1583
1165,55,41,2,1110,108,5,521802950060.71326
1165,55,42,1,1110,108,5,521898812511.71326
1165,55,42,2,1110,108,5,556829342240.2354
1165,55,43,1,1110,108,5,556937247514.2354
1165,55,43,2,1110,108,5,593397661381.7249
1165,55,44,1,1110,108,5,593518789766.7247
1165,55,44,2,1110,108,5,631541871005.1819
1165,55,45,1,1110,108,5,631677487433.1819
1165,55,45,2,1110,108,5,671296019274.6069
1165,55,46,1,1110,108,5,671447477271.607
1165,55,46,2,1110,108,5,712694242948.0002
1165,55,47,1,1110,108,5,712862988674.0001
1165,55,47,2,1110,108,5,755770771417.3617
1165,55,48,1,1110,108,5,755958347796.3618
1165,55,48,2,1110,108,5,800559930838.692
1165,55,49,1,1110,108,5,800767981778.692
1165,55,49,2,1110,108,5,847096148351.9911
1165,55,50,1,1110,108,5,847326423054.9911
1165,55,50,2,1110,108,5,895413956391.2592
1165,55,51,1,1110,108,5,895668313753.2593
1165,55,51,2,1110,108,5,945547997084.4968
1165,55,52,1,1110,108,5,945828410185.4968
1165,55,52,2,1110,108,5,997533026743.7039
1165,55,53,1,1110,108,5,997841587427.7037
1165,55,53,2,1110,108,5,1051403920444.8805
1165,55,54,1,1110,108,5,1051742843989.8806
1165,55,54,2,1110,108,5,1107195676698.0273
1165,55,55,1,1110,108,5,1107567306576.0273
1165,55,55,2,1110,108,5,1164943422207.1443
1165,55,56,1,1110,108,5,1165350234934.1445
1165,55,56,2,1110,108,5,1224682416720.232
1165,55,57,1,1110,108,5,1225127026796.232
1165,55,57,2,1110,108,5,1286448057969.29
1165,55,58,1,1110,108,5,1286933222908.2898
1165,55,58,2,1110,108,5,1350275886700.3188
1165,55,59,1,1110,108,5,1350804512150.3188
1165,55,59,2,1110,108,5,1416201591793.319
1165,55,60,1,1110,108,5,1416776736746.3188
1165,55,60,2,1110,108,5,1484261015472.29
1165,55,61,1,1110,108,5,1484885897564.29
1165,55,61,2,1110,108,5,1554490158605.233
1165,55,62,1,1110,108,5,1555168159506.233
1165,55,62,2,1110,108,5,1626925186094.1475
1165,55,63,1,1110,108,5,1627659856988.1475
1165,55,63,2,1110,108,5,1701602432355.0337
1165,55,64,1,1110,108,5,1702397499510.0337
1165,55,64,2,1110,108,5,1778558406887.892
1165,55,65,1,1110,108,5,1779417777315.8923
1165,55,65,2,1110,108,5,1857829799936.723
1165,55,66,1,1110,108,5,1858757567143.7227
1165,55,66,2,1110,108,5,1939453488239.526
1165,55,67,1,1110,108,5,1940453938065.526
1165,55,67,2,1110,108,5,2023466540868.3018
1165,55,68,1,1110,108,5,2024544157417.302
1165,55,68,2,1110,108,5,2109906225159.0505
1165,55,69,1,1110,108,5,2111065696819.0505
1165,55,69,2,1110,108,5,2198810012731.7722
1165,55,70,1,1110,108,5,2200056238284.7725
1165,55,70,2,1110,108,5,2290215585600.4673
1165,55,71,1,1110,108,5,2291553680422.4673
1165,55,71,2,1110,108,5,2384160842373.1353
1165,55,72,1,1110,108,5,2385596144724.1357
1165,55,72,2,1110,108,5,2480683904541.778
1165,55,73,1,1110,108,5,2482221981945.778
1165,55,73,2,1110,108,5,2579823122862.3936
1165,55,74,1,1110,108,5,2581469778577.393
1165,55,74,2,1110,108,5,2681617083824.983
1165,55,75,1,1110,108,5,2683378363402.9834
1165,55,75,2,1110,108,5,2786104616213.547
1165,55,76,1,1110,108,5,2787986814150.5474
1165,55,76,2,1110,108,5,2893324797756.0854
1165,55,77,1,1110,108,5,2895334464232.085
1165,55,77,2,1110,108,5,3003316961864.5977
1165,55,78,1,1110,108,5,3005460909573.598
1165,55,78,2,1110,108,5,3116120704465.0854
1165,55,79,1,1110,108,5,3118406015535.0854
1165,55,79,2,1110,108,5,3231775890917.548
1165,55,80,1,1110,108,5,3234209923920.5474
1165,55,80,2,1110,108,5,3350322663025.985
1165,55,81,1,1110,108,5,3352913060077.985
1165,55,81,2,1110,108,5,3471801446138.397
1165,55,82,1,1110,108,5,3474556140089.397
1165,55,82,2,1110,108,5,3596252956336.7847
1165,55,83,1,1110,108,5,3599180178050.7847
1165,55,83,2,1110,108,5,3723718207717.148
1165,55,84,1,1110,108,5,3726826493442.148
1165,55,84,2,1110,108,5,3854238519759.487
1165,55,85,1,1110,108,5,3857536718587.487
1165,55,85,2,1110,108,5,3987855524787.802
1165,55,86,1,1110,108,5,3991352806204.8013
1165,55,86,2,1110,108,5,4124611175520.0923
1165,55,87,1,1110,108,5,4128317037046.0923
1165,55,87,2,1110,108,5,4264547752708.359
1165,55,88,1,1110,108,5,4268472027627.359
1165,55,88,2,1110,108,5,4407707872868.602
1165,55,89,1,1110,108,5,4411860738048.603
1165,55,89,2,1110,108,5,4554134496100.821
1165,55,90,1,1110,108,5,4558526479903.821
1165,55,90,2,1110,108,5,4703870933999.018
1165,55,91,1,1110,108,5,4708512924281.018
1165,55,91,2,1110,108,5,4856960857651.19
1165,55,92,1,1110,108,5,4861864109852.19
1165,55,92,2,1110,108,5,5013448305729.341
1165,55,93,1,1110,108,5,5018624451053.34
1165,55,93,2,1110,108,5,5173377692669.467
1165,55,94,1,1110,108,5,5178838746354.467
1165,55,94,2,1110,108,5,5336793816941.571
1165,55,95,1,1110,108,5,5342552186619.571
1165,55,95,2,1110,108,5,5503741869409.653
1165,55,96,1,1110,108,5,5509810363556.652
1165,55,96,2,1110,108,5,5674267441781.711
1165,55,97,1,1110,108,5,5680659278257.711
1165,55,97,2,1110,108,5,5848416535149.747
1165,55,98,1,1110,108,5,5855145349828.748
1165,55,98,2,1110,108,5,6026235568619.763
1165,55,99,1,1110,108,5,6033315424109.762
1165,55,99,2,1110,108,5,6207771388031.754
1165,55,100,1,1110,108,5,6215216782484.754
1165,55,100,2,1110,108,5,6393071274769.724
1165,55,101,1,1110,108,5,6400897150781.725
1165,55,101,2,1110,108,5,6582182954661.673
1165,55,102,1,1110,108,5,6590404708262.673
1165,55,102,2,1110,108,5,6775154606969.6
1165,55,103,1,1110,108,5,6783788096703.599
1165,55,103,2,1110,108,5,6972034873469.504
1165,55,104,1,1110,108,5,6981096429564.505
1165,55,104,2,1110,108,5,7172872867621.389
1165,55,105,1,1110,108,5,7182379301249.389
1165,55,105,2,1110,108,5,7377718183829.251
1165,55,106,1,1110,108,5,7387686796456.25
1165,55,106,2,1110,108,5,7586620906791.092
1165,55,107,1,1110,108,5,7597069499617.093
1165,55,107,2,1110,108,5,7799631620938.913
1165,55,108,1,1110,108,5,7810578504427.912
1165,55,108,2,1110,108,5,8016801419968.711
1165,55,109,1,1110,108,5,8028265423468.711
1165,55,109,2,1110,108,5,8238181916460.489
1165,55,110,1,1110,108,5,8250182397913.49
1165,55,110,2,1110,108,5,8463825251588.249
1207,56,1,1,1151,110,5,1830384905.309418
1207,56,1,2,1151,110,5,2293608294.6092114
1207,56,2,1,1151,110,5,2293609665.6092114
1207,56,2,2,1151,110,5,2956196385.8631253
1207,56,3,1,1151,110,5,2956198039.863126
1207,56,3,2,1151,110,5,3853329859.0715685
1207,56,4,1,1151,110,5,3853332124.0715685
1207,56,4,2,1151,110,5,5020190810.234941
1207,56,5,1,1151,110,5,5020194458.234941
1207,56,5,2,1151,110,5,6491961779.353639
1207,56,6,1,1151,110,5,6491968376.353638
1207,56,6,2,1151,110,5,8303826100.428052
1207,56,7,1,1151,110,5,8303838446.428052
1207,56,7,2,1151,110,5,10490968341.45857
1207,56,8,1,1151,110,5,10490991000.458569
1207,56,8,2,1151,110,5,13088574834.44557
1207,56,9,1,1151,110,5,13088614754.44557
1207,56,9,2,1151,110,5,16131834295.38943
1207,56,10,1,1151,110,5,16131901518.38943
1207,56,10,2,1151,110,5,19655938534.29052
1207,56,11,1,1151,110,5,19656046996.290524
1207,56,11,2,1151,110,5,23696083255.149208
1207,56,12,1,1151,110,5,23696251676.149208
1207,56,12,2,1151,110,5,28287468945.965855
1207,56,13,1,1151,110,5,28287721809.965855
1207,56,13,2,1151,110,5,33465301858.740814
1207,56,14,1,1151,110,5,33465670483.740818
1207,56,14,2,1151,110,5,39264795079.47444
1207,56,15,1,1151,110,5,39265318777.47444
1207,56,15,2,1151,110,5,45721169688.16709
1207,56,16,1,1151,110,5,45721897015.16709
1207,56,16,2,1151,110,5,52869656008.8191
1207,56,17,1,1151,110,5,52870646104.81909
1207,56,17,2,1151,110,5,60745494949.4308
1207,56,18,1,1151,110,5,60746818968.4308
1207,56,18,2,1151,110,5,69383939432.00253
1207,56,19,1,1151,110,5,69385682062.00253
1207,56,19,2,1151,110,5,78820255912.53464
1207,56,20,1,1151,110,5,78822516985.53465
1207,56,20,2,1151,110,5,89089725991.02745
1207,56,21,1,1151,110,5,89092622183.02744
1207,56,21,2,1151,110,5,100227648111.48126
1207,56,22,1,1151,110,5,100231314732.48125
1207,56,22,2,1151,110,5,112269339351.8964
1207,56,23,1,1151,110,5,112273932225.89641
1207,56,23,2,1151,110,5,125250137304.27321
1207,56,24,1,1151,110,5,125255834739.2732
1207,56,24,2,1151,110,5,139205402044.61194
1207,56,25,1,1151,110,5,139212406892.61197
1207,56,25,2,1151,110,5,154170518192.913
1207,56,26,1,1151,110,5,154179059999.91296
1207,56,26,2,1151,110,5,170180897063.17654
1207,56,27,1,1151,110,5,170191234309.17657
1207,56,27,2,1151,110,5,187271978903.403
1207,56,28,1,1151,110,5,187284401332.40305
1207,56,28,2,1151,110,5,205479235225.59268
1207,56,29,1,1151,110,5,205494066265.59265
1207,56,29,2,1151,110,5,224838171225.74576
1207,56,30,1,1151,110,5,224855770498.74576
1207,56,30,2,1151,110,5,245384328293.8626
1207,56,31,1,1151,110,5,245405094215.8626
1207,56,31,2,1151,110,5,267153286613.9435
1207,56,32,1,1151,110,5,267177659084.94348
1207,56,32,2,1151,110,5,290180667853.9887
1207,56,33,1,1151,110,5,290209131037.98865
1207,56,33,2,1151,110,5,314502137945.9985
1207,56,34,1,1151,110,5,314535223140.9985
1207,56,34,2,1151,110,5,340153409955.97314
1207,56,35,1,1151,110,5,340191698553.9732
1207,56,35,2,1151,110,5,367170247043.913
1207,56,36,1,1151,110,5,367214373580.91296
1207,56,36,2,1151,110,5,395588465513.81824
1207,56,37,1,1151,110,5,395639120809.8182
1207,56,37,2,1151,110,5,425443937953.6891
1207,56,38,1,1151,110,5,425501872342.68915
1207,56,38,2,1151,110,5,456772596465.526
1207,56,39,1,1151,110,5,456838623115.526
1207,56,39,2,1151,110,5,489610435985.32904
1207,56,40,1,1151,110,5,489685434308.32904
1207,56,40,2,1151,110,5,523993517693.0986
1207,56,41,1,1151,110,5,524078436845.0986
1207,56,41,2,1151,110,5,559957972512.8348
1207,56,42,1,1151,110,5,560053834983.8348
1207,56,42,2,1151,110,5,597540004702.5381
1207,56,43,1,1151,110,5,597647909996.5381
1207,56,43,2,1151,110,5,636775895534.2086
1207,56,44,1,1151,110,5,636897023939.2085
1207,56,44,2,1151,110,5,677702007063.8463
1207,56,45,1,1151,110,5,677837623511.8464
1207,56,45,2,1151,110,5,720354785991.452
1207,56,46,1,1151,110,5,720506244008.452
1207,56,46,2,1151,110,5,764770767611.0256
1207,56,47,1,1151,110,5,764939513357.0255
1207,56,47,2,1151,110,5,810986579850.5673
1207,56,48,1,1151,110,5,811174156249.5674
1207,56,48,2,1151,110,5,859038947402.0775
1207,56,49,1,1151,110,5,859246998362.0775
1207,56,49,2,1151,110,5,908964695941.5564
1207,56,50,1,1151,110,5,909194970664.5563
1207,56,50,2,1151,110,5,960800756439.004
1207,56,51,1,1151,110,5,961055113821.0042
1207,56,51,2,1151,110,5,1014584169558.4209
1207,56,52,1,1151,110,5,1014864582679.421
1207,56,52,2,1151,110,5,1070352090147.8071
1207,56,53,1,1151,110,5,1070660650851.807
1207,56,53,2,1151,110,5,1128141791819.1628
1207,56,54,1,1151,110,5,1128480715384.1628
1207,56,54,2,1151,110,5,1187990671618.4883
1207,56,55,1,1151,110,5,1188362301516.4883
1207,56,55,2,1151,110,5,1249936254785.7837
1207,56,56,1,1151,110,5,1250343067532.784
1207,56,56,2,1151,110,5,1314016199605.0496
1207,56,57,1,1151,110,5,1314460809701.0496
1207,56,57,2,1151,110,5,1380268302344.2856
1207,56,58,1,1151,110,5,1380753467303.2856
1207,56,58,2,1151,110,5,1448730502285.4924
1207,56,59,1,1151,110,5,1449259127755.4924
1207,56,59,2,1151,110,5,1519440886844.6702
1207,56,60,1,1151,110,5,1520016031817.6702
1207,56,60,2,1151,110,5,1592437696781.8188
1207,56,61,1,1151,110,5,1593062578893.8186
1207,56,61,2,1151,110,5,1667759331500.9387
1207,56,62,1,1151,110,5,1668437332421.9387
1207,56,62,2,1151,110,5,1745444354440.03
1207,56,63,1,1151,110,5,1746179025354.03
1207,56,63,2,1151,110,5,1825531498551.0933
1207,56,64,1,1151,110,5,1826326565726.093
1207,56,64,2,1151,110,5,1908059671870.128
1207,56,65,1,1151,110,5,1908919042318.1282
1207,56,65,2,1151,110,5,1993067963177.135
1207,56,66,1,1151,110,5,1993995730404.135
1207,56,66,2,1151,110,5,2080595647746.1143
1207,56,67,1,1151,110,5,2081596097592.114
1207,56,67,2,1151,110,5,2170682193185.0657
1207,56,68,1,1151,110,5,2171759809754.066
1207,56,68,2,1151,110,5,2263367265365.9897
1207,56,69,1,1151,110,5,2264526737045.99
1207,56,69,2,1151,110,5,2358690734444.887
1207,56,70,1,1151,110,5,2359936960017.887
1207,56,70,2,1151,110,5,2456692680971.7573
1207,56,71,1,1151,110,5,2458030775813.7573
1207,56,71,2,1151,110,5,2557413402090.6006
1207,56,72,1,1151,110,5,2558848704461.6006
1207,56,72,2,1151,110,5,2660893417829.417
1207,56,73,1,1151,110,5,2662431495253.4175
1207,56,73,2,1151,110,5,2767173477480.2075
1207,56,74,1,1151,110,5,2768820133215.2075
1207,56,74,2,1151,110,5,2876294566068.971
1207,56,75,1,1151,110,5,2878055845666.971
1207,56,75,2,1151,110,5,2988297910915.709
1207,56,76,1,1151,110,5,2990180108872.7095
1207,56,76,2,1151,110,5,3103224988284.4214
1207,56,77,1,1151,110,5,3105234654780.421
1207,56,77,2,1151,110,5,3221117530123.107
1207,56,78,1,1151,110,5,3223261477852.1074
1207,56,78,2,1151,110,5,3342017530893.7676
1207,56,79,1,1151,110,5,3344302841983.768
1207,56,79,2,1151,110,5,3465967254492.403
1207,56,80,1,1151,110,5,3468401287515.403
1207,56,80,2,1151,110,5,3593009241259.0127
1207,56,81,1,1151,110,5,3595599638331.0127
1207,56,81,2,1151,110,5,3723186315077.5977
1207,56,82,1,1151,110,5,3725941009048.598
1207,56,82,2,1151,110,5,3856541590566.1577
1207,56,83,1,1151,110,5,3859468812300.1577
1207,56,83,2,1151,110,5,3993118480356.693
1207,56,84,1,1151,110,5,3996226766101.693
1207,56,84,2,1151,110,5,4132960702465.2036
1207,56,85,1,1151,110,5,4136258901313.2036
1207,56,85,2,1151,110,5,4276112287751.69
1207,56,86,1,1151,110,5,4279609569188.6895
1207,56,86,2,1151,110,5,4422617587470.152
1207,56,87,1,1151,110,5,4426323449016.151
1207,56,87,2,1151,110,5,4572521280908.59
1207,56,88,1,1151,110,5,4576445555847.589
1207,56,88,2,1151,110,5,4725868383119.003
1207,56,89,1,1151,110,5,4730021248319.004
1207,56,89,2,1151,110,5,4882704252737.394
1207,56,90,1,1151,110,5,4887096236560.394
1207,56,90,2,1151,110,5,5043074599893.76
1207,56,91,1,1151,110,5,5047716590195.76
1207,56,91,2,1151,110,5,5207025494212.103
1207,56,92,1,1151,110,5,5211928746433.103
1207,56,92,2,1151,110,5,5374603372900.423
1207,56,93,1,1151,110,5,5379779518244.422
1207,56,93,2,1151,110,5,5545855048930.719
1207,56,94,1,1151,110,5,5551316102635.718
1207,56,94,2,1151,110,5,5720827719308.991
1207,56,95,1,1151,110,5,5726586089006.992
1207,56,95,2,1151,110,5,5899568973435.243
1207,56,96,1,1151,110,5,5905637467602.242
1207,56,96,2,1151,110,5,6082126801553.47
1207,56,97,1,1151,110,5,6088518638049.47
1207,56,97,2,1151,110,5,6268549603291.675
1207,56,98,1,1151,110,5,6275278417990.675
1207,56,98,2,1151,110,5,6458886196291.857
1207,56,99,1,1151,110,5,6465966051801.857
1207,56,99,2,1151,110,5,6653185824930.018
1207,56,100,1,1151,110,5,6660631219403.018
1207,56,100,2,1151,110,5,6851498169126.155
1207,56,101,1,1151,110,5,6859324045158.156
1207,56,101,2,1151,110,5,7053873353244.272
1207,56,102,1,1151,110,5,7062095106865.271
1207,56,102,2,1151,110,5,7260361955082.365
1207,56,103,1,1151,110,5,7268995444836.365
1207,56,103,2,1151,110,5,7471015014952.4375
1207,56,104,1,1151,110,5,7480076571067.438
1207,56,104,2,1151,110,5,7685884044850.489
1207,56,105,1,1151,110,5,7695390478498.488
1207,56,105,2,1151,110,5,7905021037716.518
1207,56,106,1,1151,110,5,7914989650363.517
1207,56,106,2,1151,110,5,8128478476784.524
1207,56,107,1,1151,110,5,8138927069630.525
1207,56,107,2,1151,110,5,8356309345022.512
1207,56,108,1,1151,110,5,8367256228531.512
1207,56,108,2,1151,110,5,8588567134662.477
1207,56,109,1,1151,110,5,8600031138182.477
1207,56,109,2,1151,110,5,8825305856820.422
1207,56,110,1,1151,110,5,8837306338293.42
1207,56,110,2,1151,110,5,9066580051206.344
1207,56,111,1,1151,110,5,9079136906968.344
1207,56,111,2,1151,110,5,9312444795924.246
1207,56,112,1,1151,110,5,9325578470595.248
1207,56,112,2,1151,110,5,9562955717362.129
1178,57,1,1,1121,112,5,1766134990.7379391
1178,57,1,2,1121,112,5,2207433604.5929003
1178,57,2,1,1121,112,5,2207434995.5929003
1178,57,2,2,1121,112,5,2838660920.4047318
1178,57,3,1,1121,112,5,2838662594.4047318
1178,57,3,2,1121,112,5,3693332418.173811
1178,57,4,1,1121,112,5,3693334703.173811
1178,57,4,2,1121,112,5,4804965013.900507
1178,57,5,1,1121,112,5,4804968681.900507
1178,57,5,2,1121,112,5,6207076067.585187
1178,57,6,1,1121,112,5,6207082684.585187
1178,57,6,2,1121,112,5,7933183733.228212
1178,57,7,1,1121,112,5,7933196099.228212
1178,57,7,2,1121,112,5,10016807398.82994
1178,57,8,1,1121,112,5,10016830077.829939
1178,57,8,2,1121,112,5,12491468216.390722
1178,57,9,1,1121,112,5,12491508156.390722
1178,57,9,2,1121,112,5,15390689721.910908
1178,57,10,1,1121,112,5,15390756964.910908
1178,57,10,2,1121,112,5,18747998545.390835
1178,57,11,1,1121,112,5,18748107027.39084
1178,57,11,2,1121,112,5,22596925210.830853
1178,57,12,1,1121,112,5,22597093651.83085
1178,57,12,2,1121,112,5,26971005026.231285
1178,57,13,1,1121,112,5,26971257910.23128
1178,57,13,2,1121,112,5,31903779063.592464
1178,57,14,1,1121,112,5,31904147708.59247
1178,57,14,2,1121,112,5,37428795228.91473
1178,57,15,1,1121,112,5,37429318946.91473
1178,57,15,2,1121,112,5,43579609422.19838
1178,57,16,1,1121,112,5,43580336769.19839
1178,57,16,2,1121,112,5,50389786787.443756
1178,57,17,1,1121,112,5,50390776903.44375
1178,57,17,2,1121,112,5,57892903052.65116
1178,57,18,1,1121,112,5,57894227091.65116
1178,57,18,2,1121,112,5,66122545959.82091
1178,57,19,1,1121,112,5,66124288609.820915
1178,57,19,2,1121,112,5,75112316784.9533
1178,57,20,1,1121,112,5,75114577877.95331
1178,57,20,2,1121,112,5,84895831948.04866
1178,57,21,1,1121,112,5,84898728160.04865
1178,57,21,2,1121,112,5,95506724713.10724
1178,57,22,1,1121,112,5,95510391354.10724
1178,57,22,2,1121,112,5,106978646978.12938
1178,57,23,1,1121,112,5,106983239872.1294
1178,57,23,2,1121,112,5,119345271155.11539
1178,57,24,1,1121,112,5,119350968610.11539
1178,57,24,2,1121,112,5,132640292140.06549
1178,57,25,1,1121,112,5,132647297008.06548
1178,57,25,2,1121,112,5,146897429372.98
1178,57,26,1,1121,112,5,146905971199.98
1178,57,26,2,1121,112,5,162150428987.85922
1178,57,27,1,1121,112,5,162160766253.85925
1178,57,27,2,1121,112,5,178433066052.70343
1178,57,28,1,1121,112,5,178445488501.70343
1178,57,28,2,1121,112,5,195779146899.51288
1178,57,29,1,1121,112,5,195793977959.51285
1178,57,29,2,1121,112,5,214222511544.2878
1178,57,30,1,1121,112,5,214240110837.28784
1178,57,30,2,1121,112,5,233797036197.02856
1178,57,31,1,1121,112,5,233817802139.0286
1178,57,31,2,1121,112,5,254536635861.73538
1178,57,32,1,1121,112,5,254561008352.73538
1178,57,32,2,1121,112,5,276475267026.4085
1178,57,33,1,1121,112,5,276503730230.4085
1178,57,33,2,1121,112,5,299646930443.0482
1178,57,34,1,1121,112,5,299680015658.04816
1178,57,34,2,1121,112,5,324085673997.6547
1178,57,35,1,1121,112,5,324123962615.6548
1178,57,35,2,1121,112,5,349825595670.2284
1178,57,36,1,1121,112,5,349869722227.2284
1178,57,36,2,1121,112,5,376900846584.76935
1178,57,37,1,1121,112,5,376951501900.76935
1178,57,37,2,1121,112,5,405345634149.2779
1178,57,38,1,1121,112,5,405403568558.2779
1178,57,38,2,1121,112,5,435194225285.7543
1178,57,39,1,1121,112,5,435260251955.7543
1178,57,39,2,1121,112,5,466480949750.1987
1178,57,40,1,1121,112,5,466555948093.19867
1178,57,40,2,1121,112,5,499240203542.6115
1178,57,41,1,1121,112,5,499325122714.6115
1178,57,41,2,1121,112,5,533506452406.99286
1178,57,42,1,1121,112,5,533602314897.9928
1178,57,42,2,1121,112,5,569314235421.3429
1178,57,43,1,1121,112,5,569422140735.3429
1178,57,43,2,1121,112,5,606698168677.6621
1178,57,44,1,1121,112,5,606819297102.662
1178,57,44,2,1121,112,5,645692949051.9503
1178,57,45,1,1121,112,5,645828565519.9504
1178,57,45,2,1121,112,5,686333358064.2083
1178,57,46,1,1121,112,5,686484816101.2083
1178,57,46,2,1121,112,5,728654265828.4358
1178,57,47,1,1121,112,5,728823011594.4357
1178,57,47,2,1121,112,5,772690635092.6332
1178,57,48,1,1121,112,5,772878211511.6332
1178,57,48,2,1121,112,5,818477525368.8008
1178,57,49,1,1121,112,5,818685576348.8009
1178,57,49,2,1121,112,5,866050097152.9388
1178,57,50,1,1121,112,5,866280371895.9387
1178,57,50,2,1121,112,5,915443616235.0472
1178,57,51,1,1121,112,5,915697973637.0472
1178,57,51,2,1121,112,5,966693458099.1265
1178,57,52,1,1121,112,5,966973871240.1266
1178,57,52,2,1121,112,5,1019835112413.1769
1178,57,53,1,1121,112,5,1020143673137.1768
1178,57,53,2,1121,112,5,1074904187609.1982
1178,57,54,1,1121,112,5,1075243111194.1982
1178,57,54,2,1121,112,5,1131936415553.1912
1178,57,55,1,1121,112,5,1132308045471.1912
1178,57,55,2,1121,112,5,1190967656305.1555
1178,57,56,1,1121,112,5,1191374469072.1558
1178,57,56,2,1121,112,5,1252033902969.092
1178,57,57,1,1121,112,5,1252478513085.092
1178,57,57,2,1121,112,5,1315171286633.0002
1178,57,58,1,1121,112,5,1315656451612.0002
1178,57,58,2,1121,112,5,1380416081398.8806
1178,57,59,1,1121,112,5,1380944706888.8809
1178,57,59,2,1121,112,5,1447804709502.7336
1178,57,60,1,1121,112,5,1448379854495.7336
1178,57,60,2,1121,112,5,1517373746524.559
1178,57,61,1,1121,112,5,1517998628656.559
1178,57,61,2,1121,112,5,1589159926688.3572
1178,57,62,1,1121,112,5,1589837927629.3574
1178,57,62,2,1121,112,5,1663200148252.1287
1178,57,63,1,1121,112,5,1663934819186.1287
1178,57,63,2,1121,112,5,1739531478987.873
1178,57,64,1,1121,112,5,1740326546182.8728
1178,57,64,2,1121,112,5,1818191161751.5906
1178,57,65,1,1121,112,5,1819050532219.5908
1178,57,65,2,1121,112,5,1899216620143.282
1178,57,66,1,1121,112,5,1900144387390.282
1178,57,66,2,1121,112,5,1982645464256.947
1178,57,67,1,1121,112,5,1983645914122.947
1178,57,67,2,1121,112,5,2068515496520.5857
1178,57,68,1,1121,112,5,2069593113109.586
1178,57,68,2,1121,112,5,2156864717626.199
1178,57,69,1,1121,112,5,2158024189326.1987
1178,57,69,2,1121,112,5,2247731332549.786
1178,57,70,1,1121,112,5,2248977558142.786
1178,57,70,2,1121,112,5,2341153756661.3477
1178,57,71,1,1121,112,5,2342491851523.347
1178,57,71,2,1121,112,5,2437170621924.8833
1178,57,72,1,1121,112,5,2438605924315.884
1178,57,72,2,1121,112,5,2535820783188.3945
1178,57,73,1,1121,112,5,2537358860632.3945
1178,57,73,2,1121,112,5,2637143324563.8804
1178,57,74,1,1121,112,5,2638789980318.8804
1178,57,74,2,1121,112,5,2741177565897.3413
1178,57,75,1,1121,112,5,2742938845515.3413
1178,57,75,2,1121,112,5,2847963069328.7773
1178,57,76,1,1121,112,5,2849845267305.7773
1178,57,76,2,1121,112,5,2957539645942.189
1178,57,77,1,1121,112,5,2959549312458.189
1178,57,77,2,1121,112,5,3069947362505.5757
1178,57,78,1,1121,112,5,3072091310254.576
1178,57,78,2,1121,112,5,3185226548300.939
1178,57,79,1,1121,112,5,3187511859410.939
1178,57,79,2,1121,112,5,3303417802044.278
1178,57,80,1,1121,112,5,3305851835087.278
1178,57,80,2,1121,112,5,3424561998895.5923
1178,57,81,1,1121,112,5,3427152395987.593
1178,57,81,2,1121,112,5,3548700297558.884
1178,57,82,1,1121,112,5,3551454991549.884
1178,57,82,2,1121,112,5,3675874147472.1514
1178,57,83,1,1121,112,5,3678801369226.151
1178,57,83,2,1121,112,5,3806125296087.395
1178,57,84,1,1121,112,5,3809233581852.395
1178,57,84,2,1121,112,5,3939495796240.6157
1178,57,85,1,1121,112,5,3942793995108.6157
1178,57,85,2,1121,112,5,4076028013611.813
1178,57,86,1,1121,112,5,4079525295068.813
1178,57,86,2,1121,112,5,4215764634274.9873
1178,57,87,1,1121,112,5,4219470495840.9873
1178,57,87,2,1121,112,5,4358748672338.139
1178,57,88,1,1121,112,5,4362672947297.139
1178,57,88,2,1121,112,5,4505023477673.268
1178,57,89,1,1121,112,5,4509176342893.269
1178,57,89,2,1121,112,5,4654632743736.374
1178,57,90,1,1121,112,5,4659024727579.374
1178,57,90,2,1121,112,5,4807620515477.458
1178,57,91,1,1121,112,5,4812262505799.458
1178,57,91,2,1121,112,5,4964031197340.519
1178,57,92,1,1121,112,5,4968934449581.52
1178,57,92,2,1121,112,5,5123909561353.559
1178,57,93,1,1121,112,5,5129085706717.559
1178,57,93,2,1121,112,5,5287300755308.576
1178,57,94,1,1121,112,5,5292761809033.575
1178,57,94,2,1121,112,5,5454250311031.57
1178,57,95,1,1121,112,5,5460008680749.571
1178,57,95,2,1121,112,5,5624804152742.545
1178,57,96,1,1121,112,5,5630872646929.545
1178,57,96,2,1121,112,5,5799008605505.496
1178,57,97,1,1121,112,5,5805400442021.496
1178,57,97,2,1121,112,5,5976910403768.427
1178,57,98,1,1121,112,5,5983639218487.427
1178,57,98,2,1121,112,5,6158556699993.337
1178,57,99,1,1121,112,5,6165636555523.336
1178,57,99,2,1121,112,5,6343995073376.224
1178,57,100,1,1121,112,5,6351440467869.224
1178,57,100,2,1121,112,5,6533273538657.091
1178,57,101,1,1121,112,5,6541099414709.091
1178,57,101,2,1121,112,5,6726440555019.937
1178,57,102,1,1121,112,5,6734662308660.937
1178,57,102,2,1121,112,5,6923545035082.762
1178,57,103,1,1121,112,5,6932178524856.761
1178,57,103,2,1121,112,5,7124636353977.565
1178,57,104,1,1121,112,5,7133697910112.566
1178,57,104,2,1121,112,5,7329764358520.35
1178,57,105,1,1121,112,5,7339270792188.35
1178,57,105,2,1121,112,5,7538979376471.112
1178,57,106,1,1121,112,5,7548947989138.112
1178,57,106,2,1121,112,5,7752332225883.8545
1178,57,107,1,1121,112,5,7762780818749.855
1178,57,107,2,1121,112,5,7969874224546.578
1178,57,108,1,1121,112,5,7980821108075.578
1178,57,108,2,1121,112,5,8191657199511.281
1178,57,109,1,1121,112,5,8203121203051.28
1178,57,109,2,1121,112,5,8417733496713.963
1178,57,110,1,1121,112,5,8429733978206.964
1178,57,110,2,1121,112,5,8648155990684.626
1178,57,111,1,1121,112,5,8660712846466.626
1178,57,111,2,1121,112,5,8882978094347.27
1178,57,112,1,1121,112,5,8896111769038.27
1178,57,112,2,1121,112,5,9122253768909.893
1178,57,113,1,1121,112,5,9135985265393.893
1178,57,113,2,1121,112,5,9366037533844.496
1178,57,114,1,1121,112,5,9380388423339.496
1178,57,114,2,1121,112,5,9614384476957.08
1233,58,1,1,1175,114,5,1958799159.6816196
1233,58,1,2,1175,114,5,2442131146.8328238
1233,58,2,1,1175,114,5,2442132557.8328233
1233,58,2,2,1175,114,5,3133482235.9403653
1233,58,3,1,1175,114,5,3133483929.940366
1233,58,3,2,1175,114,5,4069560307.004621
1233,58,4,1,1175,114,5,4069562612.004621
1233,58,4,2,1175,114,5,5287074696.025958
1233,58,5,1,1175,114,5,5287078384.025958
1233,58,5,2,1175,114,5,6822735183.004743
1233,58,6,1,1175,114,5,6822741820.004742
1233,58,6,2,1175,114,5,8713252341.941332
1233,58,7,1,1175,114,5,8713264727.941332
1233,58,7,2,1175,114,5,10995337980.836084
1233,58,8,1,1175,114,5,10995360679.836082
1233,58,8,2,1175,114,5,13705705671.689346
1233,58,9,1,1175,114,5,13705745631.689346
1233,58,9,2,1175,114,5,16881071370.501469
1233,58,10,1,1175,114,5,16881138633.50147
1233,58,10,2,1175,114,5,20558154127.272793
1233,58,11,1,1175,114,5,20558262629.272793
1233,58,11,2,1175,114,5,24773676886.00366
1233,58,12,1,1175,114,5,24773845347.003654
1233,58,12,2,1175,114,5,29564367374.694393
1233,58,13,1,1175,114,5,29564620278.694393
1233,58,13,2,1175,114,5,34966959085.34533
1233,58,14,1,1175,114,5,34967327750.34533
1233,58,14,2,1175,114,5,41018192343.956795
1233,58,15,1,1175,114,5,41018716081.956795
1233,58,15,2,1175,114,5,47754815470.52911
1233,58,16,1,1175,114,5,47755542837.52911
1233,58,16,2,1175,114,5,55213586029.06259
1233,58,17,1,1175,114,5,55214576165.062584
1233,58,17,2,1175,114,5,63431272167.55755
1233,58,18,1,1175,114,5,63432596226.557556
1233,58,18,2,1175,114,5,72444654048.01431
1233,58,19,1,1175,114,5,72446396718.0143
1233,58,19,2,1175,114,5,82290525366.43315
1233,58,20,1,1175,114,5,82292786479.43317
1233,58,20,2,1175,114,5,93005694962.8144
1233,58,21,1,1175,114,5,93008591194.8144
1233,58,21,2,1175,114,5,104626988521.15836
1233,58,22,1,1175,114,5,104630655182.15836
1233,58,22,2,1175,114,5,117191250359.46529
1233,58,23,1,1175,114,5,117195843273.4653
1233,58,23,2,1175,114,5,130735345309.73553
1233,58,24,1,1175,114,5,130741042784.73553
1233,58,24,2,1175,114,5,145296160687.96933
1233,58,25,1,1175,114,5,145303165575.96933
1233,58,25,2,1175,114,5,160910608354.16702
1233,58,26,1,1175,114,5,160919150201.167
1233,58,26,2,1175,114,5,177615626862.3288
1233,58,27,1,1175,114,5,177625964148.3288
1233,58,27,2,1175,114,5,195448183700.45502
1233,58,28,1,1175,114,5,195460606169.45505
1233,58,28,2,1175,114,5,214445277620.54596
1233,58,29,1,1175,114,5,214460108700.54593
1233,58,29,2,1175,114,5,234643941058.60184
1233,58,30,1,1175,114,5,234661540371.60184
1233,58,30,2,1175,114,5,256081242644.62296
1233,58,31,1,1175,114,5,256102008606.62296
1233,58,31,2,1175,114,5,278794289802.60956
1233,58,32,1,1175,114,5,278818662313.6096
1233,58,32,2,1175,114,5,302820231440.562
1233,58,33,1,1175,114,5,302848694664.562
1233,58,33,2,1175,114,5,328196260730.4804
1233,58,34,1,1175,114,5,328229345965.4804
1233,58,34,2,1175,114,5,354959617978.36505
1233,58,35,1,1175,114,5,354997906616.3651
1233,58,35,2,1175,114,5,383147593584.2164
1233,58,36,1,1175,114,5,383191720161.2163
1233,58,36,2,1175,114,5,412797531092.03436
1233,58,37,1,1175,114,5,412848186428.03436
1233,58,37,2,1175,114,5,443946830329.8194
1233,58,38,1,1175,114,5,444004764758.8194
1233,58,38,2,1175,114,5,476632950639.5718
1233,58,39,1,1175,114,5,476698977329.5718
1233,58,39,2,1175,114,5,510893414197.2916
1233,58,40,1,1175,114,5,510968412560.29156
1233,58,40,2,1175,114,5,546765809422.9792
1233,58,41,1,1175,114,5,546850728614.97925
1233,58,41,2,1175,114,5,584287794480.6349
1233,58,42,1,1175,114,5,584383656991.6349
1233,58,42,2,1175,114,5,623497100868.2588
1233,58,43,1,1175,114,5,623605006202.2588
1233,58,43,2,1175,114,5,664431537097.8511
1233,58,44,1,1175,114,5,664552665542.851
1233,58,44,2,1175,114,5,707128992465.412
1233,58,45,1,1175,114,5,707264608953.4121
1233,58,45,2,1175,114,5,751627440910.942
1233,58,46,1,1175,114,5,751778898967.942
1233,58,46,2,1175,114,5,797964944968.4412
1233,58,47,1,1175,114,5,798133690754.441
1233,58,47,2,1175,114,5,846179659805.9095
1233,58,48,1,1175,114,5,846367236244.9097
1233,58,48,2,1175,114,5,896309837355.3477
1233,58,49,1,1175,114,5,896517888355.3478
1233,58,49,2,1175,114,5,948393830532.7556
1233,58,50,1,1175,114,5,948624105295.7555
1233,58,50,2,1175,114,5,1002470097548.1334
1233,58,51,1,1175,114,5,1002724454970.1335
1233,58,51,2,1175,114,5,1058577206305.4817
1233,58,52,1,1175,114,5,1058857619466.4817
1233,58,52,2,1175,114,5,1116753838892.8
1233,58,53,1,1175,114,5,1117062399636.8003
1233,58,53,2,1175,114,5,1177038796162.0896
1233,58,54,1,1175,114,5,1177377719767.0894
1233,58,54,2,1175,114,5,1239471002399.3496
1233,58,55,1,1175,114,5,1239842632337.3494
1233,58,55,2,1175,114,5,1304089510084.5808
1233,58,56,1,1175,114,5,1304496322871.5808
1233,58,56,2,1175,114,5,1370933504741.7834
1233,58,57,1,1175,114,5,1371378114877.7832
1233,58,57,2,1175,114,5,1440042309878.957
1233,58,58,1,1175,114,5,1440527474877.957
1233,58,58,2,1175,114,5,1511455392018.1028
1233,58,59,1,1175,114,5,1511984017528.1028
1233,58,59,2,1175,114,5,1585212365815.2202
1233,58,60,1,1175,114,5,1585787510828.2202
1233,58,60,2,1175,114,5,1661352999270.3096
1233,58,61,1,1175,114,5,1661977881422.3096
1233,58,61,2,1175,114,5,1739917219027.3713
1233,58,62,1,1175,114,5,1740595219988.3716
1233,58,62,2,1175,114,5,1820945115764.4058
1233,58,63,1,1175,114,5,1821679786718.4058
1233,58,63,2,1175,114,5,1904476949673.4126
1233,58,64,1,1175,114,5,1905272016888.4124
1233,58,64,2,1175,114,5,1990553156030.3918
1233,58,65,1,1175,114,5,1991412526518.392
1233,58,65,2,1175,114,5,2079214350855.3447
1233,58,66,1,1175,114,5,2080142118122.3447
1233,58,66,2,1175,114,5,2170501336662.2705
1233,58,67,1,1175,114,5,2171501786548.2705
1233,58,67,2,1175,114,5,2264455108299.17
1233,58,68,1,1175,114,5,2265532724908.1694
1233,58,68,2,1175,114,5,2361116858878.0425
1233,58,69,1,1175,114,5,2362276330598.0425
1233,58,69,2,1175,114,5,2460527985794.8887
1233,58,70,1,1175,114,5,2461774211407.889
1233,58,70,2,1175,114,5,2562730096839.7095
1233,58,71,1,1175,114,5,2564068191721.709
1233,58,71,2,1175,114,5,2667765016396.5034
1233,58,72,1,1175,114,5,2669200318807.5034
1233,58,72,2,1175,114,5,2775674791733.272
1233,58,73,1,1175,114,5,2777212869197.2725
1233,58,73,2,1175,114,5,2886501699382.015
1233,58,74,1,1175,114,5,2888148355157.015
1233,58,74,2,1175,114,5,3000288251608.7324
1233,58,75,1,1175,114,5,3002049531246.7324
1233,58,75,2,1175,114,5,3117077202973.425
1233,58,76,1,1175,114,5,3118959400970.4253
1233,58,76,2,1175,114,5,3236911556980.0923
1233,58,77,1,1175,114,5,3238921223516.0923
1233,58,77,2,1175,114,5,3359834572816.7344
1233,58,78,1,1175,114,5,3361978520585.7344
1233,58,78,2,1175,114,5,3485889772185.352
1233,58,79,1,1175,114,5,3488175083315.352
1233,58,79,2,1175,114,5,3615120946221.945
1233,58,80,1,1175,114,5,3617554979284.945
1233,58,80,2,1175,114,5,3747572162506.513
1233,58,81,1,1175,114,5,3750162559618.513
1233,58,81,2,1175,114,5,3883287772163.0576
1233,58,82,1,1175,114,5,3886042466174.0576
1233,58,82,2,1175,114,5,4022312417049.5776
1233,58,83,1,1175,114,5,4025239638823.577
1233,58,83,2,1175,114,5,4164691037038.073
1233,58,84,1,1175,114,5,4167799322823.073
1233,58,84,2,1175,114,5,4310468877384.546
1233,58,85,1,1175,114,5,4313767076272.546
1233,58,85,2,1175,114,5,4459691496188.994
1233,58,86,1,1175,114,5,4463188777665.994
1233,58,86,2,1175,114,5,4612404771945.419
1233,58,87,1,1175,114,5,4616110633531.419
1233,58,87,2,1175,114,5,4768654911181.82
1233,58,88,1,1175,114,5,4772579186160.82
1233,58,88,2,1175,114,5,4928488456190.198
1233,58,89,1,1175,114,5,4932641321430.199
1233,58,89,2,1175,114,5,5091952292846.555
1233,58,90,1,1175,114,5,5096344276709.555
1233,58,90,2,1175,114,5,5259093658520.887
1233,58,91,1,1175,114,5,5263735648862.887
1233,58,91,2,1175,114,5,5429960150077.196
1233,58,92,1,1175,114,5,5434863402338.196
1233,58,92,2,1175,114,5,5604599731963.483
1233,58,93,1,1175,114,5,5609775877347.482
1233,58,93,2,1175,114,5,5783060744391.747
1233,58,94,1,1175,114,5,5788521798136.747
1233,58,94,2,1175,114,5,5965391911607.989
1233,58,95,1,1175,114,5,5971150281345.989
1233,58,95,2,1175,114,5,6151642350252.209
1233,58,96,1,1175,114,5,6157710844459.209
1233,58,96,2,1175,114,5,6341861577808.406
1233,58,97,1,1175,114,5,6348253414344.406
1233,58,97,2,1175,114,5,6536099521144.582
1233,58,98,1,1175,114,5,6542828335883.582
1233,58,98,2,1175,114,5,6734406525142.736
1233,58,99,1,1175,114,5,6741486380692.735
1233,58,99,2,1175,114,5,6936833361418.867
1233,58,100,1,1175,114,5,6944278755931.867
1233,58,100,2,1175,114,5,7143431237132.978
1233,58,101,1,1175,114,5,7151257113204.979
1233,58,101,2,1175,114,5,7354251803889.067
1233,58,102,1,1175,114,5,7362473557550.067
1233,58,102,2,1175,114,5,7569347166725.135
1233,58,103,1,1175,114,5,7577980656519.135
1233,58,103,2,1175,114,5,7788769893193.181
1233,58,104,1,1175,114,5,7797831449348.182
1233,58,104,2,1175,114,5,8012573022529.207
1233,58,105,1,1175,114,5,8022079456217.207
1233,58,105,2,1175,114,5,8240810074913.211
1233,58,106,1,1175,114,5,8250778687600.211
1233,58,106,2,1175,114,5,8473535060819.194
1233,58,107,1,1175,114,5,8483983653705.195
1233,58,107,2,1175,114,5,8710802490455.158
1233,58,108,1,1175,114,5,8721749374004.158
1233,58,108,2,1175,114,5,8952667383293.1
1233,58,109,1,1175,114,5,8964131386853.102
1233,58,109,2,1175,114,5,9199185277689.023
1233,58,110,1,1175,114,5,9211185759202.021
1233,58,110,2,1175,114,5,9450412240592.924
1233,58,111,1,1175,114,5,9462969096394.924
1233,58,111,2,1175,114,5,9706404877348.805
1233,58,112,1,1175,114,5,9719538552059.807
1233,58,112,2,1175,114,5,9967220341584.668
1233,58,113,1,1175,114,5,9980951838088.666
1233,58,113,2,1175,114,5,10232916345192.508
1233,58,114,1,1175,114,5,10247267234707.508
1233,58,114,2,1175,114,5,10503551168398.33
1233,58,115,1,1175,114,5,10518543600636.33
1233,58,115,2,1175,114,5,10779183669922.13
1233,58,116,1,1175,114,5,10794840383339.13
1233,58,116,2,1175,114,5,11059873297227.912
1330,59,1,1,1271,116,5,2306505260.266377
1330,59,1,2,1271,116,5,2868627931.0604486
1330,59,2,1,1271,116,5,2868629362.060448
1330,59,2,2,1271,116,5,3672679759.8088784
1330,59,3,1,1271,116,5,3672681473.808879
1330,59,3,2,1271,116,5,4761352730.512053
1330,59,4,1,1271,116,5,4761355055.512053
1330,59,4,2,1271,116,5,6177340303.170349
1330,59,5,1,1271,116,5,6177344011.170349
1330,59,5,2,1271,116,5,7963336381.784143
1330,59,6,1,1271,116,5,7963343038.784143
1330,59,6,2,1271,116,5,10162035664.353806
1330,59,7,1,1271,116,5,10162048070.353806
1330,59,7,2,1271,116,5,12816134082.879702
1330,59,8,1,1271,116,5,12816156801.8797
1330,59,8,2,1271,116,5,15968329333.362188
1330,59,9,1,1271,116,5,15968369313.36219
1330,59,9,2,1271,116,5,19661321495.80163
1330,59,10,1,1271,116,5,19661388778.80163
1330,59,10,2,1271,116,5,23937813744.198368
1330,59,11,1,1271,116,5,23937922266.19837
1330,59,11,2,1271,116,5,28840513146.552765
1330,59,12,1,1271,116,5,28840681627.552765
1330,59,12,2,1271,116,5,34412131554.86515
1330,59,13,1,1271,116,5,34412384478.86515
1330,59,13,2,1271,116,5,40695386585.13587
1330,59,14,1,1271,116,5,40695755270.13587
1330,59,14,2,1271,116,5,47733002687.36526
1330,59,15,1,1271,116,5,47733526445.365265
1330,59,15,2,1271,116,5,55567712305.55365
1330,59,16,1,1271,116,5,55568439692.55366
1330,59,16,2,1271,116,5,64242257127.70138
1330,59,17,1,1271,116,5,64243247283.70137
1330,59,17,2,1271,116,5,73799389425.80875
1330,59,18,1,1271,116,5,73800713504.80875
1330,59,18,2,1271,116,5,84281873485.87608
1330,59,19,1,1271,116,5,84283616175.87608
1330,59,19,2,1271,116,5,95732487127.9037
1330,59,20,1,1271,116,5,95734748260.9037
1330,59,20,2,1271,116,5,108194023315.89194
1330,59,21,1,1271,116,5,108196919567.89194
1330,59,21,2,1271,116,5,121709291857.84106
1330,59,22,1,1271,116,5,121712958538.84105
1330,59,22,2,1271,116,5,136321121195.7514
1330,59,23,1,1271,116,5,136325714129.75142
1330,59,23,2,1271,116,5,152072360285.62326
1330,59,24,1,1271,116,5,152078057780.62326
1330,59,24,2,1271,116,5,169005880567.45694
1330,59,25,1,1271,116,5,169012885475.45694
1330,59,25,2,1271,116,5,187164578025.25272
1330,59,26,1,1271,116,5,187173119892.25272
1330,59,26,2,1271,116,5,206591375337.01086
1330,59,27,1,1271,116,5,206601712643.01086
1330,59,27,2,1271,116,5,227329224114.73172
1330,59,28,1,1271,116,5,227341646603.73172
1330,59,28,2,1271,116,5,249421107234.41556
1330,59,29,1,1271,116,5,249435938334.41556
1330,59,29,2,1271,116,5,272910041256.0626
1330,59,30,1,1271,116,5,272927640589.06262
1330,59,30,2,1271,116,5,297839078933.6732
1330,59,31,1,1271,116,5,297859844915.6732
1330,59,31,2,1271,116,5,324251311815.2476
1330,59,32,1,1271,116,5,324275684346.2476
1330,59,32,2,1271,116,5,352189872932.7861
1330,59,33,1,1271,116,5,352218336176.7861
1330,59,33,2,1271,116,5,381697939582.28894
1330,59,34,1,1271,116,5,381731024837.2889
1330,59,34,2,1271,116,5,412818736193.7563
1330,59,35,1,1271,116,5,412857024851.75635
1330,59,35,2,1271,116,5,445595537291.18866
1330,59,36,1,1271,116,5,445639663888.1886
1330,59,36,2,1271,116,5,480071670542.58606
1330,59,37,1,1271,116,5,480122325898.586
1330,59,37,2,1271,116,5,516290519899.94885
1330,59,38,1,1271,116,5,516348454348.94885
1330,59,38,2,1271,116,5,554295528829.2772
1330,59,39,1,1271,116,5,554361555539.2773
1330,59,39,2,1271,116,5,594130203630.5717
1330,59,40,1,1271,116,5,594205202013.5717
1330,59,40,2,1271,116,5,635838116847.8322
1330,59,41,1,1271,116,5,635923036059.8322
1330,59,41,2,1271,116,5,679462910769.059
1330,59,42,1,1271,116,5,679558773300.0591
1330,59,42,2,1271,116,5,725048301016.2524
1330,59,43,1,1271,116,5,725156206370.2526
1330,59,43,2,1271,116,5,772638080225.413
1330,59,44,1,1271,116,5,772759208690.4128
1330,59,44,2,1271,116,5,822276121816.5403
1330,59,45,1,1271,116,5,822411738324.5403
1330,59,45,2,1271,116,5,874006383853.6351
1330,59,46,1,1271,116,5,874157841930.6351
1330,59,46,2,1271,116,5,927872912994.6976
1330,59,47,1,1271,116,5,928041658800.6975
1330,59,47,2,1271,116,5,983919848531.7277
1330,59,48,1,1271,116,5,984107424990.7278
1330,59,48,2,1271,116,5,1042191426520.7261
1330,59,49,1,1271,116,5,1042399477540.7261
1330,59,49,2,1271,116,5,1102731984001.6924
1330,59,50,1,1271,116,5,1102962258784.6926
1330,59,50,2,1271,116,5,1165585963308.6277
1330,59,51,1,1271,116,5,1165840320750.6274
1330,59,51,2,1271,116,5,1230797916469.5312
1330,59,52,1,1271,116,5,1231078329650.531
1330,59,52,2,1271,116,5,1298412509696.4036
1330,59,53,1,1271,116,5,1298721070460.4038
1330,59,53,2,1271,116,5,1368474527965.2456
1330,59,54,1,1271,116,5,1368813451590.2456
1330,59,54,2,1271,116,5,1441028879686.0566
1330,59,55,1,1271,116,5,1441400509644.0566
1330,59,55,2,1271,116,5,1516120601462.8372
1330,59,56,1,1271,116,5,1516527414269.8374
1330,59,56,2,1271,116,5,1593794862943.588
1330,59,57,1,1271,116,5,1594239473099.588
1330,59,57,2,1271,116,5,1674096971760.308
1330,59,58,1,1271,116,5,1674582136779.308
1330,59,58,2,1271,116,5,1757072378558.9988
1330,59,59,1,1271,116,5,1757601004088.9988
1330,59,59,2,1271,116,5,1842766682119.66
1330,59,60,1,1271,116,5,1843341827152.6597
1330,59,60,2,1271,116,5,1931225634566.2915
1330,59,61,1,1271,116,5,1931850516738.2913
1330,59,61,2,1271,116,5,2022495146666.8938
1330,59,62,1,1271,116,5,2023173147647.8938
1330,59,62,2,1271,116,5,2116621293223.467
1330,59,63,1,1271,116,5,2117355964197.467
1330,59,63,2,1271,116,5,2213650318552.0117
1330,59,64,1,1271,116,5,2214445385787.0117
1330,59,64,2,1271,116,5,2313628642052.528
1330,59,65,1,1271,116,5,2314488012560.5273
1330,59,65,2,1271,116,5,2416602863869.015
1330,59,66,1,1271,116,5,2417530631156.015
1330,59,66,2,1271,116,5,2522619770639.474
1330,59,67,1,1271,116,5,2523620220545.4746
1330,59,67,2,1271,116,5,2631726341335.906
1330,59,68,1,1271,116,5,2632803957964.9053
1330,59,68,2,1271,116,5,2743969753194.3086
1330,59,69,1,1271,116,5,2745129224934.3086
1330,59,69,2,1271,116,5,2859397387734.6846
1330,59,70,1,1271,116,5,2860643613367.6846
1330,59,70,2,1271,116,5,2978056836871.0327
1330,59,71,1,1271,116,5,2979394931773.032
1330,59,71,2,1271,116,5,3099995909111.353
1330,59,72,1,1271,116,5,3101431211542.3535
1330,59,72,2,1271,116,5,3225262635847.647
1330,59,73,1,1271,116,5,3226800713331.647
1330,59,73,2,1271,116,5,3353905277735.9136
1330,59,74,1,1271,116,5,3355551933530.9136
1330,59,74,2,1271,116,5,3485972331166.1533
1330,59,75,1,1271,116,5,3487733610824.1533
1330,59,75,2,1271,116,5,3621512534822.3667
1330,59,76,1,1271,116,5,3623394732839.3667
1330,59,76,2,1271,116,5,3760574876332.5537
1330,59,77,1,1271,116,5,3762584542888.553
1330,59,77,2,1271,116,5,3903208599008.714
1330,59,78,1,1271,116,5,3905352546797.714
1330,59,78,2,1271,116,5,4049463208676.8486
1330,59,79,1,1271,116,5,4051748519826.8486
1330,59,79,2,1271,116,5,4199388480596.957
1330,59,80,1,1271,116,5,4201822513679.9565
1330,59,80,2,1271,116,5,4353034466473.0396
1330,59,81,1,1271,116,5,4355624863605.0396
1330,59,81,2,1271,116,5,4510451501553.097
1330,59,82,1,1271,116,5,4513206195584.097
1330,59,82,2,1271,116,5,4671690211819.128
1330,59,83,1,1271,116,5,4674617433613.129
1330,59,83,2,1271,116,5,4836801521267.135
1330,59,84,1,1271,116,5,4839909807072.135
1330,59,84,2,1271,116,5,5005836659277.115
1330,59,85,1,1271,116,5,5009134858185.115
1330,59,85,2,1271,116,5,5178847168073.071
1330,59,86,1,1271,116,5,5182344449570.072
1330,59,86,2,1271,116,5,5355884910273.004
1330,59,87,1,1271,116,5,5359590771879.003
1330,59,87,2,1271,116,5,5537002076528.91
1330,59,88,1,1271,116,5,5540926351527.909
1330,59,88,2,1271,116,5,5722251193256.792
1330,59,89,1,1271,116,5,5726404058516.792
1330,59,89,2,1271,116,5,5911685130456.65
1330,59,90,1,1271,116,5,5916077114339.65
1330,59,90,2,1271,116,5,6105357109622.483
1330,59,91,1,1271,116,5,6109999099984.483
1330,59,91,2,1271,116,5,6303320711742.293
1330,59,92,1,1271,116,5,6308223964023.294
1330,59,92,2,1271,116,5,6505629885388.079
1330,59,93,1,1271,116,5,6510806030792.079
1330,59,93,2,1271,116,5,6712338954895.841
1330,59,94,1,1271,116,5,6717800008660.841
1330,59,94,2,1271,116,5,6923502628635.578
1330,59,95,1,1271,116,5,6929260998393.579
1330,59,95,2,1271,116,5,7139176007371.294
1330,59,96,1,1271,116,5,7145244501598.293
1330,59,96,2,1271,116,5,7359414592710.984
1330,59,97,1,1271,116,5,7365806429266.984
1330,59,97,2,1271,116,5,7584274295646.653
1330,59,98,1,1271,116,5,7591003110405.653
1330,59,98,2,1271,116,5,7813811445184.299
1330,59,99,1,1271,116,5,7820891300754.298
1330,59,99,2,1271,116,5,8048082797063.92
1330,59,100,1,1271,116,5,8055528191596.92
1330,59,100,2,1271,116,5,8287145542569.52
1330,59,101,1,1271,116,5,8294971418661.5205
1330,59,101,2,1271,116,5,8531057317429.097
1330,59,102,1,1271,116,5,8539279071110.097
1330,59,102,2,1271,116,5,8779876210804.65
1330,59,103,1,1271,116,5,8788509700618.65
1330,59,103,2,1271,116,5,9033660774372.184
1330,59,104,1,1271,116,5,9042722330547.182
1330,59,104,2,1271,116,5,9292470031491.691
1330,59,105,1,1271,116,5,9301976465199.691
1330,59,105,2,1271,116,5,9556363486467.18
1330,59,106,1,1271,116,5,9566332099174.18
1330,59,106,2,1271,116,5,9825401133896.646
1330,59,107,1,1271,116,5,9835849726802.645
1330,59,107,2,1271,116,5,10099643468112.088
1330,59,108,1,1271,116,5,10110590351681.09
1330,59,108,2,1271,116,5,10379151492709.512
1330,59,109,1,1271,116,5,10390615496289.512
1330,59,109,2,1271,116,5,10663986730168.912
1330,59,110,1,1271,116,5,10675987211701.91
1330,59,110,2,1271,116,5,10954211231564.29
1330,59,111,1,1271,116,5,10966768087386.29
1330,59,111,2,1271,116,5,11249887586363.648
1330,59,112,1,1271,116,5,11263021261094.648
1330,59,112,2,1271,116,5,11551078932318.984
1330,59,113,1,1271,116,5,11564810428842.982
1330,59,113,2,1271,116,5,11857848965446.299
1330,59,114,1,1271,116,5,11872199854981.299
1330,59,114,2,1271,116,5,12170261950095.594
1330,59,115,1,1271,116,5,12185254382353.594
1330,59,115,2,1271,116,5,12488382729110.867
1330,59,116,1,1271,116,5,12504039442547.865
1330,59,116,2,1271,116,5,12812276734080.117
1330,59,117,1,1271,116,5,12828621066236.12
1330,59,117,2,1271,116,5,13142009995675.352
1330,59,118,1,1271,116,5,13159065893604.352
1330,59,118,2,1271,116,5,13477649154082.562
1334,60,1,1,1274,118,5,2349008501.0291305
1334,60,1,2,1274,118,5,2914507943.667977
1334,60,2,1,1274,118,5,2914509394.6679764
1334,60,2,2,1274,118,5,3723389860.262586
1334,60,3,1,1274,118,5,3723391594.2625866
1334,60,3,2,1274,118,5,4818602678.813326
1334,60,4,1,1274,118,5,4818605023.813326
1334,60,4,2,1274,118,5,6243096323.320558
1334,60,5,1,1274,118,5,6243100051.320558
1334,60,5,2,1274,118,5,8039821161.784638
1334,60,6,1,1274,118,5,8039827838.784637
1334,60,6,2,1274,118,5,10251728356.205921
1334,60,7,1,1274,118,5,10251740782.205921
1334,60,7,2,1274,118,5,12921770302.584753
1334,60,8,1,1274,118,5,12921793041.584753
1334,60,8,2,1274,118,5,16092901160.92148
1334,60,9,1,1274,118,5,16092941160.921482
1334,60,9,2,1274,118,5,19808077475.216446
1334,60,10,1,1274,118,5,19808144778.216442
1334,60,10,2,1274,118,5,24110258883.46998
1334,60,11,1,1274,118,5,24110367425.469982
1334,60,11,2,1274,118,5,29042408917.68242
1334,60,12,1,1274,118,5,29042577418.68242
1334,60,12,2,1274,118,5,34647495893.85409
1334,60,13,1,1274,118,5,34647748837.85409
1334,60,13,2,1274,118,5,40968493891.98531
1334,60,14,1,1274,118,5,40968862596.98531
1334,60,14,2,1274,118,5,48048383826.076416
1334,60,15,1,1274,118,5,48048907604.076416
1334,60,15,2,1274,118,5,55930154604.127716
1334,60,16,1,1274,118,5,55930882011.127716
1334,60,16,2,1274,118,5,64656804378.13952
1334,60,17,1,1274,118,5,64657794554.13951
1334,60,17,2,1274,118,5,74271341884.11214
1334,60,18,1,1274,118,5,74272665983.11212
1334,60,18,2,1274,118,5,84816787872.04587
1334,60,19,1,1274,118,5,84818530582.04585
1334,60,19,2,1274,118,5,96336176625.94102
1334,60,20,1,1274,118,5,96338437778.94102
1334,60,20,2,1274,118,5,108872557573.7979
1334,60,21,1,1274,118,5,108875453845.7979
1334,60,21,2,1274,118,5,122468996987.61679
1334,60,22,1,1274,118,5,122472663688.61679
1334,60,22,2,1274,118,5,137168579773.398
1334,60,23,1,1274,118,5,137173172727.398
1334,60,23,2,1274,118,5,153014411351.14178
1334,60,24,1,1274,118,5,153020108866.14178
1334,60,24,2,1274,118,5,170049619624.84848
1334,60,25,1,1274,118,5,170056624552.84848
1334,60,25,2,1274,118,5,188317357042.51834
1334,60,26,1,1274,118,5,188325898929.5183
1334,60,26,2,1274,118,5,207860802746.15158
1334,60,27,1,1274,118,5,207871140072.1516
1334,60,27,2,1274,118,5,228723164811.7486
1334,60,28,1,1274,118,5,228735587320.7486
1334,60,28,2,1274,118,5,250947682579.3096
1334,60,29,1,1274,118,5,250962513699.30957
1334,60,29,2,1274,118,5,274577629072.8348
1334,60,30,1,1274,118,5,274595228425.83484
1334,60,30,2,1274,118,5,299656313510.3246
1334,60,31,1,1274,118,5,299677079512.3246
1334,60,31,2,1274,118,5,326227083903.7791
1334,60,32,1,1274,118,5,326251456454.7792
1334,60,32,2,1274,118,5,354333329749.1988
1334,60,33,1,1274,118,5,354361793013.1987
1334,60,33,2,1274,118,5,384018484806.5837
1334,60,34,1,1274,118,5,384051570081.5837
1334,60,34,2,1274,118,5,415326029969.93414
1334,60,35,1,1274,118,5,415364318647.93414
1334,60,35,2,1274,118,5,448299496227.2504
1334,60,36,1,1274,118,5,448343622844.2504
1334,60,36,2,1274,118,5,482982467710.5328
1334,60,37,1,1274,118,5,483033123086.5328
1334,60,37,2,1274,118,5,519418584835.7814
1334,60,38,1,1274,118,5,519476519304.78143
1334,60,38,2,1274,118,5,557651547532.9966
1334,60,39,1,1274,118,5,557717574262.9966
1334,60,39,2,1274,118,5,597725118566.1786
1334,60,40,1,1274,118,5,597800116969.1786
1334,60,40,2,1274,118,5,639683126943.3276
1334,60,41,1,1274,118,5,639768046175.3275
1334,60,41,2,1274,118,5,683569471416.4438
1334,60,42,1,1274,118,5,683665333967.4438
1334,60,42,2,1274,118,5,729428124071.5277
1334,60,43,1,1274,118,5,729536029445.5277
1334,60,43,2,1274,118,5,777303134008.5792
1334,60,44,1,1274,118,5,777424262493.5792
1334,60,44,2,1274,118,5,827238631111.5986
1334,60,45,1,1274,118,5,827374247639.5986
1334,60,45,2,1274,118,5,879278829908.5864
1334,60,46,1,1274,118,5,879430288005.5864
1334,60,46,2,1274,118,5,933468033521.5425
1334,60,47,1,1274,118,5,933636779347.5424
1334,60,47,2,1274,118,5,989850637706.4672
1334,60,48,1,1274,118,5,990038214185.4672
1334,60,48,2,1274,118,5,1048471134983.3607
1334,60,49,1,1274,118,5,1048679186023.3607
1334,60,49,2,1274,118,5,1109374118856.2231
1334,60,50,1,1274,118,5,1109604393659.2234
1334,60,50,2,1274,118,5,1172604288123.0554
1334,60,51,1,1274,118,5,1172858645585.0552
1334,60,51,2,1274,118,5,1238206451275.8564
1334,60,52,1,1274,118,5,1238486864476.8564
1334,60,52,2,1274,118,5,1306225530990.6277
1334,60,53,1,1274,118,5,1306534091774.6277
1334,60,53,2,1274,118,5,1376706568707.369
1334,60,54,1,1274,118,5,1377045492352.3687
1334,60,54,2,1274,118,5,1449694729300.0798
1334,60,55,1,1274,118,5,1450066359278.0798
1334,60,55,2,1274,118,5,1525235305836.7612
1334,60,56,1,1274,118,5,1525642118663.7612
1334,60,56,2,1274,118,5,1603373724429.4133
1334,60,57,1,1274,118,5,1603818334605.413
1334,60,57,2,1274,118,5,1684155549174.036
1334,60,58,1,1274,118,5,1684640714213.036
1334,60,58,2,1274,118,5,1767626487180.6294
1334,60,59,1,1274,118,5,1768155112730.6296
1334,60,59,2,1274,118,5,1853832393693.1943
1334,60,60,1,1274,118,5,1854407538746.1943
1334,60,60,2,1274,118,5,1942819277299.7302
1334,60,61,1,1274,118,5,1943444159491.7302
1334,60,61,2,1274,118,5,2034633305232.2375
1334,60,62,1,1274,118,5,2035311306233.2378
1334,60,62,2,1274,118,5,2129320808756.717
1334,60,63,1,1274,118,5,2130055479750.7168
1334,60,63,2,1274,118,5,2226928288653.168
1334,60,64,1,1274,118,5,2227723355908.1685
1334,60,64,2,1274,118,5,2327502420785.5913
1334,60,65,1,1274,118,5,2328361791313.5913
1334,60,65,2,1274,118,5,2431090061761.9863
1334,60,66,1,1274,118,5,2432017829068.9863
1334,60,66,2,1274,118,5,2537738254684.3545
1334,60,67,1,1274,118,5,2538738704610.3545
1334,60,67,2,1274,118,5,2647494234988.695
1334,60,68,1,1274,118,5,2648571851637.695
1334,60,68,2,1274,118,5,2760405436375.008
1334,60,69,1,1274,118,5,2761564908135.008
1334,60,69,2,1274,118,5,2876519496827.2944
1334,60,70,1,1274,118,5,2877765722480.2944
1334,60,70,2,1274,118,5,2995884264723.5537
1334,60,71,1,1274,118,5,2997222359645.553
1334,60,71,2,1274,118,5,3118547805035.786
1334,60,72,1,1274,118,5,3119983107486.786
1334,60,72,2,1274,118,5,3244558405619.992
1334,60,73,1,1274,118,5,3246096483123.9927
1334,60,73,2,1274,118,5,3373964583596.1724
1334,60,74,1,1274,118,5,3375611239411.172
1334,60,74,2,1274,118,5,3506815091818.3257
1334,60,75,1,1274,118,5,3508576371496.3257
1334,60,75,2,1274,118,5,3643158925434.453
1334,60,76,1,1274,118,5,3645041123471.4536
1334,60,76,2,1274,118,5,3783045328536.555
1334,60,77,1,1274,118,5,3785054995112.555
1334,60,77,2,1274,118,5,3926523800900.631
1334,60,78,1,1274,118,5,3928667748709.6313
1334,60,78,2,1274,118,5,4073644104816.6816
1334,60,79,1,1274,118,5,4075929415986.682
1334,60,79,2,1274,118,5,4224456272008.707
1334,60,80,1,1274,118,5,4226890305111.7065
1334,60,80,2,1274,118,5,4379010610644.7065
1334,60,81,1,1274,118,5,4381601007796.707
1334,60,81,2,1274,118,5,4537357712436.682
1334,60,82,1,1274,118,5,4540112406487.682
1334,60,82,2,1274,118,5,4699548459830.632
1334,60,83,1,1274,118,5,4702475681644.632
1334,60,83,2,1274,118,5,4865634033286.558
1334,60,84,1,1274,118,5,4868742319111.558
1334,60,84,2,1274,118,5,5035665918648.458
1334,60,85,1,1274,118,5,5038964117576.458
1334,60,85,2,1274,118,5,5209695914604.334
1334,60,86,1,1274,118,5,5213193196121.335
1334,60,86,2,1274,118,5,5387776140236.187
1334,60,87,1,1274,118,5,5391482001862.187
1334,60,87,2,1274,118,5,5569959042660.015
1334,60,88,1,1274,118,5,5573883317679.015
1334,60,88,2,1274,118,5,5756297404755.818
1334,60,89,1,1274,118,5,5760450270035.819
1334,60,89,2,1274,118,5,5946844352987.599
1334,60,90,1,1274,118,5,5951236336890.599
1334,60,90,2,1274,118,5,6141653365313.355
1334,60,91,1,1274,118,5,6146295355695.3545
1334,60,91,2,1274,118,5,6340778279185.088
1334,60,92,1,1274,118,5,6345681531486.089
1334,60,92,2,1274,118,5,6544273299638.798
1334,60,93,1,1274,118,5,6549449445062.798
1334,60,93,2,1274,118,5,6752193007474.484
1334,60,94,1,1274,118,5,6757654061259.483
1334,60,94,2,1274,118,5,6964592367526.146
1334,60,95,1,1274,118,5,6970350737304.147
1334,60,95,2,1274,118,5,7181526737021.788
1334,60,96,1,1274,118,5,7187595231268.787
1334,60,96,2,1274,118,5,7403051874033.404
1334,60,97,1,1274,118,5,7409443710609.404
1334,60,97,2,1274,118,5,7629223946016.999
1334,60,98,1,1274,118,5,7635952760795.999
1334,60,98,2,1274,118,5,7860099538442.571
1334,60,99,1,1274,118,5,7867179394032.571
1334,60,99,2,1274,118,5,8095735663514.121
1334,60,100,1,1274,118,5,8103181058067.12
1334,60,100,2,1274,118,5,8336189768979.647
1334,60,101,1,1274,118,5,8344015645091.648
1334,60,101,2,1274,118,5,8581519747031.153
1334,60,102,1,1274,118,5,8589741500732.153
1334,60,102,2,1274,118,5,8831783943294.637
1334,60,103,1,1274,118,5,8840417433128.637
1334,60,103,2,1274,118,5,9087041165910.098
1334,60,104,1,1274,118,5,9096102722105.098
1334,60,104,2,1274,118,5,9347350694701.537
1334,60,105,1,1274,118,5,9356857128429.537
1334,60,105,2,1274,118,5,9612772290436.955
1334,60,106,1,1274,118,5,9622740903163.955
1334,60,106,2,1274,118,5,9883366204178.352
1334,60,107,1,1274,118,5,9893814797104.35
1334,60,107,2,1274,118,5,10159193186721.725
1334,60,108,1,1274,118,5,10170140070310.727
1334,60,108,2,1274,118,5,10440314498127.08
1334,60,109,1,1274,118,5,10451778501727.08
1334,60,109,2,1274,118,5,10726791917338.412
1334,60,110,1,1274,118,5,10738792398891.412
1334,60,110,2,1274,118,5,11018687751893.723
1334,60,111,1,1274,118,5,11031244607735.723
1334,60,111,2,1274,118,5,11316064847725.014
1334,60,112,1,1274,118,5,11329198522476.014
1334,60,112,2,1274,118,5,11618986599048.283
1334,60,113,1,1274,118,5,11632718095592.283
1334,60,113,2,1274,118,5,11927516958343.531
1334,60,114,1,1274,118,5,11941867847898.531
1334,60,114,2,1274,118,5,12241720446424.762
1334,60,115,1,1274,118,5,12256712878702.762
1334,60,115,2,1274,118,5,12561662162599.969
1334,60,116,1,1274,118,5,12577318876056.967
1334,60,116,2,1274,118,5,12887407794921.156
1334,60,117,1,1274,118,5,12903752127097.156
1334,60,117,2,1274,118,5,13219023630524.324
1334,60,118,1,1274,118,5,13236079528473.324
1334,60,118,2,1274,118,5,13556576566059.47
1334,60,119,1,1274,118,5,13574368596869.47
1334,60,119,2,1274,118,5,13900134118210.598
1334,60,120,1,1274,118,5,13918687479613.598
1334,60,120,2,1274,118,5,14249764434305.705
1302,61,1,1,1241,120,5,2265296341.778503
1302,61,1,2,1241,120,5,2804064815.971535
1302,61,2,1,1241,120,5,2804066286.971535
1302,61,2,2,1241,120,5,3574711272.1228786
1302,61,3,1,1241,120,5,3574713026.1228786
1302,61,3,2,1241,120,5,4618153910.232872
1302,61,4,1,1241,120,5,4618156275.232872
1302,61,4,2,1241,120,5,5975312446.301851
1302,61,5,1,1241,120,5,5975316194.301852
1302,61,5,2,1241,120,5,7687107040.330148
1302,61,6,1,1241,120,5,7687113737.330148
1302,61,6,2,1241,120,5,9794458646.318089
1302,61,7,1,1241,120,5,9794471092.31809
1302,61,7,2,1241,120,5,12338289452.265999
1302,61,8,1,1241,120,5,12338312211.265997
1302,61,8,2,1241,120,5,15359523410.174194
1302,61,9,1,1241,120,5,15359563430.174194
1302,61,9,2,1241,120,5,18899086856.042995
1302,61,10,1,1241,120,5,18899154179.042995
1302,61,10,2,1241,120,5,22997909219.872707
1302,61,11,1,1241,120,5,22998017781.87271
1302,61,11,2,1241,120,5,27696923825.663654
1302,61,12,1,1241,120,5,27697092346.66365
1302,61,12,2,1241,120,5,33037068781.41612
1302,61,13,1,1241,120,5,33037321745.41612
1302,61,13,2,1241,120,5,39059287959.130424
1302,61,14,1,1241,120,5,39059656684.13042
1302,61,14,2,1241,120,5,45804532064.80684
1302,61,15,1,1241,120,5,45805055862.80684
1302,61,15,2,1241,120,5,53313759798.445694
1302,61,16,1,1241,120,5,53314487225.445694
1302,61,16,2,1241,120,5,61627939104.04725
1302,61,17,1,1241,120,5,61628929300.04725
1302,61,17,2,1241,120,5,70788048509.61182
1302,61,18,1,1241,120,5,70789372628.61182
1302,61,18,2,1241,120,5,80835078557.13965
1302,61,19,1,1241,120,5,80836821287.13965
1302,61,19,2,1241,120,5,91810033322.63106
1302,61,20,1,1241,120,5,91812294495.63106
1302,61,20,2,1241,120,5,103753932026.08632
1302,61,21,1,1241,120,5,103756828318.0863
1302,61,21,2,1241,120,5,116707810731.50568
1302,61,22,1,1241,120,5,116711477452.50566
1302,61,22,2,1241,120,5,130712724136.88942
1302,61,23,1,1241,120,5,130717317110.88943
1302,61,23,2,1241,120,5,145809747454.23782
1302,61,24,1,1241,120,5,145815444989.23785
1302,61,24,2,1241,120,5,162039978379.55118
1302,61,25,1,1241,120,5,162046983327.55118
1302,61,25,2,1241,120,5,179444539152.82968
1302,61,26,1,1241,120,5,179453081059.82968
1302,61,26,2,1241,120,5,198064578708.07364
1302,61,27,1,1241,120,5,198074916054.07364
1302,61,27,2,1241,120,5,217941274913.2833
1302,61,28,1,1241,120,5,217953697442.2833
1302,61,28,2,1241,120,5,239115836900.45892
1302,61,29,1,1241,120,5,239130668040.4589
1302,61,29,2,1241,120,5,261629507485.60074
1302,61,30,1,1241,120,5,261647106858.60074
1302,61,30,2,1241,120,5,285523565678.709
1302,61,31,1,1241,120,5,285544331700.709
1302,61,31,2,1241,120,5,310839329283.78394
1302,61,32,1,1241,120,5,310863701854.784
1302,61,32,2,1241,120,5,337618157588.82587
1302,61,33,1,1241,120,5,337646620872.82587
1302,61,33,2,1241,120,5,365901454145.83496
1302,61,34,1,1241,120,5,365934539440.8349
1302,61,34,2,1241,120,5,395730669640.81146
1302,61,35,1,1241,120,5,395768958338.81146
1302,61,35,2,1241,120,5,427147304853.7556
1302,61,36,1,1241,120,5,427191431490.7556
1302,61,36,2,1241,120,5,460192913708.6676
1302,61,37,1,1241,120,5,460243569104.6676
1302,61,37,2,1241,120,5,494909106413.5478
1302,61,38,1,1241,120,5,494967040902.5478
1302,61,38,2,1241,120,5,531337552690.3963
1302,61,39,1,1241,120,5,531403579440.3963
1302,61,39,2,1241,120,5,569519985095.2134
1302,61,40,1,1241,120,5,569594983518.2134
1302,61,40,2,1241,120,5,609498202427.9993
1302,61,41,1,1241,120,5,609583121679.9991
1302,61,41,2,1241,120,5,651314073232.754
1302,61,42,1,1241,120,5,651409935803.754
1302,61,42,2,1241,120,5,695009539387.4781
1302,61,43,1,1241,120,5,695117444781.4781
1302,61,43,2,1241,120,5,740626619784.1718
1302,61,44,1,1241,120,5,740747748289.1716
1302,61,44,2,1241,120,5,788207414098.8348
1302,61,45,1,1241,120,5,788343030646.8348
1302,61,45,2,1241,120,5,837794106651.4679
1302,61,46,1,1241,120,5,837945564768.4679
1302,61,46,2,1241,120,5,889428970356.071
1302,61,47,1,1241,120,5,889597716202.0709
1302,61,47,2,1241,120,5,943154370760.6444
1302,61,48,1,1241,120,5,943341947259.6445
1302,61,48,2,1241,120,5,999012770177.1884
1302,61,49,1,1241,120,5,999220821237.1884
1302,61,49,2,1241,120,5,1057046731901.703
1302,61,50,1,1241,120,5,1057277006724.7029
1302,61,50,2,1241,120,5,1117298924524.1885
1302,61,51,1,1241,120,5,1117553282006.1885
1302,61,51,2,1241,120,5,1179812126328.645
1302,61,52,1,1241,120,5,1180092539549.6448
1302,61,52,2,1241,120,5,1244629229783.0728
1302,61,53,1,1241,120,5,1244937790587.073
1302,61,53,2,1241,120,5,1311793246119.4724
1302,61,54,1,1241,120,5,1312132169784.4722
1302,61,54,2,1241,120,5,1381347310003.8433
1302,61,55,1,1241,120,5,1381718940001.843
1302,61,55,2,1241,120,5,1453334684296.1858
1302,61,56,1,1241,120,5,1453741497143.186
1302,61,56,2,1241,120,5,1527798764900.501
1302,61,57,1,1241,120,5,1528243375096.501
1302,61,57,2,1241,120,5,1604783085704.788
1302,61,58,1,1241,120,5,1605268250763.788
1302,61,58,2,1241,120,5,1684331323611.0476
1302,61,59,1,1241,120,5,1684859949181.0476
1302,61,59,2,1241,120,5,1766487303655.28
1302,61,60,1,1241,120,5,1767062448728.2798
1302,61,60,2,1241,120,5,1851295004217.4849
1302,61,61,1,1241,120,5,1851919886429.4846
1302,61,61,2,1241,120,5,1938798562321.6626
1302,61,62,1,1241,120,5,1939476563342.6628
1302,61,62,2,1241,120,5,2029042279025.814
1302,61,63,1,1241,120,5,2029776950039.814
1302,61,63,2,1241,120,5,2122070624901.9382
1302,61,64,1,1241,120,5,2122865692176.9382
1302,61,64,2,1241,120,5,2217928245606.036
1302,61,65,1,1241,120,5,2218787616154.036
1302,61,65,2,1241,120,5,2316659967538.1074
1302,61,66,1,1241,120,5,2317587734865.1074
1302,61,66,2,1241,120,5,2418310803592.1533
1302,61,67,1,1241,120,5,2419311253538.1533
1302,61,67,2,1241,120,5,2522925958996.1724
1302,61,68,1,1241,120,5,2524003575665.1724
1302,61,68,2,1241,120,5,2630550837242.166
1302,61,69,1,1241,120,5,2631710309022.166
1302,61,69,2,1241,120,5,2741231046106.134
1302,61,70,1,1241,120,5,2742477271779.1343
1302,61,70,2,1241,120,5,2855012403758.0767
1302,61,71,1,1241,120,5,2856350498700.076
1302,61,71,2,1241,120,5,2971940944961.993
1302,61,72,1,1241,120,5,2973376247432.993
1302,61,72,2,1241,120,5,3092062927365.8853
1302,61,73,1,1241,120,5,3093601004889.8853
1302,61,73,2,1241,120,5,3215424837881.7524
1302,61,74,1,1241,120,5,3217071493716.752
1302,61,74,2,1241,120,5,3342073399155.594
1302,61,75,1,1241,120,5,3343834678853.594
1302,61,75,2,1241,120,5,3472055576127.4116
1302,61,76,1,1241,120,5,3473937774184.4116
1302,61,76,2,1241,120,5,3605418582681.2046
1302,61,77,1,1241,120,5,3607428249277.204
1302,61,77,2,1241,120,5,3742209888384.9727
1302,61,78,1,1241,120,5,3744353836213.9727
1302,61,78,2,1241,120,5,3882477225320.717
1302,61,79,1,1241,120,5,3884762536510.7173
1302,61,79,2,1241,120,5,4026268595004.437
1302,61,80,1,1241,120,5,4028702628127.437
1302,61,80,2,1241,120,5,4173632275396.133
1302,61,81,1,1241,120,5,4176222672568.133
1302,61,81,2,1241,120,5,4324616827999.8057
1302,61,82,1,1241,120,5,4327371522070.8057
1302,61,82,2,1241,120,5,4479271105053.454
1302,61,83,1,1241,120,5,4482198326887.454
1302,61,83,2,1241,120,5,4637644256809.079
1302,61,84,1,1241,120,5,4640752542654.079
1302,61,84,2,1241,120,5,4799785738902.682
1302,61,85,1,1241,120,5,4803083937850.681
1302,61,85,2,1241,120,5,4965745319814.26
1302,61,86,1,1241,120,5,4969242601351.26
1302,61,86,2,1241,120,5,5135573088417.815
1302,61,87,1,1241,120,5,5139278950063.815
1302,61,87,2,1241,120,5,5309319461621.348
1302,61,88,1,1241,120,5,5313243736660.348
1302,61,88,2,1241,120,5,5487035192096.857
1302,61,89,1,1241,120,5,5491188057396.858
1302,61,89,2,1241,120,5,5668771376100.346
1302,61,90,1,1241,120,5,5673163360023.345
1302,61,90,2,1241,120,5,5854579461381.81
1302,61,91,1,1241,120,5,5859221451783.81
1302,61,91,2,1241,120,5,6044511255185.252
1302,61,92,1,1241,120,5,6049414507506.252
1302,61,92,2,1241,120,5,6238618932338.673
1302,61,93,1,1241,120,5,6243795077782.672
1302,61,93,2,1241,120,5,6436955043434.07
1302,61,94,1,1241,120,5,6442416097239.069
1302,61,94,2,1241,120,5,6639572523097.445
1302,61,95,1,1241,120,5,6645330892895.446
1302,61,95,2,1241,120,5,6846524698348.8
1302,61,96,1,1241,120,5,6852593192615.8
1302,61,96,2,1241,120,5,7057865297052.133
1302,61,97,1,1241,120,5,7064257133648.132
1302,61,97,2,1241,120,5,7273648456455.442
1302,61,98,1,1241,120,5,7280377271254.443
1302,61,98,2,1241,120,5,7493928731820.732
1302,61,99,1,1241,120,5,7501008587430.732
1302,61,99,2,1241,120,5,7718761105144.0
1302,61,100,1,1241,120,5,7726206499717.0
1302,61,100,2,1241,120,5,7948200993965.247
1302,61,101,1,1241,120,5,7956026870097.247
1302,61,101,2,1241,120,5,8182304260268.473
1302,61,102,1,1241,120,5,8190526013989.473
1302,61,102,2,1241,120,5,8421127219471.678
1302,61,103,1,1241,120,5,8429760709325.677
1302,61,103,2,1241,120,5,8664726649506.86
1302,61,104,1,1241,120,5,8673788205721.861
1302,61,104,2,1241,120,5,8913159799990.023
1302,61,105,1,1241,120,5,8922666233738.023
1302,61,105,2,1241,120,5,9166484401481.166
1302,61,106,1,1241,120,5,9176453014228.168
1302,61,106,2,1241,120,5,9424758674834.29
1302,61,107,1,1241,120,5,9435207267780.287
1302,61,107,2,1241,120,5,9688041340637.389
1302,61,108,1,1241,120,5,9698988224246.39
1302,61,108,2,1241,120,5,9956391628742.47
1302,61,109,1,1241,120,5,9967855632362.473
1302,61,109,2,1241,120,5,10229869287885.533
1302,61,110,1,1241,120,5,10241869769458.531
1302,61,110,2,1241,120,5,10508534595396.572
1302,61,111,1,1241,120,5,10521091451258.574
1302,61,111,2,1241,120,5,10792448366999.596
1302,61,112,1,1241,120,5,10805582041770.596
1302,61,112,2,1241,120,5,11081671966702.598
1302,61,113,1,1241,120,5,11095403463266.596
1302,61,113,2,1241,120,5,11376267316777.578
1302,61,114,1,1241,120,5,11390618206352.578
1302,61,114,2,1241,120,5,11676296907830.541
1302,61,115,1,1241,120,5,11691289340128.541
1302,61,115,2,1241,120,5,11981823808961.482
1302,61,116,1,1241,120,5,11997480522438.482
1302,61,116,2,1241,120,5,12292911678014.406
1302,61,117,1,1241,120,5,12309256010210.406
1302,61,117,2,1241,120,5,12609624771917.31
1302,61,118,1,1241,120,5,12626680669886.31
1302,61,118,2,1241,120,5,12932027957112.195
1302,61,119,1,1241,120,5,12949819987942.193
1302,61,119,2,1241,120,5,13260186720075.06
1302,61,120,1,1241,120,5,13278740081498.06
1302,61,120,2,1241,120,5,13594167177925.908
1302,61,121,1,1241,120,5,13613507709017.908
1302,61,121,2,1241,120,5,13934036089128.736
1302,61,122,1,1241,120,5,13954190281099.736
1302,61,122,2,1241,120,5,14279860864281.545
1380,62,1,1,1318,122,5,2574601593.7476554
1380,62,1,2,1318,122,5,3179660638.3981752
1380,62,2,1,1318,122,5,3179662129.398175
1380,62,2,2,1318,122,5,4045127901.005835
1380,62,3,1,1318,122,5,4045129675.005835
1380,62,3,2,1318,122,5,5216956305.57098
1380,62,4,1,1318,122,5,5216958690.570979
1380,62,4,2,1318,122,5,6741100312.093947
1380,62,5,1,1318,122,5,6741104080.093947
1380,62,5,2,1318,122,5,8663514824.575075
1380,62,6,1,1318,122,5,8663521541.575075
1380,62,6,2,1318,122,5,11030155541.014692
1380,62,7,1,1318,122,5,11030168007.014692
1380,62,7,2,1318,122,5,13886979393.41313
1380,62,8,1,1318,122,5,13887002172.413126
1380,62,8,2,1318,122,5,17279945077.770706
1380,62,9,1,1318,122,5,17279985117.770706
1380,62,9,2,1318,122,5,21255013674.087746
1380,62,10,1,1318,122,5,21255081017.08774
1380,62,10,2,1318,122,5,25858149356.36456
1380,62,11,1,1318,122,5,25858257938.36456
1380,62,11,2,1318,122,5,31135320192.601467
1380,62,12,1,1318,122,5,31135488733.601467
1380,62,12,2,1318,122,5,37132499034.79877
1380,62,13,1,1318,122,5,37132752018.798775
1380,62,13,2,1318,122,5,43895664498.95678
1380,62,14,1,1318,122,5,43896033243.95678
1380,62,14,2,1318,122,5,51470802035.07579
1380,62,15,1,1318,122,5,51471325853.07579
1380,62,15,2,1318,122,5,59903905087.15611
1380,62,16,1,1318,122,5,59904632534.15611
1380,62,16,2,1318,122,5,69240976343.19803
1380,62,17,1,1318,122,5,69241966559.19804
1380,62,17,2,1318,122,5,79528029075.20184
1380,62,18,1,1318,122,5,79529353214.20184
1380,62,18,2,1318,122,5,90811088569.16782
1380,62,19,1,1318,122,5,90812831319.16782
1380,62,19,2,1318,122,5,103136193645.09627
1380,62,20,1,1318,122,5,103138454838.09627
1380,62,20,2,1318,122,5,116549398266.98747
1380,62,21,1,1318,122,5,116552294578.98746
1380,62,21,2,1318,122,5,131096773242.84167
1380,62,22,1,1318,122,5,131100439983.84167
1380,62,22,2,1318,122,5,146824408014.6592
1380,62,23,1,1318,122,5,146829001008.65918
1380,62,23,2,1318,122,5,163778412538.44028
1380,62,24,1,1318,122,5,163784110093.44028
1380,62,24,2,1318,122,5,182004919254.1852
1380,62,25,1,1318,122,5,182011924222.1852
1380,62,25,2,1318,122,5,201550085145.89426
1380,62,26,1,1318,122,5,201558627072.89426
1380,62,26,2,1318,122,5,222460093891.56766
1380,62,27,1,1318,122,5,222470431257.56766
1380,62,27,2,1318,122,5,244781158103.2057
1380,62,28,1,1318,122,5,244793580652.20572
1380,62,28,2,1318,122,5,268559521656.80862
1380,62,29,1,1318,122,5,268574352816.8086
1380,62,29,2,1318,122,5,293841462112.3767
1380,62,30,1,1318,122,5,293859061505.3767
1380,62,30,2,1318,122,5,320673293223.91016
1380,62,31,1,1318,122,5,320694059265.9101
1380,62,31,2,1318,122,5,349101367539.40924
1380,62,32,1,1318,122,5,349125740130.40924
1380,62,32,2,1318,122,5,379172079090.87427
1380,62,33,1,1318,122,5,379200542394.87427
1380,62,33,2,1318,122,5,410931866174.3054
1380,62,34,1,1318,122,5,410964951489.30536
1380,62,34,2,1318,122,5,444427214219.7029
1380,62,35,1,1318,122,5,444465502937.70294
1380,62,35,2,1318,122,5,479704658751.0671
1380,62,36,1,1318,122,5,479748785408.067
1380,62,36,2,1318,122,5,516810788436.398
1380,62,37,1,1318,122,5,516861443852.398
1380,62,37,2,1318,122,5,555792248227.6962
1380,62,38,1,1318,122,5,555850182736.696
1380,62,38,2,1318,122,5,596695742590.9614
1380,62,39,1,1318,122,5,596761769360.9614
1380,62,39,2,1318,122,5,639568038826.1943
1380,62,40,1,1318,122,5,639643037269.1945
1380,62,40,2,1318,122,5,684455970477.3951
1380,62,41,1,1318,122,5,684540889749.3951
1380,62,41,2,1318,122,5,731406440832.5638
1380,62,42,1,1318,122,5,731502303423.5638
1380,62,42,2,1318,122,5,780466426513.7007
1380,62,43,1,1318,122,5,780574331927.7008
1380,62,43,2,1318,122,5,831682981156.8062
1380,62,44,1,1318,122,5,831804109681.806
1380,62,44,2,1318,122,5,885103239181.8801
1380,62,45,1,1318,122,5,885238855749.8801
1380,62,45,2,1318,122,5,940774419652.9231
1380,62,46,1,1318,122,5,940925877789.9231
1380,62,46,2,1318,122,5,998743830227.935
1380,62,47,1,1318,122,5,998912576093.9349
1380,62,47,2,1318,122,5,1059058871198.9163
1380,62,48,1,1318,122,5,1059246447717.9163
1380,62,48,2,1318,122,5,1121767039621.867
1380,62,49,1,1318,122,5,1121975090701.867
1380,62,49,2,1318,122,5,1186915933536.7874
1380,62,50,1,1318,122,5,1187146208379.7876
1380,62,50,2,1318,122,5,1254553256277.678
1380,62,51,1,1318,122,5,1254807613779.678
1380,62,51,2,1318,122,5,1324726820872.5386
1380,62,52,1,1318,122,5,1325007234113.5383
1380,62,52,2,1318,122,5,1397484554533.3691
1380,62,53,1,1318,122,5,1397793115357.3694
1380,62,53,2,1318,122,5,1472874503236.1707
1380,62,54,1,1318,122,5,1473213426921.1707
1380,62,54,2,1318,122,5,1550944836390.9426
1380,62,55,1,1318,122,5,1551316466408.9426
1380,62,55,2,1318,122,5,1631743851601.6855
1380,62,56,1,1318,122,5,1632150664468.6858
1380,62,56,2,1318,122,5,1715319979516.3997
1380,62,57,1,1318,122,5,1715764589732.3997
1380,62,57,2,1318,122,5,1801721788767.085
1380,62,58,1,1318,122,5,1802206953846.085
1380,62,58,2,1318,122,5,1890997990999.7417
1380,62,59,1,1318,122,5,1891526616589.742
1380,62,59,2,1318,122,5,1983197445994.3704
1380,62,60,1,1318,122,5,1983772591087.3704
1380,62,60,2,1318,122,5,2078369166874.9707
1380,62,61,1,1318,122,5,2078994049106.9705
1380,62,61,2,1318,122,5,2176562325409.543
1380,62,62,1,1318,122,5,2177240326450.5432
1380,62,62,2,1318,122,5,2277826257400.0874
1380,62,63,1,1318,122,5,2278560928434.088
1380,62,63,2,1318,122,5,2382210468162.6045
1380,62,64,1,1318,122,5,2383005535457.605
1380,62,64,2,1318,122,5,2489764638097.094
1380,62,65,1,1318,122,5,2490624008665.094
1380,62,65,2,1318,122,5,2600538628347.556
1380,62,66,1,1318,122,5,2601466395694.5566
1380,62,66,2,1318,122,5,2714582486551.9917
1380,62,67,1,1318,122,5,2715582936517.9917
1380,62,67,2,1318,122,5,2831946452682.4
1380,62,68,1,1318,122,5,2833024069371.4
1380,62,68,2,1318,122,5,2952680964974.7812
1380,62,69,1,1318,122,5,2953840436774.7812
1380,62,69,2,1318,122,5,3076836665949.1367
1380,62,70,1,1318,122,5,3078082891642.1367
1380,62,70,2,1318,122,5,3204464408519.4653
1380,62,71,1,1318,122,5,3205802503481.465
1380,62,71,2,1318,122,5,3335615262193.767
1380,62,72,1,1318,122,5,3337050564684.7676
1380,62,72,2,1318,122,5,3470340519364.044
1380,62,73,1,1318,122,5,3471878596908.044
1380,62,73,2,1318,122,5,3608691701686.2944
1380,62,74,1,1318,122,5,3610338357541.294
1380,62,74,2,1318,122,5,3750720566550.5186
1380,62,75,1,1318,122,5,3752481846268.5186
1380,62,75,2,1318,122,5,3896479113640.718
1380,62,76,1,1318,122,5,3898361311717.7183
1380,62,76,2,1318,122,5,4046019591584.8916
1380,62,77,1,1318,122,5,4048029258200.891
1380,62,77,2,1318,122,5,4199394504695.0396
1380,62,78,1,1318,122,5,4201538452544.04
1380,62,78,2,1318,122,5,4356656619797.163
1380,62,79,1,1318,122,5,4358941931007.1636
1380,62,79,2,1318,122,5,4517858973151.261
1380,62,80,1,1318,122,5,4520293006294.262
1380,62,80,2,1318,122,5,4683054877461.335
1380,62,81,1,1318,122,5,4685645274653.335
1380,62,81,2,1318,122,5,4852297928975.384
1380,62,82,1,1318,122,5,4855052623066.384
1380,62,82,2,1318,122,5,5025642014675.408
1380,62,83,1,1318,122,5,5028569236529.408
1380,62,83,2,1318,122,5,5203141319557.408
1380,62,84,1,1318,122,5,5206249605422.408
1380,62,84,2,1318,122,5,5384850334001.384
1380,62,85,1,1318,122,5,5388148532969.384
1380,62,85,2,1318,122,5,5570823861231.335
1380,62,86,1,1318,122,5,5574321142788.336
1380,62,86,2,1318,122,5,5761117024865.264
1380,62,87,1,1318,122,5,5764822886531.264
1380,62,87,2,1318,122,5,5955785276555.168
1380,62,88,1,1318,122,5,5959709551614.167
1380,62,88,2,1318,122,5,6154884403717.048
1380,62,89,1,1318,122,5,6159037269037.048
1380,62,89,2,1318,122,5,6358470537350.905
1380,62,90,1,1318,122,5,6362862521293.905
1380,62,90,2,1318,122,5,6566600159950.738
1380,62,91,1,1318,122,5,6571242150372.738
1380,62,91,2,1318,122,5,6779330113504.549
1380,62,92,1,1318,122,5,6784233365845.55
1380,62,92,2,1318,122,5,6996717607584.337
1380,62,93,1,1318,122,5,7001893753048.336
1380,62,93,2,1318,122,5,7218820227526.101
1380,62,94,1,1318,122,5,7224281281351.101
1380,62,94,2,1318,122,5,7445695942699.842
1380,62,95,1,1318,122,5,7451454312517.843
1380,62,95,2,1318,122,5,7677403114869.562
1380,62,96,1,1318,122,5,7683471609156.561
1380,62,96,2,1318,122,5,7914000506643.258
1380,62,97,1,1318,122,5,7920392343259.257
1380,62,97,2,1318,122,5,8155547290012.931
1380,62,98,1,1318,122,5,8162276104831.932
1380,62,98,2,1318,122,5,8402103054984.583
1380,62,99,1,1318,122,5,8409182910614.583
1380,62,99,2,1318,122,5,8653727818298.213
1380,62,100,1,1318,122,5,8661173212891.212
1380,62,100,2,1318,122,5,8910482032237.82
1380,62,101,1,1318,122,5,8918307908389.82
1380,62,101,2,1318,122,5,9172426593531.404
1380,62,102,1,1318,122,5,9180648347272.406
1380,62,102,2,1318,122,5,9439622852340.969
1380,62,103,1,1318,122,5,9448256342214.97
1380,62,103,2,1318,122,5,9712132621342.512
1380,62,104,1,1318,122,5,9721194177577.512
1380,62,104,2,1318,122,5,9990018184896.031
1380,62,105,1,1318,122,5,9999524618664.033
1380,62,105,2,1318,122,5,10273342308305.531
1380,62,106,1,1318,122,5,10283310921072.533
1380,62,106,2,1318,122,5,10562168247169.01
1380,62,107,1,1318,122,5,10572616840135.01
1380,62,107,2,1318,122,5,10856559756818.467
1380,62,108,1,1318,122,5,10867506640447.467
1380,62,108,2,1318,122,5,11156581101849.902
1380,62,109,1,1318,122,5,11168045105489.902
1380,62,109,2,1318,122,5,11462297065743.318
1380,62,110,1,1318,122,5,11474297547336.316
1380,62,110,2,1318,122,5,11773772960572.71
1380,62,111,1,1318,122,5,11786329816454.71
1380,62,111,2,1318,122,5,12091074636806.086
1380,62,112,1,1318,122,5,12104208311597.086
1380,62,112,2,1318,122,5,12414268493195.44
1380,62,113,1,1318,122,5,12427999989779.438
1380,62,113,2,1318,122,5,12743421486756.77
1380,62,114,1,1318,122,5,12757772376351.77
1380,62,114,2,1318,122,5,13078601142840.082
1380,62,115,1,1318,122,5,13093593575158.084
1380,62,115,2,1318,122,5,13419875565289.375
1380,62,116,1,1318,122,5,13435532278786.373
1380,62,116,2,1318,122,5,13767313446692.645
1380,62,117,1,1318,122,5,13783657778908.646
1380,62,117,2,1318,122,5,14120984078721.898
1380,62,118,1,1318,122,5,14138039976710.898
1380,62,118,2,1318,122,5,14480957362563.13
1380,62,119,1,1318,122,5,14498749393413.129
1380,62,119,2,1318,122,5,14847303819436.342
1380,62,120,1,1318,122,5,14865857180879.342
1380,62,120,2,1318,122,5,15220094601205.533
1380,62,121,1,1318,122,5,15239435132317.535
1380,62,121,2,1318,122,5,15599401501078.707
1380,62,122,1,1318,122,5,15619555693069.705
1380,62,122,2,1318,122,5,15985296964397.86
1380,62,123,1,1318,122,5,16006291971491.86
1380,62,123,2,1318,122,5,16377854099518.994
1380,62,124,1,1318,122,5,16399717749923.994
1380,62,124,2,1318,122,5,16777146688782.11
1353,63,1,1,1290,124,5,2504603370.6685834
1353,63,1,2,1290,124,5,3086280557.9270463
1353,63,2,1,1290,124,5,3086282068.9270453
1353,63,2,2,1290,124,5,3918302867.144881
1353,63,3,1,1290,124,5,3918304661.1448812
1353,63,3,2,1290,124,5,5044847358.322409
1353,63,4,1,1290,124,5,5044849763.322409
1353,63,4,2,1290,124,5,6510092647.459947
1353,63,5,1,1290,124,5,6510096435.459947
1353,63,5,2,1290,124,5,8358217794.557807
1353,63,6,1,1290,124,5,8358224531.557807
1353,63,6,2,1290,124,5,10633402653.616299
1353,63,7,1,1290,124,5,10633415139.6163
1353,63,7,2,1290,124,5,13379828312.635729
1353,63,8,1,1290,124,5,13379851111.635729
1353,63,8,2,1290,124,5,16641677623.6164
1353,63,9,1,1290,124,5,16641717683.6164
1353,63,9,2,1290,124,5,20463135822.55861
1353,63,10,1,1290,124,5,20463203185.558605
1353,63,10,2,1290,124,5,24888391239.46265
1353,63,11,1,1290,124,5,24888499841.46265
1353,63,11,2,1290,124,5,29961636098.328823
1353,63,12,1,1290,124,5,29961804659.32882
1353,63,12,2,1290,124,5,35727067407.1574
1353,63,13,1,1290,124,5,35727320411.1574
1353,63,13,2,1290,124,5,42228887937.94869
1353,63,14,1,1290,124,5,42229256702.948685
1353,63,14,2,1290,124,5,49511307296.70295
1353,63,15,1,1290,124,5,49511831134.70295
1353,63,15,2,1290,124,5,57618543083.42048
1353,63,16,1,1290,124,5,57619270550.42048
1353,63,16,2,1290,124,5,66594822142.10154
1353,63,17,1,1290,124,5,66595812378.10154
1353,63,17,2,1290,124,5,76484381900.74641
1353,63,18,1,1290,124,5,76485706059.74641
1353,63,18,2,1290,124,5,87331471801.35536
1353,63,19,1,1290,124,5,87333214571.35536
1353,63,19,2,1290,124,5,99180354819.92865
1353,63,20,1,1290,124,5,99182616032.92867
1353,63,20,2,1290,124,5,112075309076.46657
1353,63,21,1,1290,124,5,112078205408.46655
1353,63,21,2,1290,124,5,126060629534.96933
1353,63,22,1,1290,124,5,126064296295.96933
1353,63,22,2,1290,124,5,141180629793.43723
1353,63,23,1,1290,124,5,141185222807.43723
1353,63,23,2,1290,124,5,157479643963.8705
1353,63,24,1,1290,124,5,157485341538.8705
1353,63,24,2,1290,124,5,175002028642.26944
1353,63,25,1,1290,124,5,175009033630.26944
1353,63,25,2,1290,124,5,193792164968.63425
1353,63,26,1,1290,124,5,193800706915.63422
1353,63,26,2,1290,124,5,213894460776.96515
1353,63,27,1,1290,124,5,213904798162.96515
1353,63,27,2,1290,124,5,235353352835.26248
1353,63,28,1,1290,124,5,235365775404.26248
1353,63,28,2,1290,124,5,258213309175.5264
1353,63,29,1,1290,124,5,258228140355.5264
1353,63,29,2,1290,124,5,282518831513.7572
1353,63,30,1,1290,124,5,282536430926.7572
1353,63,30,2,1290,124,5,308314457759.9551
1353,63,31,1,1290,124,5,308335223821.955
1353,63,31,2,1290,124,5,335644764618.12024
1353,63,32,1,1290,124,5,335669137229.1203
1353,63,32,2,1290,124,5,364554370276.253
1353,63,33,1,1290,124,5,364582833600.253
1353,63,33,2,1290,124,5,395087937186.3535
1353,63,34,1,1290,124,5,395121022521.3535
1353,63,34,2,1290,124,5,427290174934.42206
1353,63,35,1,1290,124,5,427328463672.4221
1353,63,35,2,1290,124,5,461205843200.4589
1353,63,36,1,1290,124,5,461249969877.45886
1353,63,36,2,1290,124,5,496879754808.4641
1353,63,37,1,1290,124,5,496930410244.4641
1353,63,37,2,1290,124,5,534356778866.43805
1353,63,38,1,1290,124,5,534414713395.43805
1353,63,38,2,1290,124,5,573681843996.3807
1353,63,39,1,1290,124,5,573747870786.3809
1353,63,39,2,1290,124,5,614899941654.2927
1353,63,40,1,1290,124,5,614974940117.2928
1353,63,40,2,1290,124,5,658056129540.1741
1353,63,41,1,1290,124,5,658141048832.174
1353,63,41,2,1290,124,5,703195535098.0248
1353,63,42,1,1290,124,5,703291397709.0248
1353,63,42,2,1290,124,5,750363359105.8453
1353,63,43,1,1290,124,5,750471264539.8453
1353,63,43,2,1290,124,5,799604879355.6359
1353,63,44,1,1290,124,5,799726007900.6357
1353,63,44,2,1290,124,5,850965454423.3964
1353,63,45,1,1290,124,5,851101071011.3965
1353,63,45,2,1290,124,5,904490527529.1274
1353,63,46,1,1290,124,5,904641985686.1274
1353,63,46,2,1290,124,5,960225630486.829
1353,63,47,1,1290,124,5,960394376372.8289
1353,63,47,2,1290,124,5,1018216387744.5011
1353,63,48,1,1290,124,5,1018403964283.5012
1353,63,48,2,1290,124,5,1078508520514.1444
1353,63,49,1,1290,124,5,1078716571614.1444
1353,63,49,2,1290,124,5,1141147850991.7585
1353,63,50,1,1290,124,5,1141378125854.7588
1353,63,50,2,1290,124,5,1206180306667.3445
1353,63,51,1,1290,124,5,1206434664189.3445
1353,63,51,2,1290,124,5,1273651924724.9019
1353,63,52,1,1290,124,5,1273932337985.9016
1353,63,52,2,1290,124,5,1343608856532.4304
1353,63,53,1,1290,124,5,1343917417376.4307
1353,63,53,2,1290,124,5,1416097372221.9314
1353,63,54,1,1290,124,5,1416436295926.9314
1353,63,54,2,1290,124,5,1491163865359.4043
1353,63,55,1,1290,124,5,1491535495397.4043
1353,63,55,2,1290,124,5,1568854857704.8494
1353,63,56,1,1290,124,5,1569261670591.8496
1353,63,56,2,1290,124,5,1649217004062.2673
1353,63,57,1,1290,124,5,1649661614298.267
1353,63,57,2,1290,124,5,1732297097219.6575
1353,63,58,1,1290,124,5,1732782262318.6575
1353,63,58,2,1290,124,5,1818142072979.0203
1353,63,59,1,1290,124,5,1818670698589.0205
1353,63,59,2,1290,124,5,1906799015276.3567
1353,63,60,1,1290,124,5,1907374160389.3564
1353,63,60,2,1290,124,5,1998315161391.6658
1353,63,61,1,1290,124,5,1998940043643.6658
1353,63,61,2,1290,124,5,2092737907248.948
1353,63,62,1,1290,124,5,2093415908309.9482
1353,63,62,2,1290,124,5,2190114812806.2043
1353,63,63,1,1290,124,5,2190849483860.204
1353,63,63,2,1290,124,5,2290493607535.434
1353,63,64,1,1290,124,5,2291288674850.434
1353,63,64,2,1290,124,5,2393922195992.6377
1353,63,65,1,1290,124,5,2394781566580.637
1353,63,65,2,1290,124,5,2500448663477.815
1353,63,66,1,1290,124,5,2501376430844.815
1353,63,66,2,1290,124,5,2610121281784.967
1353,63,67,1,1290,124,5,2611121731770.967
1353,63,67,2,1290,124,5,2722988515042.093
1353,63,68,1,1290,124,5,2724066131751.0923
1353,63,68,2,1290,124,5,2839099025641.193
1353,63,69,1,1290,124,5,2840258497461.193
1353,63,69,2,1290,124,5,2958501680258.268
1353,63,70,1,1290,124,5,2959747905971.268
1353,63,70,2,1290,124,5,3081245555963.3184
1353,63,71,1,1290,124,5,3082583650945.318
1353,63,71,2,1290,124,5,3207379946420.343
1353,63,72,1,1290,124,5,3208815248931.343
1353,63,72,2,1290,124,5,3336954368177.343
1353,63,73,1,1290,124,5,3338492445741.3433
1353,63,73,2,1290,124,5,3470018567046.3184
1353,63,74,1,1290,124,5,3471665222921.318
1353,63,74,2,1290,124,5,3606622524573.269
1353,63,75,1,1290,124,5,3608383804311.269
1353,63,75,2,1290,124,5,3746816464598.1953
1353,63,76,1,1290,124,5,3748698662695.1953
1353,63,76,2,1290,124,5,3890650859905.097
1353,63,77,1,1290,124,5,3892660526541.097
1353,63,77,2,1290,124,5,4038176438961.975
1353,63,78,1,1290,124,5,4040320386830.975
1353,63,78,2,1290,124,5,4189444192750.829
1353,63,79,1,1290,124,5,4191729503980.829
1353,63,79,2,1290,124,5,4344505381687.659
1353,63,80,1,1290,124,5,4346939414850.6587
1353,63,80,2,1290,124,5,4503411542632.466
1353,63,81,1,1290,124,5,4506001939844.465
1353,63,81,2,1290,124,5,4666214495989.248
1353,63,82,1,1290,124,5,4668969190100.248
1353,63,82,2,1290,124,5,4832966352896.007
1353,63,83,1,1290,124,5,4835893574770.008
1353,63,83,2,1290,124,5,5003719522504.744
1353,63,84,1,1290,124,5,5006827808389.744
1353,63,84,2,1290,124,5,5178526719351.457
1353,63,85,1,1290,124,5,5181824918339.456
1353,63,85,2,1290,124,5,5357440970816.146
1353,63,86,1,1290,124,5,5360938252393.147
1353,63,86,2,1290,124,5,5540515624672.814
1353,63,87,1,1290,124,5,5544221486358.814
1353,63,87,2,1290,124,5,5727804356729.458
1353,63,88,1,1290,124,5,5731728631808.458
1353,63,88,2,1290,124,5,5919361178558.08
1353,63,89,1,1290,124,5,5923514043898.081
1353,63,89,2,1290,124,5,6115240445314.68
1353,63,90,1,1290,124,5,6119632429277.68
1353,63,90,2,1290,124,5,6315496863649.257
1353,63,91,1,1290,124,5,6320138854091.257
1353,63,91,2,1290,124,5,6520185499705.812
1353,63,92,1,1290,124,5,6525088752066.812
1353,63,92,2,1290,124,5,6729361787212.345
1353,63,93,1,1290,124,5,6734537932696.345
1353,63,93,2,1290,124,5,6943081535660.855
1353,63,94,1,1290,124,5,6948542589505.855
1353,63,94,2,1290,124,5,7161400938577.345
1353,63,95,1,1290,124,5,7167159308415.345
1353,63,95,2,1290,124,5,7384376581881.8125
1353,63,96,1,1290,124,5,7390445076188.8125
1353,63,96,2,1290,124,5,7612065452338.258
1353,63,97,1,1290,124,5,7618457288974.258
1353,63,97,2,1290,124,5,7844524946094.683
1353,63,98,1,1290,124,5,7851253760933.683
1353,63,98,2,1290,124,5,8081812877313.086
1353,63,99,1,1290,124,5,8088892732963.086
1353,63,99,2,1290,124,5,8323987486889.468
1353,63,100,1,1290,124,5,8331432881502.468
1353,63,100,2,1290,124,5,8571107451263.828
1353,63,101,1,1290,124,5,8578933327435.829
1353,63,101,2,1290,124,5,8823231891320.168
1353,63,102,1,1290,124,5,8831453645081.168
1353,63,102,2,1290,124,5,9080420381376.488
1353,63,103,1,1290,124,5,9089053871270.488
1353,63,103,2,1290,124,5,9342732958264.787
1353,63,104,1,1290,124,5,9351794514519.785
1353,63,104,2,1290,124,5,9610230130501.062
1353,63,105,1,1290,124,5,9619736564289.064
1353,63,105,2,1290,124,5,9882972887545.32
1353,63,106,1,1290,124,5,9892941500332.322
1353,63,106,2,1290,124,5,10161022709151.559
1353,63,107,1,1290,124,5,10171471302137.557
1353,63,107,2,1290,124,5,10444441574807.775
1353,63,108,1,1290,124,5,10455388458456.775
1353,63,108,2,1290,124,5,10733291973265.973
1353,63,109,1,1290,124,5,10744755976925.973
1353,63,109,2,1290,124,5,11027636912162.148
1353,63,110,1,1290,124,5,11039637393775.148
1353,63,110,2,1290,124,5,11327539927726.305
1353,63,111,1,1290,124,5,11340096783628.305
1353,63,111,2,1290,124,5,11633065094582.441
1353,63,112,1,1290,124,5,11646198769393.443
1353,63,112,2,1290,124,5,11944277035638.56
1353,63,113,1,1290,124,5,11958008532242.559
1353,63,113,2,1290,124,5,12261240932066.656
1353,63,114,1,1290,124,5,12275591821681.656
1353,63,114,2,1290,124,5,12584022533372.734
1353,63,115,1,1290,124,5,12599014965710.736
1353,63,115,2,1290,124,5,12912688167556.795
1353,63,116,1,1290,124,5,12928344881073.793
1353,63,116,2,1290,124,5,13247304751362.834
1353,63,117,1,1290,124,5,13263649083598.834
1353,63,117,2,1290,124,5,13587939800618.854
1353,63,118,1,1290,124,5,13604995698627.855
1353,63,118,2,1290,124,5,13934661440666.855
1353,63,119,1,1290,124,5,13952453471536.855
1353,63,119,2,1290,124,5,14287538416882.838
1353,63,120,1,1290,124,5,14306091778345.838
1353,63,120,2,1290,124,5,14646640105286.8
1353,63,121,1,1290,124,5,14665980636418.803
1353,63,121,2,1290,124,5,15012036523242.746
1353,63,122,1,1290,124,5,15032190715253.746
1353,63,122,2,1290,124,5,15383798340248.672
1353,63,123,1,1290,124,5,15404793347362.672
1353,63,123,2,1290,124,5,15761996888816.58
1353,63,124,1,1290,124,5,15783860539241.58
1353,63,124,2,1290,124,5,16146704175442.47
1353,63,125,1,1290,124,5,16169464982430.469
1353,63,125,2,1290,124,5,16537992891666.34
1353,63,126,1,1290,124,5,16561680064663.34
1353,63,126,2,1290,124,5,16935936425222.191
1367,64,1,1,1303,126,5,2586628058.5327992
1367,64,1,2,1303,126,5,3180371671.7324204
1367,64,2,1,1303,126,5,3180373202.73242
1367,64,2,2,1303,126,5,4029653586.8922772
1367,64,3,1,1303,126,5,4029655400.8922772
1367,64,3,2,1303,126,5,5179567284.012678
1367,64,4,1,1303,126,5,5179569709.012678
1367,64,4,2,1303,126,5,6675207819.093928
1367,64,5,1,1303,126,5,6675211627.093929
1367,64,5,2,1303,126,5,8561670692.136331
1367,64,6,1,1303,126,5,8561677449.136331
1367,64,6,2,1303,126,5,10884052197.140182
1367,64,7,1,1303,126,5,10884064703.140182
1367,64,7,2,1303,126,5,13687449862.105778
1367,64,8,1,1303,126,5,13687472681.105776
1367,64,8,2,1303,126,5,17016962979.033407
1367,64,9,1,1303,126,5,17017003059.03341
1367,64,9,2,1303,126,5,20917693223.923363
1367,64,10,1,1303,126,5,20917760606.923363
1367,64,10,2,1303,126,5,25434745366.775925
1367,64,11,1,1303,126,5,25434853988.77593
1367,64,11,2,1303,126,5,30613228071.59138
1367,64,12,1,1303,126,5,30613396652.59138
1367,64,12,2,1303,126,5,36498254786.37
1367,64,13,1,1303,126,5,36498507810.37
1367,64,13,2,1303,126,5,43134944723.112076
1367,64,14,1,1303,126,5,43135313508.11207
1367,64,14,2,1303,126,5,50568423927.81785
1367,64,15,1,1303,126,5,50568947785.817856
1367,64,15,2,1303,126,5,58843826440.487625
1367,64,16,1,1303,126,5,58844553927.48763
1367,64,16,2,1303,126,5,68006295545.12165
1367,64,17,1,1303,126,5,68007285801.12164
1367,64,17,2,1303,126,5,78100985109.7202
1367,64,18,1,1303,126,5,78102309288.72018
1367,64,18,2,1303,126,5,89173061016.28351
1367,64,19,1,1303,126,5,89174803806.2835
1367,64,19,2,1303,126,5,101267702680.81184
1367,64,20,1,1303,126,5,101269963913.81184
1367,64,20,2,1303,126,5,114430104663.30548
1367,64,21,1,1303,126,5,114433001015.30548
1367,64,21,2,1303,126,5,128705478367.76465
1367,64,22,1,1303,126,5,128709145148.76465
1367,64,22,2,1303,126,5,144139053832.18964
1367,64,23,1,1303,126,5,144143646866.1896
1367,64,23,2,1303,126,5,160776081608.5806
1367,64,24,1,1303,126,5,160781779203.58063
1367,64,24,2,1303,126,5,178661834732.9379
1367,64,25,1,1303,126,5,178668839740.9379
1367,64,25,2,1303,126,5,197841610785.26172
1367,64,26,1,1303,126,5,197850152752.2617
1367,64,26,2,1303,126,5,218360734039.55228
1367,64,27,1,1303,126,5,218371071445.55228
1367,64,27,2,1303,126,5,240264557703.8098
1367,64,28,1,1303,126,5,240276980292.80984
1367,64,28,2,1303,126,5,263598466250.03464
1367,64,29,1,1303,126,5,263613297450.0346
1367,64,29,2,1303,126,5,288407877834.22687
1367,64,30,1,1303,126,5,288425477267.22687
1367,64,30,2,1303,126,5,314738246806.38684
1367,64,31,1,1303,126,5,314759012888.3868
1367,64,31,2,1303,126,5,342635066310.51465
1367,64,32,1,1303,126,5,342659438941.5147
1367,64,32,2,1303,126,5,372143870974.61066
1367,64,33,1,1303,126,5,372172334318.61066
1367,64,33,2,1303,126,5,403310239690.67505
1367,64,34,1,1303,126,5,403343325045.675
1367,64,34,2,1303,126,5,436179798484.70795
1367,64,35,1,1303,126,5,436218087242.70795
1367,64,35,2,1303,126,5,470798223476.7097
1367,64,36,1,1303,126,5,470842350173.7097
1367,64,36,2,1303,126,5,507211243930.6804
1367,64,37,1,1303,126,5,507261899386.6804
1367,64,37,2,1303,126,5,545464645394.6204
1367,64,38,1,1303,126,5,545522579943.6204
1367,64,38,2,1303,126,5,585604272930.5298
1367,64,39,1,1303,126,5,585670299740.5298
1367,64,39,2,1303,126,5,627676034434.4089
1367,64,40,1,1303,126,5,627751032917.4089
1367,64,40,2,1303,126,5,671725904046.2578
1367,64,41,1,1303,126,5,671810823358.2577
1367,64,41,2,1303,126,5,717799925650.0767
1367,64,42,1,1303,126,5,717895788281.0767
1367,64,42,2,1303,126,5,765944216463.866
1367,64,43,1,1303,126,5,766052121917.866
1367,64,43,2,1303,126,5,816204970719.6256
1367,64,44,1,1303,126,5,816326099284.6256
1367,64,44,2,1303,126,5,868628463433.3558
1367,64,45,1,1303,126,5,868764080041.356
1367,64,45,2,1303,126,5,923261054265.0571
1367,64,46,1,1303,126,5,923412512442.0571
1367,64,46,2,1303,126,5,980149191468.7294
1367,64,47,1,1303,126,5,980317937374.7294
1367,64,47,2,1303,126,5,1039339415932.3728
1367,64,48,1,1303,126,5,1039526992491.3728
1367,64,48,2,1303,126,5,1100878365307.9878
1367,64,49,1,1303,126,5,1101086416427.9875
1367,64,49,2,1303,126,5,1164812778231.574
1367,64,50,1,1303,126,5,1165043053114.5742
1367,64,50,2,1303,126,5,1231189498633.1326
1367,64,51,1,1303,126,5,1231443856175.1326
1367,64,51,2,1303,126,5,1300055480136.6628
1367,64,52,1,1303,126,5,1300335893417.6626
1367,64,52,2,1303,126,5,1371457790550.1653
1367,64,53,1,1303,126,5,1371766351414.1653
1367,64,53,2,1303,126,5,1445443616445.6401
1367,64,54,1,1303,126,5,1445782540170.6401
1367,64,54,2,1303,126,5,1522060267829.0874
1367,64,55,1,1303,126,5,1522431897887.0872
1367,64,55,2,1303,126,5,1601355182900.5073
1367,64,56,1,1303,126,5,1601761995807.5076
1367,64,56,2,1303,126,5,1683375932903.9004
1367,64,57,1,1303,126,5,1683820543159.9004
1367,64,57,2,1303,126,5,1768170227067.2664
1367,64,58,1,1303,126,5,1768655392186.2664
1367,64,58,2,1303,126,5,1855785917632.6055
1367,64,59,1,1303,126,5,1856314543262.6057
1367,64,59,2,1303,126,5,1946271004975.9182
1367,64,60,1,1303,126,5,1946846150108.918
1367,64,60,2,1303,126,5,2039673642817.2043
1367,64,61,1,1303,126,5,2040298525089.2043
1367,64,61,2,1303,126,5,2136042143520.464
1367,64,62,1,1303,126,5,2136720144601.4644
1367,64,62,2,1303,126,5,2235424983483.6978
1367,64,63,1,1303,126,5,2236159654557.698
1367,64,63,2,1303,126,5,2337870808618.906
1367,64,64,1,1303,126,5,2338665875953.9062
1367,64,64,2,1303,126,5,2443428439922.0884
1367,64,65,1,1303,126,5,2444287810530.088
1367,64,65,2,1303,126,5,2552146879133.2446
1367,64,66,1,1303,126,5,2553074646520.2446
1367,64,66,2,1303,126,5,2664075314486.3755
1367,64,67,1,1303,126,5,2665075764492.3755
1367,64,67,2,1303,126,5,2779263126549.4814
1367,64,68,1,1303,126,5,2780340743278.481
1367,64,68,2,1303,126,5,2897759894154.562
1367,64,69,1,1303,126,5,2898919365994.562
1367,64,69,2,1303,126,5,3019615400417.6177
1367,64,70,1,1303,126,5,3020861626150.6177
1367,64,70,2,1303,126,5,3144879638848.6484
1367,64,71,1,1303,126,5,3146217733850.6484
1367,64,71,2,1303,126,5,3273602819551.6543
1367,64,72,1,1303,126,5,3275038122082.6543
1367,64,72,2,1303,126,5,3405835375514.636
1367,64,73,1,1303,126,5,3407373453098.636
1367,64,73,2,1303,126,5,3541627968989.5938
1367,64,74,1,1303,126,5,3543274624884.5933
1367,64,74,2,1303,126,5,3681031497962.5264
1367,64,75,1,1303,126,5,3682792777720.5264
1367,64,75,2,1303,126,5,3824097102713.4355
1367,64,76,1,1303,126,5,3825979300830.4355
1367,64,76,2,1303,126,5,3970876172466.321
1367,64,77,1,1303,126,5,3972885839122.3203
1367,64,77,2,1303,126,5,4121420352129.1816
1367,64,78,1,1303,126,5,4123564300018.1816
1367,64,78,2,1303,126,5,4275781549124.0195
1367,64,79,1,1303,126,5,4278066860374.0195
1367,64,79,2,1303,126,5,4434011940306.833
1367,64,80,1,1303,126,5,4436445973489.834
1367,64,80,2,1303,126,5,4596163978977.624
1367,64,81,1,1303,126,5,4598754376209.624
1367,64,81,2,1303,126,5,4762290401980.392
1367,64,82,1,1303,126,5,4765045096111.392
1367,64,82,2,1303,126,5,4932444236893.136
1367,64,83,1,1303,126,5,4935371458787.137
1367,64,83,2,1303,126,5,5106678809307.858
1367,64,84,1,1303,126,5,5109787095212.857
1367,64,84,2,1303,126,5,5285047750200.557
1367,64,85,1,1303,126,5,5288345949208.556
1367,64,85,2,1303,126,5,5467605003391.231
1367,64,86,1,1303,126,5,5471102284988.232
1367,64,86,2,1303,126,5,5654404833093.886
1367,64,87,1,1303,126,5,5658110694799.886
1367,64,87,2,1303,126,5,5845501831556.517
1367,64,88,1,1303,126,5,5849426106655.517
1367,64,88,2,1303,126,5,6040950926791.125
1367,64,89,1,1303,126,5,6045103792151.126
1367,64,89,2,1303,126,5,6240807390393.713
1367,64,90,1,1303,126,5,6245199374376.712
1367,64,90,2,1303,126,5,6445126845454.276
1367,64,91,1,1303,126,5,6449768835916.276
1367,64,91,2,1303,126,5,6653965274556.819
1367,64,92,1,1303,126,5,6658868526937.819
1367,64,92,2,1303,126,5,6867379027869.341
1367,64,93,1,1303,126,5,6872555173373.34
1367,64,93,2,1303,126,5,7085424831323.84
1367,64,94,1,1303,126,5,7090885885188.839
1367,64,94,2,1303,126,5,7308159794886.317
1367,64,95,1,1303,126,5,7313918164744.317
1367,64,95,2,1303,126,5,7535641420916.774
1367,64,96,1,1303,126,5,7541709915243.773
1367,64,96,2,1303,126,5,7767927612619.209
1367,64,97,1,1303,126,5,7774319449275.208
1367,64,97,2,1303,126,5,8005076682581.622
1367,64,98,1,1303,126,5,8011805497440.623
1367,64,98,2,1303,126,5,8247147361406.017
1367,64,99,1,1303,126,5,8254227217076.016
1367,64,99,2,1303,126,5,8494198806428.388
1367,64,100,1,1303,126,5,8501644201061.388
1367,64,100,2,1303,126,5,8746290610528.739
1367,64,101,1,1303,126,5,8754116486720.739
1367,64,101,2,1303,126,5,9003482811031.068
1367,64,102,1,1303,126,5,9011704564812.07
1367,64,102,2,1303,126,5,9265835898693.379
1367,64,103,1,1303,126,5,9274469388607.38
1367,64,103,2,1303,126,5,9533410826787.67
1367,64,104,1,1303,126,5,9542472383062.668
1367,64,104,2,1303,126,5,9806269020269.938
1367,64,105,1,1303,126,5,9815775454077.938
1367,64,105,2,1303,126,5,10084472385040.188
1367,64,106,1,1303,126,5,10094440997847.188
1367,64,106,2,1303,126,5,10368083317292.416
1367,64,107,1,1303,126,5,10378531910298.416
1367,64,107,2,1303,126,5,10657164712954.623
1367,64,108,1,1303,126,5,10668111596623.625
1367,64,108,2,1303,126,5,10951779977218.814
1367,64,109,1,1303,126,5,10963243980898.814
1367,64,109,2,1303,126,5,11251993034160.984
1367,64,110,1,1303,126,5,11263993515793.982
1367,64,110,2,1303,126,5,11557868336451.13
1367,64,111,1,1303,126,5,11570425192373.133
1367,64,111,2,1303,126,5,11869470875153.262
1367,64,112,1,1303,126,5,11882604549984.264
1367,64,112,2,1303,126,5,12186866189615.373
1367,64,113,1,1303,126,5,12200597686239.373
1367,64,113,2,1303,126,5,12510120377449.463
1367,64,114,1,1303,126,5,12524471267084.465
1367,64,114,2,1303,126,5,12839300104601.535
1367,64,115,1,1303,126,5,12854292536959.537
1367,64,115,2,1303,126,5,13174472615511.59
1367,64,116,1,1303,126,5,13190129329048.588
1367,64,116,2,1303,126,5,13515705743363.621
1367,64,117,1,1303,126,5,13532050075619.623
1367,64,117,2,1303,126,5,13863067920425.637
1367,64,118,1,1303,126,5,13880123818454.639
1367,64,118,2,1303,126,5,14216628188479.635
1367,64,119,1,1303,126,5,14234420219369.633
1367,64,119,2,1303,126,5,14576456209341.61
1367,64,120,1,1303,126,5,14595009570824.611
1367,64,120,2,1303,126,5,14942622275471.57
1367,64,121,1,1303,126,5,14961962806623.57
1367,64,121,2,1303,126,5,15315197320673.51
1367,64,122,1,1303,126,5,15335351512704.508
1367,64,122,2,1303,126,5,15694252930885.43
1367,64,123,1,1303,126,5,15715247938019.432
1367,64,123,2,1303,126,5,16079861355059.334
1367,64,124,1,1303,126,5,16101725005504.334
1367,64,124,2,1303,126,5,16472095516131.22
1367,64,125,1,1303,126,5,16494856323139.219
1367,64,125,2,1303,126,5,16871029022081.086
1367,64,126,1,1303,126,5,16894716195098.086
1367,64,126,2,1303,126,5,17276736177082.936
1367,64,127,1,1303,126,5,17301379632988.936
1367,64,127,2,1303,126,5,17689291992744.766
1367,64,128,1,1303,126,5,17714922367183.77
1367,64,128,2,1303,126,5,18108772199438.582
1447,65,1,1,1382,128,5,2930978806.0727625
1447,65,1,2,1382,128,5,3596049707.724028
1447,65,2,1,1382,128,5,3596051258.724028
1447,65,2,2,1382,128,5,4547356851.334407
1447,65,3,1,1382,128,5,4547358685.334406
1447,65,3,2,1382,128,5,5835410976.904208
1447,65,4,1,1382,128,5,5835413421.904208
1447,65,4,2,1382,128,5,7510724420.433744
1447,65,5,1,1382,128,5,7510728248.433745
1447,65,5,2,1382,128,5,9623809961.92332
1447,65,6,1,1382,128,5,9623816738.92332
1447,65,6,2,1382,128,5,12225181175.37324
1447,65,7,1,1382,128,5,12225193701.37324
1447,65,7,2,1382,128,5,15365352868.783798
1447,65,8,1,1382,128,5,15365375707.783796
1447,65,8,2,1382,128,5,19094841614.155293
1447,65,9,1,1382,128,5,19094881714.155293
1447,65,9,2,1382,128,5,23464166367.488014
1447,65,10,1,1382,128,5,23464233770.48801
1447,65,10,2,1382,128,5,28523849178.782253
1447,65,11,1,1382,128,5,28523957820.782253
1447,65,11,2,1382,128,5,34324415992.038296
1447,65,12,1,1382,128,5,34324584593.038296
1447,65,12,2,1382,128,5,40916397535.256424
1447,65,13,1,1382,128,5,40916650579.256424
1447,65,13,2,1382,128,5,48350330300.43691
1447,65,14,1,1382,128,5,48350699105.43691
1447,65,14,2,1382,128,5,56676757613.58004
1447,65,15,1,1382,128,5,56677281491.58004
1447,65,15,2,1382,128,5,65946230794.68609
1447,65,16,1,1382,128,5,65946958301.68609
1447,65,16,2,1382,128,5,76209310407.75531
1447,65,17,1,1382,128,5,76210300683.75533
1447,65,17,2,1382,128,5,87516567600.788
1447,65,18,1,1382,128,5,87517891799.788
1447,65,18,2,1382,128,5,99918585535.7844
1447,65,19,1,1382,128,5,99920328345.78438
1447,65,19,2,1382,128,5,113465960908.74475
1447,65,20,1,1382,128,5,113468222161.74477
1447,65,20,2,1382,128,5,128209305559.66937
1447,65,21,1,1382,128,5,128212201931.66937
1447,65,21,2,1382,128,5,144199248172.55847
1447,65,22,1,1382,128,5,144202914973.55847
1447,65,22,2,1382,128,5,161486436065.41232
1447,65,23,1,1382,128,5,161491029119.4123
1447,65,23,2,1382,128,5,180121537070.23114
1447,65,24,1,1382,128,5,180127234685.23114
1447,65,24,2,1382,128,5,200155241503.01523
1447,65,25,1,1382,128,5,200162246531.01523
1447,65,25,2,1382,128,5,221638264223.7648
1447,65,26,1,1382,128,5,221646806210.7648
1447,65,26,2,1382,128,5,244621346786.48007
1447,65,27,1,1382,128,5,244631684212.4801
1447,65,27,2,1382,128,5,269155259679.16138
1447,65,28,1,1382,128,5,269167682288.16138
1447,65,28,2,1382,128,5,295290804653.80884
1447,65,29,1,1382,128,5,295305635873.8089
1447,65,29,2,1382,128,5,323078817146.4228
1447,65,30,1,1382,128,5,323096416599.4227
1447,65,30,2,1382,128,5,352570168787.00336
1447,65,31,1,1382,128,5,352590934889.00336
1447,65,31,2,1382,128,5,383815769999.55084
1447,65,32,1,1382,128,5,383840142650.5509
1447,65,32,2,1382,128,5,416866572692.0655
1447,65,33,1,1382,128,5,416895036056.0655
1447,65,33,2,1382,128,5,451773573036.5475
1447,65,34,1,1382,128,5,451806658411.5475
1447,65,34,2,1382,128,5,488587814338.9971
1447,65,35,1,1382,128,5,488626103116.99713
1447,65,35,2,1382,128,5,527360389999.4145
1447,65,36,1,1382,128,5,527404516716.4145
1447,65,36,2,1382,128,5,568142446561.7998
1447,65,37,1,1382,128,5,568193102037.7999
1447,65,37,2,1382,128,5,610985186854.1536
1447,65,38,1,1382,128,5,611043121423.1534
1447,65,38,2,1382,128,5,655939873218.4756
1447,65,39,1,1382,128,5,656005900048.4756
1447,65,39,2,1382,128,5,703057830830.7664
1447,65,40,1,1382,128,5,703132829333.7665
1447,65,40,2,1382,128,5,752390451111.026
1447,65,41,1,1382,128,5,752475370443.026
1447,65,41,2,1382,128,5,803989195223.2548
1447,65,42,1,1382,128,5,804085057874.2548
1447,65,42,2,1382,128,5,857905597665.4528
1447,65,43,1,1382,128,5,858013503139.4528
1447,65,43,2,1382,128,5,914191269949.6202
1447,65,44,1,1382,128,5,914312398534.6202
1447,65,44,2,1382,128,5,972897904371.7574
1447,65,45,1,1382,128,5,973033520999.7574
1447,65,45,2,1382,128,5,1034077277871.8645
1447,65,46,1,1382,128,5,1034228736068.8646
1447,65,46,2,1382,128,5,1097781255983.9418
1447,65,47,1,1382,128,5,1097950001909.9418
1447,65,47,2,1382,128,5,1164061796875.9893
1447,65,48,1,1382,128,5,1164249373454.9893
1447,65,48,2,1382,128,5,1232970955480.0073
1447,65,49,1,1382,128,5,1233179006620.007
1447,65,49,2,1382,128,5,1304560887711.9958
1447,65,50,1,1382,128,5,1304791162614.9958
1447,65,50,2,1382,128,5,1378883854781.9553
1447,65,51,1,1382,128,5,1379138212343.9553
1447,65,51,2,1382,128,5,1455992227593.8857
1447,65,52,1,1382,128,5,1456272640894.8857
1447,65,52,2,1382,128,5,1535938491235.7876
1447,65,53,1,1382,128,5,1536247052119.7878
1447,65,53,2,1382,128,5,1618775249559.661
1447,65,54,1,1382,128,5,1619114173304.661
1447,65,54,2,1382,128,5,1704555229851.5056
1447,65,55,1,1382,128,5,1704926859929.5056
1447,65,55,2,1382,128,5,1793331287591.322
1447,65,56,1,1382,128,5,1793738100518.3223
1447,65,56,2,1382,128,5,1885156411303.1108
1447,65,57,1,1382,128,5,1885601021579.1108
1447,65,57,2,1382,128,5,1980083727494.8716
1447,65,58,1,1382,128,5,1980568892633.8713
1447,65,58,2,1382,128,5,2078166505688.6045
1447,65,59,1,1382,128,5,2078695131338.6047
1447,65,59,2,1382,128,5,2179458163540.31
1447,65,60,1,1382,128,5,2180033308693.31
1447,65,60,2,1382,128,5,2284012272049.9883
1447,65,61,1,1382,128,5,2284637154341.9883
1447,65,61,2,1382,128,5,2391882560861.639
1447,65,62,1,1382,128,5,2392560561962.639
1447,65,62,2,1382,128,5,2503122923653.263
1447,65,63,1,1382,128,5,2503857594747.263
1447,65,63,2,1382,128,5,2617787423616.8604
1447,65,64,1,1382,128,5,2618582490971.861
1447,65,64,2,1382,128,5,2735930299028.431
1447,65,65,1,1382,128,5,2736789669656.4307
1447,65,65,2,1382,128,5,2857605968907.975
1447,65,66,1,1382,128,5,2858533736314.975
1447,65,66,2,1382,128,5,2982869038769.4927
1447,65,67,1,1382,128,5,2983869488795.493
1447,65,67,2,1382,128,5,3111774306460.9844
1447,65,68,1,1382,128,5,3112851923209.9844
1447,65,68,2,1382,128,5,3244376768094.4497
1447,65,69,1,1382,128,5,3245536239954.45
1447,65,69,2,1382,128,5,3380731624065.8896
1447,65,70,1,1382,128,5,3381977849818.8896
1447,65,70,2,1382,128,5,3520894285165.3037
1447,65,71,1,1382,128,5,3522232380187.303
1447,65,71,2,1382,128,5,3664920378776.692
1447,65,72,1,1382,128,5,3666355681327.692
1447,65,72,2,1382,128,5,3812865755168.055
1447,65,73,1,1382,128,5,3814403832772.055
1447,65,73,2,1382,128,5,3964786493871.393
1447,65,74,1,1382,128,5,3966433149786.393
1447,65,74,2,1382,128,5,4120738910152.7056
1447,65,75,1,1382,128,5,4122500189930.706
1447,65,75,2,1382,128,5,4280779561571.9937
1447,65,76,1,1382,128,5,4282661759708.9937
1447,65,76,2,1382,128,5,4444965254633.257
1447,65,77,1,1382,128,5,4446974921309.257
1447,65,77,2,1382,128,5,4613353051524.495
1447,65,78,1,1382,128,5,4615496999433.495
1447,65,78,2,1382,128,5,4786000276947.709
1447,65,79,1,1382,128,5,4788285588217.709
1447,65,79,2,1382,128,5,4962964525038.898
1447,65,80,1,1382,128,5,4965398558241.899
1447,65,80,2,1382,128,5,5144303666378.064
1447,65,81,1,1382,128,5,5146894063630.064
1447,65,81,2,1382,128,5,5330075855089.206
1447,65,82,1,1382,128,5,5332830549240.205
1447,65,82,2,1382,128,5,5520339536030.323
1447,65,83,1,1382,128,5,5523266757944.323
1447,65,83,2,1382,128,5,5715153452073.417
1447,65,84,1,1382,128,5,5718261737998.417
1447,65,84,2,1382,128,5,5914576651474.487
1447,65,85,1,1382,128,5,5917874850502.486
1447,65,85,2,1382,128,5,6118668495333.533
1447,65,86,1,1382,128,5,6122165776950.534
1447,65,86,2,1382,128,5,6327488665144.558
1447,65,87,1,1382,128,5,6331194526870.557
1447,65,87,2,1382,128,5,6541097170435.557
1447,65,88,1,1382,128,5,6545021445554.557
1447,65,88,2,1382,128,5,6759554356498.533
1447,65,89,1,1382,128,5,6763707221878.534
1447,65,89,2,1382,128,5,6982920912209.488
1447,65,90,1,1382,128,5,6987312896212.487
1447,65,90,2,1382,128,5,7211257877938.419
1447,65,91,1,1382,128,5,7215899868420.419
1447,65,91,2,1382,128,5,7444626653549.327
1447,65,92,1,1382,128,5,7449529905950.327
1447,65,92,2,1382,128,5,7683089006490.214
1447,65,93,1,1382,128,5,7688265152014.213
1447,65,93,2,1382,128,5,7926707079973.076
1447,65,94,1,1382,128,5,7932168133858.076
1447,65,94,2,1382,128,5,8175543401243.917
1447,65,95,1,1382,128,5,8181301771121.918
1447,65,95,2,1382,128,5,8429660889942.737
1447,65,96,1,1382,128,5,8435729384289.736
1447,65,96,2,1382,128,5,8689122866553.533
1447,65,97,1,1382,128,5,8695514703229.533
1447,65,97,2,1382,128,5,8953993060944.309
1447,65,98,1,1382,128,5,8960721875823.309
1447,65,98,2,1382,128,5,9224335620997.06
1447,65,99,1,1382,128,5,9231415476687.062
1447,65,99,2,1382,128,5,9500215121327.793
1447,65,100,1,1382,128,5,9507660515980.795
1447,65,100,2,1382,128,5,9781696572096.504
1447,65,101,1,1382,128,5,9789522448308.502
1447,65,101,2,1382,128,5,10068845427907.191
1447,65,102,1,1382,128,5,10077067181708.191
1447,65,102,2,1382,128,5,10361727596797.86
1447,65,103,1,1382,128,5,10370361086731.86
1447,65,103,2,1382,128,5,10660409449320.506
1447,65,104,1,1382,128,5,10669471005615.504
1447,65,104,2,1382,128,5,10964957827711.129
1447,65,105,1,1382,128,5,10974464261539.129
1447,65,105,2,1382,128,5,11275440055149.734
1447,65,106,1,1382,128,5,11285408667976.734
1447,65,106,2,1382,128,5,11591923945110.316
1447,65,107,1,1382,128,5,11602372538136.316
1447,65,107,2,1382,128,5,11914477810800.877
1447,65,108,1,1382,128,5,11925424694489.879
1447,65,108,2,1382,128,5,12243170474693.42
1447,65,109,1,1382,128,5,12254634478393.42
1447,65,109,2,1382,128,5,12578071278143.941
1447,65,110,1,1382,128,5,12590071759796.941
1447,65,110,2,1382,128,5,12919250091102.441
1447,65,111,1,1382,128,5,12931806947044.441
1447,65,111,2,1382,128,5,13266777321912.922
1447,65,112,1,1382,128,5,13279910996763.924
1447,65,112,2,1382,128,5,13620723927203.383
1447,65,113,1,1382,128,5,13634455423847.38
1447,65,113,2,1382,128,5,13981161421865.822
1447,65,114,1,1382,128,5,13995512311520.822
1447,65,114,2,1382,128,5,14348161889126.242
1447,65,115,1,1382,128,5,14363154321504.244
1447,65,115,2,1382,128,5,14721797990704.643
1447,65,116,1,1382,128,5,14737454704261.643
1447,65,116,2,1382,128,5,15102142977065.023
1447,65,117,1,1382,128,5,15118487309341.023
1447,65,117,2,1382,128,5,15489270697755.385
1447,65,118,1,1382,128,5,15506326595804.385
1447,65,118,2,1382,128,5,15883255611837.727
1447,65,119,1,1382,128,5,15901047642747.725
1447,65,119,2,1382,128,5,16284172798408.047
1447,65,120,1,1382,128,5,16302726159911.047
1447,65,120,2,1382,128,5,16692097967206.35
1447,65,121,1,1382,128,5,16711438498378.352
1447,65,121,2,1382,128,5,17107107469316.635
1447,65,122,1,1382,128,5,17127261661367.633
1447,65,122,2,1382,128,5,17529278307956.896
1447,65,123,1,1382,128,5,17550273315110.898
1447,65,123,2,1382,128,5,17958688149359.14
1447,65,124,1,1382,128,5,17980551799824.14
1447,65,124,2,1382,128,5,18395415333739.367
1447,65,125,1,1382,128,5,18418176140767.37
1447,65,125,2,1382,128,5,18839538886357.58
1447,65,126,1,1382,128,5,18863226059394.574
1447,65,126,2,1382,128,5,19291138528667.766
1447,65,127,1,1382,128,5,19315781984593.76
1447,65,127,2,1382,128,5,19750294689557.934
1447,65,128,1,1382,128,5,19775925064016.934
1447,65,128,2,1382,128,5,20217088516680.086
1447,65,129,1,1382,128,5,20243737175500.086
1447,65,129,2,1382,128,5,20691601887870.22
1447,65,130,1,1382,128,5,20719300938573.22
1447,65,130,2,1382,128,5,21173917422658.332
1407,66,1,1,1341,130,5,2803479572.5171146
1407,66,1,2,1341,130,5,3432381241.695495
1407,66,2,1,1341,130,5,3432382812.695494
1407,66,2,2,1341,130,5,4331952612.835393
1407,66,3,1,1341,130,5,4331954466.835393
1407,66,3,2,1341,130,5,5549957365.9371
1407,66,4,1,1341,130,5,5549959830.9371
1407,66,4,2,1341,130,5,7134160797.000901
1407,66,5,1,1341,130,5,7134164645.000902
1407,66,5,2,1341,130,5,9132328646.02708
1407,66,6,1,1341,130,5,9132335443.02708
1407,66,6,2,1341,130,5,11592227447.01592
1407,66,7,1,1341,130,5,11592239993.01592
1407,66,7,2,1341,130,5,14561624967.967695
1407,66,8,1,1341,130,5,14561647826.967693
1407,66,8,2,1341,130,5,18088290740.88268
1407,66,9,1,1341,130,5,18088330860.882675
1407,66,9,2,1341,130,5,22219996681.761143
1407,66,10,1,1341,130,5,22220064104.761143
1407,66,10,2,1341,130,5,27004517800.60335
1407,66,11,1,1341,130,5,27004626462.603355
1407,66,11,2,1341,130,5,32489633001.40958
1407,66,12,1,1341,130,5,32489801622.40958
1407,66,12,2,1341,130,5,38723125972.180084
1407,66,13,1,1341,130,5,38723379036.180084
1407,66,13,2,1341,130,5,45752786164.91512
1407,66,14,1,1341,130,5,45753154989.91512
1407,66,14,2,1341,130,5,53626409865.61495
1407,66,15,1,1341,130,5,53626933763.61495
1407,66,15,2,1341,130,5,62391801354.27983
1407,66,16,1,1341,130,5,62392528881.27983
1407,66,16,2,1341,130,5,72096774154.90999
1407,66,17,1,1341,130,5,72097764450.91
1407,66,17,2,1341,130,5,82789152375.50572
1407,66,18,1,1341,130,5,82790476594.5057
1407,66,18,2,1341,130,5,94516772138.06723
1407,66,19,1,1341,130,5,94518514968.06721
1407,66,19,2,1341,130,5,107327483098.59476
1407,66,20,1,1341,130,5,107329744371.59477
1407,66,20,2,1341,130,5,121269150057.08858
1407,66,21,1,1341,130,5,121272046449.08858
1407,66,21,2,1341,130,5,136389654657.5489
1407,66,22,1,1341,130,5,136393321478.5489
1407,66,22,2,1341,130,5,152736897177.97598
1407,66,23,1,1341,130,5,152741490251.97598
1407,66,23,2,1341,130,5,170358798410.37003
1407,66,24,1,1341,130,5,170364496045.37006
1407,66,24,2,1341,130,5,189303301630.7313
1407,66,25,1,1341,130,5,189310306678.7313
1407,66,25,2,1341,130,5,209618374659.06003
1407,66,26,1,1341,130,5,209626916666.06
1407,66,26,2,1341,130,5,231352012009.35635
1407,66,27,1,1341,130,5,231362349455.35638
1407,66,27,2,1341,130,5,254552237129.62064
1407,66,28,1,1341,130,5,254564659758.62064
1407,66,28,2,1341,130,5,279267104731.85297
1407,66,29,1,1341,130,5,279281935971.853
1407,66,29,2,1341,130,5,305544703212.0537
1407,66,30,1,1341,130,5,305562302685.0537
1407,66,30,2,1341,130,5,333433157160.2229
1407,66,31,1,1341,130,5,333453923282.2229
1407,66,31,2,1341,130,5,362980629960.3609
1407,66,32,1,1341,130,5,363005002631.36096
1407,66,32,2,1341,130,5,394235326480.46796
1407,66,33,1,1341,130,5,394263789864.4679
1407,66,33,2,1341,130,5,427245495852.54407
1407,66,34,1,1341,130,5,427278581247.544
1407,66,34,2,1341,130,5,462059434342.58954
1407,66,35,1,1341,130,5,462097723140.5896
1407,66,35,2,1341,130,5,498725488310.60474
1407,66,36,1,1341,130,5,498769615047.60474
1407,66,36,2,1341,130,5,537292057260.58966
1407,66,37,1,1341,130,5,537342712756.58966
1407,66,37,2,1341,130,5,577807596980.5447
1407,66,38,1,1341,130,5,577865531569.5446
1407,66,38,2,1341,130,5,620320622772.4697
1407,66,39,1,1341,130,5,620386649622.4697
1407,66,39,2,1341,130,5,664879712772.3652
1407,66,40,1,1341,130,5,664954711295.3654
1407,66,40,2,1341,130,5,711533511360.2314
1407,66,41,1,1341,130,5,711618430712.2313
1407,66,41,2,1341,130,5,760330732660.0682
1407,66,42,1,1341,130,5,760426595331.0684
1407,66,42,2,1341,130,5,811320164129.8762
1407,66,43,1,1341,130,5,811428069623.8762
1407,66,43,2,1341,130,5,864550670241.6553
1407,66,44,1,1341,130,5,864671798846.6552
1407,66,44,2,1341,130,5,920071196251.4056
1407,66,45,1,1341,130,5,920206812899.4056
1407,66,45,2,1341,130,5,977930772059.1277
1407,66,46,1,1341,130,5,978082230276.1277
1407,66,46,2,1341,130,5,1038178516158.8214
1407,66,47,1,1341,130,5,1038347262104.8213
1407,66,47,2,1341,130,5,1100863639678.487
1407,66,48,1,1341,130,5,1101051216277.4868
1407,66,48,2,1341,130,5,1166035450510.1245
1407,66,49,1,1341,130,5,1166243501670.1245
1407,66,49,2,1341,130,5,1233743357529.7346
1407,66,50,1,1341,130,5,1233973632452.7346
1407,66,50,2,1341,130,5,1304036874907.3171
1407,66,51,1,1341,130,5,1304291232489.317
1407,66,51,2,1341,130,5,1376965626506.872
1407,66,52,1,1341,130,5,1377246039827.8718
1407,66,52,2,1341,130,5,1452579350376.3997
1407,66,53,1,1341,130,5,1452887911280.4
1407,66,53,2,1341,130,5,1530927903327.9006
1407,66,54,1,1341,130,5,1531266827092.9006
1407,66,54,2,1341,130,5,1612061265607.3745
1407,66,55,1,1341,130,5,1612432895705.3745
1407,66,55,2,1341,130,5,1696029545654.8218
1407,66,56,1,1341,130,5,1696436358601.822
1407,66,56,2,1341,130,5,1782882984954.2427
1407,66,57,1,1341,130,5,1783327595250.2427
1407,66,57,2,1341,130,5,1872671962973.637
1407,66,58,1,1341,130,5,1873157128132.637
1407,66,58,2,1341,130,5,1965447002195.0051
1407,66,59,1,1341,130,5,1965975627865.0051
1407,66,59,2,1341,130,5,2061258773234.3474
1407,66,60,1,1341,130,5,2061833918407.3472
1407,66,60,2,1341,130,5,2160158100051.6636
1407,66,61,1,1341,130,5,2160782982363.6633
1407,66,61,2,1341,130,5,2262195965250.954
1407,66,62,1,1341,130,5,2262873966371.954
1407,66,62,2,1341,130,5,2367423515470.219
1407,66,63,1,1341,130,5,2368158186584.219
1407,66,63,2,1341,130,5,2475892066861.459
1407,66,64,1,1341,130,5,2476687134236.459
1407,66,64,2,1341,130,5,2587653110660.6733
1407,66,65,1,1341,130,5,2588512481308.673
1407,66,65,2,1341,130,5,2702758318847.8623
1407,66,66,1,1341,130,5,2703686086274.8623
1407,66,66,2,1341,130,5,2821259549897.027
1407,66,67,1,1341,130,5,2822259999943.027
1407,66,67,2,1341,130,5,2943208854616.1665
1407,66,68,1,1341,130,5,2944286471385.1665
1407,66,68,2,1341,130,5,3068658482077.2812
1407,66,69,1,1341,130,5,3069817953957.2812
1407,66,69,2,1341,130,5,3197660885636.372
1407,66,70,1,1341,130,5,3198907111409.372
1407,66,70,2,1341,130,5,3330268729043.4385
1407,66,71,1,1341,130,5,3331606824085.438
1407,66,71,2,1341,130,5,3466534892642.48
1407,66,72,1,1341,130,5,3467970195213.48
1407,66,72,2,1341,130,5,3606512479661.498
1407,66,73,1,1341,130,5,3608050557285.498
1407,66,73,2,1341,130,5,3750254822592.492
1407,66,74,1,1341,130,5,3751901478527.4917
1407,66,74,2,1341,130,5,3897815489661.4624
1407,66,75,1,1341,130,5,3899576769459.4624
1407,66,75,2,1341,130,5,4049248291388.409
1407,66,76,1,1341,130,5,4051130489545.409
1407,66,76,2,1341,130,5,4204607287237.3325
1407,66,77,1,1341,130,5,4206616953933.332
1407,66,77,2,1341,130,5,4363946792356.232
1407,66,78,1,1341,130,5,4366090740285.2324
1407,66,78,2,1341,130,5,4527321384407.109
1407,66,79,1,1341,130,5,4529606695697.108
1407,66,79,2,1341,130,5,4694785910485.962
1407,66,80,1,1341,130,5,4697219943708.963
1407,66,80,2,1341,130,5,4866395494132.794
1407,66,81,1,1341,130,5,4868985891404.793
1407,66,81,2,1341,130,5,5042205542431.601
1407,66,82,1,1341,130,5,5044960236602.601
1407,66,82,2,1341,130,5,5222271753200.386
1407,66,83,1,1341,130,5,5225198975134.387
1407,66,83,2,1341,130,5,5406650122271.149
1407,66,84,1,1341,130,5,5409758408216.148
1407,66,84,2,1341,130,5,5595396950859.889
1407,66,85,1,1341,130,5,5598695149907.889
1407,66,85,2,1341,130,5,5788568853026.606
1407,66,86,1,1341,130,5,5792066134663.607
1407,66,86,2,1341,130,5,5986222763225.304
1407,66,87,1,1341,130,5,5989928624971.303
1407,66,87,2,1341,130,5,6188415943943.977
1407,66,88,1,1341,130,5,6192340219082.977
1407,66,88,2,1341,130,5,6395205993434.628
1407,66,89,1,1341,130,5,6399358858834.629
1407,66,89,2,1341,130,5,6606650853533.259
1407,66,90,1,1341,130,5,6611042837556.259
1407,66,90,2,1341,130,5,6822808817569.867
1407,66,91,1,1341,130,5,6827450808071.867
1407,66,91,2,1341,130,5,7043738538368.454
1407,66,92,1,1341,130,5,7048641790789.454
1407,66,92,2,1341,130,5,7269499036337.0205
1407,66,93,1,1341,130,5,7274675181881.02
1407,66,93,2,1341,130,5,7500149707647.564
1407,66,94,1,1341,130,5,7505610761552.563
1407,66,94,2,1341,130,5,7735750332506.087
1407,66,95,1,1341,130,5,7741508702404.088
1407,66,95,2,1341,130,5,7976361083512.59
1407,66,96,1,1341,130,5,7982429577879.59
1407,66,96,2,1341,130,5,8222042534111.07
1407,66,97,1,1341,130,5,8228434370807.07
1407,66,97,2,1341,130,5,8472855667129.53
1407,66,98,1,1341,130,5,8479584482028.531
1407,66,98,2,1341,130,5,8728861883409.971
1407,66,99,1,1341,130,5,8735941739119.971
1407,66,99,2,1341,130,5,8990123010528.39
1407,66,100,1,1341,130,5,8997568405201.39
1407,66,100,2,1341,130,5,9256701311604.79
1407,66,101,1,1341,130,5,9264527187836.787
1407,66,101,2,1341,130,5,9528659494203.166
1407,66,102,1,1341,130,5,9536881248024.166
1407,66,102,2,1341,130,5,9806060719321.525
1407,66,103,1,1341,130,5,9814694209275.525
1407,66,103,2,1341,130,5,10088968610471.863
1407,66,104,1,1341,130,5,10098030166786.861
1407,66,104,2,1341,130,5,10377447262850.18
1407,66,105,1,1341,130,5,10386953696698.18
1407,66,105,2,1341,130,5,10671561252596.479
1407,66,106,1,1341,130,5,10681529865443.479
1407,66,106,2,1341,130,5,10971375646144.758
1407,66,107,1,1341,130,5,10981824239190.756
1407,66,107,2,1341,130,5,11276956009663.014
1407,66,108,1,1341,130,5,11287902893372.016
1407,66,108,2,1341,130,5,11588368418583.254
1407,66,109,1,1341,130,5,11599832422303.254
1407,66,109,2,1341,130,5,11905679467221.475
1407,66,110,1,1341,130,5,11917679948894.473
1407,66,110,2,1341,130,5,12228956278487.672
1407,66,111,1,1341,130,5,12241513134449.674
1407,66,111,2,1341,130,5,12558266513685.854
1407,66,112,1,1341,130,5,12571400188556.855
1407,66,112,2,1341,130,5,12893678382404.016
1407,66,113,1,1341,130,5,12907409879068.016
1407,66,113,2,1341,130,5,13235260652494.158
1407,66,114,1,1341,130,5,13249611542169.158
1407,66,114,2,1341,130,5,13583082660142.281
1407,66,115,1,1341,130,5,13598075092540.283
1407,66,115,2,1341,130,5,13937214320028.387
1407,66,116,1,1341,130,5,13952871033605.385
1407,66,116,2,1341,130,5,14297726135576.47
1407,66,117,1,1341,130,5,14314070467872.473
1407,66,117,2,1341,130,5,14664689209294.54
1407,66,118,1,1341,130,5,14681745107363.541
1407,66,118,2,1341,130,5,15038175253204.588
1407,66,119,1,1341,130,5,15055967284134.588
1407,66,119,2,1341,130,5,15418256599362.617
1407,66,120,1,1341,130,5,15436809960885.617
1407,66,120,2,1341,130,5,15805006210468.629
1407,66,121,1,1341,130,5,15824346741660.63
1407,66,121,2,1341,130,5,16198497690566.623
1407,66,122,1,1341,130,5,16218651882637.623
1407,66,122,2,1341,130,5,16598805295834.598
1407,66,123,1,1341,130,5,16619800303008.598
1407,66,123,2,1341,130,5,17006003945464.555
1407,66,124,1,1341,130,5,17027867595949.557
1407,66,124,2,1341,130,5,17420169232632.496
1407,66,125,1,1341,130,5,17442930039680.494
1407,66,125,2,1341,130,5,17841377435558.418
1407,66,126,1,1341,130,5,17865064608615.418
1407,66,126,2,1341,130,5,18269705528656.32
1407,66,127,1,1341,130,5,18294348984602.32
1407,66,127,2,1341,130,5,18705231193774.203
1407,66,128,1,1341,130,5,18730861568253.207
1407,66,128,2,1341,130,5,19148032831524.074
1407,66,129,1,1341,130,5,19174681490364.074
1407,66,129,2,1341,130,5,19598189572701.926
1407,66,130,1,1341,130,5,19625888623424.92
1407,66,130,2,1341,130,5,20055781289797.754
1407,66,131,1,1341,130,5,20084563593219.758
1407,66,131,2,1341,130,5,20520888608595.574
1407,66,132,1,1341,130,5,20550787790516.574
1407,66,132,2,1341,130,5,20993592919863.37
1421,67,1,1,1354,132,5,2891882597.269367
1421,67,1,2,1354,132,5,3533328484.3927436
1421,67,2,1,1354,132,5,3533330075.3927426
1421,67,2,2,1354,132,5,4450842885.478416
1421,67,3,1,1354,132,5,4450844759.478416
1421,67,3,2,1354,132,5,5693142188.526665
1421,67,4,1,1354,132,5,5693144673.526665
1421,67,4,2,1354,132,5,7308944417.537766
1421,67,5,1,1354,132,5,7308948285.537767
1421,67,5,2,1354,132,5,9346968040.511995
1421,67,6,1,1354,132,5,9346974857.511995
1421,67,6,2,1354,132,5,11855932319.449621
1421,67,7,1,1354,132,5,11855944885.449621
1421,67,7,2,1354,132,5,14884557750.350912
1421,67,8,1,1354,132,5,14884580629.350912
1421,67,8,2,1354,132,5,18481566593.216133
1421,67,9,1,1354,132,5,18481606733.216133
1421,67,9,2,1354,132,5,22695683492.045544
1421,67,10,1,1354,132,5,22695750935.045544
1421,67,10,2,1354,132,5,27575636184.839405
1421,67,11,1,1354,132,5,27575744866.83941
1421,67,11,2,1354,132,5,33170156303.597977
1421,67,12,1,1354,132,5,33170324944.597977
1421,67,12,2,1354,132,5,39527980264.3215
1421,67,13,1,1354,132,5,39528233348.32151
1421,67,13,2,1354,132,5,46697850247.01025
1421,67,14,1,1354,132,5,46698219092.01025
1421,67,14,2,1354,132,5,54728515265.664444
1421,67,15,1,1354,132,5,54729039183.664444
1421,67,15,2,1354,132,5,63668732328.28435
1421,67,16,1,1354,132,5,63669459875.284355
1421,67,16,2,1354,132,5,73567267686.8702
1421,67,17,1,1354,132,5,73568258002.87021
1421,67,17,2,1354,132,5,84472898177.42224
1421,67,18,1,1354,132,5,84474222416.42224
1421,67,18,2,1354,132,5,96434412649.9407
1421,67,19,1,1354,132,5,96436155499.94069
1421,67,19,2,1354,132,5,109500613488.42583
1421,67,20,1,1354,132,5,109502874781.42583
1421,67,20,2,1354,132,5,123720318220.87785
1421,67,21,1,1354,132,5,123723214632.87784
1421,67,21,2,1354,132,5,139142361219.297
1421,67,22,1,1354,132,5,139146028060.297
1421,67,22,2,1354,132,5,155815595489.68347
1421,67,23,1,1354,132,5,155820188583.68347
1421,67,23,2,1354,132,5,173788894552.03754
1421,67,24,1,1354,132,5,173794592207.03754
1421,67,24,2,1354,132,5,193111154410.3594
1421,67,25,1,1354,132,5,193118159478.3594
1421,67,25,2,1354,132,5,213831295612.64932
1421,67,26,1,1354,132,5,213839837639.6493
1421,67,26,2,1354,132,5,235998265400.9074
1421,67,27,1,1354,132,5,236008602866.9074
1421,67,27,2,1354,132,5,259661039951.134
1421,67,28,1,1354,132,5,259673462600.134
1421,67,28,2,1354,132,5,284868626703.3293
1421,67,29,1,1354,132,5,284883457963.3293
1421,67,29,2,1354,132,5,311670066781.4934
1421,67,30,1,1354,132,5,311687666274.4934
1421,67,30,2,1354,132,5,340114437503.62665
1421,67,31,1,1354,132,5,340135203645.62665
1421,67,31,2,1354,132,5,370250854981.7291
1421,67,32,1,1354,132,5,370275227672.7292
1421,67,32,2,1354,132,5,402128476811.8012
1421,67,33,1,1354,132,5,402156940215.8012
1421,67,33,2,1354,132,5,435796504853.84296
1421,67,34,1,1354,132,5,435829590268.84296
1421,67,34,2,1354,132,5,471304188101.85455
1421,67,35,1,1354,132,5,471342476919.8546
1421,67,35,2,1354,132,5,508700825643.83636
1421,67,36,1,1354,132,5,508744952400.83636
1421,67,36,2,1354,132,5,548035769711.78845
1421,67,37,1,1354,132,5,548086425227.7884
1421,67,37,2,1354,132,5,589358428821.711
1421,67,38,1,1354,132,5,589416363430.7109
1421,67,38,2,1354,132,5,632718271003.6042
1421,67,39,1,1354,132,5,632784297873.6042
1421,67,39,2,1354,132,5,678164827121.4685
1421,67,40,1,1354,132,5,678239825664.4685
1421,67,40,2,1354,132,5,725747694283.3037
1421,67,41,1,1354,132,5,725832613655.3036
1421,67,41,2,1354,132,5,775516539341.1102
1421,67,42,1,1354,132,5,775612402032.1102
1421,67,42,2,1354,132,5,827521102480.8882
1421,67,43,1,1354,132,5,827629007994.8882
1421,67,43,2,1354,132,5,881811200902.6378
1421,67,44,1,1354,132,5,881932329527.6378
1421,67,44,2,1354,132,5,938436732590.3591
1421,67,45,1,1354,132,5,938572349258.3591
1421,67,45,2,1354,132,5,997447680172.0526
1421,67,46,1,1354,132,5,997599138409.0526
1421,67,46,2,1354,132,5,1058894114869.7183
1421,67,47,1,1354,132,5,1059062860835.7181
1421,67,47,2,1354,132,5,1122826200539.3562
1421,67,48,1,1354,132,5,1123013777158.3562
1421,67,48,2,1354,132,5,1189294197800.9668
1421,67,49,1,1354,132,5,1189502248980.9666
1421,67,49,2,1354,132,5,1258348468258.5498
1421,67,50,1,1354,132,5,1258578743201.55
1421,67,50,2,1354,132,5,1330039478810.1062
1421,67,51,1,1354,132,5,1330293836412.106
1421,67,51,2,1354,132,5,1404417806047.6353
1421,67,52,1,1354,132,5,1404698219388.635
1421,67,52,2,1354,132,5,1481534140747.1375
1421,67,53,1,1354,132,5,1481842701671.1375
1421,67,53,2,1354,132,5,1561439292448.6133
1421,67,54,1,1354,132,5,1561778216233.6133
1421,67,54,2,1354,132,5,1644184194126.0625
1421,67,55,1,1354,132,5,1644555824244.0625
1421,67,55,2,1354,132,5,1729819906947.4856
1421,67,56,1,1354,132,5,1730226719914.4856
1421,67,56,2,1354,132,5,1818397625124.8826
1421,67,57,1,1354,132,5,1818842235440.8826
1421,67,57,2,1354,132,5,1909968680854.2534
1421,67,58,1,1354,132,5,1910453846033.2534
1421,67,58,2,1354,132,5,2004584549345.5984
1421,67,59,1,1354,132,5,2005113175035.5986
1421,67,59,2,1354,132,5,2102296853942.9182
1421,67,60,1,1354,132,5,2102871999135.918
1421,67,60,2,1354,132,5,2203157371334.212
1421,67,61,1,1354,132,5,2203782253666.2124
1421,67,61,2,1354,132,5,2307218036851.481
1421,67,62,1,1354,132,5,2307896037992.481
1421,67,62,2,1354,132,5,2414530949860.724
1421,67,63,1,1354,132,5,2415265620994.7246
1421,67,63,2,1354,132,5,2525148379241.943
1421,67,64,1,1354,132,5,2525943446636.943
1421,67,64,2,1354,132,5,2639122768959.1367
1421,67,65,1,1354,132,5,2639982139627.136
1421,67,65,2,1354,132,5,2756506743720.305
1421,67,66,1,1354,132,5,2757434511167.3057
1421,67,66,2,1354,132,5,2877353114727.4497
1421,67,67,1,1354,132,5,2878353564793.45
1421,67,67,2,1354,132,5,3001714885516.57
1421,67,68,1,1354,132,5,3002792502305.57
1421,67,68,2,1354,132,5,3129645257887.6655
1421,67,69,1,1354,132,5,3130804729787.6655
1421,67,69,2,1354,132,5,3261197637924.7373
1421,67,70,1,1354,132,5,3262443863717.7373
1421,67,70,2,1354,132,5,3396425642105.7847
1421,67,71,1,1354,132,5,3397763737167.7847
1421,67,71,2,1354,132,5,3535383103502.808
1421,67,72,1,1354,132,5,3536818406093.808
1421,67,72,2,1354,132,5,3678124078071.8086
1421,67,73,1,1354,132,5,3679662155715.8086
1421,67,73,2,1354,132,5,3824702851032.7847
1421,67,74,1,1354,132,5,3826349506987.7847
1421,67,74,2,1354,132,5,3975173943339.738
1421,67,75,1,1354,132,5,3976935223157.738
1421,67,75,2,1354,132,5,4129592118240.6675
1421,67,76,1,1354,132,5,4131474316417.6675
1421,67,76,2,1354,132,5,4288012387927.574
1421,67,77,1,1354,132,5,4290022054643.5737
1421,67,77,2,1354,132,5,4450490020276.458
1421,67,78,1,1354,132,5,4452633968225.458
1421,67,78,2,1354,132,5,4617080545677.318
1421,67,79,1,1354,132,5,4619365856987.318
1421,67,79,2,1354,132,5,4787839763954.156
1421,67,80,1,1354,132,5,4790273797197.156
1421,67,80,2,1354,132,5,4962823751374.972
1421,67,81,1,1354,132,5,4965414148666.972
1421,67,81,2,1354,132,5,5142088867751.765
1421,67,82,1,1354,132,5,5144843561942.764
1421,67,82,2,1354,132,5,5325691763630.534
1421,67,83,1,1354,132,5,5328618985584.535
1421,67,83,2,1354,132,5,5513689387571.283
1421,67,84,1,1354,132,5,5516797673536.283
1421,67,84,2,1354,132,5,5706138993518.009
1421,67,85,1,1354,132,5,5709437192586.009
1421,67,85,2,1354,132,5,5903098148258.713
1421,67,86,1,1354,132,5,5906595429915.714
1421,67,86,2,1354,132,5,6104624738975.3955
1421,67,87,1,1354,132,5,6108330600741.3955
1421,67,87,2,1354,132,5,6310776980884.056
1421,67,88,1,1354,132,5,6314701256043.056
1421,67,88,2,1354,132,5,6521613424964.694
1421,67,89,1,1354,132,5,6525766290384.695
1421,67,89,2,1354,132,5,6737192965781.3125
1421,67,90,1,1354,132,5,6741584949824.3125
1421,67,90,2,1354,132,5,6957574849391.908
1421,67,91,1,1354,132,5,6962216839913.908
1421,67,91,2,1354,132,5,7182818681348.483
1421,67,92,1,1354,132,5,7187721933789.483
1421,67,92,2,1354,132,5,7412984434787.037
1421,67,93,1,1354,132,5,7418160580351.037
1421,67,93,2,1354,132,5,7648132458607.57
1421,67,94,1,1354,132,5,7653593512532.569
1421,67,94,2,1354,132,5,7888323485744.081
1421,67,95,1,1354,132,5,7894081855662.082
1421,67,95,2,1354,132,5,8133618641524.573
1421,67,96,1,1354,132,5,8139687135911.572
1421,67,96,2,1354,132,5,8384079452121.043
1421,67,97,1,1354,132,5,8390471288837.042
1421,67,97,2,1354,132,5,8639767853089.492
1421,67,98,1,1354,132,5,8646496668008.493
1421,67,98,2,1354,132,5,8900746197999.922
1421,67,99,1,1354,132,5,8907826053729.922
1421,67,99,2,1354,132,5,9167077267156.332
1421,67,100,1,1354,132,5,9174522661849.332
1421,67,100,2,1354,132,5,9438824276406.72
1421,67,101,1,1354,132,5,9446650152658.719
1421,67,101,2,1354,132,5,9716050886043.088
1421,67,102,1,1354,132,5,9724272639884.088
1421,67,102,2,1354,132,5,9998821209791.438
1421,67,103,1,1354,132,5,10007454699765.438
1421,67,103,2,1354,132,5,10287199823891.768
1421,67,104,1,1354,132,5,10296261380226.766
1421,67,104,2,1354,132,5,10581251776268.074
1421,67,105,1,1354,132,5,10590758210136.074
1421,67,105,2,1354,132,5,10881042595788.365
1421,67,106,1,1354,132,5,10891011208655.365
1421,67,106,2,1354,132,5,11186638301614.635
1421,67,107,1,1354,132,5,11197086894680.635
1421,67,107,2,1354,132,5,11498105412642.885
1421,67,108,1,1354,132,5,11509052296371.885
1421,67,108,2,1354,132,5,11815510957033.115
1421,67,109,1,1354,132,5,11826974960773.115
1421,67,109,2,1354,132,5,12138922481829.328
1421,67,110,1,1354,132,5,12150922963522.326
1421,67,110,2,1354,132,5,12468408062669.52
1421,67,111,1,1354,132,5,12480964918651.52
1421,67,111,2,1354,132,5,12804036313585.693
1421,67,112,1,1354,132,5,12817169988476.693
1421,67,112,2,1354,132,5,13145876396893.85
1421,67,113,1,1354,132,5,13159607893577.848
1421,67,113,2,1354,132,5,13493998033173.982
1421,67,114,1,1354,132,5,13508348922868.984
1421,67,114,2,1354,132,5,13848471511340.102
1421,67,115,1,1354,132,5,13863463943758.102
1421,67,115,2,1354,132,5,14209367698800.2
1421,67,116,1,1354,132,5,14225024412397.197
1421,67,116,2,1354,132,5,14576758051706.277
1421,67,117,1,1354,132,5,14593102384022.28
1421,67,117,2,1354,132,5,14950714625294.34
1421,67,118,1,1354,132,5,14967770523383.342
1421,67,118,2,1354,132,5,15331310084314.383
1421,67,119,1,1354,132,5,15349102115264.383
1421,67,119,2,1354,132,5,15718617713550.406
1421,67,120,1,1354,132,5,15737171075093.408
1421,67,120,2,1354,132,5,16112711428430.414
1421,67,121,1,1354,132,5,16132051959642.414
1421,67,121,2,1354,132,5,16513665785726.402
1421,67,122,1,1354,132,5,16533819977817.402
1421,67,122,2,1354,132,5,16921555994344.373
1421,67,123,1,1354,132,5,16942551001538.373
1421,67,123,2,1354,132,5,17336457926204.324
1421,67,124,1,1354,132,5,17358321576709.326
1421,67,124,2,1354,132,5,17758448127210.258
1421,67,125,1,1354,132,5,17781208934278.26
1421,67,125,2,1354,132,5,18187603828310.18
1421,67,126,1,1354,132,5,18211291001387.176
1421,67,126,2,1354,132,5,18624002956646.08
1421,67,127,1,1354,132,5,18648646412612.074
1421,67,127,2,1354,132,5,19067724146793.957
1421,67,128,1,1354,132,5,19093354521292.96
1421,67,128,2,1354,132,5,19518846752093.824
1421,67,129,1,1354,132,5,19545495410953.824
1421,67,129,2,1354,132,5,19977450856069.67
1421,67,130,1,1354,132,5,20005149906812.668
1421,67,130,2,1354,132,5,20443617283939.496
1421,67,131,1,1354,132,5,20472399587381.5
1421,67,131,2,1354,132,5,20917427614215.312
1421,67,132,1,1354,132,5,20947326796156.312
1421,67,132,2,1354,132,5,21398964190393.11
1421,67,133,1,1354,132,5,21430014653397.105
1421,67,133,2,1354,132,5,21888310132732.887
1421,67,134,1,1354,132,5,21920547067997.887
1421,67,134,2,1354,132,5,22385549350128.65
1414,68,1,1,1346,134,5,2895721939.903866
1414,68,1,2,1346,134,5,3530880245.8191624
1414,68,2,1,1346,134,5,3530881856.8191624
1414,68,2,2,1346,134,5,4439401025.698073
1414,68,3,1,1346,134,5,4439402919.698072
1414,68,3,2,1346,134,5,5669523107.540863
1414,68,4,1,1346,134,5,5669525612.540862
1414,68,4,2,1346,134,5,7269486975.347795
1414,68,5,1,1346,134,5,7269490863.3477955
1414,68,5,2,1346,134,5,9287533557.119131
1414,68,6,1,1346,134,5,9287540394.119131
1414,68,6,2,1346,134,5,11771904574.855127
1414,68,7,1,1346,134,5,11771917160.855127
1414,68,7,2,1346,134,5,14770842984.556038
1414,68,8,1,1346,134,5,14770865883.556038
1414,68,8,2,1346,134,5,18332593506.22212
1414,68,9,1,1346,134,5,18332633666.222115
1414,68,9,2,1346,134,5,22505403243.85361
1414,68,10,1,1346,134,5,22505470706.85361
1414,68,10,2,1346,134,5,27337522395.450768
1414,68,11,1,1346,134,5,27337631097.45077
1414,68,11,2,1346,134,5,32877205053.013836
1414,68,12,1,1346,134,5,32877373714.013836
1414,68,12,2,1346,134,5,39172710092.543045
1414,68,13,1,1346,134,5,39172963196.54305
1414,68,13,2,1346,134,5,46272302154.03865
1414,68,14,1,1346,134,5,46272671019.03864
1414,68,14,2,1346,134,5,54224252711.50087
1414,68,15,1,1346,134,5,54224776649.50087
1414,68,15,2,1346,134,5,63076841232.929955
1414,68,16,1,1346,134,5,63077568799.929955
1414,68,16,2,1346,134,5,72878356430.32613
1414,68,17,1,1346,134,5,72879346766.32613
1414,68,17,2,1346,134,5,83677097599.68962
1414,68,18,1,1346,134,5,83678421858.6896
1414,68,18,2,1346,134,5,95521376051.02065
1414,68,19,1,1346,134,5,95523118921.02065
1414,68,19,2,1346,134,5,108459516628.31944
1414,68,20,1,1346,134,5,108461777941.31944
1414,68,20,2,1346,134,5,122539859319.58624
1414,68,21,1,1346,134,5,122542755751.58624
1414,68,21,2,1346,134,5,137810760956.82123
1414,68,22,1,1346,134,5,137814427817.82126
1414,68,22,2,1346,134,5,154320597006.0247
1414,68,23,1,1346,134,5,154325190120.02466
1414,68,23,2,1346,134,5,172117763447.19672
1414,68,24,1,1346,134,5,172123461122.19672
1414,68,24,2,1346,134,5,191250678744.33765
1414,68,25,1,1346,134,5,191257683832.33768
1414,68,25,2,1346,134,5,211767785905.44766
1414,68,26,1,1346,134,5,211776327952.44763
1414,68,26,2,1346,134,5,233717554632.52692
1414,68,27,1,1346,134,5,233727892118.52692
1414,68,27,2,1346,134,5,257148483561.57568
1414,68,28,1,1346,134,5,257160906230.57568
1414,68,28,2,1346,134,5,282109102592.59406
1414,68,29,1,1346,134,5,282123933872.5941
1414,68,29,2,1346,134,5,308647975309.58246
1414,68,30,1,1346,134,5,308665574822.5824
1414,68,30,2,1346,134,5,336813701490.54083
1414,68,31,1,1346,134,5,336834467652.54083
1414,68,31,2,1346,134,5,366654919707.46954
1414,68,32,1,1346,134,5,366679292418.46954
1414,68,32,2,1346,134,5,398220310016.3687
1414,68,33,1,1346,134,5,398248773440.3687
1414,68,33,2,1346,134,5,431558596737.2386
1414,68,34,1,1346,134,5,431591682172.2386
1414,68,34,2,1346,134,5,466718551324.0793
1414,68,35,1,1346,134,5,466756840162.0793
1414,68,35,2,1346,134,5,503748995324.8911
1414,68,36,1,1346,134,5,503793122101.8911
1414,68,36,2,1346,134,5,542698803431.67413
1414,68,37,1,1346,134,5,542749458967.67413
1414,68,37,2,1346,134,5,583616906620.4286
1414,68,38,1,1346,134,5,583674841249.4286
1414,68,38,2,1346,134,5,626552295381.1547
1414,68,39,1,1346,134,5,626618322271.1548
1414,68,39,2,1346,134,5,671554023037.8527
1414,68,40,1,1346,134,5,671629021600.8527
1414,68,40,2,1346,134,5,718671209158.5226
1414,68,41,1,1346,134,5,718756128550.5225
1414,68,41,2,1346,134,5,767953043055.1646
1414,68,42,1,1346,134,5,768048905766.1646
1414,68,42,2,1346,134,5,819448787373.779
1414,68,43,1,1346,134,5,819556692907.779
1414,68,43,2,1346,134,5,873207781774.366
1414,68,44,1,1346,134,5,873328910419.3658
1414,68,44,2,1346,134,5,929279446700.9255
1414,68,45,1,1346,134,5,929415063388.9255
1414,68,45,2,1346,134,5,987713287241.458
1414,68,46,1,1346,134,5,987864745498.4581
1414,68,46,2,1346,134,5,1048558897077.9636
1414,68,47,1,1346,134,5,1048727643063.9635
1414,68,47,2,1346,134,5,1111865962526.4424
1414,68,48,1,1346,134,5,1112053539165.4424
1414,68,48,2,1346,134,5,1177684266666.8945
1414,68,49,1,1346,134,5,1177892317866.8943
1414,68,49,2,1346,134,5,1246063693563.32
1414,68,50,1,1346,134,5,1246293968526.32
1414,68,50,2,1346,134,5,1317054232573.7195
1414,68,51,1,1346,134,5,1317308590195.7195
1414,68,51,2,1346,134,5,1390705982750.0928
1414,68,52,1,1346,134,5,1390986396111.0928
1414,68,52,2,1346,134,5,1467069157328.44
1414,68,53,1,1346,134,5,1467377718272.4402
1414,68,53,2,1346,134,5,1546194088308.7615
1414,68,54,1,1346,134,5,1546533012113.7615
1414,68,54,2,1346,134,5,1628131231125.0574
1414,68,55,1,1346,134,5,1628502861263.0574
1414,68,55,2,1346,134,5,1712931169405.3276
1414,68,56,1,1346,134,5,1713337982392.328
1414,68,56,2,1346,134,5,1800644619821.573
1414,68,57,1,1346,134,5,1801089230157.5728
1414,68,57,2,1346,134,5,1891322437029.7925
1414,68,58,1,1346,134,5,1891807602228.7925
1414,68,58,2,1346,134,5,1985015618699.9875
1414,68,59,1,1346,134,5,1985544244409.9875
1414,68,59,2,1346,134,5,2081775310636.1575
1414,68,60,1,1346,134,5,2082350455849.1575
1414,68,60,2,1346,134,5,2181652811986.3027
1414,68,61,1,1346,134,5,2182277694338.3025
1414,68,61,2,1346,134,5,2284699580542.4233
1414,68,62,1,1346,134,5,2285377581703.4233
1414,68,62,2,1346,134,5,2390967238130.5195
1414,68,63,1,1346,134,5,2391701909284.5195
1414,68,63,2,1346,134,5,2500507576090.592
1414,68,64,1,1346,134,5,2501302643505.592
1414,68,64,2,1346,134,5,2613372560846.6396
1414,68,65,1,1346,134,5,2614231931534.639
1414,68,65,2,1346,134,5,2729614339566.663
1414,68,66,1,1346,134,5,2730542107033.663
1414,68,66,2,1346,134,5,2849285245912.663
1414,68,67,1,1346,134,5,2850285695998.6636
1414,68,67,2,1346,134,5,2972437805880.6396
1414,68,68,1,1346,134,5,2973515422689.639
1414,68,68,2,1346,134,5,3099124743730.5923
1414,68,69,1,1346,134,5,3100284215650.5923
1414,68,69,2,1346,134,5,3229398988006.5215
1414,68,70,1,1346,134,5,3230645213819.522
1414,68,70,2,1346,134,5,3363313677646.4277
1414,68,71,1,1346,134,5,3364651772728.4272
1414,68,71,2,1346,134,5,3500922168182.31
1414,68,72,1,1346,134,5,3502357470793.3105
1414,68,72,2,1346,134,5,3642278038030.1704
1414,68,73,1,1346,134,5,3643816115694.1704
1414,68,73,2,1346,134,5,3787435094870.0073
1414,68,74,1,1346,134,5,3789081750845.0073
1414,68,74,2,1346,134,5,3936447382115.8213
1414,68,75,1,1346,134,5,3938208661953.8213
1414,68,75,2,1346,134,5,4089369185475.6133
1414,68,76,1,1346,134,5,4091251383672.6133
1414,68,76,2,1346,134,5,4246255039601.3823
1414,68,77,1,1346,134,5,4248264706337.3823
1414,68,77,2,1346,134,5,4407159734829.13
1414,68,78,1,1346,134,5,4409303682798.129
1414,68,78,2,1346,134,5,4572138324008.854
1414,68,79,1,1346,134,5,4574423635338.854
1414,68,79,2,1346,134,5,4741246129424.556
1414,68,80,1,1346,134,5,4743680162687.557
1414,68,80,2,1346,134,5,4914538749804.237
1414,68,81,1,1346,134,5,4917129147116.236
1414,68,81,2,1346,134,5,5092072067419.8955
1414,68,82,1,1346,134,5,5094826761630.895
1414,68,82,2,1346,134,5,5273902255277.532
1414,68,83,1,1346,134,5,5276829477251.532
1414,68,83,2,1346,134,5,5460085784397.147
1414,68,84,1,1346,134,5,5463194070382.147
1414,68,84,2,1346,134,5,5650679431182.741
1414,68,85,1,1346,134,5,5653977630270.741
1414,68,85,2,1346,134,5,5845740284882.313
1414,68,86,1,1346,134,5,5849237566559.313
1414,68,86,2,1346,134,5,6045325755137.865
1414,68,87,1,1346,134,5,6049031616923.865
1414,68,87,2,1346,134,5,6249493579625.395
1414,68,88,1,1346,134,5,6253417854804.395
1414,68,88,2,1346,134,5,6458301831784.903
1414,68,89,1,1346,134,5,6462454697224.904
1414,68,89,2,1346,134,5,6671808928640.393
1414,68,90,1,1346,134,5,6676200912703.393
1414,68,90,2,1346,134,5,6890073638709.859
1414,68,91,1,1346,134,5,6894715629251.859
1414,68,91,2,1346,134,5,7113155090005.306
1414,68,92,1,1346,134,5,7118058342466.307
1414,68,92,2,1346,134,5,7341112778122.733
1414,68,93,1,1346,134,5,7346288923706.732
1414,68,93,2,1346,134,5,7574006574422.139
1414,68,94,1,1346,134,5,7579467628367.138
1414,68,94,2,1346,134,5,7811896734297.523
1414,68,95,1,1346,134,5,7817655104235.524
1414,68,95,2,1346,134,5,8054843905536.89
1414,68,96,1,1346,134,5,8060912399943.889
1414,68,96,2,1346,134,5,8302909136772.234
1414,68,97,1,1346,134,5,8309300973508.233
1414,68,97,2,1346,134,5,8556153886019.56
1414,68,98,1,1346,134,5,8562882700958.56
1414,68,98,2,1346,134,5,8814640029308.863
1414,68,99,1,1346,134,5,8821719885058.865
1414,68,99,2,1346,134,5,9078429869404.15
1414,68,100,1,1346,134,5,9085875264117.15
1414,68,100,2,1346,134,5,9347586144613.416
1414,68,101,1,1346,134,5,9355412020885.416
1414,68,101,2,1346,134,5,9622172037688.662
1414,68,102,1,1346,134,5,9630393791549.662
1414,68,102,2,1346,134,5,9902251184815.889
1414,68,103,1,1346,134,5,9910884674809.889
1414,68,103,2,1346,134,5,10187887684695.098
1414,68,104,1,1346,134,5,10196949241050.096
1414,68,104,2,1346,134,5,10479146107710.283
1414,68,105,1,1346,134,5,10488652541598.285
1414,68,105,2,1346,134,5,10776091505189.453
1414,68,106,1,1346,134,5,10786060118076.455
1414,68,106,2,1346,134,5,11078789418754.605
1414,68,107,1,1346,134,5,11089238011840.604
1414,68,107,2,1346,134,5,11387305889761.734
1414,68,108,1,1346,134,5,11398252773510.734
1414,68,108,2,1346,134,5,11701707468830.848
1414,68,109,1,1346,134,5,11713171472590.848
1414,68,109,2,1346,134,5,12022061225465.941
1414,68,110,1,1346,134,5,12034061707178.94
1414,68,110,2,1346,134,5,12348434757765.016
1414,68,111,1,1346,134,5,12360991613767.016
1414,68,111,2,1346,134,5,12680896202220.072
1414,68,112,1,1346,134,5,12694029877131.072
1414,68,112,2,1346,134,5,13019514243607.111
1414,68,113,1,1346,134,5,13033245740311.11
1414,68,113,2,1346,134,5,13364358124966.129
1414,68,114,1,1346,134,5,13378709014681.129
1414,68,114,2,1346,134,5,13715497657671.13
1414,68,115,1,1346,134,5,13730490090109.13
1414,68,115,2,1346,134,5,14073003231590.115
1414,68,116,1,1346,134,5,14088659945207.113
1414,68,116,2,1346,134,5,14436945825335.078
1414,68,117,1,1346,134,5,14453290157671.08
1414,68,117,2,1346,134,5,14807397016602.027
1414,68,118,1,1346,134,5,14824452914711.027
1414,68,118,2,1346,134,5,15184428992600.957
1414,68,119,1,1346,134,5,15202221023570.955
1414,68,119,2,1346,134,5,15568114560575.865
1414,68,120,1,1346,134,5,15586667922138.867
1414,68,120,2,1346,134,5,15958527158414.762
1414,68,121,1,1346,134,5,15977867689646.762
1414,68,121,2,1346,134,5,16355740865349.639
1414,68,122,1,1346,134,5,16375895057460.637
1414,68,122,2,1346,134,5,16759830412746.494
1414,68,123,1,1346,134,5,16780825419960.496
1414,68,123,2,1346,134,5,17170871194985.336
1414,68,124,1,1346,134,5,17192734845510.338
1414,68,124,2,1346,134,5,17588939280430.162
1414,68,125,1,1346,134,5,17611700087518.16
1414,68,125,2,1346,134,5,18014111422488.97
1414,68,126,1,1346,134,5,18037798595585.97
1414,68,126,2,1346,134,5,18446465070763.758
1414,68,127,1,1346,134,5,18471108526749.754
1414,68,127,2,1346,134,5,18886078382290.527
1414,68,128,1,1346,134,5,18911708756809.53
1414,68,128,2,1346,134,5,19333030232869.285
1414,68,129,1,1346,134,5,19359678891749.285
1414,68,129,2,1346,134,5,19787400228484.023
1414,68,130,1,1346,134,5,19815099279247.02
1414,68,130,2,1346,134,5,20249268716812.742
1414,68,131,1,1346,134,5,20278051020274.746
1414,68,131,2,1346,134,5,20718716798827.45
1414,68,132,1,1346,134,5,20748615980788.45
1414,68,132,2,1346,134,5,21195826340484.137
1414,68,133,1,1346,134,5,21226876803508.137
1414,68,133,2,1346,134,5,21680679984502.81
1414,68,134,1,1346,134,5,21712916919787.81
1414,68,134,2,1346,134,5,22173361162237.465
1414,68,135,1,1346,134,5,22206820561575.465
1414,68,135,2,1346,134,5,22673954105636.1
1414,68,136,1,1346,134,5,22708672773463.1
1414,68,136,2,1346,134,5,23182543859290.723
1493,69,1,1,1424,136,5,3263208505.564086
1493,69,1,2,1424,136,5,3971124160.9016657
1493,69,2,1,1424,136,5,3971125791.9016657
1493,69,2,2,1424,136,5,4983715698.201858
1493,69,3,1,1424,136,5,4983717612.201858
1493,69,3,2,1424,136,5,6354747817.4649315
1493,69,4,1,1424,136,5,6354750342.4649315
1493,69,4,2,1424,136,5,8137986894.691154
1493,69,5,1,1424,136,5,8137990802.691155
1493,69,5,2,1424,136,5,10387199749.880789
1493,69,6,1,1424,136,5,10387206606.88079
1493,69,6,2,1424,136,5,13156153997.034098
1493,69,7,1,1424,136,5,13156166603.034098
1493,69,7,2,1424,136,5,16498618484.151339
1493,69,8,1,1424,136,5,16498641403.151339
1493,69,8,2,1424,136,5,20468363823.232765
1493,69,9,1,1424,136,5,20468404003.232765
1493,69,9,2,1424,136,5,25119163010.27863
1493,69,10,1,1424,136,5,25119230493.27863
1493,69,10,2,1424,136,5,30504792135.289185
1493,69,11,1,1424,136,5,30504900857.28919
1493,69,11,2,1424,136,5,36679031182.26467
1493,69,12,1,1424,136,5,36679199863.26468
1493,69,12,2,1424,136,5,43695664919.20535
1493,69,13,1,1424,136,5,43695918043.20535
1493,69,13,2,1424,136,5,51608483878.11145
1493,69,14,1,1424,136,5,51608852763.11144
1493,69,14,2,1424,136,5,60471285424.98321
1493,69,15,1,1424,136,5,60471809382.98321
1493,69,15,2,1424,136,5,70337874919.82086
1493,69,16,1,1424,136,5,70338602506.82086
1493,69,16,2,1424,136,5,81262066966.62466
1493,69,17,1,1424,136,5,81263057322.62468
1493,69,17,2,1424,136,5,93297686753.39484
1493,69,18,1,1424,136,5,93299011032.39484
1493,69,18,2,1424,136,5,106498571482.13159
1493,69,19,1,1424,136,5,106500314372.13158
1493,69,19,2,1424,136,5,120918571888.83517
1493,69,20,1,1424,136,5,120920833221.83519
1493,69,20,2,1424,136,5,136611553853.50581
1493,69,21,1,1424,136,5,136614450305.50581
1493,69,21,2,1424,136,5,153631400100.14374
1493,69,22,1,1424,136,5,153635066981.14374
1493,69,22,2,1424,136,5,172032011986.74915
1493,69,23,1,1424,136,5,172036605120.7491
1493,69,23,2,1424,136,5,191867311385.32224
1493,69,24,1,1424,136,5,191873009080.32227
1493,69,24,2,1424,136,5,213191242651.86328
1493,69,25,1,1424,136,5,213198247759.8633
1493,69,25,2,1424,136,5,236057774686.3725
1493,69,26,1,1424,136,5,236066316753.37247
1493,69,26,2,1424,136,5,260520903082.85
1493,69,27,1,1424,136,5,260531240588.85004
1493,69,27,2,1424,136,5,286634652369.29614
1493,69,28,1,1424,136,5,286647075058.29614
1493,69,28,2,1424,136,5,314453078337.711
1493,69,29,1,1424,136,5,314467909637.71106
1493,69,29,2,1424,136,5,344030270464.0949
1493,69,30,1,1424,136,5,344047869997.0949
1493,69,30,2,1424,136,5,375420354418.44794
1493,69,31,1,1424,136,5,375441120600.44794
1493,69,31,2,1424,136,5,408677494664.7703
1493,69,32,1,1424,136,5,408701867395.7704
1493,69,32,2,1424,136,5,443855897151.06244
1493,69,33,1,1424,136,5,443884360595.0624
1493,69,33,2,1424,136,5,481009812089.3242
1493,69,34,1,1424,136,5,481042897544.32416
1493,69,34,2,1424,136,5,520193536825.55597
1493,69,35,1,1424,136,5,520231825683.55597
1493,69,35,2,1424,136,5,561461418799.7579
1493,69,36,1,1424,136,5,561505545596.7579
1493,69,36,2,1424,136,5,604867858595.9302
1493,69,37,1,1424,136,5,604918514151.9303
1493,69,37,2,1424,136,5,650467313082.0731
1493,69,38,1,1424,136,5,650525247731.073
1493,69,38,2,1424,136,5,698314298640.1866
1493,69,39,1,1424,136,5,698380325550.1868
1493,69,39,2,1424,136,5,748463394486.2712
1493,69,40,1,1424,136,5,748538393069.2712
1493,69,40,2,1424,136,5,800969246080.3269
1493,69,41,1,1424,136,5,801054165492.3268
1493,69,41,2,1424,136,5,855886568626.3538
1493,69,42,1,1424,136,5,855982431357.3538
1493,69,42,2,1424,136,5,913270150662.3523
1493,69,43,1,1424,136,5,913378056216.3523
1493,69,43,2,1424,136,5,973174857740.3224
1493,69,44,1,1424,136,5,973295986405.3223
1493,69,44,2,1424,136,5,1035655636196.2643
1493,69,45,1,1424,136,5,1035791252904.2643
1493,69,45,2,1424,136,5,1100767517010.1782
1493,69,46,1,1424,136,5,1100918975287.178
1493,69,46,2,1424,136,5,1168565619756.0642
1493,69,47,1,1424,136,5,1168734365762.0645
1493,69,47,2,1424,136,5,1239105156641.9229
1493,69,48,1,1424,136,5,1239292733300.9229
1493,69,48,2,1424,136,5,1312441436639.754
1493,69,49,1,1424,136,5,1312649487859.7537
1493,69,49,2,1424,136,5,1388629869705.5574
1493,69,50,1,1424,136,5,1388860144688.5576
1493,69,50,2,1424,136,5,1467725971089.3342
1493,69,51,1,1424,136,5,1467980328731.334
1493,69,51,2,1424,136,5,1549785365735.0837
1493,69,52,1,1424,136,5,1550065779116.0837
1493,69,52,2,1424,136,5,1634863792770.8064
1493,69,53,1,1424,136,5,1635172353734.8066
1493,69,53,2,1424,136,5,1723017110088.5027
1493,69,54,1,1424,136,5,1723356033913.5027
1493,69,54,2,1424,136,5,1814301299014.1724
1493,69,55,1,1424,136,5,1814672929172.1724
1493,69,55,2,1424,136,5,1908772469067.8157
1493,69,56,1,1424,136,5,1909179282074.816
1493,69,56,2,1424,136,5,2006486862813.4333
1493,69,57,1,1424,136,5,2006931473169.433
1493,69,57,2,1424,136,5,2107500860799.0244
1493,69,58,1,1424,136,5,2107986026018.0242
1493,69,58,2,1424,136,5,2211870986586.59
1493,69,59,1,1424,136,5,2212399612316.59
1493,69,59,2,1424,136,5,2319653911872.1294
1493,69,60,1,1424,136,5,2320229057105.1294
1493,69,60,2,1424,136,5,2430906461695.6436
1493,69,61,1,1424,136,5,2431531344067.644
1493,69,61,2,1424,136,5,2545685619741.133
1493,69,62,1,1424,136,5,2546363620922.1323
1493,69,62,2,1424,136,5,2664048533726.596
1493,69,63,1,1424,136,5,2664783204900.596
1493,69,63,2,1424,136,5,2786052520884.0347
1493,69,64,1,1424,136,5,2786847588319.0347
1493,69,64,2,1424,136,5,2911755073529.4487
1493,69,65,1,1424,136,5,2912614444237.448
1493,69,65,2,1424,136,5,3041213864722.837
1493,69,66,1,1424,136,5,3042141632209.837
1493,69,66,2,1424,136,5,3174486754018.201
1493,69,67,1,1424,136,5,3175487204124.2017
1493,69,67,2,1424,136,5,3311631793303.541
1493,69,68,1,1424,136,5,3312709410132.541
1493,69,68,2,1424,136,5,3452707232730.856
1493,69,69,1,1424,136,5,3453866704670.8564
1493,69,69,2,1424,136,5,3597771526736.1475
1493,69,70,1,1424,136,5,3599017752569.1475
1493,69,70,2,1424,136,5,3746883340149.4146
1493,69,71,1,1424,136,5,3748221435251.4146
1493,69,71,2,1424,136,5,3900101554394.6577
1493,69,72,1,1424,136,5,3901536857025.6577
1493,69,72,2,1424,136,5,4057485273779.877
1493,69,73,1,1424,136,5,4059023351463.8774
1493,69,73,2,1424,136,5,4219093831877.0728
1493,69,74,1,1424,136,5,4220740487872.0728
1493,69,74,2,1424,136,5,4384986797992.2446
1493,69,75,1,1424,136,5,4386748077850.245
1493,69,75,2,1424,136,5,4555223983725.394
1493,69,76,1,1424,136,5,4557106181942.394
1493,69,76,2,1424,136,5,4729865449620.519
1493,69,77,1,1424,136,5,4731875116376.52
1493,69,77,2,1424,136,5,4908971511905.622
1493,69,78,1,1424,136,5,4911115459894.621
1493,69,78,2,1424,136,5,5092602749322.701
1493,69,79,1,1424,136,5,5094888060672.7
1493,69,79,2,1424,136,5,5280820010047.757
1493,69,80,1,1424,136,5,5283254043330.758
1493,69,80,2,1424,136,5,5473684418700.792
1493,69,81,1,1424,136,5,5476274816032.791
1493,69,81,2,1424,136,5,5671257383445.803
1493,69,82,1,1424,136,5,5674012077676.803
1493,69,82,2,1424,136,5,5873600603180.791
1493,69,83,1,1424,136,5,5876527825174.792
1493,69,83,2,1424,136,5,6080776074817.759
1493,69,84,1,1424,136,5,6083884360822.758
1493,69,84,2,1424,136,5,6292846100652.702
1493,69,85,1,1424,136,5,6296144299760.702
1493,69,85,2,1424,136,5,6509873295825.624
1493,69,86,1,1424,136,5,6513370577522.625
1493,69,86,2,1424,136,5,6731920595870.524
1493,69,87,1,1424,136,5,6735626457676.524
1493,69,87,2,1424,136,5,6959051264355.402
1493,69,88,1,1424,136,5,6962975539554.402
1493,69,88,2,1424,136,5,7191328900612.259
1493,69,89,1,1424,136,5,7195481766072.26
1493,69,89,2,1424,136,5,7428817447557.095
1493,69,90,1,1424,136,5,7433209431640.094
1493,69,90,2,1424,136,5,7671581199599.908
1493,69,91,1,1424,136,5,7676223190161.907
1493,69,91,2,1424,136,5,7919684810644.699
1493,69,92,1,1424,136,5,7924588063125.7
1493,69,92,2,1424,136,5,8173193302179.471
1493,69,93,1,1424,136,5,8178369447783.471
1493,69,93,2,1424,136,5,8432172071456.221
1493,69,94,1,1424,136,5,8437633125421.22
1493,69,94,2,1424,136,5,8696686899760.948
1493,69,95,1,1424,136,5,8702445269718.949
1493,69,95,2,1424,136,5,8966803960773.656
1493,69,96,1,1424,136,5,8972872455200.656
1493,69,96,2,1424,136,5,9242589829018.344
1493,69,97,1,1424,136,5,9248981665774.344
1493,69,97,2,1424,136,5,9524111488403.01
1493,69,98,1,1424,136,5,9530840303362.01
1493,69,98,2,1424,136,5,9811436340849.654
1493,69,99,1,1424,136,5,9818516196619.656
1493,69,99,2,1424,136,5,10104632215014.281
1493,69,100,1,1424,136,5,10112077609747.281
1493,69,100,2,1424,136,5,10403767375096.887
1493,69,101,1,1424,136,5,10411593251388.885
1493,69,101,2,1424,136,5,10708910529741.469
1493,69,102,1,1424,136,5,10717132283622.469
1493,69,102,2,1424,136,5,11020130841026.035
1493,69,103,1,1424,136,5,11028764331040.035
1493,69,103,2,1424,136,5,11337497933542.58
1493,69,104,1,1424,136,5,11346559489917.578
1493,69,104,2,1424,136,5,11661081903567.104
1493,69,105,1,1424,136,5,11670588337475.104
1493,69,105,2,1424,136,5,11990953328319.607
1493,69,106,1,1424,136,5,12000921941226.607
1493,69,106,2,1424,136,5,12327183275314.094
1493,69,107,1,1424,136,5,12337631868420.092
1493,69,107,2,1424,136,5,12669843311798.557
1493,69,108,1,1424,136,5,12680790195567.559
1493,69,108,2,1424,136,5,13019005514285.004
1493,69,109,1,1424,136,5,13030469518065.004
1493,69,109,2,1424,136,5,13374742478169.432
1493,69,110,1,1424,136,5,13386742959902.43
1493,69,110,2,1424,136,5,13737127327441.836
1493,69,111,1,1424,136,5,13749684183463.836
1493,69,111,2,1424,136,5,14106233724486.225
1493,69,112,1,1424,136,5,14119367399417.225
1493,69,112,2,1424,136,5,14482135879970.594
1493,69,113,1,1424,136,5,14495867376694.592
1493,69,113,2,1424,136,5,14864908562826.943
1493,69,114,1,1424,136,5,14879259452561.943
1493,69,114,2,1424,136,5,15254627110321.273
1493,69,115,1,1424,136,5,15269619542779.275
1493,69,115,2,1424,136,5,15651367438213.586
1493,69,116,1,1424,136,5,15667024151850.586
1493,69,116,2,1424,136,5,16055206051007.879
1493,69,117,1,1424,136,5,16071550383363.879
1493,69,117,2,1424,136,5,16466220052292.154
1493,69,118,1,1424,136,5,16483275950421.154
1493,69,118,2,1424,136,5,16884487155168.41
1493,69,119,1,1424,136,5,16902279186158.408
1493,69,119,2,1424,136,5,17310085692772.646
1493,69,120,1,1424,136,5,17328639054355.648
1493,69,120,2,1424,136,5,17743094628884.867
1493,69,121,1,1424,136,5,17762435160136.863
1493,69,121,2,1424,136,5,18183593568629.066
1493,69,122,1,1424,136,5,18203747760760.07
1493,69,122,2,1424,136,5,18631662769263.254
1493,69,123,1,1424,136,5,18652657776497.25
1493,69,123,2,1424,136,5,19087383151059.414
1493,69,124,1,1424,136,5,19109246801604.414
1493,69,124,2,1424,136,5,19550836308273.56
1493,69,125,1,1424,136,5,19573597115381.562
1493,69,125,2,1424,136,5,20022104520205.69
1493,69,126,1,1424,136,5,20045791693322.69
1493,69,126,2,1424,136,5,20501270762349.8
1493,69,127,1,1424,136,5,20525914218355.8
1493,69,127,2,1424,136,5,20988418717633.895
1493,69,128,1,1424,136,5,21014049092172.9
1493,69,128,2,1424,136,5,21483632787749.973
1493,69,129,1,1424,136,5,21510281446649.973
1493,69,129,2,1424,136,5,21986998104574.03
1493,69,130,1,1424,136,5,22014697155357.027
1493,69,130,2,1424,136,5,22498600541676.07
1493,69,131,1,1424,136,5,22527382845158.07
1493,69,131,2,1424,136,5,23018526725920.094
1493,69,132,1,1424,136,5,23048425907901.094
1493,69,132,2,1424,136,5,23546864049154.1
1493,69,133,1,1424,136,5,23577914512198.098
1493,69,133,2,1424,136,5,24083700679990.086
1493,69,134,1,1424,136,5,24115937615295.09
1493,69,134,2,1424,136,5,24629125575674.062
1493,69,135,1,1424,136,5,24662584975032.062
1493,69,135,2,1424,136,5,25183228494046.016
1493,69,136,1,1424,136,5,25217947161893.016
1493,69,136,2,1424,136,5,25746100005589.953
1493,69,137,1,1424,136,5,25782115571145.957
1493,69,137,2,1424,136,5,26317831505573.875
1493,69,138,1,1424,136,5,26355182435072.875
1493,69,138,2,1424,136,5,26898515226279.777
1485,70,1,1,1415,138,5,3263908434.3293424
1485,70,1,2,1415,138,5,3964276777.454577
1485,70,2,1,1415,138,5,3964278428.454577
1485,70,2,2,1415,138,5,4966072798.543715
1485,70,3,1,1415,138,5,4966074732.543715
1485,70,3,2,1415,138,5,6322487961.597011
1485,70,4,1,1415,138,5,6322490506.597011
1485,70,4,2,1415,138,5,8086715426.61472
1485,70,5,1,1415,138,5,8086719354.61472
1485,70,5,2,1415,138,5,10311948797.597094
1485,70,6,1,1415,138,5,10311955674.597094
1485,70,6,2,1415,138,5,13051382472.54438
1485,70,7,1,1415,138,5,13051395098.54438
1485,70,7,2,1415,138,5,16358212083.456825
1485,70,8,1,1415,138,5,16358235022.456823
1485,70,8,2,1415,138,5,20285635026.33467
1485,70,9,1,1415,138,5,20285675226.33467
1485,70,9,2,1415,138,5,24886851081.178158
1485,70,10,1,1415,138,5,24886918584.178158
1485,70,10,2,1415,138,5,30215063121.987526
1485,70,11,1,1415,138,5,30215171863.98753
1485,70,11,2,1415,138,5,36323477916.76301
1485,70,12,1,1415,138,5,36323646617.763016
1485,70,12,2,1415,138,5,43265307017.504845
1485,70,13,1,1415,138,5,43265560161.504845
1485,70,13,2,1415,138,5,51093767740.213264
1485,70,14,1,1415,138,5,51094136645.21326
1485,70,14,2,1415,138,5,59862084234.88848
1485,70,15,1,1415,138,5,59862608212.88848
1485,70,15,2,1415,138,5,69623488645.53075
1485,70,16,1,1415,138,5,69624216252.53075
1485,70,16,2,1415,138,5,80431222360.14024
1485,70,17,1,1415,138,5,80432212736.14026
1485,70,17,2,1415,138,5,92338537350.71727
1485,70,18,1,1415,138,5,92339861649.71725
1485,70,18,2,1415,138,5,105398697603.26196
1485,70,19,1,1415,138,5,105400440513.26195
1485,70,19,2,1415,138,5,119664980637.77455
1485,70,20,1,1415,138,5,119667241990.77458
1485,70,20,2,1415,138,5,135190679118.25533
1485,70,21,1,1415,138,5,135193575590.25531
1485,70,21,2,1415,138,5,152029102552.7044
1485,70,22,1,1415,138,5,152032769453.7044
1485,70,22,2,1415,138,5,170233579083.12204
1485,70,23,1,1415,138,5,170238172237.12204
1485,70,23,2,1415,138,5,189857457365.50845
1485,70,24,1,1415,138,5,189863155080.50845
1485,70,24,2,1415,138,5,210954108539.86383
1485,70,25,1,1415,138,5,210961113667.86386
1485,70,25,2,1415,138,5,233576928290.1884
1485,70,26,1,1415,138,5,233585470377.1884
1485,70,26,2,1415,138,5,257779338994.48233
1485,70,27,1,1415,138,5,257789676520.48233
1485,70,27,2,1415,138,5,283614791964.74585
1485,70,28,1,1415,138,5,283627214673.7458
1485,70,28,2,1415,138,5,311136769776.97906
1485,70,29,1,1415,138,5,311151601096.9791
1485,70,29,2,1415,138,5,340398788691.18243
1485,70,30,1,1415,138,5,340416388244.1824
1485,70,30,2,1415,138,5,371454401161.35583
1485,70,31,1,1415,138,5,371475167363.3558
1485,70,31,2,1415,138,5,404357198435.4996
1485,70,32,1,1415,138,5,404381571186.49963
1485,70,32,2,1415,138,5,439160813245.61395
1485,70,33,1,1415,138,5,439189276709.61395
1485,70,33,2,1415,138,5,475918922587.69904
1485,70,34,1,1415,138,5,475952008062.69904
1485,70,34,2,1415,138,5,514685250591.755
1485,70,35,1,1415,138,5,514723539469.75507
1485,70,35,2,1415,138,5,555513571481.7821
1485,70,36,1,1415,138,5,555557698298.7822
1485,70,36,2,1415,138,5,598457712625.7805
1485,70,37,1,1415,138,5,598508368201.7806
1485,70,37,2,1415,138,5,643571557675.7505
1485,70,38,1,1415,138,5,643629492344.7504
1485,70,38,2,1415,138,5,690909049797.692
1485,70,39,1,1415,138,5,690975076727.692
1485,70,39,2,1415,138,5,740524194991.6055
1485,70,40,1,1415,138,5,740599193594.6055
1485,70,40,2,1415,138,5,792471065501.4908
1485,70,41,1,1415,138,5,792555984933.4908
1485,70,41,2,1415,138,5,846803803315.3484
1485,70,42,1,1415,138,5,846899666066.3484
1485,70,42,2,1415,138,5,903576623755.1783
1485,70,43,1,1415,138,5,903684529329.1783
1485,70,43,2,1415,138,5,962843819156.9808
1485,70,44,1,1415,138,5,962964947841.9808
1485,70,44,2,1415,138,5,1024659762640.756
1485,70,45,1,1415,138,5,1024795379368.7561
1485,70,45,2,1415,138,5,1089078911970.5042
1485,70,46,1,1415,138,5,1089230370267.5042
1485,70,46,2,1415,138,5,1156155813504.2253
1485,70,47,1,1415,138,5,1156324559530.2253
1485,70,47,2,1415,138,5,1225945106233.9197
1485,70,48,1,1415,138,5,1226132682912.9197
1485,70,48,2,1415,138,5,1298501525915.5874
1485,70,49,1,1415,138,5,1298709577155.5872
1485,70,49,2,1415,138,5,1373879909289.2283
1485,70,50,1,1415,138,5,1374110184292.2285
1485,70,50,2,1415,138,5,1452135198388.8435
1485,70,51,1,1415,138,5,1452389556050.8435
1485,70,51,2,1415,138,5,1533322444942.4321
1485,70,52,1,1415,138,5,1533602858343.4321
1485,70,52,2,1415,138,5,1617496814861.9949
1485,70,53,1,1415,138,5,1617805375845.995
1485,70,53,2,1415,138,5,1704713592823.532
1485,70,54,1,1415,138,5,1705052516668.532
1485,70,54,2,1415,138,5,1795028186937.0432
1485,70,55,1,1415,138,5,1795399817115.0432
1485,70,55,2,1415,138,5,1888496133506.529
1485,70,56,1,1415,138,5,1888902946533.529
1485,70,56,2,1415,138,5,1985173101879.9895
1485,70,57,1,1415,138,5,1985617712255.9893
1485,70,57,2,1415,138,5,2085114899389.4246
1485,70,58,1,1415,138,5,2085600064628.4246
1485,70,58,2,1415,138,5,2188377476380.8347
1485,70,59,1,1415,138,5,2188906102130.8347
1485,70,59,2,1415,138,5,2295016931334.2197
1485,70,60,1,1415,138,5,2295592076587.2197
1485,70,60,2,1415,138,5,2405089516073.58
1485,70,61,1,1415,138,5,2405714398465.5806
1485,70,61,2,1415,138,5,2518651641066.9165
1485,70,62,1,1415,138,5,2519329642267.916
1485,70,62,2,1415,138,5,2635759880816.227
1485,70,63,1,1415,138,5,2636494552010.2275
1485,70,63,2,1415,138,5,2756470979337.5146
1485,70,64,1,1415,138,5,2757266046792.5146
1485,70,64,2,1415,138,5,2880841855730.7773
1485,70,65,1,1415,138,5,2881701226458.777
1485,70,65,2,1415,138,5,3008929609840.0156
1485,70,66,1,1415,138,5,3009857377347.0156
1485,70,66,2,1415,138,5,3140791528003.2305
1485,70,67,1,1415,138,5,3141791978129.231
1485,70,67,2,1415,138,5,3276485088892.422
1485,70,68,1,1415,138,5,3277562705741.4214
1485,70,68,2,1415,138,5,3416067969443.589
1485,70,69,1,1415,138,5,3417227441403.589
1485,70,69,2,1415,138,5,3559598050876.733
1485,70,70,1,1415,138,5,3560844276729.733
1485,70,70,2,1415,138,5,3707133424805.854
1485,70,71,1,1415,138,5,3708471519927.8535
1485,70,71,2,1415,138,5,3858732399438.9507
1485,70,72,1,1415,138,5,3860167702089.9507
1485,70,72,2,1415,138,5,4014453505868.025
1485,70,73,1,1415,138,5,4015991583572.025
1485,70,73,2,1415,138,5,4174355504449.0767
1485,70,74,1,1415,138,5,4176002160464.076
1485,70,74,2,1415,138,5,4338497391272.1045
1485,70,75,1,1415,138,5,4340258671150.1045
1485,70,75,2,1415,138,5,4506938404721.11
1485,70,76,1,1415,138,5,4508820602958.11
1485,70,76,2,1415,138,5,4679738032124.093
1485,70,77,1,1415,138,5,4681747698900.094
1485,70,77,2,1415,138,5,4856956016493.055
1485,70,78,1,1415,138,5,4859099964502.054
1485,70,78,2,1415,138,5,5038652363353.992
1485,70,79,1,1415,138,5,5040937674723.992
1485,70,79,2,1415,138,5,5224887347666.908
1485,70,80,1,1415,138,5,5227321380969.909
1485,70,80,2,1415,138,5,5415721520835.803
1485,70,81,1,1415,138,5,5418311918187.803
1485,70,81,2,1415,138,5,5611215717808.675
1485,70,82,1,1415,138,5,5613970412059.674
1485,70,82,2,1415,138,5,5811431064267.524
1485,70,83,1,1415,138,5,5814358286281.524
1485,70,83,2,1415,138,5,6016428983908.354
1485,70,84,1,1415,138,5,6019537269933.354
1485,70,84,2,1415,138,5,6226271205811.16
1485,70,85,1,1415,138,5,6229569404939.159
1485,70,85,2,1415,138,5,6441019771899.945
1485,70,86,1,1415,138,5,6444517053616.946
1485,70,86,2,1415,138,5,6660737044492.71
1485,70,87,1,1415,138,5,6664442906318.709
1485,70,87,2,1415,138,5,6885485713941.452
1485,70,88,1,1415,138,5,6889409989160.452
1485,70,88,2,1415,138,5,7115328806362.174
1485,70,89,1,1415,138,5,7119481671842.175
1485,70,89,2,1415,138,5,7350329691454.875
1485,70,90,1,1415,138,5,7354721675557.875
1485,70,90,2,1415,138,5,7590552090413.555
1485,70,91,1,1415,138,5,7595194080995.554
1485,70,91,2,1415,138,5,7836060083926.213
1485,70,92,1,1415,138,5,7840963336427.214
1485,70,92,2,1415,138,5,8086918120264.853
1485,70,93,1,1415,138,5,8092094265888.852
1485,70,93,2,1415,138,5,8343191023465.47
1485,70,94,1,1415,138,5,8348652077450.47
1485,70,94,2,1415,138,5,8604944001598.066
1485,70,95,1,1415,138,5,8610702371576.067
1485,70,95,2,1415,138,5,8872242655126.643
1485,70,96,1,1415,138,5,8878311149573.645
1485,70,96,2,1415,138,5,9145152985359.201
1485,70,97,1,1415,138,5,9151544822135.201
1485,70,97,2,1415,138,5,9423741402987.738
1485,70,98,1,1415,138,5,9430470217966.736
1485,70,98,2,1415,138,5,9708074736718.254
1485,70,99,1,1415,138,5,9715154592508.254
1485,70,99,2,1415,138,5,9998220241990.75
1485,70,100,1,1415,138,5,10005665636743.752
1485,70,100,2,1415,138,5,10294245609789.229
1485,70,101,1,1415,138,5,10302071486101.227
1485,70,101,2,1415,138,5,10596218975541.684
1485,70,102,1,1415,138,5,10604440729442.684
1485,70,102,2,1415,138,5,10904208928110.121
1485,70,103,1,1415,138,5,10912842418144.123
1485,70,103,2,1415,138,5,11218284518870.541
1485,70,104,1,1415,138,5,11227346075265.54
1485,70,104,2,1415,138,5,11538515270882.94
1485,70,105,1,1415,138,5,11548021704810.94
1485,70,105,2,1415,138,5,11864971188151.318
1485,70,106,1,1415,138,5,11874939801078.318
1485,70,106,2,1415,138,5,12197722764973.68
1485,70,107,1,1415,138,5,12208171358099.678
1485,70,107,2,1415,138,5,12536840995382.02
1485,70,108,1,1415,138,5,12547787879171.02
1485,70,108,2,1415,138,5,12882397382672.342
1485,70,109,1,1415,138,5,12893861386472.342
1485,70,109,2,1415,138,5,13234463949024.646
1485,70,110,1,1415,138,5,13246464430777.645
1485,70,110,2,1415,138,5,13593113245212.93
1485,70,111,1,1415,138,5,13605670101254.93
1485,70,111,2,1415,138,5,13958418360405.195
1485,70,112,1,1415,138,5,13971552035356.195
1485,70,112,2,1415,138,5,14330452932053.443
1485,70,113,1,1415,138,5,14344184428797.441
1485,70,113,2,1415,138,5,14709291155873.67
1485,70,114,1,1415,138,5,14723642045628.672
1485,70,114,2,1415,138,5,15095007795915.88
1485,70,115,1,1415,138,5,15110000228393.88
1485,70,115,2,1415,138,5,15487678194724.074
1485,70,116,1,1415,138,5,15503334908381.072
1485,70,116,2,1415,138,5,15887378283586.246
1485,70,117,1,1415,138,5,15903722615962.246
1485,70,117,2,1415,138,5,16294184592874.402
1485,70,118,1,1415,138,5,16311240491023.402
1485,70,118,2,1415,138,5,16708174262474.541
1485,70,119,1,1415,138,5,16725966293484.54
1485,70,119,2,1415,138,5,17129425052306.658
1485,70,120,1,1415,138,5,17147978413909.66
1485,70,120,2,1415,138,5,17558015352934.762
1485,70,121,1,1415,138,5,17577355884206.762
1485,70,121,2,1415,138,5,17994024196266.844
1485,70,122,1,1415,138,5,18014178388417.848
1485,70,122,2,1415,138,5,18437531266344.91
1485,70,123,1,1415,138,5,18458526273598.91
1485,70,123,2,1415,138,5,18888616910224.96
1485,70,124,1,1415,138,5,18910480560789.957
1485,70,124,2,1415,138,5,19347362148946.99
1485,70,125,1,1415,138,5,19370122956074.992
1485,70,125,2,1415,138,5,19813848688595.004
1485,70,126,1,1415,138,5,19837535861732.004
1485,70,126,2,1415,138,5,20288158931447.0
1485,70,127,1,1415,138,5,20312802387473.0
1485,70,127,2,1415,138,5,20770375987214.977
1485,70,128,1,1415,138,5,20796006361773.98
1485,70,128,2,1415,138,5,21260583684374.94
1485,70,129,1,1415,138,5,21287232343294.94
1485,70,129,2,1415,138,5,21758866581586.887
1485,70,130,1,1415,138,5,21786565632389.887
1485,70,130,2,1415,138,5,22265309979204.812
1485,70,131,1,1415,138,5,22294092282706.816
1485,70,131,2,1415,138,5,22779999930876.727
1485,70,132,1,1415,138,5,22809899112877.727
1485,70,132,2,1415,138,5,23303023255234.617
1485,70,133,1,1415,138,5,23334073718298.617
1485,70,133,2,1415,138,5,23834467547674.496
1485,70,134,1,1415,138,5,23866704482999.496
1485,70,134,2,1415,138,5,24374421192226.36
1485,70,135,1,1415,138,5,24407880591604.355
1485,70,135,2,1415,138,5,24922973373514.2
1485,70,136,1,1415,138,5,24957692041381.2
1485,70,136,2,1415,138,5,25480214088806.027
1485,70,137,1,1415,138,5,25516229654382.027
1485,70,137,2,1415,138,5,26046234160153.84
1485,70,138,1,1415,138,5,26083585089672.84
1485,70,138,2,1415,138,5,26621125246623.633
1485,70,139,1,1415,138,5,26659850855653.633
1485,70,139,2,1415,138,5,27204979856615.41
1485,70,140,1,1415,138,5,27245120322468.414
1485,70,140,2,1415,138,5,27797891360273.176
1545,71,1,1,1474,140,5,3570632933.7774544
1545,71,1,2,1474,140,5,4328592105.176054
1545,71,2,1,1474,140,5,4328593776.176054
1545,71,2,2,1474,140,5,5412764974.538104
1545,71,3,1,1474,140,5,5412766928.538103
1545,71,3,2,1474,140,5,6880716985.863858
1545,71,4,1,1474,140,5,6880719550.863858
1545,71,4,2,1474,140,5,8790015299.153572
1545,71,5,1,1474,140,5,8790019247.153572
1545,71,5,2,1474,140,5,11198227518.407495
1545,71,6,1,1474,140,5,11198234415.407495
1545,71,6,2,1474,140,5,14162922041.625877
1545,71,7,1,1474,140,5,14162934687.625877
1545,71,7,2,1474,140,5,17741668500.80896
1545,71,8,1,1474,140,5,17741691459.808964
1545,71,8,2,1474,140,5,21992038291.956993
1545,71,9,1,1474,140,5,21992078511.956993
1545,71,9,2,1474,140,5,26971605195.07021
1545,71,10,1,1474,140,5,26971672718.07021
1545,71,10,2,1474,140,5,32737946084.14885
1545,71,11,1,1474,140,5,32738054846.148853
1545,71,11,2,1474,140,5,39348641727.19315
1545,71,12,1,1474,140,5,39348810448.19315
1545,71,12,2,1474,140,5,46861277676.203354
1545,71,13,1,1474,140,5,46861530840.203354
1545,71,13,2,1474,140,5,55333445247.17967
1545,71,14,1,1474,140,5,55333814172.179665
1545,71,14,2,1474,140,5,64822742590.122345
1545,71,15,1,1474,140,5,64823266588.122345
1545,71,15,2,1474,140,5,75386775849.0316
1545,71,16,1,1474,140,5,75387503476.0316
1545,71,16,2,1474,140,5,87083160411.90765
1545,71,17,1,1474,140,5,87084150807.90767
1545,71,17,2,1474,140,5,99969522250.75075
1545,71,18,1,1474,140,5,99970846569.75073
1545,71,18,2,1474,140,5,114103499351.56107
1545,71,19,1,1474,140,5,114105242281.56105
1545,71,19,2,1474,140,5,129542743234.33885
1545,71,20,1,1474,140,5,129545004607.33885
1545,71,20,2,1474,140,5,146344920563.08432
1545,71,21,1,1474,140,5,146347817055.08432
1545,71,21,2,1474,140,5,164567714845.79767
1545,71,22,1,1474,140,5,164571381766.79767
1545,71,22,2,1474,140,5,184268828224.47913
1545,71,23,1,1474,140,5,184273421398.4791
1545,71,23,2,1474,140,5,205505983355.12888
1545,71,24,1,1474,140,5,205511681090.12888
1545,71,24,2,1474,140,5,228336925377.74716
1545,71,25,1,1474,140,5,228343930525.74716
1545,71,25,2,1474,140,5,252819423976.33417
1545,71,26,1,1474,140,5,252827966083.33414
1545,71,26,2,1474,140,5,279011275528.8901
1545,71,27,1,1474,140,5,279021613074.8901
1545,71,27,2,1474,140,5,306970305347.41516
1545,71,28,1,1474,140,5,306982728076.4151
1545,71,28,2,1474,140,5,336754370007.9095
1545,71,29,1,1474,140,5,336769201347.9095
1545,71,29,2,1474,140,5,368421359770.3734
1545,71,30,1,1474,140,5,368438959343.3734
1545,71,30,2,1474,140,5,402029201088.807
1545,71,31,1,1474,140,5,402049967310.80695
1545,71,31,2,1474,140,5,437635859211.2105
1545,71,32,1,1474,140,5,437660231982.2105
1545,71,32,2,1474,140,5,475299340869.58417
1545,71,33,1,1474,140,5,475327804353.5841
1545,71,33,2,1474,140,5,515077697059.92804
1545,71,34,1,1474,140,5,515110782554.92804
1545,71,34,2,1474,140,5,557029025912.2424
1545,71,35,1,1474,140,5,557067314810.2423
1545,71,35,2,1474,140,5,601211475650.5275
1545,71,36,1,1474,140,5,601255602487.5275
1545,71,36,2,1474,140,5,647683247642.7834
1545,71,37,1,1474,140,5,647733903238.7834
1545,71,37,2,1474,140,5,696502599541.0104
1545,71,38,1,1474,140,5,696560534230.0103
1545,71,38,2,1474,140,5,747727848511.2084
1545,71,39,1,1474,140,5,747793875461.2085
1545,71,39,2,1474,140,5,801417374553.3779
1545,71,40,1,1474,140,5,801492373176.378
1545,71,40,2,1474,140,5,857629623911.5192
1545,71,41,1,1474,140,5,857714543363.519
1545,71,41,2,1474,140,5,916423112573.6318
1545,71,42,1,1474,140,5,916518975344.6318
1545,71,42,2,1474,140,5,977856429861.7167
1545,71,43,1,1474,140,5,977964335455.7167
1545,71,43,2,1474,140,5,1041988242111.7736
1545,71,44,1,1474,140,5,1042109370816.7734
1545,71,44,2,1474,140,5,1108877296443.8027
1545,71,45,1,1474,140,5,1109012913191.8025
1545,71,45,2,1474,140,5,1178582424621.8042
1545,71,46,1,1474,140,5,1178733882938.804
1545,71,46,2,1474,140,5,1251162547003.778
1545,71,47,1,1474,140,5,1251331293049.7783
1545,71,47,2,1474,140,5,1326676676581.7253
1545,71,48,1,1474,140,5,1326864253280.725
1545,71,48,2,1474,140,5,1405183923111.645
1545,71,49,1,1474,140,5,1405391974371.6448
1545,71,49,2,1474,140,5,1486743497333.5378
1545,71,50,1,1474,140,5,1486973772356.5378
1545,71,50,2,1474,140,5,1571414715281.404
1545,71,51,1,1474,140,5,1571669072963.404
1545,71,51,2,1474,140,5,1659257002683.2437
1545,71,52,1,1474,140,5,1659537416104.2434
1545,71,52,2,1474,140,5,1750329899451.057
1545,71,53,1,1474,140,5,1750638460455.057
1545,71,53,2,1474,140,5,1844693064260.8438
1545,71,54,1,1474,140,5,1845031988125.8438
1545,71,54,2,1474,140,5,1942406279222.6045
1545,71,55,1,1474,140,5,1942777909420.6042
1545,71,55,2,1474,140,5,2043529454640.339
1545,71,56,1,1474,140,5,2043936267687.3394
1545,71,56,2,1474,140,5,2148122633862.0483
1545,71,57,1,1474,140,5,2148567244258.0483
1545,71,57,2,1474,140,5,2256245998219.7314
1545,71,58,1,1474,140,5,2256731163478.732
1545,71,58,2,1474,140,5,2367959872059.3896
1545,71,59,1,1474,140,5,2368488497829.389
1545,71,59,2,1474,140,5,2483324727861.022
1545,71,60,1,1474,140,5,2483899873134.022
1545,71,60,2,1474,140,5,2602401191448.6294
1545,71,61,1,1474,140,5,2603026073860.6294
1545,71,61,2,1474,140,5,2725250047290.212
1545,71,62,1,1474,140,5,2725928048511.2114
1545,71,62,2,1474,140,5,2851932243887.769
1545,71,63,1,1474,140,5,2852666915101.769
1545,71,63,2,1474,140,5,2982508899257.302
1545,71,64,1,1474,140,5,2983303966732.302
1545,71,64,2,1474,140,5,3117041306498.8096
1545,71,65,1,1474,140,5,3117900677246.809
1545,71,65,2,1474,140,5,3255590939456.2925
1545,71,66,1,1474,140,5,3256518706983.293
1545,71,66,2,1474,140,5,3398219458467.752
1545,71,67,1,1474,140,5,3399219908613.7524
1545,71,67,2,1474,140,5,3544988716205.187
1545,71,68,1,1474,140,5,3546066333074.187
1545,71,68,2,1474,140,5,3695960763604.5977
1545,71,69,1,1474,140,5,3697120235584.5977
1545,71,69,2,1474,140,5,3851197855885.9844
1545,71,70,1,1474,140,5,3852444081758.985
1545,71,70,2,1474,140,5,4010762458663.348
1545,71,71,1,1474,140,5,4012100553805.3477
1545,71,71,2,1474,140,5,4174717254144.687
1545,71,72,1,1474,140,5,4176152556815.6875
1545,71,72,2,1474,140,5,4343125147422.003
1545,71,73,1,1474,140,5,4344663225146.0034
1545,71,73,2,1474,140,5,4516049272851.296
1545,71,74,1,1474,140,5,4517695928886.296
1545,71,74,2,1474,140,5,4693553000522.565
1545,71,75,1,1474,140,5,4695314280420.565
1545,71,75,2,1474,140,5,4875699942819.812
1545,71,76,1,1474,140,5,4877582141076.811
1545,71,76,2,1474,140,5,5062553961071.034
1545,71,77,1,1474,140,5,5064563627867.034
1545,71,77,2,1474,140,5,5254179172288.235
1545,71,78,1,1474,140,5,5256323120317.234
1545,71,78,2,1474,140,5,5450639955997.412
1545,71,79,1,1474,140,5,5452925267387.412
1545,71,79,2,1474,140,5,5652000961158.566
1545,71,80,1,1474,140,5,5654434994481.567
1545,71,80,2,1474,140,5,5858327113175.7
1545,71,81,1,1474,140,5,5860917510547.699
1545,71,81,2,1474,140,5,6069683620996.81
1545,71,82,1,1474,140,5,6072438315267.81
1545,71,82,2,1474,140,5,6286135984303.897
1545,71,83,1,1474,140,5,6289063206337.897
1545,71,83,2,1474,140,5,6507750000792.964
1545,71,84,1,1474,140,5,6510858286837.963
1545,71,84,2,1474,140,5,6734591773544.007
1545,71,85,1,1474,140,5,6737889972692.007
1545,71,85,2,1474,140,5,6966727718481.028
1545,71,86,1,1474,140,5,6970225000218.028
1545,71,86,2,1474,140,5,7204224571922.028
1545,71,87,1,1474,140,5,7207930433768.028
1545,71,87,2,1474,140,5,7447149398219.007
1545,71,88,1,1474,140,5,7451073673458.007
1545,71,88,2,1474,140,5,7695569597487.964
1545,71,89,1,1474,140,5,7699722462987.964
1545,71,89,2,1474,140,5,7949552913428.899
1545,71,90,1,1474,140,5,7953944897551.899
1545,71,90,2,1474,140,5,8209167441235.813
1545,71,91,1,1474,140,5,8213809431837.8125
1545,71,91,2,1474,140,5,8474481635596.706
1545,71,92,1,1474,140,5,8479384888117.706
1545,71,92,2,1474,140,5,8745564318783.578
1545,71,93,1,1474,140,5,8750740464427.578
1545,71,93,2,1474,140,5,9022484688832.43
1545,71,94,1,1474,140,5,9027945742837.43
1545,71,94,2,1474,140,5,9305312327813.26
1545,71,95,1,1474,140,5,9311070697811.258
1545,71,95,2,1474,140,5,9594117210190.068
1545,71,96,1,1474,140,5,9600185704657.068
1545,71,96,2,1474,140,5,9888969711270.857
1545,71,97,1,1474,140,5,9895361548066.857
1545,71,97,2,1474,140,5,10189940615747.625
1545,71,98,1,1474,140,5,10196669430746.625
1545,71,98,2,1474,140,5,10497101126326.371
1545,71,99,1,1474,140,5,10504180982136.373
1545,71,99,2,1474,140,5,10810522872447.1
1545,71,100,1,1474,140,5,10817968267220.1
1545,71,100,2,1474,140,5,11130277919093.809
1545,71,101,1,1474,140,5,11138103795425.807
1545,71,101,2,1474,140,5,11456438775694.494
1545,71,102,1,1474,140,5,11464660529615.494
1545,71,102,2,1474,140,5,11789078405111.162
1545,71,103,1,1474,140,5,11797711895165.162
1545,71,103,2,1474,140,5,12128270232719.809
1545,71,104,1,1474,140,5,12137331789134.809
1545,71,104,2,1474,140,5,12474088155580.436
1545,71,105,1,1474,140,5,12483594589528.436
1545,71,105,2,1474,140,5,12826606551697.043
1545,71,106,1,1474,140,5,12836575164644.045
1545,71,106,2,1474,140,5,13185900289367.633
1545,71,107,1,1474,140,5,13196348882513.63
1545,71,107,2,1474,140,5,13552044736624.2
1545,71,108,1,1474,140,5,13562991620433.201
1545,71,108,2,1474,140,5,13925115770762.75
1545,71,109,1,1474,140,5,13936579774582.75
1545,71,109,2,1474,140,5,14305189787963.281
1545,71,110,1,1474,140,5,14317190269736.28
1545,71,110,2,1474,140,5,14692343712999.791
1545,71,111,1,1474,140,5,14704900569061.791
1545,71,111,2,1474,140,5,15086655009040.283
1545,71,112,1,1474,140,5,15099788684011.283
1545,71,112,2,1474,140,5,15488201687536.756
1545,71,113,1,1474,140,5,15501933184300.754
1545,71,113,2,1474,140,5,15897062318205.209
1545,71,114,1,1474,140,5,15911413207980.209
1545,71,114,2,1474,140,5,16313316039095.645
1545,71,115,1,1474,140,5,16328308471593.645
1545,71,115,2,1474,140,5,16737042566752.06
1545,71,116,1,1474,140,5,16752699280429.06
1545,71,116,2,1474,140,5,17168322206462.457
1545,71,117,1,1474,140,5,17184666538858.459
1545,71,117,2,1474,140,5,17607235862598.836
1545,71,118,1,1474,140,5,17624291760767.836
1545,71,118,2,1474,140,5,18053865049047.2
1545,71,119,1,1474,140,5,18071657080077.2
1545,71,119,2,1474,140,5,18508291899727.543
1545,71,120,1,1474,140,5,18526845261350.54
1545,71,120,2,1474,140,5,18970599179203.867
1545,71,121,1,1474,140,5,18989939710495.863
1545,71,121,2,1474,140,5,19440870293384.168
1545,71,122,1,1474,140,5,19461024485555.17
1545,71,122,2,1474,140,5,19919189300310.46
1545,71,123,1,1474,140,5,19940184307584.46
1545,71,123,2,1474,140,5,20405640921038.73
1545,71,124,1,1474,140,5,20427504571623.727
1545,71,124,2,1474,140,5,20900310550608.98
1545,71,125,1,1474,140,5,20923071357756.98
1545,71,125,2,1474,140,5,21403284269105.215
1545,71,126,1,1474,140,5,21426971442262.215
1545,71,126,2,1474,140,5,21914648852805.434
1545,71,127,1,1474,140,5,21939292308851.43
1545,71,127,2,1474,140,5,22434491785421.63
1545,71,128,1,1474,140,5,22460122160000.633
1545,71,128,2,1474,140,5,22962901269429.812
1545,71,129,1,1474,140,5,22989549928369.812
1545,71,129,2,1474,140,5,23499966237489.977
1545,71,130,1,1474,140,5,23527665288312.977
1545,71,130,2,1474,140,5,24045776363956.12
1545,71,131,1,1474,140,5,24074558667478.125
1545,71,131,2,1474,140,5,24600422076476.254
1545,71,132,1,1474,140,5,24630321258497.254
1545,71,132,2,1474,140,5,25163994567682.367
1545,71,133,1,1474,140,5,25195045030766.363
1545,71,133,2,1474,140,5,25736585806970.457
1545,71,134,1,1474,140,5,25768822742315.46
1545,71,134,2,1474,140,5,26318288552370.54
1545,71,135,1,1474,140,5,26351747951768.54
1545,71,135,2,1474,140,5,26909196362506.598
1545,71,136,1,1474,140,5,26943915030393.598
1545,71,136,2,1474,140,5,27509403608646.64
1545,71,137,1,1474,140,5,27545419174242.645
1545,71,137,2,1474,140,5,28119005486842.67
1545,71,138,1,1474,140,5,28156356416381.67
1545,71,138,2,1474,140,5,28738098030160.68
1545,71,139,1,1474,140,5,28776823639210.68
1545,71,139,2,1474,140,5,29366778121000.676
1545,71,140,1,1474,140,5,29406918586873.676
1545,71,140,2,1474,140,5,30005143503506.652
1545,71,141,1,1474,140,5,30046739877758.652
1545,71,141,2,1474,140,5,30653292796066.613
1545,71,142,1,1474,140,5,30696387017087.613
1545,71,142,2,1474,140,5,31311325503902.56
1577,72,1,1,1505,142,5,3759677771.0414696
1577,72,1,2,1505,142,5,4549282358.5110445
1577,72,2,1,1505,142,5,4549284049.511045
1577,72,2,2,1505,142,5,5678720247.944331
1577,72,3,1,1505,142,5,5678722221.944331
1577,72,3,2,1505,142,5,7207960319.341578
1577,72,4,1,1505,142,5,7207962904.341578
1577,72,4,2,1505,142,5,9196973188.703035
1577,72,5,1,1505,142,5,9196977156.703033
1577,72,5,2,1505,142,5,11705729916.028944
1577,72,6,1,1505,142,5,11705736833.028946
1577,72,6,2,1505,142,5,14794202355.319553
1577,72,7,1,1505,142,5,14794215021.319553
1577,72,7,2,1505,142,5,18522363594.5751
1577,72,8,1,1505,142,5,18522386573.5751
1577,72,8,2,1505,142,5,22950188485.795826
1577,72,9,1,1505,142,5,22950228725.795822
1577,72,9,2,1505,142,5,28137654264.981956
1577,72,10,1,1505,142,5,28137721807.981956
1577,72,10,2,1505,142,5,34144741262.133736
1577,72,11,1,1505,142,5,34144850044.13374
1577,72,11,2,1505,142,5,41031433701.251396
1577,72,12,1,1505,142,5,41031602442.251396
1577,72,12,2,1505,142,5,48857720590.33516
1577,72,13,1,1505,142,5,48857973774.33516
1577,72,13,2,1505,142,5,57683596701.38525
1577,72,14,1,1505,142,5,57683965646.38525
1577,72,14,2,1505,142,5,67569063640.40189
1577,72,15,1,1505,142,5,67569587658.4019
1577,72,15,2,1505,142,5,78574131007.38531
1577,72,16,1,1505,142,5,78574858654.38531
1577,72,16,2,1505,142,5,90758817646.33574
1577,72,17,1,1505,142,5,90759808062.33575
1577,72,17,2,1505,142,5,104183152985.25339
1577,72,18,1,1505,142,5,104184477324.25339
1577,72,18,2,1505,142,5,118907178466.13844
1577,72,19,1,1505,142,5,118908921416.13844
1577,72,19,2,1505,142,5,134990949064.99115
1577,72,20,1,1505,142,5,134993210457.99117
1577,72,20,2,1505,142,5,152494534901.8117
1577,72,21,1,1505,142,5,152497431413.8117
1577,72,21,2,1505,142,5,171478022940.60034
1577,72,22,1,1505,142,5,171481689881.60037
1577,72,22,2,1505,142,5,192001518779.35727
1577,72,23,1,1505,142,5,192006111973.35724
1577,72,23,2,1505,142,5,214125148530.0826
1577,72,24,1,1505,142,5,214130846285.0826
1577,72,24,2,1505,142,5,237909060788.77667
1577,72,25,1,1505,142,5,237916065956.77667
1577,72,25,2,1505,142,5,263413428695.4396
1577,72,26,1,1505,142,5,263421970822.43958
1577,72,26,2,1505,142,5,290698452084.0716
1577,72,27,1,1505,142,5,290708789650.0716
1577,72,27,2,1505,142,5,319824359722.67285
1577,72,28,1,1505,142,5,319836782471.67285
1577,72,28,2,1505,142,5,350851411643.2436
1577,72,29,1,1505,142,5,350866243003.24365
1577,72,29,2,1505,142,5,383839901561.7841
1577,72,30,1,1505,142,5,383857501154.78406
1577,72,30,2,1505,142,5,418850159388.2943
1577,72,31,1,1505,142,5,418870925630.2943
1577,72,31,2,1505,142,5,455942553826.77466
1577,72,32,1,1505,142,5,455966926617.7747
1577,72,32,2,1505,142,5,495177495065.2252
1577,72,33,1,1505,142,5,495205958569.2252
1577,72,33,2,1505,142,5,536615437555.6462
1577,72,34,1,1505,142,5,536648523070.6462
1577,72,34,2,1505,142,5,580316882884.0378
1577,72,35,1,1505,142,5,580355171802.0377
1577,72,35,2,1505,142,5,626342382730.4001
1577,72,36,1,1505,142,5,626386509587.4001
1577,72,36,2,1505,142,5,674752541918.7335
1577,72,37,1,1505,142,5,674803197534.7335
1577,72,37,2,1505,142,5,725608021557.038
1577,72,38,1,1505,142,5,725665956266.038
1577,72,38,2,1505,142,5,778969542267.3137
1577,72,39,1,1505,142,5,779035569237.3137
1577,72,39,2,1505,142,5,834897887505.5612
1577,72,40,1,1505,142,5,834972886148.5612
1577,72,40,2,1505,142,5,893453906971.7802
1577,72,41,1,1505,142,5,893538826443.7802
1577,72,41,2,1505,142,5,954698520109.971
1577,72,42,1,1505,142,5,954794382900.971
1577,72,42,2,1505,142,5,1018692719698.1338
1577,72,43,1,1505,142,5,1018800625312.1339
1577,72,43,2,1505,142,5,1085497575528.2689
1577,72,44,1,1505,142,5,1085618704253.2689
1577,72,44,2,1505,142,5,1155174238176.3765
1577,72,45,1,1505,142,5,1155309854944.3762
1577,72,45,2,1505,142,5,1227783942862.4563
1577,72,46,1,1505,142,5,1227935401199.4563
1577,72,46,2,1505,142,5,1303388013400.5088
1577,72,47,1,1505,142,5,1303556759466.509
1577,72,47,2,1505,142,5,1382047866238.5344
1577,72,48,1,1505,142,5,1382235442957.5344
1577,72,48,2,1505,142,5,1463825014588.533
1577,72,49,1,1505,142,5,1464033065868.533
1577,72,49,2,1505,142,5,1548781072646.5046
1577,72,50,1,1505,142,5,1549011347689.5046
1577,72,50,2,1505,142,5,1636977759902.4497
1577,72,51,1,1505,142,5,1637232117604.4497
1577,72,51,2,1505,142,5,1728476905540.3682
1577,72,52,1,1505,142,5,1728757318981.368
1577,72,52,2,1505,142,5,1823340452928.2603
1577,72,53,1,1505,142,5,1823649013952.2605
1577,72,53,2,1505,142,5,1921630464198.1265
1577,72,54,1,1505,142,5,1921969388083.1265
1577,72,54,2,1505,142,5,2023409124915.9663
1577,72,55,1,1505,142,5,2023780755133.966
1577,72,55,2,1505,142,5,2128738748841.7803
1577,72,56,1,1505,142,5,2129145561908.7805
1577,72,56,2,1505,142,5,2237681782779.5684
1577,72,57,1,1505,142,5,2238126393195.569
1577,72,57,2,1505,142,5,2350300811517.3315
1577,72,58,1,1505,142,5,2350785976796.3315
1577,72,58,2,1505,142,5,2466658562857.069
1577,72,59,1,1505,142,5,2467187188647.0684
1577,72,59,2,1505,142,5,2586817912734.781
1577,72,60,1,1505,142,5,2587393058027.781
1577,72,60,2,1505,142,5,2710841890430.468
1577,72,61,1,1505,142,5,2711466772862.468
1577,72,61,2,1505,142,5,2838793683868.1294
1577,72,62,1,1505,142,5,2839471685109.1294
1577,72,62,2,1505,142,5,2970736645005.766
1577,72,63,1,1505,142,5,2971471316239.7666
1577,72,63,2,1505,142,5,3106734295315.379
1577,72,64,1,1505,142,5,3107529362810.379
1577,72,64,2,1505,142,5,3246850331352.967
1577,72,65,1,1505,142,5,3247709702120.9663
1577,72,65,2,1505,142,5,3391148630418.53
1577,72,66,1,1505,142,5,3392076397965.53
1577,72,66,2,1505,142,5,3539693256306.069
1577,72,67,1,1505,142,5,3540693706472.069
1577,72,67,2,1505,142,5,3692548465143.584
1577,72,68,1,1505,142,5,3693626082032.5835
1577,72,68,2,1505,142,5,3849778711323.0747
1577,72,69,1,1505,142,5,3850938183323.0747
1577,72,69,2,1505,142,5,4011448653520.5415
1577,72,70,1,1505,142,5,4012694879413.5415
1577,72,70,2,1505,142,5,4177623160805.985
1577,72,71,1,1505,142,5,4178961255967.985
1577,72,71,2,1505,142,5,4348367318843.404
1577,72,72,1,1505,142,5,4349802621534.4043
1577,72,72,2,1505,142,5,4523746436180.801
1577,72,73,1,1505,142,5,4525284513924.8
1577,72,73,2,1505,142,5,4703826050630.173
1577,72,74,1,1505,142,5,4705472706685.174
1577,72,74,2,1505,142,5,4888671935737.522
1577,72,75,1,1505,142,5,4890433215655.522
1577,72,75,2,1505,142,5,5078350107342.85
1577,72,76,1,1505,142,5,5080232305619.849
1577,72,76,2,1505,142,5,5272926830230.152
1577,72,77,1,1505,142,5,5274936497046.153
1577,72,77,2,1505,142,5,5472468624867.434
1577,72,78,1,1505,142,5,5474612572916.434
1577,72,78,2,1505,142,5,5677042274236.691
1577,72,79,1,1505,142,5,5679327585646.69
1577,72,79,2,1505,142,5,5886714830753.926
1577,72,80,1,1505,142,5,5889148864096.927
1577,72,80,2,1505,142,5,6101553623279.14
1577,72,81,1,1505,142,5,6104144020671.139
1577,72,81,2,1505,142,5,6321626264216.33
1577,72,82,1,1505,142,5,6324380958507.329
1577,72,82,2,1505,142,5,6547000656703.497
1577,72,83,1,1505,142,5,6549927878757.498
1577,72,83,2,1505,142,5,6777745001892.645
1577,72,84,1,1505,142,5,6780853287957.645
1577,72,84,2,1505,142,5,7013927806319.768
1577,72,85,1,1505,142,5,7017226005487.768
1577,72,85,2,1505,142,5,7255617889364.87
1577,72,86,1,1505,142,5,7259115171121.871
1577,72,86,2,1505,142,5,7502884390801.951
1577,72,87,1,1505,142,5,7506590252667.951
1577,72,87,2,1505,142,5,7755796778439.01
1577,72,88,1,1505,142,5,7759721053698.01
1577,72,88,2,1505,142,5,8014424855848.047
1577,72,89,1,1505,142,5,8018577721368.048
1577,72,89,2,1505,142,5,8278838770185.063
1577,72,90,1,1505,142,5,8283230754328.063
1577,72,90,2,1505,142,5,8549109020100.059
1577,72,91,1,1505,142,5,8553751010722.058
1577,72,91,2,1505,142,5,8825306463737.033
1577,72,92,1,1505,142,5,8830209716278.031
1577,72,92,2,1505,142,5,9107502326823.982
1577,72,93,1,1505,142,5,9112678472487.984
1577,72,93,2,1505,142,5,9395768210852.916
1577,72,94,1,1505,142,5,9401229264877.916
1577,72,94,2,1505,142,5,9690176101349.826
1577,72,95,1,1505,142,5,9695934471367.826
1577,72,95,2,1505,142,5,9990798376234.715
1577,72,96,1,1505,142,5,9996866870721.717
1577,72,96,2,1505,142,5,10297707814271.586
1577,72,97,1,1505,142,5,10304099651087.586
1577,72,97,2,1505,142,5,10610977603608.436
1577,72,98,1,1505,142,5,10617706418627.434
1577,72,98,2,1505,142,5,10930681350407.262
1577,72,99,1,1505,142,5,10937761206237.262
1577,72,99,2,1505,142,5,11256893087564.07
1577,72,100,1,1505,142,5,11264338482357.072
1577,72,100,2,1505,142,5,11589687283518.86
1577,72,101,1,1505,142,5,11597513159870.857
1577,72,101,2,1505,142,5,11929138851155.625
1577,72,102,1,1505,142,5,11937360605096.625
1577,72,102,2,1505,142,5,12275323156792.373
1577,72,103,1,1505,142,5,12283956646866.375
1577,72,103,2,1505,142,5,12628316029261.102
1577,72,104,1,1505,142,5,12637377585696.102
1577,72,104,2,1505,142,5,12988193769077.809
1577,72,105,1,1505,142,5,12997700203045.81
1577,72,105,2,1505,142,5,13355033157702.498
1577,72,106,1,1505,142,5,13365001770669.498
1577,72,106,2,1505,142,5,13728911466889.168
1577,72,107,1,1505,142,5,13739360060055.166
1577,72,107,2,1505,142,5,14109906468125.814
1577,72,108,1,1505,142,5,14120853351954.816
1577,72,108,2,1505,142,5,14498096442164.445
1577,72,109,1,1505,142,5,14509560446004.447
1577,72,109,2,1505,142,5,14893560188641.057
1577,72,110,1,1505,142,5,14905560670434.057
1577,72,110,2,1505,142,5,15296377035785.646
1577,72,111,1,1505,142,5,15308933891867.648
1577,72,111,2,1505,142,5,15706626850222.22
1577,72,112,1,1505,142,5,15719760525213.22
1577,72,112,2,1505,142,5,16124390046858.775
1577,72,113,1,1505,142,5,16138121543642.773
1577,72,113,2,1505,142,5,16549747598867.307
1577,72,114,1,1505,142,5,16564098488662.309
1577,72,114,2,1505,142,5,16982781047753.824
1577,72,115,1,1505,142,5,16997773480271.824
1577,72,115,2,1505,142,5,17423572513518.322
1577,72,116,1,1505,142,5,17439229227215.32
1577,72,116,2,1505,142,5,17872204704904.8
1577,72,117,1,1505,142,5,17888549037320.8
1577,72,117,2,1505,142,5,18328760929741.258
1577,72,118,1,1505,142,5,18345816827930.258
1577,72,118,2,1505,142,5,18793325105369.7
1577,72,119,1,1505,142,5,18811117136419.703
1577,72,119,2,1505,142,5,19265981769166.125
1577,72,120,1,1505,142,5,19284535130809.125
1577,72,120,2,1505,142,5,19746816089150.527
1577,72,121,1,1505,142,5,19766156620462.527
1577,72,121,2,1505,142,5,20235913874686.914
1577,72,122,1,1505,142,5,20256068066877.914
1577,72,122,2,1505,142,5,20733361587273.285
1577,72,123,1,1505,142,5,20754356594567.28
1577,72,123,2,1505,142,5,21239246351421.633
1577,72,124,1,1505,142,5,21261110002026.633
1577,72,124,2,1505,142,5,21753655965627.965
1577,72,125,1,1505,142,5,21776416772795.965
1577,72,125,2,1505,142,5,22276678913432.28
1577,72,126,1,1505,142,5,22300366086609.28
1577,72,126,2,1505,142,5,22808404374568.58
1577,72,127,1,1505,142,5,22833047830634.574
1577,72,127,2,1505,142,5,23348922236204.855
1577,72,128,1,1505,142,5,23374552610803.86
1577,72,128,2,1505,142,5,23898323104273.12
1577,72,129,1,1505,142,5,23924971763233.117
1577,72,129,2,1505,142,5,24456698314889.363
1577,72,130,1,1505,142,5,24484397365732.363
1577,72,130,2,1505,142,5,25024139945863.59
1577,72,131,1,1505,142,5,25052922249405.59
1577,72,131,2,1505,142,5,25600740828299.8
1577,72,132,1,1505,142,5,25630640010340.797
1577,72,132,2,1505,142,5,26186594558285.992
1577,72,133,1,1505,142,5,26217645021389.99
1577,72,133,2,1505,142,5,26781795508674.164
1577,72,134,1,1505,142,5,26814032444039.168
1577,72,134,2,1505,142,5,27386438840950.324
1577,72,135,1,1505,142,5,27419898240368.324
1577,72,135,2,1505,142,5,28000620517194.465
1577,72,136,1,1505,142,5,28035339185101.465
1577,72,136,2,1505,142,5,28624437312130.59
1577,72,137,1,1505,142,5,28660452877746.59
1577,72,137,2,1505,142,5,29257986825266.7
1577,72,138,1,1505,142,5,29295337754825.7
1577,72,138,2,1505,142,5,29901367493124.79
1577,72,139,1,1505,142,5,29940093102194.785
1577,72,139,2,1505,142,5,30554678601560.863
1577,72,140,1,1505,142,5,30594819067453.863
1577,72,140,2,1505,142,5,31218020298174.92
1577,72,141,1,1505,142,5,31259616672446.92
1577,72,141,2,1505,142,5,31891493604810.96
1577,72,142,1,1505,142,5,31934587825851.96
1577,72,142,2,1505,142,5,32575200430146.984
1577,72,143,1,1505,142,5,32619835335860.99
1577,72,143,2,1505,142,5,33269243582374.996
1577,72,144,1,1505,142,5,33315462922949.992
1577,72,144,2,1505,142,5,33973726781970.984
1578,73,1,1,1505,144,5,3804487296.7030344
1578,73,1,2,1505,144,5,4595091239.028945
1578,73,2,1,1505,144,5,4595092950.028945
1578,73,2,2,1505,144,5,5725958603.319554
1578,73,3,1,1505,144,5,5725960597.319553
1578,73,3,2,1505,144,5,7257134149.5751
1578,73,4,1,1505,144,5,7257136754.575099
1578,73,4,2,1505,144,5,9248664393.795824
1578,73,5,1,1505,144,5,9248668381.795822
1578,73,5,2,1505,144,5,11760596295.981956
1578,73,6,1,1505,144,5,11760603232.981956
1578,73,6,2,1505,144,5,14852977610.133738
1578,73,7,1,1505,144,5,14852990296.133738
1578,73,7,2,1505,144,5,18585857324.251392
1578,73,8,1,1505,144,5,18585880323.251396
1578,73,8,2,1505,144,5,23019286190.335155
1578,73,9,1,1505,144,5,23019326450.335155
1578,73,9,2,1505,144,5,28213317344.385246
1578,73,10,1,1505,144,5,28213384907.385246
1578,73,10,2,1505,144,5,34228007016.401897
1578,73,11,1,1505,144,5,34228115818.401897
1578,73,11,2,1505,144,5,41123415330.38532
1578,73,12,1,1505,144,5,41123584091.38532
1578,73,12,2,1505,144,5,48959607194.33575
1578,73,13,1,1505,144,5,48959860398.33575
1578,73,13,2,1505,144,5,57796653280.25338
1578,73,14,1,1505,144,5,57797022245.25338
1578,73,14,2,1505,144,5,67694631094.13844
1578,73,15,1,1505,144,5,67695155132.13844
1578,73,15,2,1505,144,5,78713626135.99115
1578,73,16,1,1505,144,5,78714353802.99115
1578,73,16,2,1505,144,5,90913733149.81172
1578,73,17,1,1505,144,5,90914723585.81172
1578,73,17,2,1505,144,5,104355057463.60036
1578,73,18,1,1505,144,5,104356381822.60034
1578,73,18,2,1505,144,5,119097716419.35724
1578,73,19,1,1505,144,5,119099459389.35724
1578,73,19,2,1505,144,5,135201840893.08261
1578,73,20,1,1505,144,5,135204102306.08263
1578,73,20,2,1505,144,5,152727576904.77664
1578,73,21,1,1505,144,5,152730473436.77667
1578,73,21,2,1505,144,5,171735087318.43958
1578,73,22,1,1505,144,5,171738754279.4396
1578,73,22,2,1505,144,5,192284553632.07162
1578,73,23,1,1505,144,5,192289146846.0716
1578,73,23,2,1505,144,5,214436177857.67288
1578,73,24,1,1505,144,5,214441875632.67288
1578,73,24,2,1505,144,5,238250184491.24365
1578,73,25,1,1505,144,5,238257189679.24365
1578,73,25,2,1505,144,5,263786822572.7841
1578,73,26,1,1505,144,5,263795364719.78406
1578,73,26,2,1505,144,5,291106367836.2944
1578,73,27,1,1505,144,5,291116705422.2943
1578,73,27,2,1505,144,5,320269124949.77466
1578,73,28,1,1505,144,5,320281547718.77466
1578,73,28,2,1505,144,5,351335429845.22516
1578,73,29,1,1505,144,5,351350261225.2252
1578,73,29,2,1505,144,5,384365652138.6462
1578,73,30,1,1505,144,5,384383251751.6462
1578,73,30,2,1505,144,5,419420197640.0378
1578,73,31,1,1505,144,5,419440963902.0378
1578,73,31,2,1505,144,5,456559510953.40015
1578,73,32,1,1505,144,5,456583883764.4002
1578,73,32,2,1505,144,5,495844078166.7335
1578,73,33,1,1505,144,5,495872541690.7335
1578,73,33,2,1505,144,5,537334429632.03796
1578,73,34,1,1505,144,5,537367515167.03796
1578,73,34,2,1505,144,5,581091142835.3138
1578,73,35,1,1505,144,5,581129431773.3137
1578,73,35,2,1505,144,5,627174845356.5612
1578,73,36,1,1505,144,5,627218972233.5612
1578,73,36,2,1505,144,5,675646217919.7802
1578,73,37,1,1505,144,5,675696873555.7802
1578,73,37,2,1505,144,5,726565997532.9711
1578,73,38,1,1505,144,5,726623932261.971
1578,73,38,2,1505,144,5,779994980718.1338
1578,73,39,1,1505,144,5,780061007708.1338
1578,73,39,2,1505,144,5,835994026831.2689
1578,73,40,1,1505,144,5,836069025494.2689
1578,73,40,2,1505,144,5,894624061472.3763
1578,73,41,1,1505,144,5,894708980964.3763
1578,73,41,2,1505,144,5,955946079985.4562
1578,73,42,1,1505,144,5,956041942796.4563
1578,73,42,2,1505,144,5,1020021151048.5089
1578,73,43,1,1505,144,5,1020129056682.5089
1578,73,43,2,1505,144,5,1086910420353.5344
1578,73,44,1,1505,144,5,1087031549098.5343
1578,73,44,2,1505,144,5,1156675114376.533
1578,73,45,1,1505,144,5,1156810731164.533
1578,73,45,2,1505,144,5,1229376544237.5046
1578,73,46,1,1505,144,5,1229528002594.5046
1578,73,46,2,1505,144,5,1305076109650.4495
1578,73,47,1,1505,144,5,1305244855736.4497
1578,73,47,2,1505,144,5,1383835302963.3682
1578,73,48,1,1505,144,5,1384022879702.3682
1578,73,48,2,1505,144,5,1465715713288.2603
1578,73,49,1,1505,144,5,1465923764588.2603
1578,73,49,2,1505,144,5,1550779030721.1262
1578,73,50,1,1505,144,5,1551009305784.1265
1578,73,50,2,1505,144,5,1639087050651.9663
1578,73,51,1,1505,144,5,1639341408373.9663
1578,73,51,2,1505,144,5,1730701678164.7803
1578,73,52,1,1505,144,5,1730982091625.7803
1578,73,52,2,1505,144,5,1825684932527.5686
1578,73,53,1,1505,144,5,1825993493571.5686
1578,73,53,2,1505,144,5,1924098951772.3315
1578,73,54,1,1505,144,5,1924437875677.3315
1578,73,54,2,1505,144,5,2026005997365.0688
1578,73,55,1,1505,144,5,2026377627603.0686
1578,73,55,2,1505,144,5,2131468458965.7805
1578,73,56,1,1505,144,5,2131875272052.7808
1578,73,56,2,1505,144,5,2240548859278.4673
1578,73,57,1,1505,144,5,2240993469714.468
1578,73,57,2,1505,144,5,2353309858991.1294
1578,73,58,1,1505,144,5,2353795024290.1294
1578,73,58,2,1505,144,5,2469814261805.7666
1578,73,59,1,1505,144,5,2470342887615.766
1578,73,59,2,1505,144,5,2590125019558.3784
1578,73,60,1,1505,144,5,2590700164871.379
1578,73,60,2,1505,144,5,2714305237428.967
1578,73,61,1,1505,144,5,2714930119880.967
1578,73,61,2,1505,144,5,2842418179241.53
1578,73,62,1,1505,144,5,2843096180502.53
1578,73,62,2,1505,144,5,2974527272854.069
1578,73,63,1,1505,144,5,2975261944108.069
1578,73,63,2,1505,144,5,3110696115638.584
1578,73,64,1,1505,144,5,3111491183153.584
1578,73,64,2,1505,144,5,3250988480051.0747
1578,73,65,1,1505,144,5,3251847850839.074
1578,73,65,2,1505,144,5,3395468319291.5415
1578,73,66,1,1505,144,5,3396396086858.5415
1578,73,66,2,1505,144,5,3544199773053.9844
1578,73,67,1,1505,144,5,3545200223239.985
1578,73,67,2,1505,144,5,3697247173366.4043
1578,73,68,1,1505,144,5,3698324790275.404
1578,73,68,2,1505,144,5,3854675050520.8003
1578,73,69,1,1505,144,5,3855834522540.8003
1578,73,69,2,1505,144,5,4016548139093.173
1578,73,70,1,1505,144,5,4017794365006.1733
1578,73,70,2,1505,144,5,4182931384053.523
1578,73,71,1,1505,144,5,4184269479235.5225
1578,73,71,2,1505,144,5,4353889946965.849
1578,73,72,1,1505,144,5,4355325249676.849
1578,73,72,2,1505,144,5,4529489212278.152
1578,73,73,1,1505,144,5,4531027290042.152
1578,73,73,2,1505,144,5,4709794793702.433
1578,73,74,1,1505,144,5,4711441449777.434
1578,73,74,2,1505,144,5,4894872540684.691
1578,73,75,1,1505,144,5,4896633820622.691
1578,73,75,2,1505,144,5,5084788544964.926
1578,73,76,1,1505,144,5,5086670743261.926
1578,73,76,2,1505,144,5,5279609147227.139
1578,73,77,1,1505,144,5,5281618814063.14
1578,73,77,2,1505,144,5,5479400943839.33
1578,73,78,1,1505,144,5,5481544891908.33
1578,73,78,2,1505,144,5,5684230793683.498
1578,73,79,1,1505,144,5,5686516105113.497
1578,73,79,2,1505,144,5,5894165825075.644
1578,73,80,1,1505,144,5,5896599858438.645
1578,73,80,2,1505,144,5,6109273442775.769
1578,73,81,1,1505,144,5,6111863840187.769
1578,73,81,2,1505,144,5,6329621335087.87
1578,73,82,1,1505,144,5,6332376029398.87
1578,73,82,2,1505,144,5,6555277481049.95
1578,73,83,1,1505,144,5,6558204703123.951
1578,73,83,2,1505,144,5,6786310157714.011
1578,73,84,1,1505,144,5,6789418443799.01
1578,73,84,2,1505,144,5,7022787947516.047
1578,73,85,1,1505,144,5,7026086146704.047
1578,73,85,2,1505,144,5,7264779745736.063
1578,73,86,1,1505,144,5,7268277027513.063
1578,73,86,2,1505,144,5,7512354768048.059
1578,73,87,1,1505,144,5,7516060629934.058
1578,73,87,2,1505,144,5,7765582558160.031
1578,73,88,1,1505,144,5,7769506833439.031
1578,73,88,2,1505,144,5,8024532995543.983
1578,73,89,1,1505,144,5,8028685861083.984
1578,73,89,2,1505,144,5,8289276303255.916
1578,73,90,1,1505,144,5,8293668287418.916
1578,73,90,2,1505,144,5,8559883055845.826
1578,73,91,1,1505,144,5,8564525046487.826
1578,73,91,2,1505,144,5,8836424187357.717
1578,73,92,1,1505,144,5,8841327439918.715
1578,73,92,2,1505,144,5,9118970999419.584
1578,73,93,1,1505,144,5,9124147145103.586
1578,73,93,2,1505,144,5,9407595169423.434
1578,73,94,1,1505,144,5,9413056223468.436
1578,73,94,2,1505,144,5,9702368758795.264
1578,73,95,1,1505,144,5,9708127128833.262
1578,73,95,2,1505,144,5,10003364221355.07
1578,73,96,1,1505,144,5,10009432715862.07
1578,73,96,2,1505,144,5,10310654411766.86
1578,73,97,1,1505,144,5,10317046248602.86
1578,73,97,2,1505,144,5,10624312594078.627
1578,73,98,1,1505,144,5,10631041409117.625
1578,73,98,2,1505,144,5,10944412450352.373
1578,73,99,1,1505,144,5,10951492306202.373
1578,73,99,2,1505,144,5,11271028089384.102
1578,73,100,1,1505,144,5,11278473484197.102
1578,73,100,2,1505,144,5,11604234055513.81
1578,73,101,1,1505,144,5,11612059931885.809
1578,73,101,2,1505,144,5,11944105337525.498
1578,73,102,1,1505,144,5,11952327091486.498
1578,73,102,2,1505,144,5,12290717377637.168
1578,73,103,1,1505,144,5,12299350867731.168
1578,73,103,2,1505,144,5,12644146080580.816
1578,73,104,1,1505,144,5,12653207637035.814
1578,73,104,2,1505,144,5,13004467822772.445
1578,73,105,1,1505,144,5,13013974256760.445
1578,73,105,2,1505,144,5,13371759461572.057
1578,73,106,1,1505,144,5,13381728074559.057
1578,73,106,2,1505,144,5,13746098344633.648
1578,73,107,1,1505,144,5,13756546937819.646
1578,73,107,2,1505,144,5,14127562319345.22
1578,73,108,1,1505,144,5,14138509203194.22
1578,73,108,2,1505,144,5,14516229742358.773
1578,73,109,1,1505,144,5,14527693746218.775
1578,73,109,2,1505,144,5,14912179489210.309
1578,73,110,1,1505,144,5,14924179971023.307
1578,73,110,2,1505,144,5,15315490964029.822
1578,73,111,1,1505,144,5,15328047820131.824
1578,73,111,2,1505,144,5,15726244109341.32
1578,73,112,1,1505,144,5,15739377784352.322
1578,73,112,2,1505,144,5,16144519415952.799
1578,73,113,1,1505,144,5,16158250912756.799
1578,73,113,2,1505,144,5,16570397932936.258
1578,73,114,1,1505,144,5,16584748822751.258
1578,73,114,2,1505,144,5,17003961277697.7
1578,73,115,1,1505,144,5,17018953710235.701
1578,73,115,2,1505,144,5,17445291646137.123
1578,73,116,1,1505,144,5,17460948359854.123
1578,73,116,2,1505,144,5,17894471822898.527
1578,73,117,1,1505,144,5,17910816155334.527
1578,73,117,2,1505,144,5,18351585191709.914
1578,73,118,1,1505,144,5,18368641089918.914
1578,73,118,2,1505,144,5,18816715745813.28
1578,73,119,1,1505,144,5,18834507776883.285
1578,73,119,2,1505,144,5,19289948098484.633
1578,73,120,1,1505,144,5,19308501460147.633
1578,73,120,2,1505,144,5,19771367493643.965
1578,73,121,1,1505,144,5,19790708024975.965
1578,73,121,2,1505,144,5,20261059816555.277
1578,73,122,1,1505,144,5,20281214008766.28
1578,73,122,2,1505,144,5,20759111604616.58
1578,73,123,1,1505,144,5,20780106611930.58
1578,73,123,2,1505,144,5,21265610058239.855
1578,73,124,1,1505,144,5,21287473708864.855
1578,73,124,2,1505,144,5,21780643051821.117
1578,73,125,1,1505,144,5,21803403859009.12
1578,73,125,2,1505,144,5,22304299144800.363
1578,73,126,1,1505,144,5,22327986317997.363
1578,73,126,2,1505,144,5,22836667592811.59
1578,73,127,1,1505,144,5,22861311048897.59
1578,73,127,2,1505,144,5,23377838358922.797
1578,73,128,1,1505,144,5,23403468733541.8
1578,73,128,2,1505,144,5,23927902124965.992
1578,73,129,1,1505,144,5,23954550783945.992
1578,73,129,2,1505,144,5,24486950302957.168
1578,73,130,1,1505,144,5,24514649353820.164
1578,73,130,2,1505,144,5,25055075046606.324
1578,73,131,1,1505,144,5,25083857350168.324
1578,73,131,2,1505,144,5,25632369262917.47
1578,73,132,1,1505,144,5,25662268444978.465
1578,73,132,2,1505,144,5,26218926623878.59
1578,73,133,1,1505,144,5,26249977087002.59
1578,73,133,2,1505,144,5,26814841578241.695
1578,73,134,1,1505,144,5,26847078513626.7
1578,73,134,2,1505,144,5,27420209363392.79
1578,73,135,1,1505,144,5,27453668762830.79
1578,73,135,2,1505,144,5,28035126017311.863
1578,73,136,1,1505,144,5,28069844685238.863
1578,73,136,2,1505,144,5,28659688390622.918
1578,73,137,1,1505,144,5,28695703956258.92
1578,73,137,2,1505,144,5,29293994158733.96
1578,73,138,1,1505,144,5,29331345088312.96
1578,73,138,2,1505,144,5,29938141834066.984
1578,73,139,1,1505,144,5,29976867443156.984
1578,73,139,2,1505,144,5,30592230778377.992
1578,73,140,1,1505,144,5,30632371244290.996
1578,73,140,2,1505,144,5,31256361215166.99
1578,73,141,1,1505,144,5,31297957589458.984
1578,73,141,2,1505,144,5,31930634242177.96
1578,73,142,1,1505,144,5,31973728463238.96
1578,73,142,2,1505,144,5,32615151843988.918
1578,73,143,1,1505,144,5,32659786749722.92
1578,73,143,2,1505,144,5,33310016904691.863
1578,73,144,1,1505,144,5,33356236245286.863
1578,73,144,2,1505,144,5,34015333220662.793
1578,73,145,1,1505,144,5,34063181671450.79
1578,73,145,2,1505,144,5,34731205513421.703
1578,73,146,1,1505,144,5,34780728687828.703
1578,73,146,2,1505,144,5,35457739442582.59
1653,74,1,1,1579,146,5,4217685413.4681754
1653,74,1,2,1579,146,5,5085041589.155156
1653,74,2,1,1579,146,5,5085043320.155157
1653,74,2,2,1579,146,5,6325693906.806094
1653,74,3,1,1579,146,5,6325695920.806094
1653,74,3,2,1579,146,5,8005516406.42123
1653,74,4,1,1579,146,5,8005519031.421229
1653,74,4,2,1579,146,5,10190384904.000805
1653,74,5,1,1579,146,5,10190388912.000805
1653,74,5,2,1579,146,5,12946175659.545053
1653,74,6,1,1579,146,5,12946182616.545055
1653,74,6,2,1579,146,5,16338765727.054216
1653,74,7,1,1579,146,5,16338778433.054216
1653,74,7,2,1579,146,5,20434033394.52852
1653,74,8,1,1579,146,5,20434056413.528522
1653,74,8,2,1579,146,5,25297858713.9682
1653,74,9,1,1579,146,5,25297898993.9682
1653,74,9,2,1579,146,5,30996124121.37348
1653,74,10,1,1579,146,5,30996191704.373478
1653,74,10,2,1579,146,5,37594715146.74459
1653,74,11,1,1579,146,5,37594823968.74459
1653,74,11,2,1579,146,5,45159521214.08175
1653,74,12,1,1579,146,5,45159689995.08176
1653,74,12,2,1579,146,5,53756436531.385185
1653,74,13,1,1579,146,5,53756689755.385185
1653,74,13,2,1579,146,5,63451361070.65511
1653,74,14,1,1579,146,5,63451730055.65511
1653,74,14,2,1579,146,5,74310201637.89175
1653,74,15,1,1579,146,5,74310725695.89175
1653,74,15,2,1579,146,5,86398873033.0953
1653,74,16,1,1579,146,5,86399600720.0953
1653,74,16,2,1579,146,5,99783299300.266
1653,74,17,1,1579,146,5,99784289756.26602
1653,74,17,2,1579,146,5,114529415067.40407
1653,74,18,1,1579,146,5,114530739446.40407
1653,74,18,2,1579,146,5,130703166976.50967
1653,74,19,1,1579,146,5,130704909966.50967
1653,74,19,2,1579,146,5,148370515203.58307
1653,74,20,1,1579,146,5,148372776636.58304
1653,74,20,2,1579,146,5,167597435068.6244
1653,74,21,1,1579,146,5,167600331620.6244
1653,74,21,2,1579,146,5,188449918735.6339
1653,74,22,1,1579,146,5,188453585716.6339
1653,74,22,2,1579,146,5,210993977002.61182
1653,74,23,1,1579,146,5,210998570236.6118
1653,74,23,2,1579,146,5,235295641181.55826
1653,74,24,1,1579,146,5,235301338976.55826
1653,74,24,2,1579,146,5,261420965068.4735
1653,74,25,1,1579,146,5,261427970276.4735
1653,74,25,2,1579,146,5,289436027003.35767
1653,74,26,1,1579,146,5,289444569170.3577
1653,74,26,2,1579,146,5,319406932020.2111
1653,74,27,1,1579,146,5,319417269626.21106
1653,74,27,2,1579,146,5,351399814087.0338
1653,74,28,1,1579,146,5,351412236876.03375
1653,74,28,2,1579,146,5,385480838435.826
1653,74,29,1,1579,146,5,385495669835.82605
1653,74,29,2,1579,146,5,421716203982.5881
1653,74,30,1,1579,146,5,421733803615.588
1653,74,30,2,1579,146,5,460172145837.31995
1653,74,31,1,1579,146,5,460192912119.3199
1653,74,31,2,1579,146,5,500914937904.0219
1653,74,32,1,1579,146,5,500939310735.0219
1653,74,32,2,1579,146,5,544010895570.6943
1653,74,33,1,1579,146,5,544039359114.6942
1653,74,33,2,1579,146,5,589526378489.3369
1653,74,34,1,1579,146,5,589559464044.337
1653,74,34,2,1579,146,5,637527793445.9504
1653,74,35,1,1579,146,5,637566082403.9503
1653,74,35,2,1579,146,5,688081597320.5345
1653,74,36,1,1579,146,5,688125724217.5347
1653,74,36,2,1579,146,5,741254300137.0898
1653,74,37,1,1579,146,5,741304955793.0898
1653,74,37,2,1579,146,5,797112468203.6163
1653,74,38,1,1579,146,5,797170402952.6162
1653,74,38,2,1579,146,5,855722727342.1139
1653,74,39,1,1579,146,5,855788754352.114
1653,74,39,2,1579,146,5,917151766208.5833
1653,74,40,1,1579,146,5,917226764891.5834
1653,74,40,2,1579,146,5,981466339703.0243
1653,74,41,1,1579,146,5,981551259215.0242
1653,74,41,2,1579,146,5,1048733272469.437
1653,74,42,1,1579,146,5,1048829135300.437
1653,74,42,2,1579,146,5,1119019462485.8218
1653,74,43,1,1579,146,5,1119127368139.8218
1653,74,43,2,1579,146,5,1192391884744.179
1653,74,44,1,1579,146,5,1192513013509.179
1653,74,44,2,1579,146,5,1268917595020.5085
1653,74,45,1,1579,146,5,1269053211828.5083
1653,74,45,2,1579,146,5,1348663733734.8103
1653,74,46,1,1579,146,5,1348815192111.8103
1653,74,46,2,1579,146,5,1431697529901.0847
1653,74,47,1,1579,146,5,1431866276007.085
1653,74,47,2,1579,146,5,1518086305167.3323
1653,74,48,1,1579,146,5,1518273881926.3323
1653,74,48,2,1579,146,5,1607897477945.5527
1653,74,49,1,1579,146,5,1608105529265.5527
1653,74,49,2,1579,146,5,1701198567631.7463
1653,74,50,1,1579,146,5,1701428842714.7463
1653,74,50,2,1579,146,5,1798057198915.9133
1653,74,51,1,1579,146,5,1798311556657.9133
1653,74,51,2,1579,146,5,1898541106182.0537
1653,74,52,1,1579,146,5,1898821519663.0535
1653,74,52,2,1579,146,5,2002718137998.1677
1653,74,53,1,1579,146,5,2003026699062.1677
1653,74,53,2,1579,146,5,2110656261696.2556
1653,74,54,1,1579,146,5,2110995185621.2554
1653,74,54,2,1579,146,5,2222423568042.3174
1653,74,55,1,1579,146,5,2222795198300.3174
1653,74,55,2,1579,146,5,2338088275996.353
1653,74,56,1,1579,146,5,2338495089103.3525
1653,74,56,2,1579,146,5,2457718737562.363
1653,74,57,1,1579,146,5,2458163348018.363
1653,74,57,2,1579,146,5,2581383442728.347
1653,74,58,1,1579,146,5,2581868608047.347
1653,74,58,2,1579,146,5,2709151024496.306
1653,74,59,1,1579,146,5,2709679650326.306
1653,74,59,2,1579,146,5,2841090264002.2397
1653,74,60,1,1579,146,5,2841665409335.2397
1653,74,60,2,1579,146,5,2977270095726.148
1653,74,61,1,1579,146,5,2977894978198.148
1653,74,61,2,1579,146,5,3117759612792.0317
1653,74,62,1,1579,146,5,3118437614073.0312
1653,74,62,2,1579,146,5,3262628072357.889
1653,74,63,1,1579,146,5,3263362743631.8896
1653,74,63,2,1579,146,5,3411944901095.723
1653,74,64,1,1579,146,5,3412739968630.723
1653,74,64,2,1579,146,5,3565779700761.532
1653,74,65,1,1579,146,5,3566639071569.5317
1653,74,65,2,1579,146,5,3724202253855.3164
1653,74,66,1,1579,146,5,3725130021442.3164
1653,74,66,2,1579,146,5,3887282529371.0767
1653,74,67,1,1579,146,5,3888282979577.0767
1653,74,67,2,1579,146,5,4055090688636.8125
1653,74,68,1,1579,146,5,4056168305565.812
1653,74,68,2,1579,146,5,4227697091244.524
1653,74,69,1,1579,146,5,4228856563284.5244
1653,74,69,2,1579,146,5,4405172301070.212
1653,74,70,1,1579,146,5,4406418527003.212
1653,74,70,2,1579,146,5,4587587092383.876
1653,74,71,1,1579,146,5,4588925187585.876
1653,74,71,2,1579,146,5,4775012456049.517
1653,74,72,1,1579,146,5,4776447758780.516
1653,74,72,2,1579,146,5,4967519605815.133
1653,74,73,1,1579,146,5,4969057683599.132
1653,74,73,2,1579,146,5,5165179984692.726
1653,74,74,1,1579,146,5,5166826640787.727
1653,74,74,2,1579,146,5,5368065271428.296
1653,74,75,1,1579,146,5,5369826551386.296
1653,74,75,2,1579,146,5,5576247387061.843
1653,74,76,1,1579,146,5,5578129585378.842
1653,74,76,2,1579,146,5,5789798501577.366
1653,74,77,1,1579,146,5,5791808168433.366
1653,74,77,2,1579,146,5,6008791040642.867
1653,74,78,1,1579,146,5,6010934988731.867
1653,74,78,2,1579,146,5,6233297692440.345
1653,74,79,1,1579,146,5,6235583003890.345
1653,74,79,2,1579,146,5,6463391414585.8
1653,74,80,1,1579,146,5,6465825447968.8
1653,74,80,2,1579,146,5,6699145441139.232
1653,74,81,1,1579,146,5,6701735838571.232
1653,74,81,2,1579,146,5,6940633289704.643
1653,74,82,1,1579,146,5,6943387984035.643
1653,74,82,2,1579,146,5,7187928768620.03
1653,74,83,1,1579,146,5,7190855990714.03
1653,74,83,2,1579,146,5,7441105984237.396
1653,74,84,1,1579,146,5,7444214270342.3955
1653,74,84,2,1579,146,5,7700239348292.739
1653,74,85,1,1579,146,5,7703537547500.739
1653,74,85,2,1579,146,5,7965403585366.061
1653,74,86,1,1579,146,5,7968900867163.062
1653,74,86,2,1579,146,5,8236673740431.36
1653,74,87,1,1579,146,5,8240379602337.36
1653,74,87,2,1579,146,5,8514125186496.639
1653,74,88,1,1579,146,5,8518049461795.638
1653,74,88,2,1579,146,5,8797833632333.895
1653,74,89,1,1579,146,5,8801986497893.895
1653,74,89,2,1579,146,5,9087875130299.129
1653,74,90,1,1579,146,5,9092267114482.129
1653,74,90,2,1579,146,5,9384326084242.342
1653,74,91,1,1579,146,5,9388968074904.344
1653,74,91,2,1579,146,5,9687263257507.535
1653,74,92,1,1579,146,5,9692166510088.533
1653,74,92,2,1579,146,5,9996763781022.705
1653,74,93,1,1579,146,5,10001939926726.705
1653,74,93,2,1579,146,5,10312905161479.855
1653,74,94,1,1579,146,5,10318366215544.855
1653,74,94,2,1579,146,5,10635765289604.984
1653,74,95,1,1579,146,5,10641523659662.982
1653,74,95,2,1579,146,5,10965422448518.092
1653,74,96,1,1579,146,5,10971490943045.092
1653,74,96,2,1579,146,5,11301955322183.178
1653,74,97,1,1579,146,5,11308347159039.18
1653,74,97,2,1579,146,5,11645443003948.246
1653,74,98,1,1579,146,5,11652171819007.244
1653,74,98,2,1579,146,5,11995965005175.291
1653,74,99,1,1579,146,5,12003044861045.291
1653,74,99,2,1579,146,5,12353601263960.316
1653,74,100,1,1579,146,5,12361046658793.316
1653,74,100,2,1579,146,5,12718432153943.322
1653,74,101,1,1579,146,5,12726258030335.32
1653,74,101,2,1579,146,5,13090538493208.305
1653,74,102,1,1579,146,5,13098760247189.307
1653,74,102,2,1579,146,5,13470001553273.271
1653,74,103,1,1579,146,5,13478635043387.271
1653,74,103,2,1579,146,5,13856903068170.217
1653,74,104,1,1579,146,5,13865964624645.215
1653,74,104,2,1579,146,5,14251325243615.139
1653,74,105,1,1579,146,5,14260831677623.14
1653,74,105,2,1579,146,5,14653350766268.045
1653,74,106,1,1579,146,5,14663319379275.045
1653,74,106,2,1579,146,5,15063062813082.932
1653,74,107,1,1579,146,5,15073511406288.93
1653,74,107,2,1579,146,5,15480545060747.795
1653,74,108,1,1579,146,5,15491491944616.795
1653,74,108,2,1579,146,5,15905881695214.64
1653,74,109,1,1579,146,5,15917345699094.643
1653,74,109,2,1579,146,5,16339157421319.469
1653,74,110,1,1579,146,5,16351157903152.467
1653,74,110,2,1579,146,5,16780457472492.275
1653,74,111,1,1579,146,5,16793014328614.275
1653,74,111,2,1579,146,5,17229867620557.062
1653,74,112,1,1579,146,5,17243001295588.064
1653,74,112,2,1579,146,5,17687474185621.832
1653,74,113,1,1579,146,5,17701205682445.832
1653,74,113,2,1579,146,5,18153364046058.582
1653,74,114,1,1579,146,5,18167714935893.582
1653,74,114,2,1579,146,5,18627624648573.312
1653,74,115,1,1579,146,5,18642617081131.312
1653,74,115,2,1579,146,5,19110344018366.023
1653,74,116,1,1579,146,5,19126000732103.027
1653,74,116,2,1579,146,5,19601610769380.72
1653,74,117,1,1579,146,5,19617955101836.72
1653,74,117,2,1579,146,5,20101514114645.39
1653,74,118,1,1579,146,5,20118570012874.39
1653,74,118,2,1579,146,5,20610143876702.047
1653,74,119,1,1579,146,5,20627935907792.05
1653,74,119,2,1579,146,5,21127590498126.688
1653,74,120,1,1579,146,5,21146143859809.684
1653,74,120,2,1579,146,5,21653945052139.305
1653,74,121,1,1579,146,5,21673285583491.3
1653,74,121,2,1579,146,5,22189299253303.902
1653,74,122,1,1579,146,5,22209453445534.906
1653,74,122,2,1579,146,5,22733745468318.49
1653,74,123,1,1579,146,5,22754740475652.484
1653,74,123,2,1579,146,5,23287376726895.05
1653,74,124,1,1579,146,5,23309240377540.05
1653,74,124,2,1579,146,5,23850286732729.594
1653,74,125,1,1579,146,5,23873047539937.598
1653,74,125,2,1579,146,5,24422569874562.125
1653,74,126,1,1579,146,5,24446257047779.125
1653,74,126,2,1579,146,5,25004321237326.633
1653,74,127,1,1579,146,5,25028964693432.633
1653,74,127,2,1579,146,5,25595636613391.125
1653,74,128,1,1579,146,5,25621266988030.13
1653,74,128,2,1579,146,5,26196612513887.6
1653,74,129,1,1579,146,5,26223261172887.6
1653,74,129,2,1579,146,5,26807346180132.06
1653,74,130,1,1579,146,5,26835045231015.06
1653,74,130,2,1579,146,5,27427935595134.496
1653,74,131,1,1579,146,5,27456717898716.5
1653,74,131,2,1579,146,5,28058479495198.92
1653,74,132,1,1579,146,5,28088378677279.918
1653,74,132,2,1579,146,5,28699077381613.324
1653,74,133,1,1579,146,5,28730127844757.324
1653,74,133,2,1579,146,5,29349829532429.71
1653,74,134,1,1579,146,5,29382066467834.71
1653,74,134,2,1579,146,5,30010837014334.082
1653,74,135,1,1579,146,5,30044296413792.082
1653,74,135,2,1579,146,5,30682201694606.434
1653,74,136,1,1579,146,5,30716920362553.434
1653,74,136,2,1579,146,5,31364026253170.77
1653,74,137,1,1579,146,5,31400041818826.77
1653,74,137,2,1579,146,5,32056414194735.09
1653,74,138,1,1579,146,5,32093765124334.086
1653,74,138,2,1579,146,5,32759469861021.39
1653,74,139,1,1579,146,5,32798195470131.387
1653,74,139,2,1579,146,5,33473298443085.67
1653,74,140,1,1579,146,5,33513438909018.676
1653,74,140,2,1579,146,5,34198005993727.945
1653,74,141,1,1579,146,5,34239602368039.94
1653,74,141,2,1579,146,5,34933699439992.195
1653,74,142,1,1579,146,5,34976793661073.19
1653,74,142,2,1579,146,5,35680486595756.43
1653,74,143,1,1579,146,5,35725121501510.43
1653,74,143,2,1579,146,5,36438476174412.65
1653,74,144,1,1579,146,5,36484695515027.65
1653,74,144,2,1579,146,5,37207777801636.85
1653,74,145,1,1579,146,5,37255626252444.85
1653,74,145,2,1579,146,5,37988502028249.04
1653,74,146,1,1579,146,5,38038025202676.03
1653,74,146,2,1579,146,5,38780760343163.2
1653,74,147,1,1579,146,5,38832004805769.2
1653,74,147,2,1579,146,5,39584665186427.36
1653,74,148,1,1579,146,5,39637678466036.36
1653,74,148,2,1579,146,5,40400329962353.49
1611,75,1,1,1536,148,5,4048335244.7626576
1611,75,1,2,1536,148,5,4872272206.019761
1611,75,2,1,1536,148,5,4872273957.019763
1611,75,2,2,1536,148,5,6050818521.242734
1611,75,3,1,1536,148,5,6050820555.242733
1611,75,3,2,1536,148,5,7646550538.431797
1611,75,4,1,1536,148,5,7646553183.431797
1611,75,4,2,1536,148,5,9722046401.58718
1611,75,5,1,1536,148,5,9722050429.58718
1611,75,5,2,1536,148,5,12339884698.709099
1611,75,6,1,1536,148,5,12339891675.709099
1611,75,6,2,1536,148,5,15562644811.797777
1611,75,7,1,1536,148,5,15562657537.797777
1611,75,7,2,1536,148,5,19452907356.85343
1611,75,8,1,1536,148,5,19452930395.853436
1611,75,8,2,1536,148,5,24073254713.87628
1611,75,9,1,1536,148,5,24073295013.87628
1611,75,9,2,1536,148,5,29486271646.86653
1611,75,10,1,1536,148,5,29486339249.86653
1611,75,10,2,1536,148,5,35754546013.82441
1611,75,11,1,1536,148,5,35754654855.8244
1611,75,11,2,1536,148,5,42940669566.7501
1611,75,12,1,1536,148,5,42940838367.7501
1611,75,12,2,1536,148,5,51107238841.64383
1611,75,13,1,1536,148,5,51107492085.64383
1611,75,13,2,1536,148,5,60316856138.50579
1611,75,14,1,1536,148,5,60317225143.50579
1611,75,14,2,1536,148,5,70632130591.3362
1611,75,15,1,1536,148,5,70632654669.3362
1611,75,15,2,1536,148,5,82115679328.13525
1611,75,16,1,1536,148,5,82116407035.13524
1611,75,16,2,1536,148,5,94830128720.90314
1611,75,17,1,1536,148,5,94831119196.90315
1611,75,17,2,1536,148,5,108838115725.64009
1611,75,18,1,1536,148,5,108839440124.64008
1611,75,18,2,1536,148,5,124202289312.34625
1611,75,19,1,1536,148,5,124204032322.34624
1611,75,19,2,1536,148,5,140985311985.02185
1611,75,20,1,1536,148,5,140987573438.02182
1611,75,20,2,1536,148,5,159249861391.66705
1611,75,21,1,1536,148,5,159252757963.66705
1611,75,21,2,1536,148,5,179058632024.2821
1611,75,22,1,1536,148,5,179062299025.2821
1611,75,22,2,1536,148,5,200474337008.86716
1611,75,23,1,1536,148,5,200478930262.86713
1611,75,23,2,1536,148,5,223559709985.42233
1611,75,24,1,1536,148,5,223565407800.42236
1611,75,24,2,1536,148,5,248377507077.94794
1611,75,25,1,1536,148,5,248384512305.94794
1611,75,25,2,1536,148,5,274990508954.4441
1611,75,26,1,1536,148,5,274999051141.4441
1611,75,26,2,1536,148,5,303461522976.91095
1611,75,27,1,1536,148,5,303471860602.91095
1611,75,27,2,1536,148,5,333853385441.34875
1611,75,28,1,1536,148,5,333865808250.34875
1611,75,28,2,1536,148,5,366228963907.7576
1611,75,29,1,1536,148,5,366243795327.7576
1611,75,29,2,1536,148,5,400651159620.1378
1611,75,30,1,1536,148,5,400668759273.1378
1611,75,30,2,1536,148,5,437182910016.4894
1611,75,31,1,1536,148,5,437203676318.4894
1611,75,31,2,1536,148,5,475887191328.8126
1611,75,32,1,1536,148,5,475911564179.8127
1611,75,32,2,1536,148,5,516827021273.10767
1611,75,33,1,1536,148,5,516855484837.10767
1611,75,33,2,1536,148,5,560065461829.3746
1611,75,34,1,1536,148,5,560098547404.3746
1611,75,34,2,1536,148,5,605665622111.6138
1611,75,35,1,1536,148,5,605703911089.6136
1611,75,35,2,1536,148,5,653690661327.8251
1611,75,36,1,1536,148,5,653734788244.8252
1611,75,36,2,1536,148,5,704203791830.009
1611,75,37,1,1536,148,5,704254447506.009
1611,75,37,2,1536,148,5,757268282254.1655
1611,75,38,1,1536,148,5,757326217023.1654
1611,75,38,2,1536,148,5,812947460750.2948
1611,75,39,1,1536,148,5,813013487780.2948
1611,75,39,2,1536,148,5,871304718302.397
1611,75,40,1,1536,148,5,871379717005.3971
1611,75,40,2,1536,148,5,932403512138.4723
1611,75,41,1,1536,148,5,932488431670.4723
1611,75,41,2,1536,148,5,996307369230.5209
1611,75,42,1,1536,148,5,996403232081.521
1611,75,42,2,1536,148,5,1063079889884.543
1611,75,43,1,1536,148,5,1063187795558.5431
1611,75,43,2,1536,148,5,1132784751420.5386
1611,75,44,1,1536,148,5,1132905880205.5386
1611,75,44,2,1536,148,5,1205485711942.508
1611,75,45,1,1536,148,5,1205621328770.5078
1611,75,45,2,1536,148,5,1281246614198.4512
1611,75,46,1,1536,148,5,1281398072595.4512
1611,75,46,2,1536,148,5,1360131389530.3684
1611,75,47,1,1536,148,5,1360300135656.3684
1611,75,47,2,1536,148,5,1442204061914.26
1611,75,48,1,1536,148,5,1442391638693.2598
1611,75,48,2,1536,148,5,1527528752090.1257
1611,75,49,1,1536,148,5,1527736803430.1257
1611,75,49,2,1536,148,5,1616169681781.966
1611,75,50,1,1536,148,5,1616399956884.966
1611,75,50,2,1536,148,5,1708191178007.781
1611,75,51,1,1536,148,5,1708445535769.781
1611,75,51,2,1536,148,5,1803657677479.5708
1611,75,52,1,1536,148,5,1803938090980.5706
1611,75,52,2,1536,148,5,1902633731093.3352
1611,75,53,1,1536,148,5,1902942292177.3352
1611,75,53,2,1536,148,5,2005184008509.075
1611,75,54,1,1536,148,5,2005522932454.075
1611,75,54,2,1536,148,5,2111373302820.7898
1611,75,55,1,1536,148,5,2111744933098.7898
1611,75,55,2,1536,148,5,2221266535316.4805
1611,75,56,1,1536,148,5,2221673348443.48
1611,75,56,2,1536,148,5,2334928760328.1455
1611,75,57,1,1536,148,5,2335373370804.146
1611,75,57,2,1536,148,5,2452425170171.787
1611,75,58,1,1536,148,5,2452910335510.7876
1611,75,58,2,1536,148,5,2573821100177.4043
1611,75,59,1,1536,148,5,2574349726027.4043
1611,75,59,2,1536,148,5,2699182033808.997
1611,75,60,1,1536,148,5,2699757179161.997
1611,75,60,2,1536,148,5,2828573607874.5664
1611,75,61,1,1536,148,5,2829198490366.5664
1611,75,61,2,1536,148,5,2962061617826.112
1611,75,62,1,1536,148,5,2962739619127.1113
1611,75,62,2,1536,148,5,3099712023149.633
1611,75,63,1,1536,148,5,3100446694443.633
1611,75,63,2,1536,148,5,3241590952845.131
1611,75,64,1,1536,148,5,3242386020400.1313
1611,75,64,2,1536,148,5,3387764710996.606
1611,75,65,1,1536,148,5,3388624081824.6055
1611,75,65,2,1536,148,5,3538299782432.0566
1611,75,66,1,1536,148,5,3539227550039.0566
1611,75,66,2,1536,148,5,3693262838473.4844
1611,75,67,1,1536,148,5,3694263288699.485
1611,75,67,2,1536,148,5,3852720742776.8896
1611,75,68,1,1536,148,5,3853798359725.889
1611,75,68,2,1536,148,5,4016740557262.2715
1611,75,69,1,1536,148,5,4017900029322.2715
1611,75,69,2,1536,148,5,4185389548133.631
1611,75,70,1,1536,148,5,4186635774086.631
1611,75,70,2,1536,148,5,4358735191988.9673
1611,75,71,1,1536,148,5,4360073287210.9673
1611,75,71,2,1536,148,5,4536845182020.281
1611,75,72,1,1536,148,5,4538280484771.281
1611,75,72,2,1536,148,5,4719787434303.572
1611,75,73,1,1536,148,5,4721325512107.572
1611,75,73,2,1536,148,5,4907630094178.842
1611,75,74,1,1536,148,5,4909276750293.843
1611,75,74,2,1536,148,5,5100441542720.089
1611,75,75,1,1536,148,5,5102202822698.089
1611,75,75,2,1536,148,5,5298290403295.313
1611,75,76,1,1536,148,5,5300172601632.313
1611,75,76,2,1536,148,5,5501245548216.517
1611,75,77,1,1536,148,5,5503255215092.517
1611,75,77,2,1536,148,5,5709376105479.698
1611,75,78,1,1536,148,5,5711520053588.698
1611,75,78,2,1536,148,5,5922751465594.857
1611,75,79,1,1536,148,5,5925036777064.856
1611,75,79,2,1536,148,5,6141441288505.995
1611,75,80,1,1536,148,5,6143875321908.995
1611,75,80,2,1536,148,5,6365515510601.111
1611,75,81,1,1536,148,5,6368105908053.111
1611,75,81,2,1536,148,5,6595044351812.206
1611,75,82,1,1536,148,5,6597799046163.206
1611,75,82,2,1536,148,5,6830098322805.279
1611,75,83,1,1536,148,5,6833025544919.28
1611,75,83,2,1536,148,5,7070748232260.333
1611,75,84,1,1536,148,5,7073856518385.332
1611,75,84,2,1536,148,5,7317065194241.363
1611,75,85,1,1536,148,5,7320363393469.363
1611,75,85,2,1536,148,5,7569120635656.374
1611,75,86,1,1536,148,5,7572617917473.374
1611,75,86,2,1536,148,5,7826986303807.364
1611,75,87,1,1536,148,5,7830692165733.363
1611,75,87,2,1536,148,5,8090734274030.332
1611,75,88,1,1536,148,5,8094658549349.332
1611,75,88,2,1536,148,5,8360436957425.28
1611,75,89,1,1536,148,5,8364589823005.281
1611,75,89,2,1536,148,5,8636167108676.209
1611,75,90,1,1536,148,5,8640559092879.208
1611,75,90,2,1536,148,5,8917997833961.115
1611,75,91,1,1536,148,5,8922639824643.117
1611,75,91,2,1536,148,5,9206002598952.004
1611,75,92,1,1536,148,5,9210905851553.002
1611,75,92,2,1536,148,5,9500255236904.87
1611,75,93,1,1536,148,5,9505431382628.87
1611,75,93,2,1536,148,5,9800829956839.717
1611,75,94,1,1536,148,5,9806291010924.717
1611,75,94,2,1536,148,5,10107801351810.543
1611,75,95,1,1536,148,5,10113559721888.543
1611,75,95,2,1536,148,5,10421244407265.35
1611,75,96,1,1536,148,5,10427312901812.35
1611,75,96,2,1536,148,5,10741234509496.137
1611,75,97,1,1536,148,5,10747626346372.139
1611,75,97,2,1536,148,5,11067847454178.904
1611,75,98,1,1536,148,5,11074576269257.904
1611,75,98,2,1536,148,5,11401159455003.652
1611,75,99,1,1536,148,5,11408239310893.652
1611,75,99,2,1536,148,5,11741247152394.38
1611,75,100,1,1536,148,5,11748692547247.38
1611,75,100,2,1536,148,5,12088187622319.09
1611,75,101,1,1536,148,5,12096013498731.088
1611,75,101,2,1536,148,5,12442058385189.78
1611,75,102,1,1536,148,5,12450280139190.78
1611,75,102,2,1536,148,5,12802937414852.45
1611,75,103,1,1536,148,5,12811570904986.451
1611,75,103,2,1536,148,5,13170903147667.102
1611,75,104,1,1536,148,5,13179964704162.1
1611,75,104,2,1536,148,5,13546034491677.732
1611,75,105,1,1536,148,5,13555540925705.732
1611,75,105,2,1536,148,5,13928410835872.346
1611,75,106,1,1536,148,5,13938379448899.348
1611,75,106,2,1536,148,5,14318112059532.941
1611,75,107,1,1536,148,5,14328560652758.94
1611,75,107,2,1536,148,5,14715218541675.516
1611,75,108,1,1536,148,5,14726165425564.518
1611,75,108,2,1536,148,5,15119811170580.074
1611,75,109,1,1536,148,5,15131275174480.074
1611,75,109,2,1536,148,5,15531971353410.613
1611,75,110,1,1536,148,5,15543971835263.611
1611,75,110,2,1536,148,5,15951781025925.133
1611,75,111,1,1536,148,5,15964337882067.133
1611,75,111,2,1536,148,5,16379322662275.635
1611,75,112,1,1536,148,5,16392456337326.635
1611,75,112,2,1536,148,5,16814679284898.12
1611,75,113,1,1536,148,5,16828410781742.117
1611,75,113,2,1536,148,5,17257934474492.584
1611,75,114,1,1536,148,5,17272285364347.584
1611,75,114,2,1536,148,5,17709172380093.03
1611,75,115,1,1536,148,5,17724164812671.03
1611,75,115,2,1536,148,5,18168477729227.457
1611,75,116,1,1536,148,5,18184134442984.46
1611,75,116,2,1536,148,5,18635935838167.87
1611,75,117,1,1536,148,5,18652280170643.87
1611,75,117,2,1536,148,5,19111632622270.266
1611,75,118,1,1536,148,5,19128688520519.266
1611,75,118,2,1536,148,5,19595654606404.64
1611,75,119,1,1536,148,5,19613446637514.64
1611,75,119,2,1536,148,5,20088088935475.0
1611,75,120,1,1536,148,5,20106642297178.0
1611,75,120,2,1536,148,5,20589023385029.34
1611,75,121,1,1536,148,5,20608363916401.34
1611,75,121,2,1536,148,5,21098546371959.66
1611,75,122,1,1536,148,5,21118700564210.664
1611,75,122,2,1536,148,5,21616746965291.97
1611,75,123,1,1536,148,5,21637741972645.97
1611,75,123,2,1536,148,5,22143714897066.258
1611,75,124,1,1536,148,5,22165578547731.254
1611,75,124,2,1536,148,5,22679540573306.527
1611,75,125,1,1536,148,5,22702301380534.527
1611,75,125,2,1536,148,5,23224315085080.78
1611,75,126,1,1536,148,5,23248002258317.78
1611,75,126,2,1536,148,5,23778130219651.02
1611,75,127,1,1536,148,5,23802773675777.016
1611,75,127,2,1536,148,5,24341078471713.24
1611,75,128,1,1536,148,5,24366708846372.24
1611,75,128,2,1536,148,5,24913253054727.44
1611,75,129,1,1536,148,5,24939901713747.44
1611,75,129,2,1536,148,5,25494747912337.625
1611,75,130,1,1536,148,5,25522446963240.625
1611,75,130,2,1536,148,5,26085657729881.793
1611,75,131,1,1536,148,5,26114440033483.797
1611,75,131,2,1536,148,5,26686077945991.95
1611,75,132,1,1536,148,5,26715977128092.95
1611,75,132,2,1536,148,5,27296104764284.086
1611,75,133,1,1536,148,5,27327155227448.082
1611,75,133,2,1536,148,5,27915835165138.203
1611,75,134,1,1536,148,5,27948072100563.203
1611,75,134,2,1536,148,5,28545366917568.31
1611,75,135,1,1536,148,5,28578826317046.305
1611,75,135,2,1536,148,5,29184798591182.39
1611,75,136,1,1536,148,5,29219517259149.39
1611,75,136,2,1536,148,5,29834229568232.46
1611,75,137,1,1536,148,5,29870245133908.465
1611,75,137,2,1536,148,5,30493760055754.52
1611,75,138,1,1536,148,5,30531110985373.516
1611,75,138,2,1536,148,5,31163491097798.555
1611,75,139,1,1536,148,5,31202216706928.555
1611,75,139,2,1536,148,5,31843524587748.574
1611,75,140,1,1536,148,5,31883665053701.58
1611,75,140,2,1536,148,5,32533963280732.582
1611,75,141,1,1536,148,5,32575559655064.582
1611,75,141,2,1536,148,5,33234910806122.57
1611,75,142,1,1536,148,5,33278005027223.57
1611,75,142,2,1536,148,5,33946471680124.543
1611,75,143,1,1536,148,5,33991106585898.547
1611,75,143,2,1536,148,5,34668751318458.504
1611,75,144,1,1536,148,5,34714970659093.504
1611,75,144,2,1536,148,5,35401856049128.445
1611,75,145,1,1536,148,5,35449704499956.445
1611,75,145,2,1536,148,5,36145893125282.375
1611,75,146,1,1536,148,5,36195416299729.37
1611,75,146,2,1536,148,5,36900970738162.28
1611,75,147,1,1536,148,5,36952215200788.28
1611,75,147,2,1536,148,5,37667198030144.18
1611,75,148,1,1536,148,5,37720211309773.18
1611,75,148,2,1536,148,5,38444685107868.06
1611,75,149,1,1536,148,5,38499515710808.055
1611,75,149,2,1536,148,5,39233543055457.92
1611,75,150,1,1536,148,5,39290240478810.92
1611,75,150,2,1536,148,5,40033883947831.77
1630,76,1,1,1554,150,5,4186873369.2815595
1630,76,1,2,1554,150,5,5030314275.522096
1630,76,2,1,1554,150,5,5030316046.522097
1630,76,2,2,1554,150,5,6236758679.729002
1630,76,3,1,1554,150,5,6236760733.729002
1630,76,3,2,1554,150,5,7870264225.902496
1630,76,4,1,1554,150,5,7870266890.902496
1630,76,4,2,1554,150,5,9994890374.042799
1630,76,5,1,1554,150,5,9994894422.042799
1630,76,5,2,1554,150,5,12674697028.150126
1630,76,6,1,1554,150,5,12674704025.150126
1630,76,6,2,1554,150,5,15973744886.22469
1630,76,7,1,1554,150,5,15973757632.22469
1630,76,7,2,1554,150,5,19956095880.266697
1630,76,8,1,1554,150,5,19956118939.266705
1630,76,8,2,1554,150,5,24685813706.27637
1630,76,9,1,1554,150,5,24685854026.27637
1630,76,9,2,1554,150,5,30226964444.253906
1630,76,10,1,1554,150,5,30227032067.253906
1630,76,10,2,1554,150,5,36643617268.19952
1630,76,11,1,1554,150,5,36643726130.19952
1630,76,11,2,1554,150,5,43999845246.113396
1630,76,12,1,1554,150,5,44000014067.1134
1630,76,12,2,1554,150,5,52359726229.99576
1630,76,13,1,1554,150,5,52359979493.995766
1630,76,13,2,1554,150,5,61787343835.8468
1630,76,14,1,1554,150,5,61787712860.846794
1630,76,14,2,1554,150,5,72346788513.66672
1630,76,15,1,1554,150,5,72347312611.66672
1630,76,15,2,1554,150,5,84102158707.45569
1630,76,16,1,1554,150,5,84102886434.45569
1630,76,16,2,1554,150,5,97117562105.21394
1630,76,17,1,1554,150,5,97118552601.21394
1630,76,17,2,1554,150,5,111457116978.94167
1630,76,18,1,1554,150,5,111458441397.94165
1630,76,18,2,1554,150,5,127184953614.639
1630,76,19,1,1554,150,5,127186696644.639
1630,76,19,2,1554,150,5,144365215832.3062
1630,76,20,1,1554,150,5,144367477305.30618
1630,76,20,2,1554,150,5,163062062595.94342
1630,76,21,1,1554,150,5,163064959187.94342
1630,76,21,2,1554,150,5,183339669713.55084
1630,76,22,1,1554,150,5,183343336734.55087
1630,76,22,2,1554,150,5,205262231627.1287
1630,76,23,1,1554,150,5,205266824901.12866
1630,76,23,2,1554,150,5,228893963292.67703
1630,76,24,1,1554,150,5,228899661127.67706
1630,76,24,2,1554,150,5,254299102150.19623
1630,76,25,1,1554,150,5,254306107398.19623
1630,76,25,2,1554,150,5,281541910183.6863
1630,76,26,1,1554,150,5,281550452390.68634
1630,76,26,2,1554,150,5,310686676071.1475
1630,76,27,1,1554,150,5,310697013717.14746
1630,76,27,2,1554,150,5,341797717424.57996
1630,76,28,1,1554,150,5,341810140253.57996
1630,76,28,2,1554,150,5,374939383119.9839
1630,76,29,1,1554,150,5,374954214559.98395
1630,76,29,2,1554,150,5,410176055717.3595
1630,76,30,1,1554,150,5,410193655390.3595
1630,76,30,2,1554,150,5,447572153970.70685
1630,76,31,1,1554,150,5,447592920292.70685
1630,76,31,2,1554,150,5,487192135428.0262
1630,76,32,1,1554,150,5,487216508299.02625
1630,76,32,2,1554,150,5,529100499121.3177
1630,76,33,1,1554,150,5,529128962705.3177
1630,76,33,2,1554,150,5,573361788346.5815
1630,76,34,1,1554,150,5,573394873941.5815
1630,76,34,2,1554,150,5,620040593533.8177
1630,76,35,1,1554,150,5,620078882531.8177
1630,76,35,2,1554,150,5,669201555207.0266
1630,76,36,1,1554,150,5,669245682144.0266
1630,76,36,2,1554,150,5,720909367034.2084
1630,76,37,1,1554,150,5,720960022730.2084
1630,76,37,2,1554,150,5,775228778967.363
1630,76,38,1,1554,150,5,775286713756.3629
1630,76,38,2,1554,150,5,832224600472.4907
1630,76,39,1,1554,150,5,832290627522.4907
1630,76,39,2,1554,150,5,891961703849.5918
1630,76,40,1,1554,150,5,892036702572.5918
1630,76,40,2,1554,150,5,954505027642.6663
1630,76,41,1,1554,150,5,954589947194.6661
1630,76,41,2,1554,150,5,1019919580139.7142
1630,76,42,1,1554,150,5,1020015443010.7142
1630,76,42,2,1554,150,5,1088270442962.7361
1630,76,43,1,1554,150,5,1088378348656.7361
1630,76,43,2,1554,150,5,1159622774747.7317
1630,76,44,1,1554,150,5,1159743903552.7317
1630,76,44,2,1554,150,5,1234041814914.7014
1630,76,45,1,1554,150,5,1234177431762.7014
1630,76,45,2,1554,150,5,1311592887527.6453
1630,76,46,1,1554,150,5,1311744345944.6453
1630,76,46,2,1554,150,5,1392341405244.5635
1630,76,47,1,1554,150,5,1392510151390.5637
1630,76,47,2,1554,150,5,1476352873357.4563
1630,76,48,1,1554,150,5,1476540450156.4563
1630,76,48,2,1554,150,5,1563692893922.3237
1630,76,49,1,1554,150,5,1563900945282.3235
1630,76,49,2,1554,150,5,1654427169979.1658
1630,76,50,1,1554,150,5,1654657445102.1658
1630,76,50,2,1554,150,5,1748621509861.9827
1630,76,51,1,1554,150,5,1748875867643.9827
1630,76,51,2,1554,150,5,1846341831598.775
1630,76,52,1,1554,150,5,1846622245119.7747
1630,76,52,2,1554,150,5,1947654167401.542
1630,76,53,1,1554,150,5,1947962728505.5422
1630,76,53,2,1554,150,5,2052624668246.285
1630,76,54,1,1554,150,5,2052963592211.2847
1630,76,54,2,1554,150,5,2161319608543.003
1630,76,55,1,1554,150,5,2161691238841.0027
1630,76,55,2,1554,150,5,2273805390895.697
1630,76,56,1,1554,150,5,2274212204042.6963
1630,76,56,2,1554,150,5,2390148550952.3657
1630,76,57,1,1554,150,5,2390593161448.366
1630,76,57,2,1554,150,5,2510415762345.011
1630,76,58,1,1554,150,5,2510900927704.011
1630,76,58,2,1554,150,5,2634673841719.633
1630,76,59,1,1554,150,5,2635202467589.6323
1630,76,59,2,1554,150,5,2762989753856.23
1630,76,60,1,1554,150,5,2763564899229.2305
1630,76,60,2,1554,150,5,2895430616878.8037
1630,76,61,1,1554,150,5,2896055499390.804
1630,76,61,2,1554,150,5,3032063707555.3545
1630,76,62,1,1554,150,5,3032741708876.354
1630,76,62,2,1554,150,5,3172956466687.881
1630,76,63,1,1554,150,5,3173691138001.881
1630,76,63,2,1554,150,5,3318176504592.3843
1630,76,64,1,1554,150,5,3318971572167.3843
1630,76,64,2,1554,150,5,3467791606668.8647
1630,76,65,1,1554,150,5,3468650977516.8647
1630,76,65,2,1554,150,5,3621869739061.322
1630,76,66,1,1554,150,5,3622797506688.322
1630,76,66,2,1554,150,5,3780479054407.756
1630,76,67,1,1554,150,5,3781479504653.7563
1630,76,67,2,1554,150,5,3943687897680.1675
1630,76,68,1,1554,150,5,3944765514649.1675
1630,76,68,2,1554,150,5,4111564812114.556
1630,76,69,1,1554,150,5,4112724284194.556
1630,76,69,2,1554,150,5,4284178545230.922
1630,76,70,1,1554,150,5,4285424771203.9224
1630,76,70,2,1554,150,5,4461598054943.266
1630,76,71,1,1554,150,5,4462936150185.267
1630,76,71,2,1554,150,5,4643892515759.587
1630,76,72,1,1554,150,5,4645327818530.587
1630,76,72,2,1554,150,5,4831131325071.886
1630,76,73,1,1554,150,5,4832669402895.886
1630,76,73,2,1554,150,5,5023384109536.163
1630,76,74,1,1554,150,5,5025030765671.163
1630,76,74,2,1554,150,5,5220720731542.418
1630,76,75,1,1554,150,5,5222482011540.418
1630,76,75,2,1554,150,5,5423211295774.651
1630,76,76,1,1554,150,5,5425093494131.651
1630,76,76,2,1554,150,5,5630926155860.862
1630,76,77,1,1554,150,5,5632935822756.862
1630,76,77,2,1554,150,5,5843935921113.053
1630,76,78,1,1554,150,5,5846079869242.053
1630,76,78,2,1554,150,5,6062311463357.221
1630,76,79,1,1554,150,5,6064596774847.22
1630,76,79,2,1554,150,5,6286123923853.367
1630,76,80,1,1554,150,5,6288557957276.367
1630,76,80,2,1554,150,5,6515444720305.493
1630,76,81,1,1554,150,5,6518035117777.492
1630,76,81,2,1554,150,5,6750345553961.597
1630,76,82,1,1554,150,5,6753100248332.597
1630,76,82,2,1554,150,5,6990898416803.68
1630,76,83,1,1554,150,5,6993825638937.681
1630,76,83,2,1554,150,5,7237175598827.743
1630,76,84,1,1554,150,5,7240283884972.742
1630,76,84,2,1554,150,5,7489249695413.784
1630,76,85,1,1554,150,5,7492547894661.784
1630,76,85,2,1554,150,5,7747193614785.804
1630,76,86,1,1554,150,5,7750690896622.805
1630,76,86,2,1554,150,5,8011080585561.805
1630,76,87,1,1554,150,5,8014786447507.805
1630,76,87,2,1554,150,5,8280984164393.784
1630,76,88,1,1554,150,5,8284908439732.784
1630,76,88,2,1554,150,5,8556978243697.743
1630,76,89,1,1554,150,5,8561131109297.743
1630,76,89,2,1554,150,5,8839137059473.682
1630,76,90,1,1554,150,5,8843529043696.682
1630,76,90,2,1554,150,5,9127535199215.6
1630,76,91,1,1554,150,5,9132177189917.602
1630,76,91,2,1554,150,5,9422247609911.5
1630,76,92,1,1554,150,5,9427150862532.498
1630,76,92,2,1554,150,5,9723349606133.377
1630,76,93,1,1554,150,5,9728525751877.377
1630,76,93,2,1554,150,5,10030916878217.234
1630,76,94,1,1554,150,5,10036377932322.236
1630,76,94,2,1554,150,5,10345025500533.074
1630,76,95,1,1554,150,5,10350783870631.072
1630,76,95,2,1554,150,5,10665751939844.893
1630,76,96,1,1554,150,5,10671820434411.893
1630,76,96,2,1554,150,5,10993173063760.691
1630,76,97,1,1554,150,5,10999564900656.693
1630,76,97,2,1554,150,5,11327366149272.473
1630,76,98,1,1554,150,5,11334094964371.47
1630,76,98,2,1554,150,5,11668408891386.232
1630,76,99,1,1554,150,5,11675488747296.232
1630,76,99,2,1554,150,5,12016379411841.973
1630,76,100,1,1554,150,5,12023824806714.975
1630,76,100,2,1554,150,5,12371356267923.695
1630,76,101,1,1554,150,5,12379182144355.693
1630,76,101,2,1554,150,5,12733418461359.396
1630,76,102,1,1554,150,5,12741640215380.398
1630,76,102,2,1554,150,5,13102645447311.082
1630,76,103,1,1554,150,5,13111278937465.082
1630,76,103,2,1554,150,5,13479117143454.746
1630,76,104,1,1554,150,5,13488178699969.744
1630,76,104,2,1554,150,5,13862913939150.39
1630,76,105,1,1554,150,5,13872420373198.39
1630,76,105,2,1554,150,5,14254116704702.018
1630,76,106,1,1554,150,5,14264085317749.02
1630,76,106,2,1554,150,5,14652806800707.627
1630,76,107,1,1554,150,5,14663255393953.627
1630,76,107,2,1554,150,5,15059066087499.217
1630,76,108,1,1554,150,5,15070012971408.217
1630,76,108,2,1554,150,5,15472976934672.787
1630,76,109,1,1554,150,5,15484440938592.79
1630,76,109,2,1554,150,5,15894622230708.342
1630,76,110,1,1554,150,5,15906622712581.34
1630,76,110,2,1554,150,5,16324085392679.875
1630,76,111,1,1554,150,5,16336642248841.875
1630,76,111,2,1554,150,5,16761450376055.39
1630,76,112,1,1554,150,5,16774584051126.393
1630,76,112,2,1554,150,5,17206801684586.89
1630,76,113,1,1554,150,5,17220533181450.889
1630,76,113,2,1554,150,5,17660224380290.37
1630,76,114,1,1554,150,5,17674575270165.37
1630,76,114,2,1554,150,5,18121804093515.832
1630,76,115,1,1554,150,5,18136796526113.832
1630,76,115,2,1554,150,5,18591627033107.273
1630,76,116,1,1554,150,5,18607283746884.277
1630,76,116,2,1554,150,5,19069779996652.703
1630,76,117,1,1554,150,5,19086124329148.703
1630,76,117,2,1554,150,5,19556350380824.11
1630,76,118,1,1554,150,5,19573406279093.11
1630,76,118,2,1554,150,5,20051426191807.5
1630,76,119,1,1554,150,5,20069218222937.504
1630,76,119,2,1554,150,5,20555096055822.88
1630,76,120,1,1554,150,5,20573649417545.875
1630,76,120,2,1554,150,5,21067449229734.234
1630,76,121,1,1554,150,5,21086789761126.23
1630,76,121,2,1554,150,5,21588575611749.57
1630,76,122,1,1554,150,5,21608729804020.574
1630,76,122,2,1554,150,5,22118565752210.895
1630,76,123,1,1554,150,5,22139560759584.895
1630,76,123,2,1554,150,5,22657510864474.195
1630,76,124,1,1554,150,5,22679374515159.195
1630,76,124,2,1554,150,5,23205502835879.484
1630,76,125,1,1554,150,5,23228263643127.49
1630,76,125,2,1554,150,5,23762634238810.754
1630,76,126,1,1554,150,5,23786321412067.754
1630,76,126,2,1554,150,5,24328998341846.008
1630,76,127,1,1554,150,5,24353641797992.008
1630,76,127,2,1554,150,5,24904689120997.242
1630,76,128,1,1554,150,5,24930319495676.246
1630,76,128,2,1554,150,5,25489801271040.465
1630,76,129,1,1554,150,5,25516449930080.465
1630,76,129,2,1554,150,5,26084430216935.668
1630,76,130,1,1554,150,5,26112129267858.664
1630,76,130,2,1554,150,5,26688672125336.85
1630,76,131,1,1554,150,5,26717454428958.855
1630,76,131,2,1554,150,5,27302623916192.023
1630,76,132,1,1554,150,5,27332523098313.023
1630,76,132,2,1554,150,5,27926383274433.176
1630,76,133,1,1554,150,5,27957433737617.176
1630,76,133,2,1554,150,5,28560048661756.31
1630,76,134,1,1554,150,5,28592285597201.312
1630,76,134,2,1554,150,5,29203719328491.434
1630,76,135,1,1554,150,5,29237178727989.434
1630,76,135,2,1554,150,5,29857495325562.535
1630,76,136,1,1554,150,5,29892213993549.535
1630,76,136,2,1554,150,5,30521477516537.62
1630,76,137,1,1554,150,5,30557493082233.625
1630,76,137,2,1554,150,5,31195767589768.7
1630,76,138,1,1554,150,5,31233118519407.695
1630,76,138,2,1554,150,5,31880468070621.75
1630,76,139,1,1554,150,5,31919193679771.75
1630,76,139,2,1554,150,5,32575682333796.79
1630,76,140,1,1554,150,5,32615822799769.793
1630,76,140,2,1554,150,5,33281514615737.816
1630,76,141,1,1554,150,5,33323110990089.816
1630,76,141,2,1554,150,5,33998070027132.824
1630,76,142,1,1554,150,5,34041164248253.82
1630,76,142,2,1554,150,5,34725454565503.812
1630,76,143,1,1554,150,5,34770089471297.816
1630,76,143,2,1554,150,5,35463775127886.79
1630,76,144,1,1554,150,5,35509994468541.79
1630,76,144,2,1554,150,5,36213139523601.75
1630,76,145,1,1554,150,5,36260987974449.76
1630,76,145,2,1554,150,5,36973656487112.7
1630,76,146,1,1554,150,5,37023179661579.695
1630,76,146,2,1554,150,5,37745435690977.625
1630,76,147,1,1554,150,5,37796680153623.625
1630,76,147,2,1554,150,5,38528587758888.54
1630,76,148,1,1554,150,5,38581601038537.55
1630,76,148,2,1554,150,5,39323224278801.445
1630,76,149,1,1554,150,5,39378054881761.44
1630,76,149,2,1554,150,5,40129457816156.32
1630,76,150,1,1554,150,5,40186155239529.33
1630,76,150,2,1554,150,5,40947401927187.195
1630,76,151,1,1554,150,5,41006016672269.195
1630,76,151,2,1554,150,5,41777171172322.05
1630,76,152,1,1554,150,5,41837754758093.04
1630,76,152,2,1554,150,5,42618881129672.88
1670,77,1,1,1593,152,5,4439203961.736923
1670,77,1,2,1593,152,5,5324451556.097908
1670,77,2,1,1593,152,5,5324453347.097909
1670,77,2,2,1593,152,5,6590695468.425309
1670,77,3,1,1593,152,5,6590697542.425308
1670,77,3,2,1593,152,5,8305168522.719339
1670,77,4,1,1593,152,5,8305171207.719339
1670,77,4,2,1593,152,5,10535105378.980219
1670,77,5,1,1593,152,5,10535109446.980219
1670,77,5,2,1593,152,5,13347741141.208157
1670,77,6,1,1593,152,5,13347748158.208157
1670,77,6,2,1593,152,5,16810311707.403366
1670,77,7,1,1593,152,5,16810324473.403366
1670,77,7,2,1593,152,5,20990054209.56605
1670,77,8,1,1593,152,5,20990077288.566055
1670,77,8,2,1593,152,5,25954207543.69643
1670,77,9,1,1593,152,5,25954247883.696426
1670,77,9,2,1593,152,5,31770012989.794693
1670,77,10,1,1593,152,5,31770080632.79469
1670,77,10,2,1593,152,5,38504714921.86105
1670,77,11,1,1593,152,5,38504823803.861046
1670,77,11,2,1593,152,5,46225561607.8957
1670,77,12,1,1593,152,5,46225730448.895706
1670,77,12,2,1593,152,5,54999806099.89885
1670,77,13,1,1593,152,5,55000059383.89886
1670,77,13,2,1593,152,5,64894707213.8707
1670,77,14,1,1593,152,5,64895076258.87069
1670,77,14,2,1593,152,5,75977530599.81142
1670,77,15,1,1593,152,5,75978054717.81142
1670,77,15,2,1593,152,5,88315549901.72122
1670,77,16,1,1593,152,5,88316277648.72122
1670,77,16,2,1593,152,5,101976048007.6003
1670,77,17,1,1593,152,5,101977038523.60031
1670,77,17,2,1593,152,5,117026318389.44884
1670,77,18,1,1593,152,5,117027642828.44884
1670,77,18,2,1593,152,5,133533666533.26703
1670,77,19,1,1593,152,5,133535409583.26703
1670,77,19,2,1593,152,5,151565411459.05508
1670,77,20,1,1593,152,5,151567672952.05505
1670,77,20,2,1593,152,5,171188887330.81308
1670,77,21,1,1593,152,5,171191783942.8131
1670,77,21,2,1593,152,5,192471445156.54135
1670,77,22,1,1593,152,5,192475112197.54135
1670,77,22,2,1593,152,5,215480454578.24002
1670,77,23,1,1593,152,5,215485047872.24
1670,77,23,2,1593,152,5,240283305751.90918
1670,77,24,1,1593,152,5,240289003606.90918
1670,77,24,2,1593,152,5,266947411317.54913
1670,77,25,1,1593,152,5,266954416585.54916
1670,77,25,2,1593,152,5,295540208459.16
1670,77,26,1,1593,152,5,295548750686.16003
1670,77,26,2,1593,152,5,326129161054.742
1670,77,27,1,1593,152,5,326139498720.74194
1670,77,27,2,1593,152,5,358781761916.29517
1670,77,28,1,1593,152,5,358794184765.29517
1670,77,28,2,1593,152,5,393565535119.8199
1670,77,29,1,1593,152,5,393580366579.8199
1670,77,29,2,1593,152,5,430548038425.31616
1670,77,30,1,1593,152,5,430565638118.31616
1670,77,30,2,1593,152,5,469796865786.7842
1670,77,31,1,1593,152,5,469817632128.7842
1670,77,31,2,1593,152,5,511379649952.2242
1670,77,32,1,1593,152,5,511404022843.22424
1670,77,32,2,1593,152,5,555364065153.6364
1670,77,33,1,1593,152,5,555392528757.6364
1670,77,33,2,1593,152,5,601817829887.0208
1670,77,34,1,1593,152,5,601850915502.0208
1670,77,34,2,1593,152,5,650808709782.3776
1670,77,35,1,1593,152,5,650846998800.3776
1670,77,35,2,1593,152,5,702404520563.7069
1670,77,36,1,1593,152,5,702448647520.707
1670,77,36,2,1593,152,5,756673131099.0093
1670,77,37,1,1593,152,5,756723786815.0093
1670,77,37,2,1593,152,5,813682466540.2843
1670,77,38,1,1593,152,5,813740401349.2843
1670,77,38,2,1593,152,5,873500511553.5325
1670,77,39,1,1593,152,5,873566538623.5325
1670,77,39,2,1593,152,5,936195313638.7539
1670,77,40,1,1593,152,5,936270312381.754
1670,77,40,2,1593,152,5,1001834986539.9489
1670,77,41,1,1593,152,5,1001919906111.9487
1670,77,41,2,1593,152,5,1070487713745.1171
1670,77,42,1,1593,152,5,1070583576636.1171
1670,77,42,2,1593,152,5,1142221752076.2593
1670,77,43,1,1593,152,5,1142329657790.259
1670,77,43,2,1593,152,5,1217105435369.375
1670,77,44,1,1593,152,5,1217226564194.3752
1670,77,44,2,1593,152,5,1295207178244.465
1670,77,45,1,1593,152,5,1295342795112.4648
1670,77,45,2,1593,152,5,1376595479965.5288
1670,77,46,1,1593,152,5,1376746938402.5288
1670,77,46,2,1593,152,5,1461338928390.5671
1670,77,47,1,1593,152,5,1461507674556.5674
1670,77,47,2,1593,152,5,1549506204011.58
1670,77,48,1,1593,152,5,1549693780830.58
1670,77,48,2,1593,152,5,1641166084084.5674
1670,77,49,1,1593,152,5,1641374135464.5671
1670,77,49,2,1593,152,5,1736387446849.5293
1670,77,50,1,1593,152,5,1736617721992.5295
1670,77,50,2,1593,152,5,1835239275840.4663
1670,77,51,1,1593,152,5,1835493633642.4663
1670,77,51,2,1593,152,5,1937790664285.3782
1670,77,52,1,1593,152,5,1938071077826.3782
1670,77,52,2,1593,152,5,2044110819596.265
1670,77,53,1,1593,152,5,2044419380720.2651
1670,77,53,2,1593,152,5,2154269067949.1277
1670,77,54,1,1593,152,5,2154607991934.1274
1670,77,54,2,1593,152,5,2268334858953.9653
1670,77,55,1,1593,152,5,2268706489271.9653
1670,77,55,2,1593,152,5,2386377770414.779
1670,77,56,1,1593,152,5,2386784583581.7783
1670,77,56,2,1593,152,5,2508467513179.5674
1670,77,57,1,1593,152,5,2508912123695.5674
1670,77,57,2,1593,152,5,2634673936080.332
1670,77,58,1,1593,152,5,2635159101459.3325
1670,77,58,2,1593,152,5,2765067030963.073
1670,77,59,1,1593,152,5,2765595656853.0728
1670,77,59,2,1593,152,5,2899716937807.7896
1670,77,60,1,1593,152,5,2900292083200.79
1670,77,60,2,1593,152,5,3038693949938.483
1670,77,61,1,1593,152,5,3039318832470.483
1670,77,61,2,1593,152,5,3182068519323.1523
1670,77,62,1,1593,152,5,3182746520664.152
1670,77,62,2,1593,152,5,3329911261963.798
1670,77,63,1,1593,152,5,3330645933297.798
1670,77,63,2,1593,152,5,3482292963376.421
1670,77,64,1,1593,152,5,3483088030971.421
1670,77,64,2,1593,152,5,3639284584161.02
1670,77,65,1,1593,152,5,3640143955029.0195
1670,77,65,2,1593,152,5,3800957265661.5957
1670,77,66,1,1593,152,5,3801885033308.5957
1670,77,66,2,1593,152,5,3967382335716.149
1670,77,67,1,1593,152,5,3968382785982.149
1670,77,67,2,1593,152,5,4138631314496.679
1670,77,68,1,1593,152,5,4139708931485.6787
1670,77,68,2,1593,152,5,4314775920439.186
1670,77,69,1,1593,152,5,4315935392539.1865
1670,77,69,2,1593,152,5,4495888076263.671
1670,77,70,1,1593,152,5,4497134302256.671
1670,77,70,2,1593,152,5,4682039915084.133
1670,77,71,1,1593,152,5,4683378010346.134
1670,77,71,2,1593,152,5,4873303786608.573
1670,77,72,1,1593,152,5,4874739089399.573
1670,77,72,2,1593,152,5,5069752263428.99
1670,77,73,1,1593,152,5,5071290341272.99
1670,77,73,2,1593,152,5,5271458147401.386
1670,77,74,1,1593,152,5,5273104803556.386
1670,77,74,2,1593,152,5,5478494476115.759
1670,77,75,1,1593,152,5,5480255756133.759
1670,77,75,2,1593,152,5,5690934529456.11
1670,77,76,1,1593,152,5,5692816727833.109
1670,77,76,2,1593,152,5,5908851836250.439
1670,77,77,1,1593,152,5,5910861503166.439
1670,77,77,2,1593,152,5,6132320181010.747
1670,77,78,1,1593,152,5,6134464129159.747
1670,77,78,2,1593,152,5,6361413610763.033
1670,77,79,1,1593,152,5,6363698922273.033
1670,77,79,2,1593,152,5,6596206441967.298
1670,77,80,1,1593,152,5,6598640475410.298
1670,77,80,2,1593,152,5,6836773267527.542
1670,77,81,1,1593,152,5,6839363665019.541
1670,77,81,2,1593,152,5,7083188963891.763
1670,77,82,1,1593,152,5,7085943658282.763
1670,77,82,2,1593,152,5,7335528698241.964
1670,77,83,1,1593,152,5,7338455920395.964
1670,77,83,2,1593,152,5,7593867935774.144
1670,77,84,1,1593,152,5,7596976221939.144
1670,77,84,2,1593,152,5,7858282447068.303
1670,77,85,1,1593,152,5,7861580646336.302
1670,77,85,2,1593,152,5,8128848315548.44
1670,77,86,1,1593,152,5,8132345597405.44
1670,77,86,2,1593,152,5,8405641945032.558
1670,77,87,1,1593,152,5,8409347806998.558
1670,77,87,2,1593,152,5,8688740067372.654
1670,77,88,1,1593,152,5,8692664342731.653
1670,77,88,2,1593,152,5,8978219750184.73
1670,77,89,1,1593,152,5,8982372615804.729
1670,77,89,2,1593,152,5,9274158404668.785
1670,77,90,1,1593,152,5,9278550388911.785
1670,77,90,2,1593,152,5,9576633793518.82
1670,77,91,1,1593,152,5,9581275784240.822
1670,77,91,2,1593,152,5,9885724038922.838
1670,77,92,1,1593,152,5,9890627291563.836
1670,77,92,2,1593,152,5,10201507630652.83
1670,77,93,1,1593,152,5,10206683776416.832
1670,77,93,2,1593,152,5,10524063434244.807
1670,77,94,1,1593,152,5,10529524488369.807
1670,77,94,2,1593,152,5,10853470699268.762
1670,77,95,1,1593,152,5,10859229069386.76
1670,77,95,2,1593,152,5,11189809067688.695
1670,77,96,1,1593,152,5,11195877562275.695
1670,77,96,2,1593,152,5,11533158582312.611
1670,77,97,1,1593,152,5,11539550419228.613
1670,77,97,2,1593,152,5,11883599695332.508
1670,77,98,1,1593,152,5,11890328510451.508
1670,77,98,2,1593,152,5,12241213276954.383
1670,77,99,1,1593,152,5,12248293132884.385
1670,77,99,2,1593,152,5,12606080624118.242
1670,77,100,1,1593,152,5,12613526019011.242
1670,77,100,2,1593,152,5,12978283469308.08
1670,77,101,1,1593,152,5,12986109345760.078
1670,77,101,2,1593,152,5,13357903989451.896
1670,77,102,1,1593,152,5,13366125743492.896
1670,77,102,2,1593,152,5,13745024814911.697
1670,77,103,1,1593,152,5,13753658305085.697
1670,77,103,2,1593,152,5,14139729038563.477
1670,77,104,1,1593,152,5,14148790595098.477
1670,77,104,2,1593,152,5,14542100224967.236
1670,77,105,1,1593,152,5,14551606659035.238
1670,77,105,2,1593,152,5,14952222419626.98
1670,77,106,1,1593,152,5,14962191032693.98
1670,77,106,2,1593,152,5,15370180158340.705
1670,77,107,1,1593,152,5,15380628751606.703
1670,77,107,2,1593,152,5,15796058476640.408
1670,77,108,1,1593,152,5,15807005360569.408
1670,77,108,2,1593,152,5,16229942919322.096
1670,77,109,1,1593,152,5,16241406923262.096
1670,77,109,2,1593,152,5,16671919550065.764
1670,77,110,1,1593,152,5,16683920031958.764
1670,77,110,2,1593,152,5,17122074961145.412
1670,77,111,1,1593,152,5,17134631817327.412
1670,77,111,2,1593,152,5,17580496283229.043
1670,77,112,1,1593,152,5,17593629958320.043
1670,77,112,2,1593,152,5,18047271195268.656
1670,77,113,1,1593,152,5,18061002692152.66
1670,77,113,2,1593,152,5,18522487934480.254
1670,77,114,1,1593,152,5,18536838824375.25
1670,77,114,2,1593,152,5,19006235306413.83
1670,77,115,1,1593,152,5,19021227739031.83
1670,77,115,2,1593,152,5,19498602695113.387
1670,77,116,1,1593,152,5,19514259408910.387
1670,77,116,2,1593,152,5,19999680073366.93
1670,77,117,1,1593,152,5,20016024405882.93
1670,77,117,2,1593,152,5,20509558013046.45
1670,77,118,1,1593,152,5,20526613911335.45
1670,77,118,2,1593,152,5,21028327695537.957
1670,77,119,1,1593,152,5,21046119726687.957
1670,77,119,2,1593,152,5,21556080922261.445
1670,77,120,1,1593,152,5,21574634284004.445
1670,77,120,2,1593,152,5,22092910125280.914
1670,77,121,1,1593,152,5,22112250656692.914
1670,77,121,2,1593,152,5,22638908378004.363
1670,77,122,1,1593,152,5,22659062570295.367
1670,77,122,2,1593,152,5,23194169405973.8
1670,77,123,1,1593,152,5,23215164413367.8
1670,77,123,2,1593,152,5,23758787597745.22
1670,77,124,1,1593,152,5,23780651248450.22
1670,77,124,2,1593,152,5,24332858015858.62
1670,77,125,1,1593,152,5,24355618823126.62
1670,77,125,2,1593,152,5,24916476407898.004
1670,77,126,1,1593,152,5,24940163581175.004
1670,77,126,2,1593,152,5,25509739217641.37
1670,77,127,1,1593,152,5,25534382673807.37
1670,77,127,2,1593,152,5,26112743596300.72
1670,77,128,1,1593,152,5,26138373970999.723
1670,77,128,2,1593,152,5,26725587413852.055
1670,77,129,1,1593,152,5,26752236072912.055
1670,77,129,2,1593,152,5,27348369270455.367
1670,77,130,1,1593,152,5,27376068321398.367
1670,77,130,2,1593,152,5,27981188507964.668
1670,77,131,1,1593,152,5,28009970811606.668
1670,77,131,2,1593,152,5,28624145221527.95
1670,77,132,1,1593,152,5,28654044403668.95
1670,77,132,2,1593,152,5,29277340271277.215
1670,77,133,1,1593,152,5,29308390734481.215
1670,77,133,2,1593,152,5,29940875294108.465
1670,77,134,1,1593,152,5,29973112229573.465
1670,77,134,2,1593,152,5,30614852715551.7
1670,77,135,1,1593,152,5,30648312115069.695
1670,77,135,2,1593,152,5,31299375761730.914
1670,77,136,1,1593,152,5,31334094429737.91
1670,77,136,2,1593,152,5,31994548471414.113
1670,77,137,1,1593,152,5,32030564037130.113
1670,77,137,2,1593,152,5,32700475708153.297
1670,77,138,1,1593,152,5,32737826637812.297
1670,77,138,2,1593,152,5,33417263172514.465
1670,77,139,1,1593,152,5,33455988781684.465
1670,77,139,2,1593,152,5,34145017414397.613
1670,77,140,1,1593,152,5,34185157880390.617
1670,77,140,2,1593,152,5,34883845845446.754
1670,77,141,1,1593,152,5,34925442219818.75
1670,77,141,2,1593,152,5,35633856751549.875
1670,77,142,1,1593,152,5,35676950972690.875
1670,77,142,2,1593,152,5,36395159305428.98
1670,77,143,1,1593,152,5,36439794211242.98
1670,77,143,2,1593,152,5,37167863579320.06
1670,77,144,1,1593,152,5,37214082919995.06
1670,77,144,2,1593,152,5,37952080557743.13
1670,77,145,1,1593,152,5,37999929008611.14
1670,77,145,2,1593,152,5,38747922150362.195
1670,77,146,1,1593,152,5,38797445324849.19
1670,77,146,2,1593,152,5,39555501204935.23
1670,77,147,1,1593,152,5,39606745667601.234
1670,77,147,2,1593,152,5,40374931520354.26
1670,77,148,1,1593,152,5,40427944800023.26
1670,77,148,2,1593,152,5,41206327859775.27
1670,77,149,1,1593,152,5,41261158462755.266
1670,77,149,2,1593,152,5,42049805963838.26
1670,77,150,1,1593,152,5,42106503387231.266
1670,77,150,2,1593,152,5,42905482563977.24
1670,77,151,1,1593,152,5,42964097309079.24
1670,77,151,2,1593,152,5,43773475395820.21
1670,77,152,1,1593,152,5,43834058981611.2
1670,77,152,2,1593,152,5,44653903212679.15
1670,77,153,1,1593,152,5,44716508189403.16
1670,77,153,2,1593,152,5,45546885799130.086
1670,77,154,1,1593,152,5,45611565761965.086
1670,77,154,2,1593,152,5,46452543984683.01
1665,78,1,1,1587,154,5,4457304576.102702
1665,78,1,2,1587,154,5,5337271043.292117
1665,78,2,1,1587,154,5,5337272854.292119
1665,78,2,2,1587,154,5,6595960948.448928
1665,78,3,1,1587,154,5,6595963042.448927
1665,78,3,2,1587,154,5,8300205995.573338
1665,78,4,1,1587,154,5,8300208700.573337
1665,78,4,2,1587,154,5,10516839744.665556
1665,78,5,1,1587,154,5,10516843832.665556
1665,78,5,2,1587,154,5,13312696199.725786
1665,78,6,1,1587,154,5,13312703236.725786
1665,78,6,2,1587,154,5,16754610158.75423
1665,78,7,1,1587,154,5,16754622944.75423
1665,78,7,2,1587,154,5,20909417653.751087
1665,78,8,1,1587,154,5,20909440752.75109
1665,78,8,2,1587,154,5,25843956480.716564
1665,78,9,1,1587,154,5,25843996840.71656
1665,78,9,2,1587,154,5,31625066819.65084
1665,78,10,1,1587,154,5,31625134482.650837
1665,78,10,2,1587,154,5,38319591944.55413
1665,78,11,1,1587,154,5,38319700846.55412
1665,78,11,2,1587,154,5,45994379023.426605
1665,78,12,1,1587,154,5,45994547884.426605
1665,78,12,2,1587,154,5,54716280008.26848
1665,78,13,1,1587,154,5,54716533312.26848
1665,78,13,2,1587,154,5,64552152615.07992
1665,78,14,1,1587,154,5,64552521680.07992
1665,78,14,2,1587,154,5,75568861393.86113
1665,78,15,1,1587,154,5,75569385531.86113
1665,78,15,2,1587,154,5,87833278888.61229
1665,78,16,1,1587,154,5,87834006655.61229
1665,78,16,2,1587,154,5,101412286887.33357
1665,78,17,1,1587,154,5,101413277423.33359
1665,78,17,2,1587,154,5,116372777762.02519
1665,78,18,1,1587,154,5,116374102221.02519
1665,78,18,2,1587,154,5,132781655898.6873
1665,78,19,1,1587,154,5,132783398968.6873
1665,78,19,2,1587,154,5,150705839217.3201
1665,78,20,1,1587,154,5,150708100730.32007
1665,78,20,2,1587,154,5,170212260781.9237
1665,78,21,1,1587,154,5,170215157413.9237
1665,78,21,2,1587,154,5,191367870500.49838
1665,78,22,1,1587,154,5,191371537561.49838
1665,78,22,2,1587,154,5,214239636915.04428
1665,78,23,1,1587,154,5,214244230229.04425
1665,78,23,2,1587,154,5,238894549081.5615
1665,78,24,1,1587,154,5,238900246956.56152
1665,78,24,2,1587,154,5,265399618540.0503
1665,78,25,1,1587,154,5,265406623828.05032
1665,78,25,2,1587,154,5,293821881374.5108
1665,78,26,1,1587,154,5,293830423621.5108
1665,78,26,2,1587,154,5,324228400362.94324
1665,78,27,1,1587,154,5,324238738048.94324
1665,78,27,2,1587,154,5,356686267217.34766
1665,78,28,1,1587,154,5,356698690086.34766
1665,78,28,2,1587,154,5,391262604913.7243
1665,78,29,1,1587,154,5,391277436393.72437
1665,78,29,2,1587,154,5,428024570112.0734
1665,78,30,1,1587,154,5,428042169825.07336
1665,78,30,2,1587,154,5,467039355666.395
1665,78,31,1,1587,154,5,467060122028.39496
1665,78,31,2,1587,154,5,508374193224.6893
1665,78,32,1,1587,154,5,508398566135.6893
1665,78,32,2,1587,154,5,552096355918.9564
1665,78,33,1,1587,154,5,552124819542.9564
1665,78,33,2,1587,154,5,598273161145.1967
1665,78,34,1,1587,154,5,598306246780.1967
1665,78,34,2,1587,154,5,646971973433.41
1665,78,35,1,1587,154,5,647010262471.4099
1665,78,35,2,1587,154,5,698260207407.5966
1665,78,36,1,1587,154,5,698304334384.5967
1665,78,36,2,1587,154,5,752205330835.7568
1665,78,37,1,1587,154,5,752255986571.757
1665,78,37,2,1587,154,5,808874867769.8907
1665,78,38,1,1587,154,5,808932802598.8906
1665,78,38,2,1587,154,5,868336401775.9982
1665,78,39,1,1587,154,5,868402428865.9983
1665,78,39,2,1587,154,5,930657579254.0798
1665,78,40,1,1587,154,5,930732578017.0798
1665,78,40,2,1587,154,5,995906112848.1355
1665,78,41,1,1587,154,5,995991032440.1354
1665,78,41,2,1587,154,5,1064149784946.1653
1665,78,42,1,1587,154,5,1064245647857.1653
1665,78,42,2,1587,154,5,1135456451270.1697
1665,78,43,1,1587,154,5,1135564357004.1694
1665,78,43,2,1587,154,5,1209894044556.1482
1665,78,44,1,1587,154,5,1210015173401.1484
1665,78,44,2,1587,154,5,1287530578324.1018
1665,78,45,1,1587,154,5,1287666195212.1018
1665,78,45,2,1587,154,5,1368434150738.0303
1665,78,46,1,1587,154,5,1368585609195.03
1665,78,46,2,1587,154,5,1452672948555.9333
1665,78,47,1,1587,154,5,1452841694741.9333
1665,78,47,2,1587,154,5,1540315251169.8118
1665,78,48,1,1587,154,5,1540502828008.8118
1665,78,48,2,1587,154,5,1631429434735.6653
1665,78,49,1,1587,154,5,1631637486135.6653
1665,78,49,2,1587,154,5,1726083976393.4941
1665,78,50,1,1587,154,5,1726314251556.4944
1665,78,50,2,1587,154,5,1824347458577.2986
1665,78,51,1,1587,154,5,1824601816399.2986
1665,78,51,2,1587,154,5,1926288573415.0786
1665,78,52,1,1587,154,5,1926568986976.0786
1665,78,52,2,1587,154,5,2031976127218.8345
1665,78,53,1,1587,154,5,2032284688362.8347
1665,78,53,2,1587,154,5,2141479045064.5664
1665,78,54,1,1587,154,5,2141817969069.5664
1665,78,54,2,1587,154,5,2254866375462.2744
1665,78,55,1,1587,154,5,2255238005800.2744
1665,78,55,2,1587,154,5,2372207295115.9585
1665,78,56,1,1587,154,5,2372614108302.958
1665,78,56,2,1587,154,5,2493571113773.618
1665,78,57,1,1587,154,5,2494015724309.6187
1665,78,57,2,1587,154,5,2619027279167.2554
1665,78,58,1,1587,154,5,2619512444566.2554
1665,78,58,2,1587,154,5,2748645382042.8687
1665,78,59,1,1587,154,5,2749174007952.8687
1665,78,59,2,1587,154,5,2882495161280.4585
1665,78,60,1,1587,154,5,2883070306693.4585
1665,78,60,2,1587,154,5,3020646509104.0254
1665,78,61,1,1587,154,5,3021271391656.0254
1665,78,61,2,1587,154,5,3163169476381.5693
1665,78,62,1,1587,154,5,3163847477742.569
1665,78,62,2,1587,154,5,3310134278015.09
1665,78,63,1,1587,154,5,3310868949369.09
1665,78,63,2,1587,154,5,3461611298420.588
1665,78,64,1,1587,154,5,3462406366035.5884
1665,78,64,2,1587,154,5,3617671097098.0635
1665,78,65,1,1587,154,5,3618530467986.063
1665,78,65,2,1587,154,5,3778384414291.5156
1665,78,66,1,1587,154,5,3779312181958.5156
1665,78,66,2,1587,154,5,3943822176738.9463
1665,78,67,1,1587,154,5,3944822627024.9463
1665,78,67,2,1587,154,5,4114055503512.3545
1665,78,68,1,1587,154,5,4115133120521.354
1665,78,68,2,1587,154,5,4289155711947.7397
1665,78,69,1,1587,154,5,4290315184067.74
1665,78,69,2,1587,154,5,4469194323665.104
1665,78,70,1,1587,154,5,4470440549678.104
1665,78,70,2,1587,154,5,4654243070678.444
1665,78,71,1,1587,154,5,4655581165960.445
1665,78,71,2,1587,154,5,4844373901595.766
1665,78,72,1,1587,154,5,4845809204406.765
1665,78,72,2,1587,154,5,5039658987909.0625
1665,78,73,1,1587,154,5,5041197065773.0625
1665,78,73,2,1587,154,5,5240170730374.339
1665,78,74,1,1587,154,5,5241817386549.34
1665,78,74,2,1587,154,5,5445981765481.595
1665,78,75,1,1587,154,5,5447743045519.595
1665,78,75,2,1587,154,5,5657164972014.828
1665,78,76,1,1587,154,5,5659047170411.827
1665,78,76,2,1587,154,5,5873793477702.04
1665,78,77,1,1587,154,5,5875803144638.04
1665,78,77,2,1587,154,5,6095940665955.231
1665,78,78,1,1587,154,5,6098084614124.23
1665,78,78,2,1587,154,5,6323680182700.4
1665,78,79,1,1587,154,5,6325965494230.4
1665,78,79,2,1587,154,5,6557085943297.55
1665,78,80,1,1587,154,5,6559519976760.55
1665,78,80,2,1587,154,5,6796232139550.679
1665,78,81,1,1587,154,5,6798822537062.678
1665,78,81,2,1587,154,5,7041193246807.785
1665,78,82,1,1587,154,5,7043947941218.785
1665,78,82,2,1587,154,5,7292044031150.871
1665,78,83,1,1587,154,5,7294971253324.872
1665,78,83,2,1587,154,5,7548859556675.938
1665,78,84,1,1587,154,5,7551967842860.9375
1665,78,84,2,1587,154,5,7811715192862.983
1665,78,85,1,1587,154,5,7815013392150.983
1665,78,85,2,1587,154,5,8080686622036.009
1665,78,86,1,1587,154,5,8084183903913.009
1665,78,86,2,1587,154,5,8355849846913.015
1665,78,87,1,1587,154,5,8359555708899.014
1665,78,87,2,1587,154,5,8637281198245.998
1665,78,88,1,1587,154,5,8641205473624.998
1665,78,88,2,1587,154,5,8925057342550.965
1665,78,89,1,1587,154,5,8929210208190.963
1665,78,89,2,1587,154,5,9219255289927.908
1665,78,90,1,1587,154,5,9223647274190.908
1665,78,90,2,1587,154,5,9519952401970.834
1665,78,91,1,1587,154,5,9524594392712.834
1665,78,91,2,1587,154,5,9827226399767.74
1665,78,92,1,1587,154,5,9832129652428.738
1665,78,92,2,1587,154,5,10141155371990.623
1665,78,93,1,1587,154,5,10146331517774.625
1665,78,93,2,1587,154,5,10461817783075.49
1665,78,94,1,1587,154,5,10467278837220.492
1665,78,94,2,1587,154,5,10789292481492.338
1665,78,95,1,1587,154,5,10795050851630.338
1665,78,95,2,1587,154,5,11123658708105.164
1665,78,96,1,1587,154,5,11129727202712.164
1665,78,96,2,1587,154,5,11464996104621.973
1665,78,97,1,1587,154,5,11471387941557.975
1665,78,97,2,1587,154,5,11813384722134.764
1665,78,98,1,1587,154,5,11820113537273.762
1665,78,98,2,1587,154,5,12168905029749.531
1665,78,99,1,1587,154,5,12175984885699.531
1665,78,99,2,1587,154,5,12531637923306.283
1665,78,100,1,1587,154,5,12539083318219.283
1665,78,100,2,1587,154,5,12901664734189.016
1665,78,101,1,1587,154,5,12909490610661.014
1665,78,101,2,1587,154,5,13279067238225.729
1665,78,102,1,1587,154,5,13287288992286.729
1665,78,102,2,1587,154,5,13663927664678.422
1665,78,103,1,1587,154,5,13672561154872.424
1665,78,103,2,1587,154,5,14056328705323.1
1665,78,104,1,1587,154,5,14065390261878.098
1665,78,104,2,1587,154,5,14456353523619.756
1665,78,105,1,1587,154,5,14465859957707.756
1665,78,105,2,1587,154,5,14864085763972.395
1665,78,106,1,1587,154,5,14874054377059.396
1665,78,106,2,1587,154,5,15279609561079.016
1665,78,107,1,1587,154,5,15290058154365.016
1665,78,107,2,1587,154,5,15703009549371.617
1665,78,108,1,1587,154,5,15713956433320.617
1665,78,108,2,1587,154,5,16134370872546.203
1665,78,109,1,1587,154,5,16145834876506.203
1665,78,109,2,1587,154,5,16573779193182.77
1665,78,110,1,1587,154,5,16585779675095.768
1665,78,110,2,1587,154,5,17021320702455.316
1665,78,111,1,1587,154,5,17033877558657.316
1665,78,111,2,1587,154,5,17477082129931.848
1665,78,112,1,1587,154,5,17490215805042.848
1665,78,112,2,1587,154,5,17941150753464.36
1665,78,113,1,1587,154,5,17954882250368.36
1665,78,113,2,1587,154,5,18413614409168.855
1665,78,114,1,1587,154,5,18427965299083.855
1665,78,114,2,1587,154,5,18894561501495.332
1665,78,115,1,1587,154,5,18909553934133.33
1665,78,115,2,1587,154,5,19384081013387.79
1665,78,116,1,1587,154,5,19399737727204.793
1665,78,116,2,1587,154,5,19882262516534.234
1665,78,117,1,1587,154,5,19898606849070.234
1665,78,117,2,1587,154,5,20389196181706.656
1665,78,118,1,1587,154,5,20406252080015.656
1665,78,118,2,1587,154,5,20904972789191.062
1665,78,119,1,1587,154,5,20922764820361.066
1665,78,119,2,1587,154,5,21429683739307.457
1665,78,120,1,1587,154,5,21448237101070.453
1665,78,120,2,1587,154,5,21963421063019.83
1665,78,121,1,1587,154,5,21982761594451.824
1665,78,121,2,1587,154,5,22506277432636.184
1665,78,122,1,1587,154,5,22526431624947.184
1665,78,122,2,1587,154,5,23058346172598.523
1665,78,123,1,1587,154,5,23079341180012.523
1665,78,123,2,1587,154,5,23619721270362.844
1665,78,124,1,1587,154,5,23641584921087.84
1665,78,124,2,1587,154,5,24190497387369.15
1665,78,125,1,1587,154,5,24213258194657.15
1665,78,125,2,1587,154,5,24770769870101.438
1665,78,126,1,1587,154,5,24794457043398.438
1665,78,126,2,1587,154,5,25360634761237.707
1665,78,127,1,1587,154,5,25385278217423.707
1665,78,127,2,1587,154,5,25960188810889.96
1665,78,128,1,1587,154,5,25985819185608.965
1665,78,128,2,1587,154,5,26569529487934.203
1665,78,129,1,1587,154,5,26596178147014.203
1665,78,129,2,1587,154,5,27188754991430.42
1665,78,130,1,1587,154,5,27216454042393.42
1665,78,130,2,1587,154,5,27817964262132.63
1665,78,131,1,1587,154,5,27846746565794.63
1665,78,131,2,1587,154,5,28457256994088.82
1665,78,132,1,1587,154,5,28487156176249.816
1665,78,132,2,1587,154,5,29106733646330.992
1665,78,133,1,1587,154,5,29137784109554.99
1665,78,133,2,1587,154,5,29766495454655.145
1665,78,134,1,1587,154,5,29798732390140.15
1665,78,134,2,1587,154,5,30436644443491.29
1665,78,135,1,1587,154,5,30470103843029.29
1665,78,135,2,1587,154,5,31117283437863.414
1665,78,136,1,1587,154,5,31152002105890.41
1665,78,136,2,1587,154,5,31808516075439.52
1665,78,137,1,1587,154,5,31844531641175.523
1665,78,137,2,1587,154,5,32510446818671.613
1665,78,138,1,1587,154,5,32547797748350.613
1665,78,138,2,1587,154,5,33223180967025.69
1665,78,139,1,1587,154,5,33261906576215.69
1665,78,139,2,1587,154,5,33946824669301.75
1665,78,140,1,1587,154,5,33986965135314.754
1665,78,140,2,1587,154,5,34681484936043.8
1665,78,141,1,1587,154,5,34723081310435.797
1665,78,141,2,1587,154,5,35427269652039.83
1665,78,142,1,1587,154,5,35470363873200.83
1665,78,142,2,1587,154,5,36184287588911.84
1665,78,143,1,1587,154,5,36228922494745.836
1665,78,143,2,1587,154,5,36952648417795.836
1665,78,144,1,1587,154,5,36998867758490.84
1665,78,144,2,1587,154,5,37732462722111.83
1665,78,145,1,1587,154,5,37780311172999.83
1665,78,145,2,1587,154,5,38523842010423.8
1665,78,146,1,1587,154,5,38573365184930.79
1665,78,146,2,1587,154,5,39326898729389.74
1665,78,147,1,1587,154,5,39378143192075.74
1665,78,147,2,1587,154,5,40141746276801.68
1665,78,148,1,1587,154,5,40194759556490.69
1665,78,148,2,1587,154,5,40968499014715.61
1665,78,149,1,1587,154,5,41023329617715.6
1665,78,149,2,1587,154,5,41807272282671.51
1665,78,150,1,1587,154,5,41863969706084.516
1665,78,150,2,1587,154,5,42658182411003.41
1665,78,151,1,1587,154,5,42716797156125.41
1665,78,151,2,1587,154,5,43521346734239.29
1665,78,152,1,1587,154,5,43581930320050.28
1665,78,152,2,1587,154,5,44396883604591.14
1665,78,153,1,1587,154,5,44459488581335.15
1665,78,153,2,1587,154,5,45284912405534.99
1665,78,154,1,1587,154,5,45349592368389.99
1665,78,154,2,1587,154,5,46185553565480.83
1665,78,155,1,1587,154,5,46252363168318.82
1665,78,155,2,1587,154,5,47098928571532.64
1665,78,156,1,1587,154,5,47167923540769.65
1665,78,156,2,1587,154,5,48025159983338.45
1708,79,1,1,1629,156,5,4736830005.881657
1708,79,1,2,1629,156,5,5662730586.208131
1708,79,2,1,1629,156,5,5662732417.208133
1708,79,2,2,1629,156,5,6987123788.50198
1708,79,3,1,1629,156,5,6987125902.50198
1708,79,3,2,1629,156,5,8780329972.763405
1708,79,4,1,1629,156,5,8780332697.763407
1708,79,4,2,1629,156,5,11112671374.992613
1708,79,5,1,1629,156,5,11112675482.992613
1708,79,5,2,1629,156,5,14054470675.189804
1708,79,6,1,1629,156,5,14054477732.189804
1708,79,6,2,1629,156,5,17676051347.35518
1708,79,7,1,1629,156,5,17676064153.35518
1708,79,7,2,1629,156,5,22047738099.488934
1708,79,8,1,1629,156,5,22047761218.488937
1708,79,8,2,1629,156,5,27239857403.59127
1708,79,9,1,1629,156,5,27239897783.59127
1708,79,9,2,1629,156,5,33322738115.662376
1708,79,10,1,1629,156,5,33322805798.662373
1708,79,10,2,1629,156,5,40366712185.702446
1708,79,11,1,1629,156,5,40366821107.702446
1708,79,11,2,1629,156,5,48442115457.71166
1708,79,12,1,1629,156,5,48442284338.71167
1708,79,12,2,1629,156,5,57619288559.69024
1708,79,13,1,1629,156,5,57619541883.69024
1708,79,13,2,1629,156,5,67968577883.638336
1708,79,14,1,1629,156,5,67968946968.638336
1708,79,14,2,1629,156,5,79560336655.55615
1708,79,15,1,1629,156,5,79560860813.55615
1708,79,15,2,1629,156,5,92464926095.44388
1708,79,16,1,1629,156,5,92465653882.44386
1708,79,16,2,1629,156,5,106752716667.30167
1708,79,17,1,1629,156,5,106753707223.30168
1708,79,17,2,1629,156,5,122494089419.12973
1708,79,18,1,1629,156,5,122495413898.12973
1708,79,18,2,1629,156,5,139759437412.92822
1708,79,19,1,1629,156,5,139761180502.92825
1708,79,19,2,1629,156,5,158619167244.69736
1708,79,20,1,1629,156,5,158621428777.69736
1708,79,20,2,1629,156,5,179143700654.43726
1708,79,21,1,1629,156,5,179146597306.43726
1708,79,21,2,1629,156,5,201403476226.14816
1708,79,22,1,1629,156,5,201407143307.14816
1708,79,22,2,1629,156,5,225468951177.8302
1708,79,23,1,1629,156,5,225473544511.83017
1708,79,23,2,1629,156,5,251410603241.48352
1708,79,24,1,1629,156,5,251416301136.48352
1708,79,24,2,1629,156,5,279298932633.10834
1708,79,25,1,1629,156,5,279305937941.10834
1708,79,25,2,1629,156,5,309204464112.7048
1708,79,26,1,1629,156,5,309213006379.70483
1708,79,26,2,1629,156,5,341197749134.27313
1708,79,27,1,1629,156,5,341208086840.2731
1708,79,27,2,1629,156,5,375349368085.81335
1708,79,28,1,1629,156,5,375361790974.81335
1708,79,28,2,1629,156,5,411729932619.32574
1708,79,29,1,1629,156,5,411744764119.3258
1708,79,29,2,1629,156,5,450410088070.81055
1708,79,30,1,1629,156,5,450427687803.81055
1708,79,30,2,1629,156,5,491460515970.2677
1708,79,31,1,1629,156,5,491481282352.2677
1708,79,31,2,1629,156,5,534951936641.6975
1708,79,32,1,1629,156,5,534976309572.6976
1708,79,32,2,1629,156,5,580955111893.1001
1708,79,33,1,1629,156,5,580983575537.1001
1708,79,33,2,1629,156,5,629540847796.4757
1708,79,34,1,1629,156,5,629573933451.4757
1708,79,34,2,1629,156,5,680779997557.8243
1708,79,35,1,1629,156,5,680818286615.8243
1708,79,35,2,1629,156,5,734743464477.1461
1708,79,36,1,1629,156,5,734787591474.1462
1708,79,36,2,1629,156,5,791502204998.4415
1708,79,37,1,1629,156,5,791552860754.4415
1708,79,37,2,1629,156,5,851127231849.7104
1708,79,38,1,1629,156,5,851185166698.7103
1708,79,38,2,1629,156,5,913689617272.9529
1708,79,39,1,1629,156,5,913755644382.9529
1708,79,39,2,1629,156,5,979260496344.1693
1708,79,40,1,1629,156,5,979335495127.1693
1708,79,40,2,1629,156,5,1047911070383.3597
1708,79,41,1,1629,156,5,1047995989995.3597
1708,79,41,2,1629,156,5,1119712610454.5244
1708,79,42,1,1629,156,5,1119808473385.5244
1708,79,42,2,1629,156,5,1194736460955.663
1708,79,43,1,1629,156,5,1194844366709.663
1708,79,43,2,1629,156,5,1273054043298.7764
1708,79,44,1,1629,156,5,1273175172163.7766
1708,79,44,2,1629,156,5,1354736859679.8645
1708,79,45,1,1629,156,5,1354872476587.8643
1708,79,45,2,1629,156,5,1439856496938.927
1708,79,46,1,1629,156,5,1440007955415.927
1708,79,46,2,1629,156,5,1528484630509.9644
1708,79,47,1,1629,156,5,1528653376715.9646
1708,79,47,2,1629,156,5,1620693028460.9768
1708,79,48,1,1629,156,5,1620880605319.9768
1708,79,48,2,1629,156,5,1716553555623.9644
1708,79,49,1,1629,156,5,1716761607043.9644
1708,79,49,2,1629,156,5,1816138177814.9272
1708,79,50,1,1629,156,5,1816368452997.9275
1708,79,50,2,1629,156,5,1919518966143.8657
1708,79,51,1,1629,156,5,1919773323985.8657
1708,79,51,2,1629,156,5,2026768101414.7793
1708,79,52,1,1629,156,5,2027048514995.7793
1708,79,52,2,1629,156,5,2137957878615.6687
1708,79,53,1,1629,156,5,2138266439779.669
1708,79,53,2,1629,156,5,2253160711498.534
1708,79,54,1,1629,156,5,2253499635523.534
1708,79,54,2,1629,156,5,2372449137249.3755
1708,79,55,1,1629,156,5,2372820767607.3755
1708,79,55,2,1629,156,5,2495895821248.193
1708,79,56,1,1629,156,5,2496302634455.193
1708,79,56,2,1629,156,5,2623573561918.986
1708,79,57,1,1629,156,5,2624018172474.9863
1708,79,57,2,1629,156,5,2755555295669.756
1708,79,58,1,1629,156,5,2756040461088.7563
1708,79,58,2,1629,156,5,2891914101922.5024
1708,79,59,1,1629,156,5,2892442727852.5024
1708,79,59,2,1629,156,5,3032723208233.225
1708,79,60,1,1629,156,5,3033298353666.2256
1708,79,60,2,1629,156,5,3178055995501.925
1708,79,61,1,1629,156,5,3178680878073.9253
1708,79,61,2,1629,156,5,3327986003272.6016
1708,79,62,1,1629,156,5,3328664004653.601
1708,79,62,2,1629,156,5,3482586935123.2544
1708,79,63,1,1629,156,5,3483321606497.255
1708,79,63,2,1629,156,5,3641932664145.8853
1708,79,64,1,1629,156,5,3642727731780.8853
1708,79,64,2,1629,156,5,3806097238516.493
1708,79,65,1,1629,156,5,3806956609424.4927
1708,79,65,2,1629,156,5,3975154887155.0776
1708,79,66,1,1629,156,5,3976082654842.078
1708,79,66,2,1629,156,5,4149180025475.6406
1708,79,67,1,1629,156,5,4150180475781.6406
1708,79,67,2,1629,156,5,4328247261226.18
1708,79,68,1,1629,156,5,4329324878255.18
1708,79,68,2,1629,156,5,4512431400418.698
1708,79,69,1,1629,156,5,4513590872558.698
1708,79,69,2,1629,156,5,4701807453349.193
1708,79,70,1,1629,156,5,4703053679382.193
1708,79,70,2,1629,156,5,4896450640707.667
1708,79,71,1,1629,156,5,4897788736009.667
1708,79,71,2,1629,156,5,5096436399778.118
1708,79,72,1,1629,156,5,5097871702609.118
1708,79,72,2,1629,156,5,5301840390728.548
1708,79,73,1,1629,156,5,5303378468612.548
1708,79,73,2,1629,156,5,5512738502990.955
1708,79,74,1,1629,156,5,5514385159185.956
1708,79,74,2,1629,156,5,5729206861731.342
1708,79,75,1,1629,156,5,5730968141789.342
1708,79,75,2,1629,156,5,5951321834409.706
1708,79,76,1,1629,156,5,5953204032826.706
1708,79,76,2,1629,156,5,6179160037430.049
1708,79,77,1,1629,156,5,6181169704386.05
1708,79,77,2,1629,156,5,6412798342880.371
1708,79,78,1,1629,156,5,6414942291069.371
1708,79,78,2,1629,156,5,6652313885362.672
1708,79,79,1,1629,156,5,6654599196912.671
1708,79,79,2,1629,156,5,6897784068912.951
1708,79,80,1,1629,156,5,6900218102395.952
1708,79,80,2,1629,156,5,7149286574011.21
1708,79,81,1,1629,156,5,7151876971543.21
1708,79,81,2,1629,156,5,7406899364681.447
1708,79,82,1,1629,156,5,7409654059112.447
1708,79,82,2,1629,156,5,7670700695681.664
1708,79,83,1,1629,156,5,7673627917875.665
1708,79,83,2,1629,156,5,7940769119783.86
1708,79,84,1,1629,156,5,7943877405988.86
1708,79,84,2,1629,156,5,8217183495144.036
1708,79,85,1,1629,156,5,8220481694452.036
1708,79,85,2,1629,156,5,8500022992762.191
1708,79,86,1,1629,156,5,8503520274659.192
1708,79,86,2,1629,156,5,8789367104032.327
1708,79,87,1,1629,156,5,8793072966038.326
1708,79,87,2,1629,156,5,9085295648382.441
1708,79,88,1,1629,156,5,9089219923781.441
1708,79,88,2,1629,156,5,9387888781004.537
1708,79,89,1,1629,156,5,9392041646664.535
1708,79,89,2,1629,156,5,9697227000674.61
1708,79,90,1,1629,156,5,9701618984957.61
1708,79,90,2,1629,156,5,10013391157662.664
1708,79,91,1,1629,156,5,10018033148424.664
1708,79,91,2,1629,156,5,10336462461732.7
1708,79,92,1,1629,156,5,10341365714413.697
1708,79,92,2,1629,156,5,10666522490232.713
1708,79,93,1,1629,156,5,10671698636036.713
1708,79,93,2,1629,156,5,11003653196274.709
1708,79,94,1,1629,156,5,11009114250439.709
1708,79,94,2,1629,156,5,11347936917004.686
1708,79,95,1,1629,156,5,11353695287162.684
1708,79,95,2,1629,156,5,11699456381962.639
1708,79,96,1,1629,156,5,11705524876589.64
1708,79,96,2,1629,156,5,12058294721532.576
1708,79,97,1,1629,156,5,12064686558488.578
1708,79,97,2,1629,156,5,12424535475482.494
1708,79,98,1,1629,156,5,12431264290641.494
1708,79,98,2,1629,156,5,12798262601594.393
1708,79,99,1,1629,156,5,12805342457564.393
1708,79,99,2,1629,156,5,13179560484384.271
1708,79,100,1,1629,156,5,13187005879317.271
1708,79,100,2,1629,156,5,13568513943912.133
1708,79,101,1,1629,156,5,13576339820404.13
1708,79,101,2,1629,156,5,13965208244681.973
1708,79,102,1,1629,156,5,13973429998762.973
1708,79,102,2,1629,156,5,14369729104631.795
1708,79,103,1,1629,156,5,14378362594845.795
1708,79,103,2,1629,156,5,14782162704213.6
1708,79,104,1,1629,156,5,14791224260788.598
1708,79,104,2,1629,156,5,15202595695563.383
1708,79,105,1,1629,156,5,15212102129671.383
1708,79,105,2,1629,156,5,15631115211761.15
1708,79,106,1,1629,156,5,15641083824868.15
1708,79,106,2,1629,156,5,16067808876180.898
1708,79,107,1,1629,156,5,16078257469486.896
1708,79,107,2,1629,156,5,16512764811930.627
1708,79,108,1,1629,156,5,16523711695899.627
1708,79,108,2,1629,156,5,16966071651382.34
1708,79,109,1,1629,156,5,16977535655362.34
1708,79,109,2,1629,156,5,17427818545792.033
1708,79,110,1,1629,156,5,17439819027725.031
1708,79,110,2,1629,156,5,17898095175009.707
1708,79,111,1,1629,156,5,17910652031231.707
1708,79,111,2,1629,156,5,18376991757279.363
1708,79,112,1,1629,156,5,18390125432410.363
1708,79,112,2,1629,156,5,18864599059129.0
1708,79,113,1,1629,156,5,18878330556053.004
1708,79,113,2,1629,156,5,19361008405350.625
1708,79,114,1,1629,156,5,19375359295285.625
1708,79,114,2,1629,156,5,19866311689070.227
1708,79,115,1,1629,156,5,19881304121728.227
1708,79,115,2,1629,156,5,20380601381907.812
1708,79,116,1,1629,156,5,20396258095744.812
1708,79,116,2,1629,156,5,20903970544227.383
1708,79,117,1,1629,156,5,20920314876783.38
1708,79,117,2,1629,156,5,21436512835476.93
1708,79,118,1,1629,156,5,21453568733805.93
1708,79,118,2,1629,156,5,21978322524618.46
1708,79,119,1,1629,156,5,21996114555808.465
1708,79,119,2,1629,156,5,22529494500647.98
1708,79,120,1,1629,156,5,22548047862430.98
1708,79,120,2,1629,156,5,23090124283205.477
1708,79,121,1,1629,156,5,23109464814657.477
1708,79,121,2,1629,156,5,23660308033274.957
1708,79,122,1,1629,156,5,23680462225605.96
1708,79,122,2,1629,156,5,24240142563974.426
1708,79,123,1,1629,156,5,24261137571408.42
1708,79,123,2,1629,156,5,24829725351435.867
1708,79,124,1,1629,156,5,24851589002180.867
1708,79,124,2,1629,156,5,25429154545775.297
1708,79,125,1,1629,156,5,25451915353083.3
1708,79,125,2,1629,156,5,26038528982152.715
1708,79,126,1,1629,156,5,26062216155469.71
1708,79,126,2,1629,156,5,26657948191922.11
1708,79,127,1,1629,156,5,26682591648128.105
1708,79,127,2,1629,156,5,27287512413871.49
1708,79,128,1,1629,156,5,27313142788610.49
1708,79,128,2,1629,156,5,27927322605552.85
1708,79,129,1,1629,156,5,27953971264652.85
1708,79,129,2,1629,156,5,28577480454702.195
1708,79,130,1,1629,156,5,28605179505685.195
1708,79,130,2,1629,156,5,29238088390749.523
1708,79,131,1,1629,156,5,29266870694431.527
1708,79,131,2,1629,156,5,29909249596418.84
1708,79,132,1,1629,156,5,29939148778599.84
1708,79,132,2,1629,156,5,30591068019418.137
1708,79,133,1,1629,156,5,30622118482662.137
1708,79,133,2,1629,156,5,31283648384219.414
1708,79,134,1,1629,156,5,31315885319724.418
1708,79,134,2,1629,156,5,31987096203928.684
1708,79,135,1,1629,156,5,32020555603486.68
1708,79,135,2,1629,156,5,32701517792245.93
1708,79,136,1,1629,156,5,32736236460292.926
1708,79,136,2,1629,156,5,33427020275515.16
1708,79,137,1,1629,156,5,33463035841271.16
1708,79,137,2,1629,156,5,34163711604864.38
1708,79,138,1,1629,156,5,34201062534563.375
1708,79,138,2,1629,156,5,34911700568435.58
1708,79,139,1,1629,156,5,34950426177645.574
1708,79,139,2,1629,156,5,35671096803704.766
1708,79,140,1,1629,156,5,35711237269737.76
1708,79,140,2,1629,156,5,36442010809891.93
1708,79,141,1,1629,156,5,36483607184303.93
1708,79,141,2,1629,156,5,37224553960461.08
1708,79,142,1,1629,156,5,37267648181642.086
1708,79,142,2,1629,156,5,38018838515710.22
1708,79,143,1,1629,156,5,38063473421564.22
1708,79,143,2,1629,156,5,38824977635451.336
1708,79,144,1,1629,156,5,38871196976166.34
1708,79,144,2,1629,156,5,39643085391780.445
1708,79,145,1,1629,156,5,39690933842688.445
1708,79,145,2,1629,156,5,40473276781937.54
1708,79,146,1,1629,156,5,40522799956464.53
1708,79,146,2,1629,156,5,41315667741256.61
1708,79,147,1,1629,156,5,41366912203962.61
1708,79,147,2,1629,156,5,42170375156205.67
1708,79,148,1,1629,156,5,42223388435914.67
1708,79,148,2,1629,156,5,43037516877516.72
1708,79,149,1,1629,156,5,43092347480536.71
1708,79,149,2,1629,156,5,43917211733405.74
1708,79,150,1,1629,156,5,43973909156838.74
1708,79,150,2,1629,156,5,44809579542882.76
1708,79,151,1,1629,156,5,44868194288024.76
1708,79,151,2,1629,156,5,45714741129151.76
1708,79,152,1,1629,156,5,45775324714982.76
1708,79,152,2,1629,156,5,46632818333100.74
1708,79,153,1,1629,156,5,46695423309864.74
1708,79,153,2,1629,156,5,47563934026881.71
1708,79,154,1,1629,156,5,47628613989756.71
1708,79,154,2,1629,156,5,48508212127580.664
1708,79,155,1,1629,156,5,48575021730438.664
1708,79,155,2,1629,156,5,49465777610977.6
1708,79,156,1,1629,156,5,49534772580234.6
1708,79,156,2,1629,156,5,50436756525396.53
1708,79,157,1,1629,156,5,50507993673952.53
1708,79,157,2,1629,156,5,51421276005645.44
1708,79,158,1,1629,156,5,51494813246914.44
1708,79,158,2,1629,156,5,52419464287046.33
1753,80,1,1,1673,158,5,5038506770.32943
1753,80,1,2,1673,158,5,6013729293.802052
1753,80,2,1,1673,158,5,6013731144.8020525
1753,80,2,2,1673,158,5,7408671679.241999
1753,80,3,1,1673,158,5,7408673813.241999
1753,80,3,2,1673,158,5,9297400246.649471
1753,80,4,1,1673,158,5,9297402991.649471
1753,80,4,2,1673,158,5,11753983212.024673
1753,80,5,1,1673,158,5,11753987340.024673
1753,80,5,2,1673,158,5,14852489235.367804
1753,80,6,1,1673,158,5,14852496312.367804
1753,80,6,2,1673,158,5,18666987770.67906
1753,80,7,1,1673,158,5,18667000596.679058
1753,80,7,2,1673,158,5,23271549505.958637
1753,80,8,1,1673,158,5,23271572644.958637
1753,80,8,2,1673,158,5,28740246893.206734
1753,80,9,1,1673,158,5,28740287293.206734
1753,80,9,2,1673,158,5,35147154768.42354
1753,80,10,1,1673,158,5,35147222471.42354
1753,80,10,2,1673,158,5,42566351061.60924
1753,80,11,1,1673,158,5,42566460003.60923
1753,80,11,2,1673,158,5,51071917596.764015
1753,80,12,1,1673,158,5,51072086497.76402
1753,80,12,2,1673,158,5,60737940981.888084
1753,80,13,1,1673,158,5,60738194325.888084
1753,80,13,2,1673,158,5,71638513588.9816
1753,80,14,1,1673,158,5,71638882693.98161
1753,80,14,2,1673,158,5,83847734624.04478
1753,80,15,1,1673,158,5,83848258802.04477
1753,80,15,2,1673,158,5,97439711287.07776
1753,80,16,1,1673,158,5,97440439094.07776
1753,80,16,2,1673,158,5,112488560022.08075
1753,80,17,1,1673,158,5,112489550598.08076
1753,80,17,2,1673,158,5,129068407857.05394
1753,80,18,1,1673,158,5,129069732356.05394
1753,80,18,2,1673,158,5,147253393833.9975
1753,80,19,1,1673,158,5,147255136943.9975
1753,80,19,2,1673,158,5,167117670528.9116
1753,80,20,1,1673,158,5,167119932081.91156
1753,80,20,2,1673,158,5,188735405661.79636
1753,80,21,1,1673,158,5,188738302333.79636
1753,80,21,2,1673,158,5,212180783796.65204
1753,80,22,1,1673,158,5,212184450897.65204
1753,80,22,2,1673,158,5,237528008131.4788
1753,80,23,1,1673,158,5,237532601485.47876
1753,80,23,2,1673,158,5,264851302378.2767
1753,80,24,1,1673,158,5,264857000293.27673
1753,80,24,2,1673,158,5,294224912733.0461
1753,80,25,1,1673,158,5,294231918061.0461
1753,80,25,2,1673,158,5,325723109935.7869
1753,80,26,1,1673,158,5,325731652222.787
1753,80,26,2,1673,158,5,359420191420.49963
1753,80,27,1,1673,158,5,359430529146.49963
1753,80,27,2,1673,158,5,395390483555.18414
1753,80,28,1,1673,158,5,395402906464.18414
1753,80,28,2,1673,158,5,433708343971.8407
1753,80,29,1,1673,158,5,433723175491.84076
1753,80,29,2,1673,158,5,474448163986.46954
1753,80,30,1,1673,158,5,474465763739.4695
1753,80,30,2,1673,158,5,517684371109.0707
1753,80,31,1,1673,158,5,517705137511.0706
1753,80,31,2,1673,158,5,563491431643.6444
1753,80,32,1,1673,158,5,563515804594.6443
1753,80,32,2,1673,158,5,611943853378.1907
1753,80,33,1,1673,158,5,611972317042.1907
1753,80,33,2,1673,158,5,663116188364.71
1753,80,34,1,1673,158,5,663149274039.71
1753,80,34,2,1673,158,5,717083035789.2021
1753,80,35,1,1673,158,5,717121324867.202
1753,80,35,2,1673,158,5,773919044931.6674
1753,80,36,1,1673,158,5,773963171948.6675
1753,80,36,2,1673,158,5,833698918216.1062
1753,80,37,1,1673,158,5,833749573992.1062
1753,80,37,2,1673,158,5,896497414350.5182
1753,80,38,1,1673,158,5,896555349219.5182
1753,80,38,2,1673,158,5,962389351556.9039
1753,80,39,1,1673,158,5,962455378686.9039
1753,80,39,2,1673,158,5,1031449610891.2634
1753,80,40,1,1673,158,5,1031524609694.2634
1753,80,40,2,1673,158,5,1103753139653.5967
1753,80,41,1,1673,158,5,1103838059285.597
1753,80,41,2,1673,158,5,1179374954887.904
1753,80,42,1,1673,158,5,1179470817838.904
1753,80,42,2,1673,158,5,1258390146972.1855
1753,80,43,1,1673,158,5,1258498052746.1855
1753,80,43,2,1673,158,5,1340873883298.4414
1753,80,44,1,1673,158,5,1340995012183.4417
1753,80,44,2,1673,158,5,1426901412042.672
1753,80,45,1,1673,158,5,1427037028970.6719
1753,80,45,2,1673,158,5,1516548066024.877
1753,80,46,1,1673,158,5,1516699524521.8767
1753,80,46,2,1673,158,5,1609889266659.0564
1753,80,47,1,1673,158,5,1610058012885.0566
1753,80,47,2,1673,158,5,1707000527993.2112
1753,80,48,1,1673,158,5,1707188104872.2112
1753,80,48,2,1673,158,5,1807957460839.3408
1753,80,49,1,1673,158,5,1808165512279.3406
1753,80,49,2,1673,158,5,1912835776993.4456
1753,80,50,1,1673,158,5,1913066052196.4456
1753,80,50,2,1673,158,5,2021711293545.5256
1753,80,51,1,1673,158,5,2021965651407.5256
1753,80,51,2,1673,158,5,2134659937279.581
1753,80,52,1,1673,158,5,2134940350880.581
1753,80,52,2,1673,158,5,2251757749163.6123
1753,80,53,1,1673,158,5,2252066310347.612
1753,80,53,2,1673,158,5,2373080888929.6187
1753,80,54,1,1673,158,5,2373419812974.6187
1753,80,54,2,1673,158,5,2498705639743.6016
1753,80,55,1,1673,158,5,2499077270121.6016
1753,80,55,2,1673,158,5,2628708412965.56
1753,80,56,1,1673,158,5,2629115226192.5596
1753,80,56,2,1673,158,5,2763165752999.4946
1753,80,57,1,1673,158,5,2763610363575.4946
1753,80,57,2,1673,158,5,2902154342233.4053
1753,80,58,1,1673,158,5,2902639507672.4053
1753,80,58,2,1673,158,5,3045751006069.2925
1753,80,59,1,1673,158,5,3046279632019.2925
1753,80,59,2,1673,158,5,3194032718043.156
1753,80,60,1,1673,158,5,3194607863496.1562
1753,80,60,2,1673,158,5,3347076605034.996
1753,80,61,1,1673,158,5,3347701487626.9966
1753,80,61,2,1673,158,5,3504959952568.813
1753,80,62,1,1673,158,5,3505637953969.813
1753,80,62,2,1673,158,5,3667760210202.6064
1753,80,63,1,1673,158,5,3668494881596.6064
1753,80,63,2,1673,158,5,3835554997008.3774
1753,80,64,1,1673,158,5,3836350064663.3774
1753,80,64,2,1673,158,5,4008422107142.1255
1753,80,65,1,1673,158,5,4009281478070.125
1753,80,65,2,1673,158,5,4186439515503.85
1753,80,66,1,1673,158,5,4187367283210.85
1753,80,66,2,1673,158,5,4369685383487.5522
1753,80,67,1,1673,158,5,4370685833813.5522
1753,80,67,2,1673,158,5,4558238064821.231
1753,80,68,1,1673,158,5,4559315681870.232
1753,80,68,2,1673,158,5,4752176111496.89
1753,80,69,1,1673,158,5,4753335583656.889
1753,80,69,2,1673,158,5,4951578279790.523
1753,80,70,1,1673,158,5,4952824505843.523
1753,80,70,2,1673,158,5,5156523536372.136
1753,80,71,1,1673,158,5,5157861631694.137
1753,80,71,2,1673,158,5,5367091064505.728
1753,80,72,1,1673,158,5,5368526367356.727
1753,80,72,2,1673,158,5,5583360270339.296
1753,80,73,1,1673,158,5,5584898348243.295
1753,80,73,2,1673,158,5,5805410789284.842
1753,80,74,1,1673,158,5,5807057445499.843
1753,80,74,2,1673,158,5,6033322492488.367
1753,80,75,1,1673,158,5,6035083772566.367
1753,80,75,2,1673,158,5,6267175493389.87
1753,80,76,1,1673,158,5,6269057691826.87
1753,80,76,2,1673,158,5,6507050154373.352
1753,80,77,1,1673,158,5,6509059821349.353
1753,80,77,2,1673,158,5,6753027093506.8125
1753,80,78,1,1673,158,5,6755171041715.8125
1753,80,78,2,1673,158,5,7005187191372.251
1753,80,79,1,1673,158,5,7007472502942.251
1753,80,79,2,1673,158,5,7263611597985.668
1753,80,80,1,1673,158,5,7266045631488.669
1753,80,80,2,1673,158,5,7528381739807.065
1753,80,81,1,1673,158,5,7530972137359.064
1753,80,81,2,1673,158,5,7799579326840.44
1753,80,82,1,1673,158,5,7802334021291.44
1753,80,82,2,1673,158,5,8077286359823.795
1753,80,83,1,1673,158,5,8080213582037.795
1753,80,83,2,1673,158,5,8361585137509.129
1753,80,84,1,1673,158,5,8364693423734.129
1753,80,84,2,1673,158,5,8652558264032.441
1753,80,85,1,1673,158,5,8655856463360.441
1753,80,85,2,1673,158,5,8950288656373.734
1753,80,86,1,1673,158,5,8953785938290.732
1753,80,86,2,1673,158,5,9254859551907.006
1753,80,87,1,1673,158,5,9258565413933.006
1753,80,87,2,1673,158,5,9566354516040.258
1753,80,88,1,1673,158,5,9570278791459.258
1753,80,88,2,1673,158,5,9884857449945.49
1753,80,89,1,1673,158,5,9889010315625.488
1753,80,89,2,1673,158,5,10210452598378.7
1753,80,90,1,1673,158,5,10214844582681.7
1753,80,90,2,1673,158,5,10543224557589.89
1753,80,91,1,1673,158,5,10547866548371.893
1753,80,91,2,1673,158,5,10883258283323.062
1753,80,92,1,1673,158,5,10888161536024.06
1753,80,92,2,1673,158,5,11230639098906.213
1753,80,93,1,1673,158,5,11235815244730.213
1753,80,93,2,1673,158,5,11585452703431.344
1753,80,94,1,1673,158,5,11590913757616.346
1753,80,94,2,1673,158,5,11947785180024.457
1753,80,95,1,1673,158,5,11953543550202.455
1753,80,95,2,1673,158,5,12317723004205.547
1753,80,96,1,1673,158,5,12323791498852.547
1753,80,96,2,1673,158,5,12695353052338.62
1753,80,97,1,1673,158,5,12701744889314.621
1753,80,97,2,1673,158,5,13080762610171.674
1753,80,98,1,1673,158,5,13087491425350.672
1753,80,98,2,1673,158,5,13474039381466.705
1753,80,99,1,1673,158,5,13481119237456.707
1753,80,99,2,1673,158,5,13875271496719.72
1753,80,100,1,1673,158,5,13882716891672.72
1753,80,100,2,1673,158,5,14284547521970.717
1753,80,101,1,1673,158,5,14292373398482.715
1753,80,101,2,1673,158,5,14701956467703.691
1753,80,102,1,1673,158,5,14710178221804.691
1753,80,102,2,1673,158,5,15127587797836.648
1753,80,103,1,1673,158,5,15136221288070.65
1753,80,103,2,1673,158,5,15561531438801.588
1753,80,104,1,1673,158,5,15570592995396.588
1753,80,104,2,1673,158,5,16003877788714.506
1753,80,105,1,1673,158,5,16013384222842.508
1753,80,105,2,1673,158,5,16454717726635.408
1753,80,106,1,1673,158,5,16464686339762.408
1753,80,106,2,1673,158,5,16914142621918.291
1753,80,107,1,1673,158,5,16924591215244.29
1753,80,107,2,1673,158,5,17382244343651.154
1753,80,108,1,1673,158,5,17393191227640.154
1753,80,108,2,1673,158,5,17859115270186.0
1753,80,109,1,1673,158,5,17870579274185.996
1753,80,109,2,1673,158,5,18344848298758.824
1753,80,110,1,1673,158,5,18356848780711.83
1753,80,110,2,1673,158,5,18839536855199.637
1753,80,111,1,1673,158,5,18852093711441.633
1753,80,111,2,1673,158,5,19343274903732.426
1753,80,112,1,1673,158,5,19356408578883.426
1753,80,112,2,1673,158,5,19856156956865.195
1753,80,113,1,1673,158,5,19869888453809.2
1753,80,113,2,1673,158,5,20378278085369.953
1753,80,114,1,1673,158,5,20392628975324.953
1753,80,114,2,1673,158,5,20909733928352.688
1753,80,115,1,1673,158,5,20924726361030.688
1753,80,115,2,1673,158,5,21450620703413.406
1753,80,116,1,1673,158,5,21466277417270.41
1753,80,116,2,1673,158,5,22001035216896.11
1753,80,117,1,1673,158,5,22017379549472.11
1753,80,117,2,1673,158,5,22561074874228.79
1753,80,118,1,1673,158,5,22578130772577.79
1753,80,118,2,1673,158,5,23130837690353.457
1753,80,119,1,1673,158,5,23148629721563.457
1753,80,119,2,1673,158,5,23710422300246.105
1753,80,120,1,1673,158,5,23728975662049.105
1753,80,120,2,1673,158,5,24299927969526.734
1753,80,121,1,1673,158,5,24319268500998.734
1753,80,121,2,1673,158,5,24899454605159.348
1753,80,122,1,1673,158,5,24919608797510.348
1753,80,122,2,1673,158,5,25509102766241.945
1753,80,123,1,1673,158,5,25530097773695.945
1753,80,123,2,1673,158,5,26128973674886.523
1753,80,124,1,1673,158,5,26150837325651.52
1753,80,124,2,1673,158,5,26759169227189.082
1753,80,125,1,1673,158,5,26781930034517.086
1753,80,125,2,1673,158,5,27399792004289.63
1753,80,126,1,1673,158,5,27423479177626.63
1753,80,126,2,1673,158,5,28050945283522.156
1753,80,127,1,1673,158,5,28075588739748.156
1753,80,127,2,1673,158,5,28712733049654.668
1753,80,128,1,1673,158,5,28738363424413.668
1753,80,128,2,1673,158,5,29385260006219.16
1753,80,129,1,1673,158,5,29411908665339.16
1753,80,129,2,1673,158,5,30068631586931.637
1753,80,130,1,1673,158,5,30096330637934.637
1753,80,130,2,1673,158,5,30762953967202.098
1753,80,131,1,1673,158,5,30791736270904.1
1753,80,131,2,1673,158,5,31468334075734.543
1753,80,132,1,1673,158,5,31498233257935.543
1753,80,132,2,1673,158,5,32184879606216.97
1753,80,133,1,1673,158,5,32215930069480.97
1753,80,133,2,1673,158,5,32912699029101.38
1753,80,134,1,1673,158,5,32944935964626.383
1753,80,134,2,1673,158,5,33651901603473.777
1753,80,135,1,1673,158,5,33685361003051.773
1753,80,135,2,1673,158,5,34402597389014.152
1753,80,136,1,1673,158,5,34437316057081.152
1753,80,136,2,1673,158,5,35164897258046.51
1753,80,137,1,1673,158,5,35200912823822.516
1753,80,137,2,1673,158,5,35938912907678.86
1753,80,138,1,1673,158,5,35976263837397.86
1753,80,138,2,1673,158,5,36724756872033.19
1753,80,139,1,1673,158,5,36763482481263.195
1753,80,139,2,1673,158,5,37522542534565.51
1753,80,140,1,1673,158,5,37562683000618.5
1753,80,140,2,1673,158,5,38332384140475.8
1753,80,141,1,1673,158,5,38373980514907.805
1753,80,141,2,1673,158,5,39154396809208.086
1753,80,142,1,1673,158,5,39197491030409.086
1753,80,142,2,1673,158,5,39988696547040.35
1753,80,143,1,1673,158,5,40033331452914.34
1753,80,143,2,1673,158,5,40835400259764.6
1753,80,144,1,1673,158,5,40881619600499.6
1753,80,144,2,1673,158,5,41694625765456.836
1753,80,145,1,1673,158,5,41742474216384.836
1753,80,145,2,1673,158,5,42566491807337.055
1753,80,146,1,1673,158,5,42616014981884.055
1753,80,146,2,1673,158,5,43451118066719.26
1753,80,147,1,1673,158,5,43502362529445.26
1753,80,147,2,1673,158,5,44348625176051.445
1753,80,148,1,1673,158,5,44401638455780.445
1753,80,148,2,1673,158,5,45259134732045.62
1753,80,149,1,1673,158,5,45313965335085.62
1753,80,149,2,1673,158,5,46182769308897.77
1753,80,150,1,1673,158,5,46239466732350.77
1753,80,150,2,1673,158,5,47119652471597.914
1753,80,151,1,1673,158,5,47178267216759.92
1753,80,151,2,1673,158,5,48069908789330.05
1753,80,152,1,1673,158,5,48130492375181.04
1753,80,152,2,1673,158,5,49033663848962.15
1753,80,153,1,1673,158,5,49096268825746.16
1753,80,153,2,1673,158,5,50011044268626.25
1753,80,154,1,1673,158,5,50075724231521.26
1753,80,154,2,1673,158,5,51002177711388.336
1753,80,155,1,1673,158,5,51068987314266.33
1753,80,155,2,1673,158,5,52007192899008.4
1753,80,156,1,1673,158,5,52076187868285.4
1753,80,156,2,1673,158,5,53026219625790.45
1753,80,157,1,1673,158,5,53097456774366.45
1753,80,157,2,1673,158,5,54059388772522.49
1753,80,158,1,1673,158,5,54132926013811.484
1753,80,158,2,1673,158,5,55106832320506.51
1753,80,159,1,1673,158,5,55182728682556.51
1753,80,159,2,1673,158,5,56168683365678.516
1753,80,160,1,1673,158,5,56246999005381.52
1753,80,160,2,1673,158,5,57245076132818.516
1770,81,1,1,1688,160,5,5186835731.354243
1770,81,1,2,1688,160,5,6181024057.790109
1770,81,2,1,1688,160,5,6181025928.79011
1770,81,2,2,1688,160,5,7603094782.193816
1770,81,3,1,1688,160,5,7603096936.193815
1770,81,3,2,1688,160,5,9528554648.56556
1770,81,4,1,1688,160,5,9528557413.56556
1770,81,4,2,1688,160,5,12032912316.905539
1770,81,5,1,1688,160,5,12032916464.905537
1770,81,5,2,1688,160,5,15191676891.213942
1770,81,6,1,1688,160,5,15191683988.213942
1770,81,6,2,1688,160,5,19080358269.490967
1770,81,7,1,1688,160,5,19080371115.490963
1770,81,7,2,1688,160,5,23774467583.7368
1770,81,8,1,1688,160,5,23774490742.736805
1770,81,8,2,1688,160,5,29349517729.951637
1770,81,9,1,1688,160,5,29349558149.951637
1770,81,9,2,1688,160,5,35881023988.13565
1770,81,10,1,1688,160,5,35881091711.13566
1770,81,10,2,1688,160,5,43444504732.28905
1770,81,11,1,1688,160,5,43444613694.28904
1770,81,11,2,1688,160,5,52115482230.41199
1770,81,12,1,1688,160,5,52115651151.41199
1770,81,12,2,1688,160,5,61969483534.50468
1770,81,13,1,1688,160,5,61969736898.50468
1770,81,13,2,1688,160,5,73082041460.56728
1770,81,14,1,1688,160,5,73082410585.56728
1770,81,14,2,1688,160,5,85528695658.59998
1770,81,15,1,1688,160,5,85529219856.59998
1770,81,15,2,1688,160,5,99384993772.60294
1770,81,16,1,1688,160,5,99385721599.60294
1770,81,16,2,1688,160,5,114726492690.57635
1770,81,17,1,1688,160,5,114727483286.57637
1770,81,17,2,1688,160,5,131628759884.5204
1770,81,18,1,1688,160,5,131630084403.5204
1770,81,18,2,1688,160,5,150167374840.43524
1770,81,19,1,1688,160,5,150169117970.43527
1770,81,19,2,1688,160,5,170417930578.32108
1770,81,20,1,1688,160,5,170420192151.32104
1770,81,20,2,1688,160,5,192456035262.17798
1770,81,21,1,1688,160,5,192458931954.17798
1770,81,21,2,1688,160,5,216357313900.00623
1770,81,22,1,1688,160,5,216360981021.00626
1770,81,22,2,1688,160,5,242197410133.80597
1770,81,23,1,1688,160,5,242202003507.80594
1770,81,23,2,1688,160,5,270051988119.5773
1770,81,24,1,1688,160,5,270057686054.5773
1770,81,24,2,1688,160,5,299996734497.32043
1770,81,25,1,1688,160,5,300003739845.32043
1770,81,25,2,1688,160,5,332107360451.0356
1770,81,26,1,1688,160,5,332115902758.0356
1770,81,26,2,1688,160,5,366459603858.72284
1770,81,27,1,1688,160,5,366469941604.7228
1770,81,27,2,1688,160,5,403129231532.3823
1770,81,28,1,1688,160,5,403141654461.3823
1770,81,28,2,1688,160,5,442192041548.0143
1770,81,29,1,1688,160,5,442206873088.01434
1770,81,29,2,1688,160,5,483723865665.61884
1770,81,30,1,1688,160,5,483741465438.61884
1770,81,30,2,1688,160,5,527800571839.19617
1770,81,31,1,1688,160,5,527821338261.1961
1770,81,31,2,1688,160,5,574498066816.7465
1770,81,32,1,1688,160,5,574522439787.7463
1770,81,32,2,1688,160,5,623892298830.2697
1770,81,33,1,1688,160,5,623920762514.2697
1770,81,33,2,1688,160,5,676059260375.7661
1770,81,34,1,1688,160,5,676092346070.7662
1770,81,34,2,1688,160,5,731074991083.236
1770,81,35,1,1688,160,5,731113280181.236
1770,81,35,2,1688,160,5,789015580676.6793
1770,81,36,1,1688,160,5,789059707713.6794
1770,81,36,2,1688,160,5,849957172024.0964
1770,81,37,1,1688,160,5,850007827820.0964
1770,81,37,2,1688,160,5,913975964277.4872
1770,81,38,1,1688,160,5,914033899166.4872
1770,81,38,2,1688,160,5,981148216102.8519
1770,81,39,1,1688,160,5,981214243252.852
1770,81,39,2,1688,160,5,1051550249000.1909
1770,81,40,1,1688,160,5,1051625247823.1909
1770,81,40,2,1688,160,5,1125258450713.504
1770,81,41,1,1688,160,5,1125343370365.5042
1770,81,41,2,1688,160,5,1202349278730.7915
1770,81,42,1,1688,160,5,1202445141701.7915
1770,81,42,2,1688,160,5,1282899263874.0535
1770,81,43,1,1688,160,5,1283007169668.0535
1770,81,43,2,1688,160,5,1366985013979.29
1770,81,44,1,1688,160,5,1367106142884.2903
1770,81,44,2,1688,160,5,1454683217666.5017
1770,81,45,1,1688,160,5,1454818834614.5015
1770,81,45,2,1688,160,5,1546070648199.688
1770,81,46,1,1688,160,5,1546222106716.688
1770,81,46,2,1688,160,5,1641224167436.8494
1770,81,47,1,1688,160,5,1641392913682.8496
1770,81,47,2,1688,160,5,1740220729869.986
1770,81,48,1,1688,160,5,1740408306768.986
1770,81,48,2,1688,160,5,1843137386755.0981
1770,81,49,1,1688,160,5,1843345438215.0981
1770,81,49,2,1688,160,5,1950051290332.1855
1770,81,50,1,1688,160,5,1950281565555.1858
1770,81,50,2,1688,160,5,2061039698135.2488
1770,81,51,1,1688,160,5,2061294056017.2488
1770,81,51,2,1688,160,5,2176179977392.2876
1770,81,52,1,1688,160,5,2176460391013.2874
1770,81,52,2,1688,160,5,2295549609515.3022
1770,81,53,1,1688,160,5,2295858170719.3022
1770,81,53,2,1688,160,5,2419226194680.293
1770,81,54,1,1688,160,5,2419565118745.293
1770,81,54,2,1688,160,5,2547287456497.26
1770,81,55,1,1688,160,5,2547659086895.26
1770,81,55,2,1688,160,5,2679811246770.203
1770,81,56,1,1688,160,5,2680218060017.2026
1770,81,56,2,1688,160,5,2816875550347.122
1770,81,57,1,1688,160,5,2817320160943.122
1770,81,57,2,1688,160,5,2958558490060.018
1770,81,58,1,1688,160,5,2959043655519.018
1770,81,58,2,1688,160,5,3104938331754.891
1770,81,59,1,1688,160,5,3105466957724.8906
1770,81,59,2,1688,160,5,3256093489411.7397
1770,81,60,1,1688,160,5,3256668634884.74
1770,81,60,2,1688,160,5,3412102530354.5664
1770,81,61,1,1688,160,5,3412727412966.5664
1770,81,61,2,1688,160,5,3573044180551.3696
1770,81,62,1,1688,160,5,3573722181972.369
1770,81,62,2,1688,160,5,3738997330004.1494
1770,81,63,1,1688,160,5,3739732001418.1494
1770,81,63,2,1688,160,5,3910041038228.907
1770,81,64,1,1688,160,5,3910836105903.907
1770,81,64,2,1688,160,5,4086254539825.642
1770,81,65,1,1688,160,5,4087113910773.6416
1770,81,65,2,1688,160,5,4267717250138.354
1770,81,66,1,1688,160,5,4268645017865.354
1770,81,66,2,1688,160,5,4454508771005.044
1770,81,67,1,1688,160,5,4455509221351.044
1770,81,67,2,1688,160,5,4646708896597.711
1770,81,68,1,1688,160,5,4647786513666.712
1770,81,68,2,1688,160,5,4844397619352.357
1770,81,69,1,1688,160,5,4845557091532.356
1770,81,69,2,1688,160,5,5047655135988.98
1770,81,70,1,1688,160,5,5048901362061.9795
1770,81,70,2,1688,160,5,5256561853621.581
1770,81,71,1,1688,160,5,5257899948963.581
1770,81,71,2,1688,160,5,5471198395958.161
1770,81,72,1,1688,160,5,5472633698829.16
1770,81,72,2,1688,160,5,5691645609590.719
1770,81,73,1,1688,160,5,5693183687514.718
1770,81,73,2,1688,160,5,5917984570375.254
1770,81,74,1,1688,160,5,5919631226610.255
1770,81,74,2,1688,160,5,6150296589901.77
1770,81,75,1,1688,160,5,6152057869999.769
1770,81,75,2,1688,160,5,6388663222054.262
1770,81,76,1,1688,160,5,6390545420511.262
1770,81,76,2,1688,160,5,6633166269660.733
1770,81,77,1,1688,160,5,6635175936656.734
1770,81,77,2,1688,160,5,6883887791233.185
1770,81,78,1,1688,160,5,6886031739462.185
1770,81,78,2,1688,160,5,7140910107797.613
1770,81,79,1,1688,160,5,7143195419387.613
1770,81,79,2,1688,160,5,7404315809814.022
1770,81,80,1,1688,160,5,7406749843337.022
1770,81,80,2,1688,160,5,7674187764186.41
1770,81,81,1,1688,160,5,7676778161758.41
1770,81,81,2,1688,160,5,7950609121362.776
1770,81,82,1,1688,160,5,7953363815833.776
1770,81,82,2,1688,160,5,8233663322525.122
1770,81,83,1,1688,160,5,8236590544759.123
1770,81,83,2,1688,160,5,8523434106869.448
1770,81,84,1,1688,160,5,8526542393114.448
1770,81,84,2,1688,160,5,8820005518975.754
1770,81,85,1,1688,160,5,8823303718323.754
1770,81,85,2,1688,160,5,9123461916268.04
1770,81,86,1,1688,160,5,9126959198205.037
1770,81,86,2,1688,160,5,9433887976564.303
1770,81,87,1,1688,160,5,9437593838610.303
1770,81,87,2,1688,160,5,9751368705716.547
1770,81,88,1,1688,160,5,9755292981155.547
1770,81,88,2,1688,160,5,10075989445340.771
1770,81,89,1,1688,160,5,10080142311040.77
1770,81,89,2,1688,160,5,10407835880636.975
1770,81,90,1,1688,160,5,10412227864959.975
1770,81,90,2,1688,160,5,10746994048299.16
1770,81,91,1,1688,160,5,10751636039101.16
1770,81,91,2,1688,160,5,11093550344515.324
1770,81,92,1,1688,160,5,11098453597236.322
1770,81,92,2,1688,160,5,11447591533057.467
1770,81,93,1,1688,160,5,11452767678901.469
1770,81,93,2,1688,160,5,11809204753461.594
1770,81,94,1,1688,160,5,11814665807666.594
1770,81,94,2,1688,160,5,12178477529297.7
1770,81,95,1,1688,160,5,12184235899495.7
1770,81,95,2,1688,160,5,12555497776529.785
1770,81,96,1,1688,160,5,12561566271196.785
1770,81,96,2,1688,160,5,12940353811965.852
1770,81,97,1,1688,160,5,12946745648961.854
1770,81,97,2,1688,160,5,13333134361797.9
1770,81,98,1,1688,160,5,13339863176996.898
1770,81,98,2,1688,160,5,13733928570231.928
1770,81,99,1,1688,160,5,13741008426241.928
1770,81,99,2,1688,160,5,14142826008207.938
1770,81,100,1,1688,160,5,14150271403180.94
1770,81,100,2,1688,160,5,14559916682209.93
1770,81,101,1,1688,160,5,14567742558741.928
1770,81,101,2,1688,160,5,14985291043165.9
1770,81,102,1,1688,160,5,14993512797286.9
1770,81,102,2,1688,160,5,15419039995437.854
1770,81,103,1,1688,160,5,15427673485691.854
1770,81,103,2,1688,160,5,15861254905901.787
1770,81,104,1,1688,160,5,15870316462516.787
1770,81,104,2,1688,160,5,16312027613117.701
1770,81,105,1,1688,160,5,16321534047265.703
1770,81,105,2,1688,160,5,16771450436589.6
1770,81,106,1,1688,160,5,16781419049736.6
1770,81,106,2,1688,160,5,17239616186115.479
1770,81,107,1,1688,160,5,17250064779461.479
1770,81,107,2,1688,160,5,17716618171227.34
1770,81,108,1,1688,160,5,17727565055236.34
1770,81,108,2,1688,160,5,18202550210721.18
1770,81,109,1,1688,160,5,18214014214741.18
1770,81,109,2,1688,160,5,18697506642277.004
1770,81,110,1,1688,160,5,18709507124250.008
1770,81,110,2,1688,160,5,19201582332168.812
1770,81,111,1,1688,160,5,19214139188430.812
1770,81,111,2,1688,160,5,19714872685064.598
1770,81,112,1,1688,160,5,19728006360235.598
1770,81,112,2,1688,160,5,20237473653916.367
1770,81,113,1,1688,160,5,20251205150880.37
1770,81,113,2,1688,160,5,20769481749940.12
1770,81,114,1,1688,160,5,20783832639915.12
1770,81,114,2,1688,160,5,21310994052685.855
1770,81,115,1,1688,160,5,21325986485383.855
1770,81,115,2,1688,160,5,21862108220197.57
1770,81,116,1,1688,160,5,21877764934074.574
1770,81,116,2,1688,160,5,22422922499263.27
1770,81,117,1,1688,160,5,22439266831859.27
1770,81,117,2,1688,160,5,22993535735754.953
1770,81,118,1,1688,160,5,23010591634123.95
1770,81,118,2,1688,160,5,23574047385058.613
1770,81,119,1,1688,160,5,23591839416288.617
1770,81,119,2,1688,160,5,24164557522594.26
1770,81,120,1,1688,160,5,24183110884417.26
1770,81,120,2,1688,160,5,24765166854425.89
1770,81,121,1,1688,160,5,24784507385917.89
1770,81,121,2,1688,160,5,25375976727961.504
1770,81,122,1,1688,160,5,25396130920332.504
1770,81,122,2,1688,160,5,25997089142743.1
1770,81,123,1,1688,160,5,26018084150217.098
1770,81,123,2,1688,160,5,26628606761326.676
1770,81,124,1,1688,160,5,26650470412111.676
1770,81,124,2,1688,160,5,27270632920252.24
1770,81,125,1,1688,160,5,27293393727600.24
1770,81,125,2,1688,160,5,27923271641103.785
1770,81,126,1,1688,160,5,27946958814460.78
1770,81,126,2,1688,160,5,28586627641659.31
1770,81,127,1,1688,160,5,28611271097905.31
1770,81,127,2,1688,160,5,29260806347130.816
1770,81,128,1,1688,160,5,29286436721909.82
1770,81,128,2,1688,160,5,29945913901494.316
1770,81,129,1,1688,160,5,29972562560634.312
1770,81,129,2,1688,160,5,30642057178909.79
1770,81,130,1,1688,160,5,30669756229932.79
1770,81,130,2,1688,160,5,31349343795231.25
1770,81,131,1,1688,160,5,31378126098953.254
1770,81,131,2,1688,160,5,32067882119606.7
1770,81,132,1,1688,160,5,32097781301827.695
1770,81,132,2,1688,160,5,32797781286168.125
1770,81,133,1,1688,160,5,32828831749452.12
1770,81,133,2,1688,160,5,33539151205811.535
1770,81,134,1,1688,160,5,33571388141356.535
1770,81,134,2,1688,160,5,34292102578066.934
1770,81,135,1,1688,160,5,34325561977664.93
1770,81,135,2,1688,160,5,35056746903058.312
1770,81,136,1,1688,160,5,35091465571145.31
1770,81,136,2,1688,160,5,35833196493553.68
1770,81,137,1,1688,160,5,35869212059349.67
1770,81,137,2,1688,160,5,36621564487105.016
1770,81,138,1,1688,160,5,36658915416844.02
1770,81,138,2,1688,160,5,37421964858278.35
1770,81,139,1,1688,160,5,37460690467528.35
1770,81,139,2,1688,160,5,38234512430973.67
1770,81,140,1,1688,160,5,38274652897046.664
1770,81,140,2,1688,160,5,39059322890834.96
1770,81,141,1,1688,160,5,39100919265286.97
1770,81,141,2,1688,160,5,39896512797750.25
1770,81,142,1,1688,160,5,39939607018971.25
1770,81,142,2,1688,160,5,40746199598441.52
1770,81,143,1,1688,160,5,40790834504335.516
1770,81,143,2,1688,160,5,41608501639144.766
1770,81,144,1,1688,160,5,41654720979899.77
1770,81,144,2,1688,160,5,42483538178380.01
1770,81,145,1,1688,160,5,42531386629328.01
1770,81,145,2,1688,160,5,43371429399811.234
1770,81,146,1,1688,160,5,43420952574378.23
1770,81,146,2,1688,160,5,44272296425196.43
1770,81,147,1,1688,160,5,44323540887942.44
1770,81,147,2,1688,160,5,45186261327427.625
1770,81,148,1,1688,160,5,45239274607176.625
1770,81,148,2,1688,160,5,46113447143660.805
1770,81,149,1,1688,160,5,46168277746720.8
1770,81,149,2,1688,160,5,47053977888535.96
1770,81,150,1,1688,160,5,47110675312008.96
1770,81,150,2,1688,160,5,48007978567487.11
1770,81,151,1,1688,160,5,48066593312669.11
1770,81,151,2,1688,160,5,48975575190142.24
1770,81,152,1,1688,160,5,49036158776013.234
1770,81,152,2,1688,160,5,49956894783813.35
1770,81,153,1,1688,160,5,50019499760617.35
1770,81,153,2,1688,160,5,50952065407076.45
1770,81,154,1,1688,160,5,51016745369991.45
1770,81,154,2,1688,160,5,51961216163441.54
1770,81,155,1,1688,160,5,52028025766339.53
1770,81,155,2,1688,160,5,52984477215112.6
1770,81,156,1,1688,160,5,53053472184409.61
1770,81,156,2,1688,160,5,54021979796837.664
1770,81,157,1,1688,160,5,54093216945433.664
1770,81,157,2,1688,160,5,55073856229848.7
1770,81,158,1,1688,160,5,55147393471157.695
1770,81,158,2,1688,160,5,56140239935891.73
1770,81,159,1,1688,160,5,56216136297961.73
1770,81,159,2,1688,160,5,57221265451346.74
1770,81,160,1,1688,160,5,57299581091069.74
1770,81,160,2,1688,160,5,58317068441437.74
1770,81,161,1,1688,160,5,58397864658849.734
1770,81,161,2,1688,160,5,59427785714532.72
1770,81,162,1,1688,160,5,59511124967203.72
1770,81,162,2,1688,160,5,60553555236533.69
1819,82,1,1,1737,162,5,5530495082.321633
1819,82,1,2,1737,162,5,6580371475.9292755
1819,82,2,1,1737,162,5,6580373366.9292755
1819,82,2,2,1737,162,5,8082097363.504626
1819,82,3,1,1737,162,5,8082099537.504626
1819,82,3,2,1737,162,5,10115408953.047882
1819,82,4,1,1737,162,5,10115411738.047882
1819,82,4,2,1737,162,5,12760044388.559237
1819,82,5,1,1737,162,5,12760048556.559237
1819,82,5,2,1737,162,5,16095742258.038881
1819,82,6,1,1737,162,5,16095749375.038883
1819,82,6,2,1737,162,5,20202241943.48701
1819,82,7,1,1737,162,5,20202254809.48701
1819,82,7,2,1737,162,5,25159284060.90381
1819,82,8,1,1737,162,5,25159307239.903812
1819,82,8,2,1737,162,5,31046610990.28947
1819,82,9,1,1737,162,5,31046651430.289467
1819,82,9,2,1737,162,5,37943967495.644165
1819,82,10,1,1737,162,5,37944035238.64417
1819,82,10,2,1737,162,5,45931101434.9681
1819,82,11,1,1737,162,5,45931210416.9681
1819,82,11,2,1737,162,5,55087764560.26144
1819,82,12,1,1737,162,5,55087933501.261444
1819,82,12,2,1737,162,5,65493713407.52437
1819,82,13,1,1737,162,5,65493966791.524376
1819,82,13,2,1737,162,5,77228710276.75706
1819,82,14,1,1737,162,5,77229079421.75708
1819,82,14,2,1737,162,5,90372524301.95973
1819,82,15,1,1737,162,5,90373048519.95972
1819,82,15,2,1737,162,5,105004932611.1325
1819,82,16,1,1737,162,5,105005660458.13249
1819,82,16,2,1737,162,5,121205721576.27557
1819,82,17,1,1737,162,5,121206712192.27557
1819,82,17,2,1737,162,5,139054688153.3891
1819,82,18,1,1737,162,5,139056012692.3891
1819,82,18,2,1737,162,5,158631641312.4733
1819,82,19,1,1737,162,5,158633384462.4733
1819,82,19,2,1737,162,5,180016403557.52832
1819,82,20,1,1737,162,5,180018665150.5283
1819,82,20,2,1737,162,5,203288812536.5543
1819,82,21,1,1737,162,5,203291709248.5543
1819,82,21,2,1737,162,5,228528722741.55142
1819,82,22,1,1737,162,5,228532389882.55142
1819,82,22,2,1737,162,5,255816007298.51987
1819,82,23,1,1737,162,5,255820600692.51987
1819,82,23,2,1737,162,5,285230559847.4598
1819,82,24,1,1737,162,5,285236257802.4598
1819,82,24,2,1737,162,5,316852296512.37134
1819,82,25,1,1737,162,5,316859301880.37134
1819,82,25,2,1737,162,5,350761157961.2547
1819,82,26,1,1737,162,5,350769700288.2547
1819,82,26,2,1737,162,5,387037111556.11005
1819,82,27,1,1737,162,5,387047449322.11005
1819,82,27,2,1737,162,5,425760153592.9375
1819,82,28,1,1737,162,5,425772576541.93744
1819,82,28,2,1737,162,5,467010311631.7372
1819,82,29,1,1737,162,5,467025143191.73724
1819,82,29,2,1737,162,5,510867646916.5094
1819,82,30,1,1737,162,5,510885246709.5094
1819,82,30,2,1737,162,5,557412256885.2542
1819,82,31,1,1737,162,5,557433023327.2542
1819,82,31,2,1737,162,5,606724277769.9716
1819,82,32,1,1737,162,5,606748650760.9716
1819,82,32,2,1737,162,5,658883887286.662
1819,82,33,1,1737,162,5,658912350990.662
1819,82,33,2,1737,162,5,713971307415.3254
1819,82,34,1,1737,162,5,714004393130.3254
1819,82,34,2,1737,162,5,772066807269.962
1819,82,35,1,1737,162,5,772105096387.962
1819,82,35,2,1737,162,5,833250706058.5719
1819,82,36,1,1737,162,5,833294833115.572
1819,82,36,2,1737,162,5,897603376133.1555
1819,82,37,1,1737,162,5,897654031949.1555
1819,82,37,2,1737,162,5,965205246129.7125
1819,82,38,1,1737,162,5,965263181038.7125
1819,82,38,2,1737,162,5,1036136804198.2434
1819,82,39,1,1737,162,5,1036202831368.2434
1819,82,39,2,1737,162,5,1110478601322.748
1819,82,40,1,1737,162,5,1110553600165.748
1819,82,40,2,1737,162,5,1188311254731.227
1819,82,41,1,1737,162,5,1188396174403.227
1819,82,41,2,1737,162,5,1269715451395.6802
1819,82,42,1,1737,162,5,1269811314386.6802
1819,82,42,2,1737,162,5,1354771951622.1074
1819,82,43,1,1737,162,5,1354879857436.1074
1819,82,43,2,1737,162,5,1443561592730.5095
1819,82,44,1,1737,162,5,1443682721655.5095
1819,82,44,2,1737,162,5,1536165292824.886
1819,82,45,1,1737,162,5,1536300909792.886
1819,82,45,2,1737,162,5,1632664054653.2373
1819,82,46,1,1737,162,5,1632815513190.237
1819,82,46,2,1737,162,5,1733138969557.5632
1819,82,47,1,1737,162,5,1733307715823.5635
1819,82,47,2,1737,162,5,1837671221513.8647
1819,82,48,1,1737,162,5,1837858798432.8647
1819,82,48,2,1737,162,5,1946342091262.141
1819,82,49,1,1737,162,5,1946550142742.1409
1819,82,49,2,1737,162,5,2059232960526.3926
1819,82,50,1,1737,162,5,2059463235769.3928
1819,82,50,2,1737,162,5,2176425316324.6199
1819,82,51,1,1737,162,5,2176679674226.6196
1819,82,51,2,1737,162,5,2298000755368.8223
1819,82,52,1,1737,162,5,2298281169009.8228
1819,82,52,2,1737,162,5,2424040988555.001
1819,82,53,1,1737,162,5,2424349549779.0005
1819,82,53,2,1737,162,5,2554627845543.155
1819,82,54,1,1737,162,5,2554966769628.155
1819,82,54,2,1737,162,5,2689843279427.285
1819,82,55,1,1737,162,5,2690214909845.285
1819,82,55,2,1737,162,5,2829769371495.391
1819,82,56,1,1737,162,5,2830176184762.391
1819,82,56,2,1737,162,5,2974488336079.473
1819,82,57,1,1737,162,5,2974932946695.4736
1819,82,57,2,1737,162,5,3124082525495.532
1819,82,58,1,1737,162,5,3124567690974.532
1819,82,58,2,1737,162,5,3278634435073.5674
1819,82,59,1,1737,162,5,3279163061063.567
1819,82,59,2,1737,162,5,3438226708277.5786
1819,82,60,1,1737,162,5,3438801853770.579
1819,82,60,2,1737,162,5,3602942141915.5674
1819,82,61,1,1737,162,5,3603567024547.5674
1819,82,61,2,1737,162,5,3772863691439.5327
1819,82,62,1,1737,162,5,3773541692880.532
1819,82,62,2,1737,162,5,3948074476335.4746
1819,82,63,1,1737,162,5,3948809147769.4746
1819,82,63,2,1737,162,5,4128657785603.3936
1819,82,64,1,1737,162,5,4129452853298.394
1819,82,64,2,1737,162,5,4314697083327.2905
1819,82,65,1,1737,162,5,4315556454295.29
1819,82,65,2,1737,162,5,4506276014335.164
1819,82,66,1,1737,162,5,4507203782082.164
1819,82,66,2,1737,162,5,4703478409949.015
1819,82,67,1,1737,162,5,4704478860315.015
1819,82,67,2,1737,162,5,4906388293824.843
1819,82,68,1,1737,162,5,4907465910913.844
1819,82,68,2,1737,162,5,5115089887882.649
1819,82,69,1,1737,162,5,5116249360082.649
1819,82,69,2,1737,162,5,5329667618326.433
1819,82,70,1,1737,162,5,5330913844419.433
1819,82,70,2,1737,162,5,5550206121754.194
1819,82,71,1,1737,162,5,5551544217116.195
1819,82,71,2,1737,162,5,5776790251357.935
1819,82,72,1,1737,162,5,5778225554248.935
1819,82,72,2,1737,162,5,6009505083213.652
1819,82,73,1,1737,162,5,6011043161157.651
1819,82,73,2,1737,162,5,6248435922661.348
1819,82,74,1,1737,162,5,6250082578916.349
1819,82,74,2,1737,162,5,6493668310775.022
1819,82,75,1,1737,162,5,6495429590893.021
1819,82,75,2,1737,162,5,6745288030922.675
1819,82,76,1,1737,162,5,6747170229399.675
1819,82,76,2,1737,162,5,7003381115416.306
1819,82,77,1,1737,162,5,7005390782432.306
1819,82,77,2,1737,162,5,7268033852251.915
1819,82,78,1,1737,162,5,7270177800500.915
1819,82,78,2,1737,162,5,7539332791939.504
1819,82,79,1,1737,162,5,7541618103549.503
1819,82,79,2,1737,162,5,7817364754423.07
1819,82,80,1,1737,162,5,7819798787966.071
1819,82,80,2,1737,162,5,8102216836090.617
1819,82,81,1,1737,162,5,8104807233682.617
1819,82,81,2,1737,162,5,8393976416874.143
1819,82,82,1,1737,162,5,8396731111365.142
1819,82,82,2,1737,162,5,8692731167439.6455
1819,82,83,1,1737,162,5,8695658389693.646
1819,82,83,2,1737,162,5,8998569056467.129
1819,82,84,1,1737,162,5,9001677342732.129
1819,82,84,2,1737,162,5,9311578358020.594
1819,82,85,1,1737,162,5,9314876557388.594
1819,82,85,2,1737,162,5,9631847659008.035
1819,82,86,1,1737,162,5,9635344940965.035
1819,82,86,2,1737,162,5,9959465866731.457
1819,82,87,1,1737,162,5,9963171728797.457
1819,82,87,2,1737,162,5,10294522216526.86
1819,82,88,1,1737,162,5,10298446491985.86
1819,82,88,2,1737,162,5,10637106279494.24
1819,82,89,1,1737,162,5,10641259145214.238
1819,82,89,2,1737,162,5,10987307970317.6
1819,82,90,1,1737,162,5,10991699954660.602
1819,82,90,2,1737,162,5,11345217555174.941
1819,82,91,1,1737,162,5,11349859545996.941
1819,82,91,2,1737,162,5,11710925659738.264
1819,82,92,1,1737,162,5,11715828912479.262
1819,82,92,2,1737,162,5,12084523277263.562
1819,82,93,1,1737,162,5,12089699423127.562
1819,82,93,2,1737,162,5,12466101776770.844
1819,82,94,1,1737,162,5,12471562830995.846
1819,82,94,2,1737,162,5,12855752911314.107
1819,82,95,1,1737,162,5,12861511281532.105
1819,82,95,2,1737,162,5,13253568826341.348
1819,82,96,1,1737,162,5,13259637321028.348
1819,82,96,2,1737,162,5,13659642068144.57
1819,82,97,1,1737,162,5,13666033905160.572
1819,82,97,2,1737,162,5,14074065592399.775
1819,82,98,1,1737,162,5,14080794407618.773
1819,82,98,2,1737,162,5,14496932772796.957
1819,82,99,1,1737,162,5,14504012628826.957
1819,82,99,2,1737,162,5,14928337409760.123
1819,82,100,1,1737,162,5,14935782804753.123
1819,82,100,2,1737,162,5,15368373739257.268
1819,82,101,1,1737,162,5,15376199615809.268
1819,82,101,2,1737,162,5,15817136441700.393
1819,82,102,1,1737,162,5,15825358195841.395
1819,82,102,2,1737,162,5,16274720650935.502
1819,82,103,1,1737,162,5,16283354141209.502
1819,82,103,2,1737,162,5,16741221963322.59
1819,82,104,1,1737,162,5,16750283519957.59
1819,82,104,2,1737,162,5,17216736446905.658
1819,82,105,1,1737,162,5,17226242881073.66
1819,82,105,2,1737,162,5,17701360650672.71
1819,82,106,1,1737,162,5,17711329263839.71
1819,82,106,2,1737,162,5,18195191613905.742
1819,82,107,1,1737,162,5,18205640207271.746
1819,82,107,2,1737,162,5,18698326875620.758
1819,82,108,1,1737,162,5,18709273759649.758
1819,82,108,2,1737,162,5,19210864484097.75
1819,82,109,1,1737,162,5,19222328488137.75
1819,82,109,2,1737,162,5,19732903006500.727
1819,82,110,1,1737,162,5,19744903488493.73
1819,82,110,2,1737,162,5,20264541538587.69
1819,82,111,1,1737,162,5,20277098394869.688
1819,82,111,2,1737,162,5,20805879714510.63
1819,82,112,1,1737,162,5,20819013389701.63
1819,82,112,2,1737,162,5,21357017716705.55
1819,82,113,1,1737,162,5,21370749213689.55
1819,82,113,2,1737,162,5,21918056285872.457
1819,82,114,1,1737,162,5,21932407175867.453
1819,82,114,2,1737,162,5,22489096731045.344
1819,82,115,1,1737,162,5,22504089163763.34
1819,82,115,2,1737,162,5,23070240939752.207
1819,82,116,1,1737,162,5,23085897653649.21
1819,82,116,2,1737,162,5,23661591388265.062
1819,82,117,1,1737,162,5,23677935720881.062
1819,82,117,2,1737,162,5,24263251151939.895
1819,82,118,1,1737,162,5,24280307050328.895
1819,82,118,2,1737,162,5,24875323915646.707
1819,82,119,1,1737,162,5,24893115946896.71
1819,82,119,2,1737,162,5,25497913984289.508
1819,82,120,1,1737,162,5,25516467346132.508
1819,82,120,2,1737,162,5,26131126293416.29
1819,82,121,1,1737,162,5,26150466824928.285
1819,82,121,2,1737,162,5,26775066419919.05
1819,82,122,1,1737,162,5,26795220612310.05
1819,82,122,2,1737,162,5,27429840592823.8
1819,82,123,1,1737,162,5,27450835600317.797
1819,82,123,2,1737,162,5,28095555704170.527
1819,82,124,1,1737,162,5,28117419354975.523
1819,82,124,2,1737,162,5,28772319319983.24
1819,82,125,1,1737,162,5,28795080127351.24
1819,82,125,2,1737,162,5,29460239691329.934
1819,82,126,1,1737,162,5,29483926864706.93
1819,82,126,2,1737,162,5,30159425765472.61
1819,82,127,1,1737,162,5,30184069221738.61
1819,82,127,2,1737,162,5,30869987197107.27
1819,82,128,1,1737,162,5,30895617571906.27
1819,82,128,2,1737,162,5,31592034359693.914
1819,82,129,1,1737,162,5,31618683018853.914
1819,82,129,2,1737,162,5,32325678356876.54
1819,82,130,1,1737,162,5,32353377407919.54
1819,82,130,2,1737,162,5,33071031033993.15
1819,82,131,1,1737,162,5,33099813337735.152
1819,82,131,2,1737,162,5,33828204989675.746
1819,82,132,1,1737,162,5,33858104171916.742
1819,82,132,2,1737,162,5,34597313587540.32
1819,82,133,1,1737,162,5,34628364050844.32
1819,82,133,2,1737,162,5,35378470967966.88
1819,82,134,1,1737,162,5,35410707903531.875
1819,82,134,2,1737,162,5,36171792059969.42
1819,82,135,1,1737,162,5,36205251459587.42
1819,82,135,2,1737,162,5,36977392593155.95
1819,82,136,1,1737,162,5,37012111261262.95
1819,82,136,2,1737,162,5,37795389109778.47
1819,82,137,1,1737,162,5,37831404675594.46
1819,82,137,2,1737,162,5,38625898976872.96
1819,82,138,1,1737,162,5,38663249906631.96
1819,82,138,2,1737,162,5,39469040398489.44
1819,82,139,1,1737,162,5,39507766007759.44
1819,82,139,2,1737,162,5,40324932428011.91
1819,82,140,1,1737,162,5,40365072894104.9
1819,82,140,2,1737,162,5,41193694980568.34
1819,82,141,1,1737,162,5,41235291355040.34
1819,82,141,2,1737,162,5,42075448845530.78
1819,82,142,1,1737,162,5,42118543066771.78
1819,82,142,2,1737,162,5,42970315699105.195
1819,82,143,1,1737,162,5,43014950605019.195
1819,82,143,2,1737,162,5,43878418117011.59
1819,82,144,1,1737,162,5,43924637457786.59
1819,82,144,2,1737,162,5,44799879587253.98
1819,82,145,1,1737,162,5,44847728038221.98
1819,82,145,2,1737,162,5,45734824522980.35
1819,82,146,1,1737,162,5,45784347697567.34
1819,82,146,2,1737,162,5,46683378275432.695
1819,82,147,1,1737,162,5,46734622738198.695
1819,82,147,2,1737,162,5,47645667146987.03
1819,82,148,1,1737,162,5,47698680426756.04
1819,82,148,2,1737,162,5,48621818404283.36
1819,82,149,1,1737,162,5,48676649007363.35
1819,82,149,2,1737,162,5,49611960291445.66
1819,82,150,1,1737,162,5,49668657714938.664
1819,82,150,2,1737,162,5,50616222043391.95
1819,82,151,1,1737,162,5,50674836788593.95
1819,82,151,2,1737,162,5,51634733899234.23
1819,82,152,1,1737,162,5,51695317485125.23
1819,82,152,2,1737,162,5,52667627115768.484
1819,82,153,1,1737,162,5,52730232092592.484
1819,82,153,2,1737,162,5,53715033981054.734
1819,82,154,1,1737,162,5,53779713943989.734
1819,82,154,2,1737,162,5,54777087828086.97
1819,82,155,1,1737,162,5,54843897431004.96
1819,82,155,2,1737,162,5,55853923048553.17
1819,82,156,1,1737,162,5,55922918017870.18
1819,82,156,2,1737,162,5,56945675106685.375
1819,82,157,1,1737,162,5,57016912255301.38
1819,82,157,2,1737,162,5,58052480553199.56
1819,82,158,1,1737,162,5,58126017794528.56
1819,82,158,2,1737,162,5,59174477039325.73
1819,82,159,1,1737,162,5,59250373401415.734
1819,82,159,2,1737,162,5,60311803330927.89
1819,82,160,1,1737,162,5,60390118970670.89
1819,82,160,2,1737,162,5,61464599322714.03
1819,82,161,1,1737,162,5,61545395540146.02
1819,82,161,2,1737,162,5,62633006052536.16
1819,82,162,1,1737,162,5,62716345305227.16
1819,82,162,2,1737,162,5,63817165715780.266
1819,82,163,1,1737,162,5,63903111633314.27
1819,82,163,2,1737,162,5,65017221679846.37
1819,82,164,1,1737,162,5,65105839078391.36
1819,82,164,2,1737,162,5,66233318498718.445
1742,83,1,1,1659,164,5,5121976197.428769
1742,83,1,2,1659,164,5,6085024087.437826
1742,83,2,1,1659,164,5,6085025998.437827
1742,83,2,2,1659,164,5,7462552159.416782
1742,83,3,1,1659,164,5,7462554353.416782
1742,83,3,2,1659,164,5,9327702013.365814
1742,83,4,1,1659,164,5,9327704818.365816
1742,83,4,2,1659,164,5,11753617205.285105
1742,83,5,1,1659,164,5,11753621393.285105
1742,83,5,2,1659,164,5,14813441735.174828
1742,83,6,1,1659,164,5,14813448872.174828
1742,83,6,2,1659,164,5,18580320397.035164
1742,83,7,1,1659,164,5,18580333283.03516
1742,83,7,2,1659,164,5,23127399218.86628
1742,83,8,1,1659,164,5,23127422417.866283
1742,83,8,2,1659,164,5,28527825992.668358
1742,83,9,1,1659,164,5,28527866452.668358
1742,83,9,2,1659,164,5,34854750894.44156
1742,83,10,1,1659,164,5,34854818657.44157
1742,83,10,2,1659,164,5,42181327194.18606
1742,83,11,1,1659,164,5,42181436196.18606
1742,83,11,2,1659,164,5,50580712055.90202
1742,83,12,1,1659,164,5,50580881016.90202
1742,83,12,2,1659,164,5,60126067427.58962
1742,83,13,1,1659,164,5,60126320831.58962
1742,83,13,2,1659,164,5,70890561021.24901
1742,83,14,1,1659,164,5,70890930186.24902
1742,83,14,2,1659,164,5,82947367382.88039
1742,83,15,1,1659,164,5,82947891620.88037
1742,83,15,2,1659,164,5,96369669052.48386
1742,83,16,1,1659,164,5,96370396919.48384
1742,83,16,2,1659,164,5,111230657814.05962
1742,83,17,1,1659,164,5,111231648450.05962
1742,83,17,2,1659,164,5,127603536035.60783
1742,83,18,1,1659,164,5,127604860594.60782
1742,83,18,2,1659,164,5,145561518099.12863
1742,83,19,1,1659,164,5,145563261269.12863
1742,83,19,2,1659,164,5,165177831920.62222
1742,83,20,1,1659,164,5,165180093533.6222
1742,83,20,2,1659,164,5,186525720560.08868
1742,83,21,1,1659,164,5,186528617292.08868
1742,83,21,2,1659,164,5,209678443921.52826
1742,83,22,1,1659,164,5,209682111082.52826
1742,83,22,2,1659,164,5,234709280542.941
1742,83,23,1,1659,164,5,234713873956.941
1742,83,23,2,1659,164,5,261691529476.32715
1742,83,24,1,1659,164,5,261697227451.32715
1742,83,24,2,1659,164,5,290698512257.6868
1742,83,25,1,1659,164,5,290705517645.6868
1742,83,25,2,1659,164,5,321803574967.02014
1742,83,26,1,1659,164,5,321812117314.0202
1742,83,26,2,1659,164,5,355080090378.32733
1742,83,27,1,1659,164,5,355090428164.32733
1742,83,27,2,1659,164,5,390601460199.60846
1742,83,28,1,1659,164,5,390613883168.60846
1742,83,28,2,1659,164,5,428441117402.86365
1742,83,29,1,1659,164,5,428455948982.8637
1742,83,29,2,1659,164,5,468672528644.0932
1742,83,30,1,1659,164,5,468690128457.09314
1742,83,30,2,1659,164,5,511369196773.29706
1742,83,31,1,1659,164,5,511389963235.29706
1742,83,31,2,1659,164,5,556604663434.4755
1742,83,32,1,1659,164,5,556629036445.4755
1742,83,32,2,1659,164,5,604452511755.6285
1742,83,33,1,1659,164,5,604480975479.6287
1742,83,33,2,1659,164,5,654986369128.7566
1742,83,34,1,1659,164,5,655019454863.7566
1742,83,34,2,1659,164,5,708279910079.8595
1742,83,35,1,1659,164,5,708318199217.8594
1742,83,35,2,1659,164,5,764406859228.9374
1742,83,36,1,1659,164,5,764450986305.9374
1742,83,36,2,1659,164,5,823440994339.9906
1742,83,37,1,1659,164,5,823491650175.9906
1742,83,37,2,1659,164,5,885456149461.0192
1742,83,38,1,1659,164,5,885514084390.0192
1742,83,38,2,1659,164,5,950526218154.0232
1742,83,39,1,1659,164,5,950592245344.0232
1742,83,39,2,1659,164,5,1018725156815.0029
1742,83,40,1,1659,164,5,1018800155678.003
1742,83,40,2,1659,164,5,1090126988083.9585
1742,83,41,1,1659,164,5,1090211907775.9584
1742,83,41,2,1659,164,5,1164805804344.89
1742,83,42,1,1659,164,5,1164901667355.89
1742,83,42,2,1659,164,5,1242835771315.797
1742,83,43,1,1659,164,5,1242943677149.797
1742,83,43,2,1659,164,5,1324291131728.6807
1742,83,44,1,1659,164,5,1324412260673.681
1742,83,44,2,1659,164,5,1409246209099.5408
1742,83,45,1,1659,164,5,1409381826087.5405
1742,83,45,2,1659,164,5,1497775411588.3767
1742,83,46,1,1659,164,5,1497926870145.3767
1742,83,46,2,1659,164,5,1589953235949.1895
1742,83,47,1,1659,164,5,1590121982235.1897
1742,83,47,2,1659,164,5,1685854271569.979
1742,83,48,1,1659,164,5,1686041848508.979
1742,83,48,2,1659,164,5,1785553204602.745
1742,83,49,1,1659,164,5,1785761256102.745
1742,83,49,2,1659,164,5,1889124822183.488
1742,83,50,1,1659,164,5,1889355097446.4883
1742,83,50,2,1659,164,5,1996644016742.2083
1742,83,51,1,1659,164,5,1996898374664.2083
1742,83,51,2,1659,164,5,2108185790402.9055
1742,83,52,1,1659,164,5,2108466204063.9055
1742,83,52,2,1659,164,5,2223825259473.58
1742,83,53,1,1659,164,5,2224133820717.58
1742,83,53,2,1659,164,5,2343637659026.232
1742,83,54,1,1659,164,5,2343976583131.232
1742,83,54,2,1659,164,5,2467698347566.8613
1742,83,55,1,1659,164,5,2468069978004.862
1742,83,55,2,1659,164,5,2596082811795.4683
1742,83,56,1,1659,164,5,2596489625082.4683
1742,83,56,2,1659,164,5,2728866671456.053
1742,83,57,1,1659,164,5,2729311282092.053
1742,83,57,2,1659,164,5,2866125684276.6157
1742,83,58,1,1659,164,5,2866610849775.6157
1742,83,58,2,1659,164,5,3007935750999.1567
1742,83,59,1,1659,164,5,3008464377009.1562
1742,83,59,2,1659,164,5,3154372920499.675
1742,83,60,1,1659,164,5,3154948066012.675
1742,83,60,2,1659,164,5,3305513394998.172
1742,83,61,1,1659,164,5,3306138277650.172
1742,83,61,2,1659,164,5,3461433535358.647
1742,83,62,1,1659,164,5,3462111536819.6465
1742,83,62,2,1659,164,5,3622209866479.1
1742,83,63,1,1659,164,5,3622944537933.1006
1742,83,63,2,1659,164,5,3787919082771.532
1742,83,64,1,1659,164,5,3788714150486.5327
1742,83,64,2,1659,164,5,3958638053731.943
1742,83,65,1,1659,164,5,3959497424719.943
1742,83,65,2,1659,164,5,4134443829600.3325
1742,83,66,1,1659,164,5,4135371597367.332
1742,83,66,2,1659,164,5,4315413647110.7007
1742,83,67,1,1659,164,5,4316414097496.7007
1742,83,67,2,1659,164,5,4501624935331.048
1742,83,68,1,1659,164,5,4502702552440.048
1742,83,68,2,1659,164,5,4693155321593.374
1742,83,69,1,1659,164,5,4694314793813.374
1742,83,69,2,1659,164,5,4890082637513.68
1742,83,70,1,1659,164,5,4891328863626.679
1742,83,70,2,1659,164,5,5092484925101.964
1742,83,71,1,1659,164,5,5093823020483.964
1742,83,71,2,1659,164,5,5300440442962.229
1742,83,72,1,1659,164,5,5301875745873.229
1742,83,72,2,1659,164,5,5514027672582.472
1742,83,73,1,1659,164,5,5515565750546.472
1742,83,73,2,1659,164,5,5733325324714.694
1742,83,74,1,1659,164,5,5734971980989.694
1742,83,74,2,1659,164,5,5958412345844.897
1742,83,75,1,1659,164,5,5960173625982.897
1742,83,75,2,1659,164,5,6189367924753.08
1742,83,76,1,1659,164,5,6191250123250.079
1742,83,76,2,1659,164,5,6426271499163.242
1742,83,77,1,1659,164,5,6428281166199.242
1742,83,77,2,1659,164,5,6669202762483.385
1742,83,78,1,1659,164,5,6671346710752.385
1742,83,78,2,1659,164,5,6918241670635.507
1742,83,79,1,1659,164,5,6920526982265.507
1742,83,79,2,1659,164,5,7173468448975.609
1742,83,80,1,1659,164,5,7175902482538.61
1742,83,80,2,1659,164,5,7434963599303.692
1742,83,81,1,1659,164,5,7437553996915.692
1742,83,81,2,1659,164,5,7702807906963.756
1742,83,82,1,1659,164,5,7705562601474.755
1742,83,82,2,1659,164,5,7977082448033.799
1742,83,83,1,1659,164,5,7980009670307.8
1742,83,83,2,1659,164,5,8257868596605.823
1742,83,84,1,1659,164,5,8260976882890.823
1742,83,84,2,1659,164,5,8545248032155.828
1742,83,85,1,1659,164,5,8548546231543.828
1742,83,85,2,1659,164,5,8839302747003.814
1742,83,86,1,1659,164,5,8842800028980.812
1742,83,86,2,1659,164,5,9140115053863.78
1742,83,87,1,1659,164,5,9143820915949.78
1742,83,87,2,1659,164,5,9447767593483.727
1742,83,88,1,1659,164,5,9451691868962.729
1742,83,88,2,1659,164,5,9762343342375.656
1742,83,89,1,1659,164,5,9766496208115.654
1742,83,89,2,1659,164,5,10083925620635.564
1742,83,90,1,1659,164,5,10088317604998.564
1742,83,90,2,1659,164,5,10412598099853.455
1742,83,91,1,1659,164,5,10417240090695.457
1742,83,91,2,1659,164,5,10748444811113.328
1742,83,92,1,1659,164,5,10753348063874.326
1742,83,92,2,1659,164,5,11091550153083.18
1742,83,93,1,1659,164,5,11096726298967.182
1742,83,93,2,1659,164,5,11441998900195.016
1742,83,94,1,1659,164,5,11447459954440.016
1742,83,94,2,1659,164,5,11799876210914.832
1742,83,95,1,1659,164,5,11805634581152.83
1742,83,95,2,1659,164,5,12165267636102.629
1742,83,96,1,1659,164,5,12171336130809.629
1742,83,96,2,1659,164,5,12538259127462.41
1742,83,97,1,1659,164,5,12544650964498.41
1742,83,97,2,1659,164,5,12918937046082.172
1742,83,98,1,1659,164,5,12925665861321.17
1742,83,98,2,1659,164,5,13307388171063.914
1742,83,99,1,1659,164,5,13314468027113.914
1742,83,99,2,1659,164,5,13703699708243.639
1742,83,100,1,1659,164,5,13711145103256.64
1742,83,100,2,1659,164,5,14107959299001.348
1742,83,101,1,1659,164,5,14115785175573.346
1742,83,101,2,1659,164,5,14520255029161.035
1742,83,102,1,1659,164,5,14528476783322.035
1742,83,102,2,1659,164,5,14940675437980.707
1742,83,103,1,1659,164,5,14949308928274.709
1742,83,103,2,1659,164,5,15369309527232.361
1742,83,104,1,1659,164,5,15378371083887.361
1742,83,104,2,1659,164,5,15806246770371.998
1742,83,105,1,1659,164,5,15815753204559.998
1742,83,105,2,1659,164,5,16251577121799.617
1742,83,106,1,1659,164,5,16261545734986.617
1742,83,106,2,1659,164,5,16705391026209.219
1742,83,107,1,1659,164,5,16715839619595.217
1742,83,107,2,1659,164,5,17167779428028.803
1742,83,108,1,1659,164,5,17178726312077.803
1742,83,108,2,1659,164,5,17638833780950.367
1742,83,109,1,1659,164,5,17650297785010.367
1742,83,109,2,1659,164,5,18118646057549.918
1742,83,110,1,1659,164,5,18130646539562.918
1742,83,110,2,1659,164,5,18607308758997.453
1742,83,111,1,1659,164,5,18619865615299.45
1742,83,111,2,1659,164,5,19104914924856.965
1742,83,112,1,1659,164,5,19118048600067.965
1742,83,112,2,1659,164,5,19611558142976.465
1742,83,113,1,1659,164,5,19625289639980.465
1742,83,113,2,1659,164,5,20127332559467.95
1742,83,114,1,1659,164,5,20141683449482.945
1742,83,114,2,1659,164,5,20652332888777.41
1742,83,115,1,1659,164,5,20667325321515.41
1742,83,115,2,1659,164,5,21186654423844.855
1742,83,116,1,1659,164,5,21202311137761.86
1742,83,116,2,1659,164,5,21730393046354.293
1742,83,117,1,1659,164,5,21746737378990.29
1742,83,117,2,1659,164,5,22283645237073.703
1742,83,118,1,1659,164,5,22300701135482.703
1742,83,118,2,1659,164,5,22846508086285.1
1742,83,119,1,1659,164,5,22864300117555.105
1742,83,119,2,1659,164,5,23419079304304.484
1742,83,120,1,1659,164,5,23437632666167.484
1742,83,120,2,1659,164,5,24001457232091.848
1742,83,121,1,1659,164,5,24020797763623.848
1742,83,121,2,1659,164,5,24593740851951.195
1742,83,122,1,1659,164,5,24613895044362.2
1742,83,122,2,1659,164,5,25196029798320.53
1742,83,123,1,1659,164,5,25217024805834.53
1742,83,123,2,1659,164,5,25808424368651.848
1742,83,124,1,1659,164,5,25830288019476.844
1742,83,124,2,1659,164,5,26431025534381.145
1742,83,125,1,1659,164,5,26453786341769.15
1742,83,125,2,1659,164,5,27063934951988.434
1742,83,126,1,1659,164,5,27087622125385.43
1742,83,126,2,1659,164,5,27707254974147.7
1742,83,127,1,1659,164,5,27731898430433.7
1742,83,127,2,1659,164,5,28361088660966.95
1742,83,128,1,1659,164,5,28386719035785.953
1742,83,128,2,1659,164,5,29025539791318.19
1742,83,129,1,1659,164,5,29052188450498.188
1742,83,129,2,1659,164,5,29700712874257.41
1742,83,130,1,1659,164,5,29728411925320.41
1742,83,130,2,1659,164,5,30386713160534.613
1742,83,131,1,1659,164,5,30415495464296.617
1742,83,131,2,1659,164,5,31083646654193.805
1742,83,132,1,1659,164,5,31113545836454.805
1742,83,132,2,1659,164,5,31791620124262.977
1742,83,133,1,1659,164,5,31822670587586.977
1742,83,133,2,1659,164,5,32510741116534.137
1742,83,134,1,1659,164,5,32542978052119.137
1742,83,134,2,1659,164,5,33241117965433.28
1742,83,135,1,1659,164,5,33274577365071.28
1742,83,135,2,1659,164,5,33982859805980.406
1742,83,136,1,1659,164,5,34017578474107.406
1742,83,136,2,1659,164,5,34736076585839.52
1742,83,137,1,1659,164,5,34772092151675.523
1742,83,137,2,1659,164,5,35500879077458.62
1742,83,138,1,1659,164,5,35538230007237.62
1742,83,138,2,1659,164,5,36277378890299.7
1742,83,139,1,1659,164,5,36316104499589.7
1742,83,139,2,1659,164,5,37065688483158.77
1742,83,140,1,1659,164,5,37105828949271.766
1742,83,140,2,1659,164,5,37865921176575.82
1742,83,141,1,1659,164,5,37907517551067.82
1742,83,141,2,1659,164,5,38678191165334.86
1742,83,142,1,1659,164,5,38721285386595.86
1742,83,142,2,1659,164,5,39502613531053.88
1742,83,143,1,1659,164,5,39547248436987.875
1742,83,143,2,1659,164,5,40339304254864.88
1742,83,144,1,1659,164,5,40385523595659.88
1742,83,144,2,1659,164,5,41188380230183.875
1742,83,145,1,1659,164,5,41236228681171.88
1742,83,145,2,1659,164,5,42049959275570.86
1742,83,146,1,1659,164,5,42099482450177.85
1742,83,146,2,1659,164,5,42924160147679.82
1742,83,147,1,1659,164,5,42975404610465.82
1742,83,147,2,1659,164,5,43811102554298.766
1742,83,148,1,1659,164,5,43864115834087.77
1742,83,148,2,1659,164,5,44710907167479.7
1742,83,149,1,1659,164,5,44765737770579.7
1742,83,149,2,1659,164,5,45623695636758.62
1742,83,150,1,1659,164,5,45680393060271.625
1742,83,150,2,1659,164,5,46549590602465.53
1742,83,151,1,1659,164,5,46608205347687.53
1742,83,151,2,1659,164,5,47488715709124.42
1742,83,152,1,1659,164,5,47549299295035.414
1742,83,152,2,1659,164,5,48441195618943.29
1742,83,153,1,1659,164,5,48503800595787.3
1742,83,153,2,1659,164,5,49407156025394.16
1742,83,154,1,1659,164,5,49471835988349.164
1742,83,154,2,1659,164,5,50386723666883.01
1742,83,155,1,1659,164,5,50453533269821.01
1742,83,155,2,1659,164,5,51380026340509.836
1742,83,156,1,1659,164,5,51449021309846.84
1742,83,156,2,1659,164,5,52387192915918.66
1742,83,157,1,1659,164,5,52458430064554.664
1742,83,157,2,1659,164,5,53408353349237.47
1742,83,158,1,1659,164,5,53481890590586.46
1742,83,158,2,1659,164,5,54443638697108.26
1742,83,159,1,1659,164,5,54519535059218.26
1742,83,159,2,1659,164,5,55493181130807.04
1742,83,160,1,1659,164,5,55571496770570.04
1742,83,160,2,1659,164,5,56557113950453.805
1742,83,161,1,1659,164,5,56637910167905.8
1742,83,161,2,1659,164,5,57635571599312.55
1742,83,162,1,1659,164,5,57718910852023.555
1742,83,162,2,1659,164,5,58728689678181.29
1742,83,163,1,1659,164,5,58814635595735.29
1742,83,163,2,1659,164,5,59836604959872.016
1742,83,164,1,1659,164,5,59925222358437.01
1742,83,164,2,1659,164,5,60959455403780.72
1742,83,165,1,1659,164,5,61050810300768.72
1742,83,165,2,1659,164,5,62097380170547.42
1742,83,166,1,1659,164,5,62191539799364.42
1742,83,166,2,1659,164,5,63250519636806.1
1834,84,1,1,1750,166,5,5730000516.4568615
1834,84,1,2,1750,166,5,6797227650.88906
1834,84,2,1,1750,166,5,6797229581.88906
1834,84,2,2,1750,166,5,8323771739.2902565
1834,84,3,1,1750,166,5,8323773953.2902565
1834,84,3,2,1750,166,5,10390686729.660633
1834,84,4,1,1750,166,5,10390689554.660635
1834,84,4,2,1750,166,5,13079028546.000376
1834,84,5,1,1750,166,5,13079032754.000376
1834,84,5,2,1750,166,5,16469853556.30966
1834,84,6,1,1750,166,5,16469860713.309662
1834,84,6,2,1750,166,5,20644218922.58867
1834,84,7,1,1750,166,5,20644231828.58867
1834,84,7,2,1750,166,5,25683183040.837578
1834,84,8,1,1750,166,5,25683206259.83758
1834,84,8,2,1750,166,5,31667806071.05657
1834,84,9,1,1750,166,5,31667846551.056564
1834,84,9,2,1750,166,5,38679150557.245804
1834,84,10,1,1750,166,5,38679218340.245804
1834,84,10,2,1750,166,5,46798282137.405464
1834,84,11,1,1750,166,5,46798391159.40546
1834,84,11,2,1750,166,5,56106270343.53571
1834,84,12,1,1750,166,5,56106439324.53571
1834,84,12,2,1750,166,5,66684189491.636734
1834,84,13,1,1750,166,5,66684442915.636734
1834,84,13,2,1750,166,5,78613119661.70868
1834,84,14,1,1750,166,5,78613488846.70868
1834,84,14,2,1750,166,5,91974147767.75172
1834,84,15,1,1750,166,5,91974672025.75172
1834,84,15,2,1750,166,5,106848368717.76604
1834,84,16,1,1750,166,5,106849096604.76604
1834,84,16,2,1750,166,5,123316886663.75179
1834,84,17,1,1750,166,5,123317877319.75179
1834,84,17,2,1750,166,5,141460816341.7091
1834,84,18,1,1750,166,5,141462140920.7091
1834,84,18,2,1750,166,5,161361284501.63818
1834,84,19,1,1750,166,5,161363027691.6382
1834,84,19,2,1750,166,5,183099431427.5392
1834,84,20,1,1750,166,5,183101693060.53918
1834,84,20,2,1750,166,5,206756412547.41226
1834,84,21,1,1750,166,5,206759309299.41226
1834,84,21,2,1750,166,5,232413400133.25757
1834,84,22,1,1750,166,5,232417067314.25757
1834,84,22,2,1750,166,5,260151585091.07526
1834,84,23,1,1750,166,5,260156178525.07523
1834,84,23,2,1750,166,5,290052178840.8655
1834,84,24,1,1750,166,5,290057876835.8655
1834,84,24,2,1750,166,5,322196415286.62836
1834,84,25,1,1750,166,5,322203420694.62836
1834,84,25,2,1750,166,5,356665552876.3641
1834,84,26,1,1750,166,5,356674095243.36414
1834,84,26,2,1750,166,5,393540876752.0729
1834,84,27,1,1750,166,5,393551214558.0729
1834,84,27,2,1750,166,5,432903700989.75476
1834,84,28,1,1750,166,5,432916123978.7547
1834,84,28,2,1750,166,5,474835370929.4099
1834,84,29,1,1750,166,5,474850202529.41
1834,84,29,2,1750,166,5,519417265595.0386
1834,84,30,1,1750,166,5,519434865428.0386
1834,84,30,2,1750,166,5,566730800204.6407
1834,84,31,1,1750,166,5,566751566686.6407
1834,84,31,2,1750,166,5,616857428770.2167
1834,84,32,1,1750,166,5,616881801801.2167
1834,84,32,2,1750,166,5,669878646787.7665
1834,84,33,1,1750,166,5,669907110531.7665
1834,84,33,2,1750,166,5,725875994017.2903
1834,84,34,1,1750,166,5,725909079772.2904
1834,84,34,2,1750,166,5,784931057352.7883
1834,84,35,1,1750,166,5,784969346510.7882
1834,84,35,2,1750,166,5,847125473782.2605
1834,84,36,1,1750,166,5,847169600879.2605
1834,84,36,2,1750,166,5,912540933437.7073
1834,84,37,1,1750,166,5,912591589293.7073
1834,84,37,2,1750,166,5,981259182735.1285
1834,84,38,1,1750,166,5,981317117684.1284
1834,84,38,2,1750,166,5,1053362027604.5244
1834,84,39,1,1750,166,5,1053428054814.5244
1834,84,39,2,1750,166,5,1128931336809.8953
1834,84,40,1,1750,166,5,1129006335692.8953
1834,84,40,2,1750,166,5,1208049045359.241
1834,84,41,1,1750,166,5,1208133965071.2412
1834,84,41,2,1750,166,5,1290797158004.562
1834,84,42,1,1750,166,5,1290893021035.562
1834,84,42,2,1750,166,5,1377257752831.8582
1834,84,43,1,1750,166,5,1377365658685.8582
1834,84,43,2,1750,166,5,1467512984941.1296
1834,84,44,1,1750,166,5,1467634113906.1296
1834,84,44,2,1750,166,5,1561645090216.3767
1834,84,45,1,1750,166,5,1561780707224.3767
1834,84,45,2,1750,166,5,1659736389185.5994
1834,84,46,1,1750,166,5,1659887847762.5994
1834,84,46,2,1750,166,5,1761869290970.7976
1834,84,47,1,1750,166,5,1762038037276.7979
1834,84,47,2,1750,166,5,1868126297327.9722
1834,84,48,1,1750,166,5,1868313874286.9722
1834,84,48,2,1750,166,5,1978590006777.1226
1834,84,49,1,1750,166,5,1978798058297.1223
1834,84,49,2,1750,166,5,2093343118822.2488
1834,84,50,1,1750,166,5,2093573394105.249
1834,84,50,2,1750,166,5,2212468438261.3516
1834,84,51,1,1750,166,5,2212722796203.3516
1834,84,51,2,1750,166,5,2336048879586.4307
1834,84,52,1,1750,166,5,2336329293267.431
1834,84,52,2,1750,166,5,2464167471473.487
1834,84,53,1,1750,166,5,2464476032737.4863
1834,84,53,2,1750,166,5,2596907361362.5186
1834,84,54,1,1750,166,5,2597246285487.5186
1834,84,54,2,1750,166,5,2734351820127.528
1834,84,55,1,1750,166,5,2734723450585.528
1834,84,55,2,1750,166,5,2876584246836.5137
1834,84,56,1,1750,166,5,2876991060143.513
1834,84,56,2,1750,166,5,3023688173601.476
1834,84,57,1,1750,166,5,3024132784257.4766
1834,84,57,2,1750,166,5,3175747270518.4165
1834,84,58,1,1750,166,5,3176232436037.4165
1834,84,58,2,1750,166,5,3332845350697.3335
1834,84,59,1,1750,166,5,3333373976727.3335
1834,84,59,2,1750,166,5,3495066375382.228
1834,84,60,1,1750,166,5,3495641520915.228
1834,84,60,2,1750,166,5,3662494459161.1
1834,84,61,1,1750,166,5,3663119341833.1
1834,84,61,2,1750,166,5,3835213875265.9497
1834,84,62,1,1750,166,5,3835891876746.9497
1834,84,62,2,1750,166,5,4013309060962.777
1834,84,63,1,1750,166,5,4014043732436.777
1834,84,63,2,1750,166,5,4196864623031.582
1834,84,64,1,1750,166,5,4197659690766.582
1834,84,64,2,1750,166,5,4385965343336.365
1834,84,65,1,1750,166,5,4386824714344.3647
1834,84,65,2,1750,166,5,4580696184485.126
1834,84,66,1,1750,166,5,4581623952272.126
1834,84,66,2,1750,166,5,4781142295579.865
1834,84,67,1,1750,166,5,4782142745985.864
1834,84,67,2,1750,166,5,4987389018056.582
1834,84,68,1,1750,166,5,4988466635185.583
1834,84,68,2,1750,166,5,5199521891615.278
1834,84,69,1,1750,166,5,5200681363855.278
1834,84,69,2,1750,166,5,5417626660239.952
1834,84,70,1,1750,166,5,5418872886372.952
1834,84,70,2,1750,166,5,5641789278308.6045
1834,84,71,1,1750,166,5,5643127373710.6045
1834,84,71,2,1750,166,5,5872095916793.236
1834,84,72,1,1750,166,5,5873531219724.236
1834,84,72,2,1750,166,5,6108632969549.846
1834,84,73,1,1750,166,5,6110171047533.846
1834,84,73,2,1750,166,5,6351487059698.435
1834,84,74,1,1750,166,5,6353133715993.436
1834,84,74,2,1750,166,5,6600745046093.003
1834,84,75,1,1750,166,5,6602506326251.003
1834,84,75,2,1750,166,5,6856494029881.55
1834,84,76,1,1750,166,5,6858376228398.55
1834,84,76,2,1750,166,5,7118821361156.076
1834,84,77,1,1750,166,5,7120831028212.076
1834,84,77,2,1750,166,5,7387814645692.582
1834,84,78,1,1750,166,5,7389958593981.582
1834,84,78,2,1750,166,5,7663561751781.066
1834,84,79,1,1750,166,5,7665847063431.066
1834,84,79,2,1750,166,5,7946150817145.53
1834,84,80,1,1750,166,5,7948584850728.531
1834,84,80,2,1750,166,5,8235670255953.976
1834,84,81,1,1750,166,5,8238260653585.975
1834,84,81,2,1750,166,5,8532208765918.398
1834,84,82,1,1750,166,5,8534963460449.397
1834,84,82,2,1750,166,5,8835855335484.803
1834,84,83,1,1750,166,5,8838782557778.8
1834,84,83,2,1750,166,5,9146699251113.184
1834,84,84,1,1750,166,5,9149807537418.186
1834,84,84,2,1750,166,5,9464830104647.549
1834,84,85,1,1750,166,5,9468128304055.549
1834,84,85,2,1750,166,5,9790337800775.893
1834,84,86,1,1750,166,5,9793835082772.89
1834,84,86,2,1750,166,5,10123312564580.215
1834,84,87,1,1750,166,5,10127018426686.215
1834,84,87,2,1750,166,5,10463844949176.52
1834,84,88,1,1750,166,5,10467769224675.52
1834,84,88,2,1750,166,5,10812025843444.803
1834,84,89,1,1750,166,5,10816178709204.803
1834,84,89,2,1750,166,5,11167946479849.066
1834,84,90,1,1750,166,5,11172338464232.066
1834,84,90,2,1750,166,5,11531698442347.312
1834,84,91,1,1750,166,5,11536340433209.312
1834,84,91,2,1750,166,5,11903373674391.54
1834,84,92,1,1750,166,5,11908276927172.537
1834,84,92,2,1750,166,5,12283064487017.744
1834,84,93,1,1750,166,5,12288240632921.744
1834,84,93,2,1750,166,5,12670863567025.932
1834,84,94,1,1750,166,5,12676324621290.932
1834,84,94,2,1750,166,5,13066863985250.1
1834,84,95,1,1750,166,5,13072622355508.1
1834,84,95,2,1750,166,5,13471159204918.248
1834,84,96,1,1750,166,5,13477227699645.248
1834,84,96,2,1750,166,5,13883843090102.379
1834,84,97,1,1750,166,5,13890234927158.379
1834,84,97,2,1750,166,5,14305009914258.49
1834,84,98,1,1750,166,5,14311738729517.488
1834,84,98,2,1750,166,5,14734754368856.582
1834,84,99,1,1750,166,5,14741834224926.582
1834,84,99,2,1750,166,5,15173171572100.656
1834,84,100,1,1750,166,5,15180616967133.656
1834,84,100,2,1750,166,5,15620357077738.713
1834,84,101,1,1750,166,5,15628182954330.71
1834,84,101,2,1750,166,5,16076406883962.748
1834,84,102,1,1750,166,5,16084628638143.748
1834,84,102,2,1750,166,5,16541417442398.766
1834,84,103,1,1750,166,5,16550050932712.768
1834,84,103,2,1750,166,5,17015485667186.768
1834,84,104,1,1750,166,5,17024547223861.766
1834,84,104,2,1750,166,5,17498708944150.748
1834,84,105,1,1750,166,5,17508215378358.748
1834,84,105,2,1750,166,5,17991185140058.71
1834,84,106,1,1750,166,5,18001153753265.71
1834,84,106,2,1750,166,5,18493012611972.656
1834,84,107,1,1750,166,5,18503461205378.66
1834,84,107,2,1750,166,5,19004290216688.586
1834,84,108,1,1750,166,5,19015237100757.586
1834,84,108,2,1750,166,5,19525117320266.492
1834,84,109,1,1750,166,5,19536581324346.492
1834,84,109,2,1750,166,5,20055593807650.387
1834,84,110,1,1750,166,5,20067594289683.387
1834,84,110,2,1750,166,5,20595820092378.26
1834,84,111,1,1750,166,5,20608376948700.258
1834,84,111,2,1750,166,5,21145897126382.117
1834,84,112,1,1750,166,5,21159030801613.113
1834,84,112,2,1750,166,5,21705926409877.953
1834,84,113,1,1750,166,5,21719657906901.957
1834,84,113,2,1750,166,5,22276010001345.777
1834,84,114,1,1750,166,5,22290360891380.777
1834,84,114,2,1750,166,5,22856250527599.58
1834,84,115,1,1750,166,5,22871242960357.58
1834,84,115,2,1750,166,5,23446751193947.363
1834,84,116,1,1750,166,5,23462407907884.367
1834,84,116,2,1750,166,5,24047615794441.137
1834,84,117,1,1750,166,5,24063960127097.137
1834,84,117,2,1750,166,5,24658948722216.887
1834,84,118,1,1750,166,5,24676004620645.887
1834,84,118,2,1750,166,5,25280854979924.62
1834,84,119,1,1750,166,5,25298647011214.625
1834,84,119,2,1750,166,5,25913440190248.34
1834,84,120,1,1750,166,5,25931993552131.34
1834,84,120,2,1750,166,5,26556810606516.04
1834,84,121,1,1750,166,5,26576151138068.04
1834,84,121,2,1750,166,5,27211073123399.723
1834,84,122,1,1750,166,5,27231227315830.727
1834,84,122,2,1750,166,5,27876335287705.395
1834,84,123,1,1750,166,5,27897330295239.39
1834,84,123,2,1750,166,5,28552705309253.043
1834,84,124,1,1750,166,5,28574568960098.043
1834,84,124,2,1750,166,5,29240292071846.676
1834,84,125,1,1750,166,5,29263052879254.676
1834,84,125,2,1750,166,5,29939205144334.293
1834,84,126,1,1750,166,5,29962892317751.293
1834,84,126,2,1750,166,5,30649554791757.895
1834,84,127,1,1750,166,5,30674198248063.89
1834,84,127,2,1750,166,5,31371451986593.477
1834,84,128,1,1750,166,5,31397082361432.48
1834,84,128,2,1750,166,5,32105008420081.047
1834,84,129,1,1750,166,5,32131657079281.047
1834,84,129,2,1750,166,5,32850336513644.594
1834,84,130,1,1750,166,5,32878035564727.594
1834,84,130,2,1750,166,5,33607549430402.13
1834,84,131,1,1750,166,5,33636331734184.133
1834,84,131,2,1750,166,5,34376761086765.652
1834,84,132,1,1750,166,5,34406660269046.65
1834,84,132,2,1750,166,5,35158086164131.152
1834,84,133,1,1750,166,5,35189136627475.16
1834,84,133,2,1750,166,5,35951640120658.64
1834,84,134,1,1750,166,5,35983877056263.63
1834,84,134,2,1750,166,5,36757539203142.11
1834,84,135,1,1750,166,5,36790998602800.11
1834,84,135,2,1750,166,5,37575900458969.56
1834,84,136,1,1750,166,5,37610619127116.57
1834,84,136,2,1750,166,5,38406841748173.01
1834,84,137,1,1750,166,5,38442857314029.0
1834,84,137,2,1750,166,5,39250481755568.42
1834,84,138,1,1750,166,5,39287832685367.43
1834,84,138,2,1750,166,5,40106940002985.836
1834,84,139,1,1750,166,5,40145665612295.836
1834,84,139,2,1750,166,5,40976336861589.23
1834,84,140,1,1750,166,5,41016477327722.23
1834,84,140,2,1750,166,5,41858793564286.6
1834,84,141,1,1750,166,5,41900389938798.6
1834,84,141,2,1750,166,5,42754432218229.96
1834,84,142,1,1750,166,5,42797526439510.96
1834,84,142,2,1750,166,5,43663375817405.31
1834,84,143,1,1750,166,5,43708010723359.305
1834,84,143,2,1750,166,5,44585748255312.63
1834,84,144,1,1750,166,5,44631967596127.64
1834,84,144,2,1750,166,5,45521674337735.95
1834,84,145,1,1750,166,5,45569522788743.95
1834,84,145,2,1750,166,5,46471279795603.26
1834,84,146,1,1750,166,5,46520802970230.25
1834,84,146,2,1750,166,5,47434691297936.53
1834,84,147,1,1750,166,5,47485935760742.53
1834,84,147,2,1750,166,5,48412036464891.805
1834,84,148,1,1750,166,5,48465049744700.805
1834,84,148,2,1750,166,5,49403443880889.06
1834,84,149,1,1750,166,5,49458274484009.055
1834,84,149,2,1750,166,5,50409043107832.3
1834,84,150,1,1750,166,5,50465740531365.3
1834,84,150,2,1750,166,5,51428964698419.52
1834,84,151,1,1750,166,5,51487579443661.52
1834,84,151,2,1750,166,5,52463340209542.734
1834,84,152,1,1750,166,5,52523923795473.73
1834,84,152,2,1750,166,5,53512302215777.92
1834,84,153,1,1750,166,5,53574907192641.92
1834,84,153,2,1750,166,5,54575984322965.1
1834,84,154,1,1750,166,5,54640664285940.11
1834,84,154,2,1750,166,5,55654521181878.27
1834,84,155,1,1750,166,5,55721330784836.266
1834,84,155,2,1750,166,5,56748048501985.414
1834,84,156,1,1750,166,5,56817043471342.42
1834,84,156,2,1750,166,5,57856703065298.555
1834,84,157,1,1750,166,5,57927940213954.555
1834,84,157,2,1750,166,5,58980622740313.68
1834,84,158,1,1750,166,5,59054159981682.67
1834,84,158,2,1750,166,5,60119946496040.78
1834,84,159,1,1750,166,5,60195842858170.78
1834,84,159,2,1750,166,5,61274814416123.875
1834,84,160,1,1750,166,5,61353130055906.875
1834,84,160,2,1750,166,5,62445367713050.95
1834,84,161,1,1750,166,5,62526163930522.945
1834,84,161,2,1750,166,5,63631748742454.016
1834,84,162,1,1750,166,5,63715087995185.016
1834,84,162,2,1750,166,5,64834101017499.06
1834,84,163,1,1750,166,5,64920046935073.07
1834,84,163,2,1750,166,5,66052569223366.1
1834,84,164,1,1750,166,5,66141186621951.1
1834,84,164,2,1750,166,5,67287299231819.12
1834,84,165,1,1750,166,5,67378654128827.125
1834,84,165,2,1750,166,5,68538438115866.125
1834,84,166,1,1750,166,5,68632597744703.13
1834,84,166,2,1750,166,5,69806134164509.125
1834,84,167,1,1750,166,5,69903166989415.12
1834,84,167,2,1750,166,5,71090536897584.11
1834,84,168,1,1750,166,5,71190512628563.1
1834,84,168,2,1750,166,5,72391797080691.06
1839,85,1,1,1754,168,5,5815572904.6083765
1839,85,1,2,1754,168,5,6888615221.941227
1839,85,2,1,1754,168,5,6888617172.941227
1839,85,2,2,1754,168,5,8423477253.243731
1839,85,3,1,1754,168,5,8423479487.243731
1839,85,3,2,1754,168,5,10501654586.516066
1839,85,4,1,1754,168,5,10501657431.516066
1839,85,4,2,1754,168,5,13204644805.75841
1839,85,5,1,1754,168,5,13204649033.758408
1839,85,5,2,1754,168,5,16613945938.970934
1839,85,6,1,1754,168,5,16613953115.970934
1839,85,6,2,1754,168,5,20811056808.153816
1839,85,7,1,1754,168,5,20811069734.153812
1839,85,7,2,1754,168,5,25877477469.307224
1839,85,8,1,1754,168,5,25877500708.307224
1839,85,8,2,1754,168,5,31894709742.431328
1839,85,9,1,1754,168,5,31894750242.431328
1839,85,9,2,1754,168,5,38944257831.5263
1839,85,10,1,1754,168,5,38944325634.5263
1839,85,10,2,1754,168,5,47107629034.59231
1839,85,11,1,1754,168,5,47107738076.5923
1839,85,11,2,1754,168,5,56466334543.6295
1839,85,12,1,1754,168,5,56466503544.6295
1839,85,12,2,1754,168,5,67101890334.63808
1839,85,13,1,1754,168,5,67102143778.63808
1839,85,13,2,1754,168,5,79095818147.61816
1839,85,14,1,1754,168,5,79096187352.61816
1839,85,14,2,1754,168,5,92529646556.56995
1839,85,15,1,1754,168,5,92530170834.56995
1839,85,15,2,1754,168,5,107484912129.49358
1839,85,16,1,1754,168,5,107485640036.49358
1839,85,16,2,1754,168,5,124043160678.3892
1839,85,17,1,1754,168,5,124044151354.3892
1839,85,17,2,1754,168,5,142285948599.257
1839,85,18,1,1754,168,5,142287273198.25702
1839,85,18,2,1754,168,5,162294844302.0971
1839,85,19,1,1754,168,5,162296587512.09714
1839,85,19,2,1754,168,5,184151429730.90973
1839,85,20,1,1754,168,5,184153691383.9097
1839,85,20,2,1754,168,5,207937301973.69492
1839,85,21,1,1754,168,5,207940198745.69495
1839,85,21,2,1754,168,5,233734074962.45294
1839,85,22,1,1754,168,5,233737742163.45297
1839,85,22,2,1754,168,5,261623381263.18387
1839,85,23,1,1754,168,5,261627974717.18387
1839,85,23,2,1754,168,5,291686873955.8879
1839,85,24,1,1754,168,5,291692571970.8879
1839,85,24,2,1754,168,5,324006228604.5651
1839,85,25,1,1754,168,5,324013234032.5651
1839,85,25,2,1754,168,5,358663145317.21576
1839,85,26,1,1754,168,5,358671687704.21576
1839,85,26,2,1754,168,5,395739350895.8399
1839,85,27,1,1754,168,5,395749688721.8399
1839,85,27,2,1754,168,5,435316601076.43774
1839,85,28,1,1754,168,5,435329024085.4377
1839,85,28,2,1754,168,5,477476682859.00934
1839,85,29,1,1754,168,5,477491514479.0094
1839,85,29,2,1754,168,5,522301416927.555
1839,85,30,1,1754,168,5,522319016780.55493
1839,85,30,2,1754,168,5,569872660160.0747
1839,85,31,1,1754,168,5,569893426662.0747
1839,85,31,2,1754,168,5,620272308228.5686
1839,85,32,1,1754,168,5,620296681279.5685
1839,85,32,2,1754,168,5,673582298289.0367
1839,85,33,1,1754,168,5,673610762053.0369
1839,85,33,2,1754,168,5,729884611761.4796
1839,85,34,1,1754,168,5,729917697536.4796
1839,85,34,2,1754,168,5,789261277199.8971
1839,85,35,1,1754,168,5,789299566377.8971
1839,85,35,2,1754,168,5,851794373252.2893
1839,85,36,1,1754,168,5,851838500369.2893
1839,85,36,2,1754,168,5,917566031710.6565
1839,85,37,1,1754,168,5,917616687586.6566
1839,85,37,2,1754,168,5,986658440650.9988
1839,85,38,1,1754,168,5,986716375619.9987
1839,85,38,2,1754,168,5,1059153847663.316
1839,85,39,1,1754,168,5,1059219874893.3162
1839,85,39,2,1754,168,5,1135134563171.609
1839,85,40,1,1754,168,5,1135209562074.6086
1839,85,40,2,1754,168,5,1214682963843.877
1839,85,41,1,1754,168,5,1214767883575.8772
1839,85,41,2,1754,168,5,1297881496092.1208
1839,85,42,1,1754,168,5,1297977359143.1206
1839,85,42,2,1754,168,5,1384812679662.3403
1839,85,43,1,1754,168,5,1384920585536.34
1839,85,43,2,1754,168,5,1475559111314.5354
1839,85,44,1,1754,168,5,1475680240299.5356
1839,85,44,2,1754,168,5,1570203468592.7068
1839,85,45,1,1754,168,5,1570339085620.7068
1839,85,45,2,1754,168,5,1668828513684.854
1839,85,46,1,1754,168,5,1668979972281.854
1839,85,46,2,1754,168,5,1771517097372.9775
1839,85,47,1,1754,168,5,1771685843698.9778
1839,85,47,2,1754,168,5,1878352163073.0776
1839,85,48,1,1754,168,5,1878539740052.0776
1839,85,48,2,1754,168,5,1989416750965.1538
1839,85,49,1,1754,168,5,1989624802505.1538
1839,85,49,2,1754,168,5,2104794002213.2068
1839,85,50,1,1754,168,5,2105024277516.2068
1839,85,50,2,1754,168,5,2224567163275.2363
1839,85,51,1,1754,168,5,2224821521237.2363
1839,85,51,2,1754,168,5,2348819590303.2427
1839,85,52,1,1754,168,5,2349100004004.2427
1839,85,52,2,1754,168,5,2477634753633.226
1839,85,53,1,1754,168,5,2477943314917.226
1839,85,53,2,1754,168,5,2611096242365.1865
1839,85,54,1,1754,168,5,2611435166510.1865
1839,85,54,2,1754,168,5,2749287769033.124
1839,85,55,1,1754,168,5,2749659399511.1245
1839,85,55,2,1754,168,5,2892293174365.039
1839,85,56,1,1754,168,5,2892699987692.0386
1839,85,56,2,1754,168,5,3040196432132.931
1839,85,57,1,1754,168,5,3040641042808.931
1839,85,57,2,1754,168,5,3193081654092.801
1839,85,58,1,1754,168,5,3193566819631.8013
1839,85,58,2,1754,168,5,3351033095014.649
1839,85,59,1,1754,168,5,3351561721064.6484
1839,85,59,2,1754,168,5,3514135157802.473
1839,85,60,1,1754,168,5,3514710303355.4736
1839,85,60,2,1754,168,5,3682472398704.2764
1839,85,61,1,1754,168,5,3683097281396.277
1839,85,61,2,1754,168,5,3856129532612.058
1839,85,62,1,1754,168,5,3856807534113.0576
1839,85,62,2,1754,168,5,4035191438451.8164
1839,85,63,1,1754,168,5,4035926109945.8164
1839,85,63,2,1754,168,5,4219743164663.5537
1839,85,64,1,1754,168,5,4220538232418.554
1839,85,64,2,1754,168,5,4409869934771.27
1839,85,65,1,1754,168,5,4410729305799.27
1839,85,65,2,1754,168,5,4605657153042.964
1839,85,66,1,1754,168,5,4606584920849.963
1839,85,66,2,1754,168,5,4807190410240.636
1839,85,67,1,1754,168,5,4808190860666.636
1839,85,67,2,1754,168,5,5014555489460.286
1839,85,68,1,1754,168,5,5015633106609.287
1839,85,68,2,1754,168,5,5227838372061.917
1839,85,69,1,1754,168,5,5228997844321.917
1839,85,69,2,1754,168,5,5447125243689.525
1839,85,70,1,1754,168,5,5448371469842.524
1839,85,70,2,1754,168,5,5672502500381.112
1839,85,71,1,1754,168,5,5673840595803.113
1839,85,71,2,1754,168,5,5904056754768.68
1839,85,72,1,1754,168,5,5905492057719.68
1839,85,72,2,1754,168,5,6141874842368.225
1839,85,73,1,1754,168,5,6143412920372.225
1839,85,73,2,1754,168,5,6386043827959.749
1839,85,74,1,1754,168,5,6387690484274.75
1839,85,74,2,1754,168,5,6636651012057.255
1839,85,75,1,1754,168,5,6638412292235.254
1839,85,75,2,1754,168,5,6893783937468.738
1839,85,76,1,1754,168,5,6895666136005.737
1839,85,76,2,1754,168,5,7157530395946.2
1839,85,77,1,1754,168,5,7159540063022.201
1839,85,77,2,1754,168,5,7427978434925.645
1839,85,78,1,1754,168,5,7430122383234.644
1839,85,78,2,1754,168,5,7705216364357.066
1839,85,79,1,1754,168,5,7707501676027.066
1839,85,79,2,1754,168,5,7989332763624.469
1839,85,80,1,1754,168,5,7991766797227.47
1839,85,80,2,1754,168,5,8280416488555.852
1839,85,81,1,1754,168,5,8283006886207.852
1839,85,81,2,1754,168,5,8578556678523.213
1839,85,82,1,1754,168,5,8581311373074.213
1839,85,82,2,1754,168,5,8883842763632.557
1839,85,83,1,1754,168,5,8886769985946.555
1839,85,83,2,1754,168,5,9196364472003.877
1839,85,84,1,1754,168,5,9199472758328.879
1839,85,84,2,1754,168,5,9516211837141.182
1839,85,85,1,1754,168,5,9519510036569.182
1839,85,85,2,1754,168,5,9843475205392.465
1839,85,86,1,1754,168,5,9846972487409.465
1839,85,86,2,1754,168,5,10178245243499.729
1839,85,87,1,1754,168,5,10181951105625.729
1839,85,87,2,1754,168,5,10520612946238.973
1839,85,88,1,1754,168,5,10524537221757.975
1839,85,88,2,1754,168,5,10870669644150.2
1839,85,89,1,1754,168,5,10874822509930.197
1839,85,89,2,1754,168,5,11228507011357.404
1839,85,90,1,1754,168,5,11232898995760.404
1839,85,90,2,1754,168,5,11594217073478.59
1839,85,91,1,1754,168,5,11598859064360.592
1839,85,91,2,1754,168,5,11967892215625.76
1839,85,92,1,1754,168,5,11972795468426.758
1839,85,92,2,1754,168,5,12349625190494.906
1839,85,93,1,1754,168,5,12354801336418.906
1839,85,93,2,1754,168,5,12739509126546.037
1839,85,94,1,1754,168,5,12744970180831.037
1839,85,94,2,1754,168,5,13137637536273.148
1839,85,95,1,1754,168,5,13143395906551.146
1839,85,95,2,1754,168,5,13544104324564.24
1839,85,96,1,1754,168,5,13550172819311.24
1839,85,96,2,1754,168,5,13959003797151.314
1839,85,97,1,1754,168,5,13965395634227.314
1839,85,97,2,1754,168,5,14382430669150.37
1839,85,98,1,1754,168,5,14389159484429.37
1839,85,98,2,1754,168,5,14814480073691.404
1839,85,99,1,1754,168,5,14821559929781.406
1839,85,99,2,1754,168,5,15255247570638.424
1839,85,100,1,1754,168,5,15262692965691.424
1839,85,100,2,1754,168,5,15704829155399.424
1839,85,101,1,1754,168,5,15712655032011.424
1839,85,101,2,1754,168,5,16163321267826.404
1839,85,102,1,1754,168,5,16171543022027.406
1839,85,102,2,1754,168,5,16630820801205.37
1839,85,103,1,1754,168,5,16639454291539.37
1839,85,103,2,1754,168,5,17107425111336.314
1839,85,104,1,1754,168,5,17116486668031.314
1839,85,104,2,1754,168,5,17593232025703.246
1839,85,105,1,1754,168,5,17602738459931.242
1839,85,105,2,1754,168,5,18088339852734.152
1839,85,106,1,1754,168,5,18098308465961.152
1839,85,106,2,1754,168,5,18592847391151.043
1839,85,107,1,1754,168,5,18603295984577.047
1839,85,107,2,1754,168,5,19106853939409.918
1839,85,108,1,1754,168,5,19117800823498.918
1839,85,108,2,1754,168,5,19630459305230.773
1839,85,109,1,1754,168,5,19641923309330.773
1839,85,109,2,1754,168,5,20163763815217.613
1839,85,110,1,1754,168,5,20175764297270.617
1839,85,110,2,1754,168,5,20706868324568.438
1839,85,111,1,1754,168,5,20719425180910.438
1839,85,111,2,1754,168,5,21259874226875.242
1839,85,112,1,1754,168,5,21273007902126.24
1839,85,112,2,1754,168,5,21822883464014.027
1839,85,113,1,1754,168,5,21836614961058.027
1839,85,113,2,1754,168,5,22395998536124.797
1839,85,114,1,1754,168,5,22410349426179.797
1839,85,114,2,1754,168,5,22979322511681.55
1839,85,115,1,1754,168,5,22994314944459.547
1839,85,115,2,1754,168,5,23572959037652.285
1839,85,116,1,1754,168,5,23588615751609.285
1839,85,116,2,1754,168,5,24177012349749.004
1839,85,117,1,1754,168,5,24193356682425.004
1839,85,117,2,1754,168,5,24791587282767.703
1839,85,118,1,1754,168,5,24808643181216.703
1839,85,118,2,1754,168,5,25416789281018.387
1839,85,119,1,1754,168,5,25434581312328.39
1839,85,119,2,1754,168,5,26052724408845.06
1839,85,120,1,1754,168,5,26071277770748.06
1839,85,120,2,1754,168,5,26699499361235.707
1839,85,121,1,1754,168,5,26718839892807.707
1839,85,121,2,1754,168,5,27357221474522.34
1839,85,122,1,1754,168,5,27377375666973.344
1839,85,122,2,1754,168,5,28025998737170.96
1839,85,123,1,1754,168,5,28046993744724.96
1839,85,123,2,1754,168,5,28705939800661.562
1839,85,124,1,1754,168,5,28727803451526.56
1839,85,124,2,1754,168,5,29397153990458.145
1839,85,125,1,1754,168,5,29419914797886.15
1839,85,125,2,1754,168,5,30099751317068.715
1839,85,126,1,1754,168,5,30123438490505.715
1839,85,126,2,1754,168,5,30813842487195.266
1839,85,127,1,1754,168,5,30838485943521.266
1839,85,127,2,1754,168,5,31539538914973.8
1839,85,128,1,1754,168,5,31565169289832.805
1839,85,128,2,1754,168,5,32276952733304.324
1839,85,129,1,1754,168,5,32303601392524.324
1839,85,129,2,1754,168,5,33026196805270.83
1839,85,130,1,1754,168,5,33053895856373.824
1839,85,130,2,1754,168,5,33787384735651.312
1839,85,131,1,1754,168,5,33816167039453.316
1839,85,131,2,1754,168,5,34560630882517.79
1839,85,132,1,1754,168,5,34590530064818.785
1839,85,132,2,1754,168,5,35346050368926.24
1839,85,133,1,1754,168,5,35377100832290.24
1839,85,133,2,1754,168,5,36143759094696.69
1839,85,134,1,1754,168,5,36175996030321.68
1839,85,134,2,1754,168,5,36953873748283.1
1839,85,135,1,1754,168,5,36987333147961.11
1839,85,135,2,1754,168,5,37776511818733.516
1839,85,136,1,1754,168,5,37811230486900.516
1839,85,136,2,1754,168,5,38611791607739.914
1839,85,137,1,1754,168,5,38647807173615.91
1839,85,137,2,1754,168,5,39459832241778.28
1839,85,138,1,1754,168,5,39497183171597.29
1839,85,138,2,1754,168,5,40320753684338.65
1839,85,139,1,1754,168,5,40359479293668.65
1839,85,139,2,1754,168,5,41194676748245.0
1839,85,140,1,1754,168,5,41234817214397.99
1839,85,140,2,1754,168,5,42081723108065.32
1839,85,141,1,1754,168,5,42123319482597.33
1839,85,141,2,1754,168,5,42982015312611.64
1839,85,142,1,1754,168,5,43025109533912.64
1839,85,142,2,1754,168,5,43895676797529.945
1839,85,143,1,1754,168,5,43940311703503.94
1839,85,143,2,1754,168,5,44822831897980.23
1839,85,144,1,1754,168,5,44869051238815.23
1839,85,144,2,1754,168,5,45763605861406.5
1839,85,145,1,1754,168,5,45811454312434.5
1839,85,145,2,1754,168,5,46718124860396.76
1839,85,146,1,1754,168,5,46767648035043.75
1839,85,146,2,1754,168,5,47686516005632.99
1839,85,147,1,1754,168,5,47737760468458.99
1839,85,147,2,1754,168,5,48668907358931.22
1839,85,148,1,1754,168,5,48721920638760.23
1839,85,148,2,1754,168,5,49665427946371.43
1839,85,149,1,1754,168,5,49720258549511.43
1839,85,149,2,1754,168,5,50676207771517.625
1839,85,150,1,1754,168,5,50732905195070.625
1839,85,150,2,1754,168,5,51701377828727.805
1839,85,151,1,1754,168,5,51759992573989.81
1839,85,151,2,1754,168,5,52741070116553.98
1839,85,152,1,1754,168,5,52801653702504.97
1839,85,152,2,1754,168,5,53795417651232.125
1839,85,153,1,1754,168,5,53858022628116.125
1839,85,153,2,1754,168,5,54864554480262.266
1839,85,154,1,1754,168,5,54929234443257.266
1839,85,154,2,1754,168,5,55948615696078.39
1839,85,155,1,1754,168,5,56015425299056.38
1839,85,155,2,1754,168,5,57047737449808.49
1839,85,156,1,1754,168,5,57116732419185.49
1839,85,156,2,1754,168,5,58162056965124.586
1839,85,157,1,1754,168,5,58233294113800.59
1839,85,157,2,1754,168,5,59291712552182.67
1839,85,158,1,1754,168,5,59365249793571.664
1839,85,158,2,1754,168,5,60436843621652.734
1839,85,159,1,1754,168,5,60512739983802.734
1839,85,159,2,1754,168,5,61597590698838.78
1839,85,160,1,1754,168,5,61675906338641.79
1839,85,160,2,1754,168,5,62774095437888.83
1839,85,161,1,1754,168,5,62854891655380.82
1839,85,161,2,1754,168,5,63966500636094.84
1839,85,162,1,1754,168,5,64049839888845.84
1839,85,162,2,1754,168,5,65174950248282.85
1839,85,163,1,1754,168,5,65260896165876.86
1839,85,163,2,1754,168,5,66399589401292.85
1839,85,164,1,1754,168,5,66488206799897.84
1839,85,164,2,1754,168,5,67640564408548.83
1839,85,165,1,1754,168,5,67731919305576.83
1839,85,165,2,1754,168,5,68898022784718.8
1839,85,166,1,1754,168,5,68992182413575.8
1839,85,166,2,1754,168,5,70172113260464.76
1839,85,167,1,1754,168,5,70269146085390.75
1839,85,167,2,1754,168,5,71462985797282.7
1839,85,168,1,1754,168,5,71562961528281.69
1839,85,168,2,1754,168,5,72770791602432.62
1839,85,169,1,1754,168,5,72873781210292.61
1839,85,169,2,1754,168,5,74095683143958.52
1839,85,170,1,1754,168,5,74201758875361.53
1839,85,170,2,1754,168,5,75437814165798.44
1808,86,1,1,1722,170,5,5674131428.14366
1808,86,1,2,1722,170,5,6711374364.169868
1808,86,2,1,1722,170,5,6711376335.169868
1808,86,2,2,1722,170,5,8195029662.166972
1808,86,3,1,1722,170,5,8195031916.166972
1808,86,3,2,1722,170,5,10203873942.135141
1808,86,4,1,1722,170,5,10203876807.135141
1808,86,4,2,1722,170,5,12816685840.074543
1808,86,5,1,1722,170,5,12816690088.074541
1808,86,5,2,1722,170,5,16112244435.985338
1808,86,6,1,1722,170,5,16112251632.98534
1808,86,6,2,1722,170,5,20169329603.8677
1808,86,7,1,1722,170,5,20169342549.8677
1808,86,7,2,1722,170,5,25066722451.721783
1808,86,8,1,1722,170,5,25066745710.721783
1808,86,8,2,1722,170,5,30883205851.547756
1808,86,9,1,1722,170,5,30883246371.547752
1808,86,9,2,1722,170,5,37697565059.345764
1808,86,10,1,1722,170,5,37697632882.34577
1808,86,10,2,1722,170,5,45588588425.11599
1808,86,11,1,1722,170,5,45588697487.11599
1808,86,11,2,1722,170,5,54635068192.85857
1808,86,12,1,1722,170,5,54635237213.85857
1808,86,12,2,1722,170,5,64915801390.57367
1808,86,13,1,1722,170,5,64916054854.57367
1808,86,13,2,1722,170,5,76509590810.26143
1808,86,14,1,1722,170,5,76509960035.26144
1808,86,14,2,1722,170,5,89495246077.92204
1808,86,15,1,1722,170,5,89495770375.92203
1808,86,15,2,1722,170,5,103951584813.5556
1808,86,16,1,1722,170,5,103952312740.5556
1808,86,16,2,1722,170,5,119957433881.16231
1808,86,17,1,1722,170,5,119958424577.16231
1808,86,17,2,1722,170,5,137591630728.7423
1808,86,18,1,1722,170,5,137592955347.74228
1808,86,18,2,1722,170,5,156933024818.2957
1808,86,19,1,1722,170,5,156934768048.2957
1808,86,19,2,1722,170,5,178060479145.82266
1808,86,20,1,1722,170,5,178062740818.82266
1808,86,20,2,1722,170,5,201052871851.32333
1808,86,21,1,1722,170,5,201055768643.32336
1808,86,21,2,1722,170,5,225989097918.7979
1808,86,22,1,1722,170,5,225992765139.79794
1808,86,22,2,1722,170,5,252948070966.2465
1808,86,23,1,1722,170,5,252952664440.2465
1808,86,23,2,1722,170,5,282008725125.66925
1808,86,24,1,1722,170,5,282014423160.6692
1808,86,24,2,1722,170,5,313250017013.0662
1808,86,25,1,1722,170,5,313257022461.0662
1808,86,25,2,1722,170,5,346750927788.4376
1808,86,26,1,1722,170,5,346759470195.4377
1808,86,26,2,1722,170,5,382590465305.7836
1808,86,27,1,1722,170,5,382600803151.7836
1808,86,27,2,1722,170,5,420847666353.1044
1808,86,28,1,1722,170,5,420860089382.1043
1808,86,28,2,1722,170,5,461601598982.3999
1808,86,29,1,1722,170,5,461616430622.39996
1808,86,29,2,1722,170,5,504931364929.6705
1808,86,30,1,1722,170,5,504948964802.6704
1808,86,30,2,1722,170,5,550916102124.916
1808,86,31,1,1722,170,5,550936868646.9161
1808,86,31,2,1722,170,5,599634987292.1371
1808,86,32,1,1722,170,5,599659360363.137
1808,86,32,2,1722,170,5,651167238639.3331
1808,86,33,1,1722,170,5,651195702423.3333
1808,86,33,2,1722,170,5,705592118638.505
1808,86,34,1,1722,170,5,705625204433.505
1808,86,34,2,1722,170,5,762988936895.6525
1808,86,35,1,1722,170,5,763027226093.6525
1808,86,35,2,1722,170,5,823437053110.7755
1808,86,36,1,1722,170,5,823481180247.7756
1808,86,36,2,1722,170,5,887015880127.8748
1808,86,37,1,1722,170,5,887066536023.8748
1808,86,37,2,1722,170,5,953804887074.9498
1808,86,38,1,1722,170,5,953862822063.9498
1808,86,38,2,1722,170,5,1023883602594.001
1808,86,39,1,1722,170,5,1023949629844.001
1808,86,39,2,1722,170,5,1097331618161.0286
1808,86,40,1,1722,170,5,1097406617084.0287
1808,86,40,2,1722,170,5,1174228591496.0325
1808,86,41,1,1722,170,5,1174313511248.0325
1808,86,41,2,1722,170,5,1254654250063.013
1808,86,42,1,1722,170,5,1254750113134.013
1808,86,42,2,1722,170,5,1338688394659.97
1808,86,43,1,1722,170,5,1338796300553.97
1808,86,43,2,1722,170,5,1426410903098.9038
1808,86,44,1,1722,170,5,1426532032103.904
1808,86,44,2,1722,170,5,1517901733975.8147
1808,86,45,1,1722,170,5,1518037351023.8147
1808,86,45,2,1722,170,5,1613240930530.7024
1808,86,46,1,1722,170,5,1613392389147.7024
1808,86,46,2,1722,170,5,1712508624597.5671
1808,86,47,1,1722,170,5,1712677370943.5674
1808,86,47,2,1722,170,5,1815785040644.4094
1808,86,48,1,1722,170,5,1815972617643.4094
1808,86,48,2,1722,170,5,1923150499903.2288
1808,86,49,1,1722,170,5,1923358551463.2288
1808,86,49,2,1722,170,5,2034685424590.0256
1808,86,50,1,1722,170,5,2034915699913.026
1808,86,50,2,1722,170,5,2150470342214.8005
1808,86,51,1,1722,170,5,2150724700196.8003
1808,86,51,2,1722,170,5,2270585889981.5527
1808,86,52,1,1722,170,5,2270866303702.5527
1808,86,52,2,1722,170,5,2395112819278.2827
1808,86,53,1,1722,170,5,2395421380582.282
1808,86,53,2,1722,170,5,2524132000256.99
1808,86,54,1,1722,170,5,2524470924421.9907
1808,86,54,2,1722,170,5,2657724426503.677
1808,86,55,1,1722,170,5,2658096057001.677
1808,86,55,2,1722,170,5,2795971219798.341
1808,86,56,1,1722,170,5,2796378033145.3403
1808,86,56,2,1722,170,5,2938953634964.983
1808,86,57,1,1722,170,5,2939398245660.9834
1808,86,57,2,1722,170,5,3086753064811.604
1808,86,58,1,1722,170,5,3087238230370.604
1808,86,58,2,1722,170,5,3239451045160.2036
1808,86,59,1,1722,170,5,3239979671230.203
1808,86,59,2,1722,170,5,3397129259966.781
1808,86,60,1,1722,170,5,3397704405539.7812
1808,86,60,2,1722,170,5,3559869546531.3374
1808,86,61,1,1722,170,5,3560494429243.3374
1808,86,61,2,1722,170,5,3727753900797.873
1808,86,62,1,1722,170,5,3728431902318.8726
1808,86,62,2,1722,170,5,3900864482744.387
1808,86,63,1,1722,170,5,3901599154258.387
1808,86,63,2,1722,170,5,4079283621862.8804
1808,86,64,1,1722,170,5,4080078689637.8804
1808,86,64,2,1722,170,5,4263093822729.353
1808,86,65,1,1722,170,5,4263953193777.3525
1808,86,65,2,1722,170,5,4452377770663.805
1808,86,66,1,1722,170,5,4453305538490.805
1808,86,66,2,1722,170,5,4647218337480.235
1808,86,67,1,1722,170,5,4648218787926.234
1808,86,67,2,1722,170,5,4847698587326.645
1808,86,68,1,1722,170,5,4848776204495.6455
1808,86,68,2,1722,170,5,5053901782615.035
1808,86,69,1,1722,170,5,5055061254895.035
1808,86,69,2,1722,170,5,5265911390041.404
1808,86,70,1,1722,170,5,5267157616214.404
1808,86,70,2,1722,170,5,5483811086695.753
1808,86,71,1,1722,170,5,5485149182137.754
1808,86,71,2,1722,170,5,5707684766262.083
1808,86,72,1,1722,170,5,5709120069233.082
1808,86,72,2,1722,170,5,5937616545308.392
1808,86,73,1,1722,170,5,5939154623332.391
1808,86,73,2,1722,170,5,6173690769666.68
1808,86,74,1,1722,170,5,6175337426001.681
1808,86,74,2,1722,170,5,6415992020902.949
1808,86,75,1,1722,170,5,6417753301100.949
1808,86,75,2,1722,170,5,6664605122877.198
1808,86,76,1,1722,170,5,6666487321434.198
1808,86,76,2,1722,170,5,6919615148393.427
1808,86,77,1,1722,170,5,6921624815489.428
1808,86,77,2,1722,170,5,7181107425939.638
1808,86,78,1,1722,170,5,7183251374268.637
1808,86,78,2,1722,170,5,7449167546517.828
1808,86,79,1,1722,170,5,7451452858207.827
1808,86,79,2,1722,170,5,7723881370563.998
1808,86,80,1,1722,170,5,7726315404186.999
1808,86,80,2,1722,170,5,8005335034958.15
1808,86,81,1,1722,170,5,8007925432630.149
1808,86,81,2,1722,170,5,8293614960124.282
1808,86,82,1,1722,170,5,8296369654695.282
1808,86,82,2,1722,170,5,8588807857220.395
1808,86,83,1,1722,170,5,8591735079554.3955
1808,86,83,2,1722,170,5,8891000735418.488
1808,86,84,1,1722,170,5,8894109021763.488
1808,86,84,2,1722,170,5,9200280909274.564
1808,86,85,1,1722,170,5,9203579108722.564
1808,86,85,2,1722,170,5,9516736006188.621
1808,86,86,1,1722,170,5,9520233288225.62
1808,86,86,2,1722,170,5,9840453973954.656
1808,86,87,1,1722,170,5,9844159836100.658
1808,86,87,2,1722,170,5,10171523088400.676
1808,86,88,1,1722,170,5,10175447363939.678
1808,86,88,2,1722,170,5,10510031961118.678
1808,86,89,1,1722,170,5,10514184826918.676
1808,86,89,2,1722,170,5,10856069547284.658
1808,86,90,1,1722,170,5,10860461531707.658
1808,86,90,2,1722,170,5,11209725153568.621
1808,86,91,1,1722,170,5,11214367144470.621
1808,86,91,2,1722,170,5,11571088446134.566
1808,86,92,1,1722,170,5,11575991698955.564
1808,86,92,2,1722,170,5,11940249458730.49
1808,86,93,1,1722,170,5,11945425604674.492
1808,86,93,2,1722,170,5,12317298600868.4
1808,86,94,1,1722,170,5,12322759655173.4
1808,86,94,2,1722,170,5,12702326666094.291
1808,86,95,1,1722,170,5,12708085036392.29
1808,86,95,2,1722,170,5,13095424840348.162
1808,86,96,1,1722,170,5,13101493335115.162
1808,86,96,2,1722,170,5,13496684710414.016
1808,86,97,1,1722,170,5,13503076547510.018
1808,86,97,2,1722,170,5,13906198272459.854
1808,86,98,1,1722,170,5,13912927087758.852
1808,86,98,2,1722,170,5,14324057940667.67
1808,86,99,1,1722,170,5,14331137796777.67
1808,86,99,2,1722,170,5,14750356555953.47
1808,86,100,1,1722,170,5,14757801951026.473
1808,86,100,2,1722,170,5,15185187394777.256
1808,86,101,1,1722,170,5,15193013271409.254
1808,86,101,2,1722,170,5,15628644178043.02
1808,86,102,1,1722,170,5,15636865932264.02
1808,86,102,2,1722,170,5,16080821080088.768
1808,86,103,1,1722,170,5,16089454570442.768
1808,86,103,2,1722,170,5,16541812737766.498
1808,86,104,1,1722,170,5,16550874294481.498
1808,86,104,2,1722,170,5,17011714259612.21
1808,86,105,1,1722,170,5,17021220693860.21
1808,86,105,2,1722,170,5,17490621235105.908
1808,86,106,1,1722,170,5,17500589848352.908
1808,86,106,2,1722,170,5,17978629744021.586
1808,86,107,1,1722,170,5,17989078337467.59
1808,86,107,2,1722,170,5,18475836365867.25
1808,86,108,1,1722,170,5,18486783249976.25
1808,86,108,2,1722,170,5,18982338189414.895
1808,86,109,1,1722,170,5,18993802193534.89
1808,86,109,2,1722,170,5,19498232822320.52
1808,86,110,1,1722,170,5,19510233304393.523
1808,86,110,2,1722,170,5,20023618400834.133
1808,86,111,1,1722,170,5,20036175257196.133
1808,86,111,2,1722,170,5,20558593599599.727
1808,86,112,1,1722,170,5,20571727274870.727
1808,86,112,2,1722,170,5,21103257641545.3
1808,86,113,1,1722,170,5,21116989138609.305
1808,86,113,2,1722,170,5,21657710307862.867
1808,86,114,1,1722,170,5,21672061197937.867
1808,86,114,2,1722,170,5,22222051948078.41
1808,86,115,1,1722,170,5,22237044380876.41
1808,86,115,2,1722,170,5,22796383490211.938
1808,86,116,1,1722,170,5,22812040204188.938
1808,86,116,2,1722,170,5,23380806451027.45
1808,86,117,1,1722,170,5,23397150783723.45
1808,86,117,2,1722,170,5,23975422946372.945
1808,86,118,1,1722,170,5,23992478844841.94
1808,86,118,2,1722,170,5,24580335701610.42
1808,86,119,1,1722,170,5,24598127732940.426
1808,86,119,2,1722,170,5,25195648062135.887
1808,86,120,1,1722,170,5,25214201424058.887
1808,86,120,2,1722,170,5,25821464003989.332
1808,86,121,1,1722,170,5,25840804535581.332
1808,86,121,2,1722,170,5,26457888144554.76
1808,86,122,1,1722,170,5,26478042337025.76
1808,86,122,2,1722,170,5,27105025753350.18
1808,86,123,1,1722,170,5,27126020760924.176
1808,86,123,2,1722,170,5,27762982762907.574
1808,86,124,1,1722,170,5,27784846413792.574
1808,86,124,2,1722,170,5,28431865779742.957
1808,86,125,1,1722,170,5,28454626587190.957
1808,86,125,2,1722,170,5,29111782095416.324
1808,86,126,1,1722,170,5,29135469268873.324
1808,86,126,2,1722,170,5,29802839697681.676
1808,86,127,1,1722,170,5,29827483154027.676
1808,86,127,2,1722,170,5,30505147281727.01
1808,86,128,1,1722,170,5,30530777656606.01
1808,86,128,2,1722,170,5,31218814261504.332
1808,86,129,1,1722,170,5,31245462920744.332
1808,86,129,2,1722,170,5,31943950781149.637
1808,86,130,1,1722,170,5,31971649832272.633
1808,86,130,2,1722,170,5,32680667726492.92
1808,86,131,1,1722,170,5,32709450030314.926
1808,86,131,2,1722,170,5,33429076736658.2
1808,86,132,1,1722,170,5,33458975918979.2
1808,86,132,2,1722,170,5,34189290215753.457
1808,86,133,1,1722,170,5,34220340679137.457
1808,86,133,2,1722,170,5,34961421344650.7
1808,86,134,1,1722,170,5,34993658280295.7
1808,86,134,2,1722,170,5,35745584092855.92
1808,86,135,1,1722,170,5,35779043492553.93
1808,86,135,2,1722,170,5,36541893230469.14
1808,86,136,1,1722,170,5,36576611898656.14
1808,86,136,2,1722,170,5,37350464340234.336
1808,86,137,1,1722,170,5,37386479906130.336
1808,86,137,2,1722,170,5,38171413829679.516
1808,86,138,1,1722,170,5,38208764759518.516
1808,86,138,2,1722,170,5,39004858943346.69
1808,86,139,1,1722,170,5,39043584552696.69
1808,86,139,2,1722,170,5,39850917775111.84
1808,86,140,1,1722,170,5,39891058241284.836
1808,86,140,2,1722,170,5,40709709280594.98
1808,86,141,1,1722,170,5,40751305655146.98
1808,86,141,2,1722,170,5,41581353289660.1
1808,86,142,1,1722,170,5,41624447510981.1
1808,86,142,2,1722,170,5,42465970519005.21
1808,86,143,1,1722,170,5,42510605424999.2
1808,86,143,2,1722,170,5,43363682584842.3
1808,86,144,1,1722,170,5,43409901925697.305
1808,86,144,2,1722,170,5,44274612015667.38
1808,86,145,1,1722,170,5,44322460466715.38
1808,86,145,2,1722,170,5,45198882265120.445
1808,86,146,1,1722,170,5,45248405439787.445
1808,86,146,2,1722,170,5,46136617724935.49
1808,86,147,1,1722,170,5,46187862187781.5
1808,86,147,2,1722,170,5,47087943737980.53
1808,86,148,1,1722,170,5,47140957017829.54
1808,86,148,2,1722,170,5,48052986611387.555
1808,86,149,1,1722,170,5,48107817214547.555
1808,86,149,2,1722,170,5,49031873629772.555
1808,86,150,1,1722,170,5,49088571053345.56
1808,86,150,2,1722,170,5,50024733068545.555
1808,86,151,1,1722,170,5,50083347813827.555
1808,86,151,2,1722,170,5,51031694207310.54
1808,86,152,1,1722,170,5,51092277793281.53
1808,86,152,2,1722,170,5,52052887343355.49
1808,86,153,1,1722,170,5,52115492320259.5
1808,86,153,2,1722,170,5,53088443805232.445
1808,86,154,1,1722,170,5,53153123768247.45
1808,86,154,2,1722,170,5,54138495966427.38
1808,86,155,1,1722,170,5,54205305569425.38
1808,86,155,2,1722,170,5,55203177259120.305
1808,86,156,1,1722,170,5,55272172228517.305
1808,86,156,2,1722,170,5,56282622188035.22
1808,86,157,1,1722,170,5,56353859336731.22
1808,86,157,2,1722,170,5,57376966344380.12
1808,86,158,1,1722,170,5,57450503585789.11
1808,86,158,2,1722,170,5,58486346419876.99
1808,86,159,1,1722,170,5,58562242782046.99
1808,86,159,2,1722,170,5,59610900220881.86
1808,86,160,1,1722,170,5,59689215860704.86
1808,86,160,2,1722,170,5,60750766682594.71
1808,86,161,1,1722,170,5,60831562900106.71
1808,86,161,2,1722,170,5,61906085883359.555
1808,86,162,1,1722,170,5,61989425136130.555
1808,86,162,2,1722,170,5,63076999059054.375
1808,86,163,1,1722,170,5,63162944976668.38
1808,86,163,2,1722,170,5,64263648617571.195
1808,86,164,1,1722,170,5,64352266016196.19
1808,86,164,2,1722,170,5,65466178153385.99
1808,86,165,1,1722,170,5,65557533050433.99
1808,86,165,2,1722,170,5,66684732462218.78
1808,86,166,1,1722,170,5,66778892091095.78
1808,86,166,2,1722,170,5,67919457555783.555
1808,86,167,1,1722,170,5,68016490380729.55
1808,86,167,2,1722,170,5,69170500676628.305
1808,86,168,1,1722,170,5,69270476407647.31
1808,86,168,2,1722,170,5,70438010313065.06
1808,86,169,1,1722,170,5,70540999920945.05
1808,86,169,2,1722,170,5,71722136214189.78
1808,86,170,1,1722,170,5,71828211945612.8
1808,86,170,2,1722,170,5,73023029404992.52
1808,86,171,1,1722,170,5,73132264797734.52
1808,86,171,2,1722,170,5,74340842201557.22
1808,86,172,1,1722,170,5,74453312099778.2
1808,86,172,2,1722,170,5,75675728226351.9
1923,87,1,1,1836,172,5,6476594831.720592
1923,87,1,2,1836,172,5,7649694521.287506
1923,87,2,1,1836,172,5,7649696512.287506
1923,87,2,2,1836,172,5,9327676732.824099
1923,87,3,1,1836,172,5,9327679006.824099
1923,87,3,2,1836,172,5,11599636326.330544
1923,87,4,1,1836,172,5,11599639211.330545
1923,87,4,2,1836,172,5,14554670197.807013
1923,87,5,1,1836,172,5,14554674465.807013
1923,87,5,2,1836,172,5,18281875687.253677
1923,87,6,1,1836,172,5,18281882904.253677
1923,87,6,2,1836,172,5,22870350928.670704
1923,87,7,1,1836,172,5,22870363894.670704
1923,87,7,2,1836,172,5,28409195290.05826
1923,87,8,1,1836,172,5,28409218569.058266
1923,87,8,2,1836,172,5,34987509903.41652
1923,87,9,1,1836,172,5,34987550443.41652
1923,87,9,2,1836,172,5,42694398284.74564
1923,87,10,1,1836,172,5,42694466127.74564
1923,87,10,2,1836,172,5,51618967044.04579
1923,87,11,1,1836,172,5,51619076126.045784
1923,87,11,2,1836,172,5,61850326685.31712
1923,87,12,1,1836,172,5,61850495726.31712
1923,87,12,2,1836,172,5,73477592496.55981
1923,87,13,1,1836,172,5,73477845980.5598
1923,87,13,2,1836,172,5,86589885529.774
1923,87,14,1,1836,172,5,86590254774.774
1923,87,14,2,1836,172,5,101276333670.95987
1923,87,15,1,1836,172,5,101276857988.95987
1923,87,15,2,1836,172,5,117626072800.11755
1923,87,16,1,1836,172,5,117626800747.11754
1923,87,16,2,1836,172,5,135728248041.24721
1923,87,17,1,1836,172,5,135729238757.24721
1923,87,17,2,1836,172,5,155672015102.349
1923,87,18,1,1836,172,5,155673339741.349
1923,87,18,2,1836,172,5,177546541705.4231
1923,87,19,1,1836,172,5,177548284955.4231
1923,87,19,2,1836,172,5,201441009106.4696
1923,87,20,1,1836,172,5,201443270799.46957
1923,87,20,2,1836,172,5,227444613705.48868
1923,87,21,1,1836,172,5,227447510517.4887
1923,87,21,2,1836,172,5,255646568746.48053
1923,87,22,1,1836,172,5,255650235987.48056
1923,87,22,2,1836,172,5,286136106107.44525
1923,87,23,1,1836,172,5,286140699601.4453
1923,87,23,2,1836,172,5,319002478180.38306
1923,87,24,1,1836,172,5,319008176235.38306
1923,87,24,2,1836,172,5,354334959841.29395
1923,87,25,1,1836,172,5,354341965309.29395
1923,87,25,2,1836,172,5,392222850510.1782
1923,87,26,1,1836,172,5,392231392937.1783
1923,87,26,2,1836,172,5,432755476301.03595
1923,87,27,1,1836,172,5,432765814167.03595
1923,87,27,2,1836,172,5,476022192261.8673
1923,87,28,1,1836,172,5,476034615310.86725
1923,87,28,2,1836,172,5,522112384704.67236
1923,87,29,1,1836,172,5,522127216364.6724
1923,87,29,2,1836,172,5,571115473625.4513
1923,87,30,1,1836,172,5,571133073518.4514
1923,87,30,2,1836,172,5,623120915214.2043
1923,87,31,1,1836,172,5,623141681756.2043
1923,87,31,2,1836,172,5,678218204454.9315
1923,87,32,1,1836,172,5,678242577545.9315
1923,87,32,2,1836,172,5,736496877815.6329
1923,87,33,1,1836,172,5,736525341619.6329
1923,87,33,2,1836,172,5,798046516028.3088
1923,87,34,1,1836,172,5,798079601843.309
1923,87,34,2,1836,172,5,862956746958.9594
1923,87,35,1,1836,172,5,862995036176.9592
1923,87,35,2,1836,172,5,931317248567.5845
1923,87,36,1,1836,172,5,931361375724.5845
1923,87,36,2,1836,172,5,1003217751958.1844
1923,87,37,1,1836,172,5,1003268407874.1844
1923,87,37,2,1836,172,5,1078748044518.7595
1923,87,38,1,1836,172,5,1078805979527.7594
1923,87,38,2,1836,172,5,1157997973151.3096
1923,87,39,1,1836,172,5,1158064000421.3096
1923,87,39,2,1836,172,5,1241057447591.835
1923,87,40,1,1836,172,5,1241132446534.8347
1923,87,40,2,1836,172,5,1328016443820.3354
1923,87,41,1,1836,172,5,1328101363592.3357
1923,87,41,2,1836,172,5,1418965007560.8118
1923,87,42,1,1836,172,5,1419060870651.8115
1923,87,42,2,1836,172,5,1513993257871.2634
1923,87,43,1,1836,172,5,1514101163785.2634
1923,87,43,2,1836,172,5,1613191390823.6907
1923,87,44,1,1836,172,5,1613312519848.691
1923,87,44,2,1836,172,5,1716649683274.0942
1923,87,45,1,1836,172,5,1716785300342.0942
1923,87,45,2,1836,172,5,1824458496722.4736
1923,87,46,1,1836,172,5,1824609955359.4734
1923,87,46,2,1836,172,5,1936708281262.8289
1923,87,47,1,1836,172,5,1936877027628.8289
1923,87,47,2,1836,172,5,2053489579623.1606
1923,87,48,1,1836,172,5,2053677156642.1606
1923,87,48,2,1836,172,5,2174893031295.4685
1923,87,49,1,1836,172,5,2175101082875.4685
1923,87,49,2,1836,172,5,2301009376755.7534
1923,87,50,1,1836,172,5,2301239652098.753
1923,87,50,2,1836,172,5,2431929461774.014
1923,87,51,1,1836,172,5,2432183819776.014
1923,87,51,2,1836,172,5,2567744241814.252
1923,87,52,1,1836,172,5,2568024655555.252
1923,87,52,2,1836,172,5,2708544786524.4663
1923,87,53,1,1836,172,5,2708853347848.4663
1923,87,53,2,1836,172,5,2854422284316.6577
1923,87,54,1,1836,172,5,2854761208501.6577
1923,87,54,2,1836,172,5,3005468047036.826
1923,87,55,1,1836,172,5,3005839677554.8267
1923,87,55,2,1836,172,5,3161773514724.972
1923,87,56,1,1836,172,5,3162180328091.972
1923,87,56,2,1836,172,5,3323430260465.095
1923,87,57,1,1836,172,5,3323874871181.095
1923,87,57,2,1836,172,5,3490529995325.1953
1923,87,58,1,1836,172,5,3491015160904.196
1923,87,58,2,1836,172,5,3663164573387.2734
1923,87,59,1,1836,172,5,3663693199477.273
1923,87,59,2,1836,172,5,3841425996867.3286
1923,87,60,1,1836,172,5,3842001142460.329
1923,87,60,2,1836,172,5,4025406421325.3623
1923,87,61,1,1836,172,5,4026031304057.3623
1923,87,61,2,1836,172,5,4215198160965.3735
1923,87,62,1,1836,172,5,4215876162506.373
1923,87,62,2,1836,172,5,4410893694025.362
1923,87,63,1,1836,172,5,4411628365559.362
1923,87,63,2,1836,172,5,4612585668257.329
1923,87,64,1,1836,172,5,4613380736052.329
1923,87,64,2,1836,172,5,4820366906497.274
1923,87,65,1,1836,172,5,4821226277565.274
1923,87,65,2,1836,172,5,5034330412325.198
1923,87,66,1,1836,172,5,5035258180172.197
1923,87,66,2,1836,172,5,5254569375815.1
1923,87,67,1,1836,172,5,5255569826281.1
1923,87,67,2,1836,172,5,5481177179374.9795
1923,87,68,1,1836,172,5,5482254796563.98
1923,87,68,2,1836,172,5,5714247403676.839
1923,87,69,1,1836,172,5,5715406875976.839
1923,87,69,2,1836,172,5,5953873833676.676
1923,87,70,1,1836,172,5,5955120059869.676
1923,87,70,2,1836,172,5,6200150464724.492
1923,87,71,1,1836,172,5,6201488560186.493
1923,87,71,2,1836,172,5,6453171508764.288
1923,87,72,1,1836,172,5,6454606811755.288
1923,87,72,2,1836,172,5,6713031400624.0625
1923,87,73,1,1836,172,5,6714569478668.062
1923,87,73,2,1836,172,5,6979824804395.815
1923,87,74,1,1836,172,5,6981471460750.815
1923,87,74,2,1836,172,5,7253646619905.548
1923,87,75,1,1836,172,5,7255407900123.548
1923,87,75,2,1836,172,5,7534591989273.26
1923,87,76,1,1836,172,5,7536474187850.259
1923,87,76,2,1836,172,5,7822756303562.95
1923,87,77,1,1836,172,5,7824765970678.951
1923,87,77,2,1836,172,5,8118235209522.622
1923,87,78,1,1836,172,5,8120379157871.621
1923,87,78,2,1836,172,5,8421124616414.271
1923,87,79,1,1836,172,5,8423409928124.2705
1923,87,79,2,1836,172,5,8731520702933.901
1923,87,80,1,1836,172,5,8733954736576.901
1923,87,80,2,1836,172,5,9049519924221.51
1923,87,81,1,1836,172,5,9052110321913.512
1923,87,81,2,1836,172,5,9375219018961.1
1923,87,82,1,1836,172,5,9377973713552.102
1923,87,82,2,1836,172,5,9708715016570.67
1923,87,83,1,1836,172,5,9711642238924.67
1923,87,83,2,1836,172,5,10050105244482.219
1923,87,84,1,1836,172,5,10053213530847.219
1923,87,84,2,1836,172,5,10399487335511.75
1923,87,85,1,1836,172,5,10402785534979.75
1923,87,85,2,1836,172,5,10756959235319.26
1923,87,86,1,1836,172,5,10760456517376.258
1923,87,86,2,1836,172,5,11122619209958.748
1923,87,87,1,1836,172,5,11126325072124.75
1923,87,87,2,1836,172,5,11496565853518.219
1923,87,88,1,1836,172,5,11500490129077.22
1923,87,88,2,1836,172,5,11878898095849.672
1923,87,89,1,1836,172,5,11883050961669.67
1923,87,89,2,1836,172,5,12269715210389.102
1923,87,90,1,1836,172,5,12274107194832.102
1923,87,90,2,1836,172,5,12669116822066.516
1923,87,91,1,1836,172,5,12673758812988.516
1923,87,91,2,1836,172,5,13077202915305.908
1923,87,92,1,1836,172,5,13082106168146.908
1923,87,92,2,1836,172,5,13494073842115.281
1923,87,93,1,1836,172,5,13499249988079.281
1923,87,93,2,1836,172,5,13919830330266.637
1923,87,94,1,1836,172,5,13925291384591.637
1923,87,94,2,1836,172,5,14354573491565.973
1923,87,95,1,1836,172,5,14360331861883.973
1923,87,95,2,1836,172,5,14798404830213.29
1923,87,96,1,1836,172,5,14804473325000.29
1923,87,96,2,1836,172,5,15251426251252.588
1923,87,97,1,1836,172,5,15257818088368.588
1923,87,97,2,1836,172,5,15713740069111.87
1923,87,98,1,1836,172,5,15720468884430.867
1923,87,98,2,1836,172,5,16185449016233.127
1923,87,99,1,1836,172,5,16192528872363.129
1923,87,99,2,1836,172,5,16666656251792.371
1923,87,100,1,1836,172,5,16674101646885.371
1923,87,100,2,1836,172,5,17157465370509.596
1923,87,101,1,1836,172,5,17165291247161.594
1923,87,101,2,1836,172,5,17657980411548.8
1923,87,102,1,1836,172,5,17666202165789.8
1923,87,102,2,1836,172,5,18168305867507.99
1923,87,103,1,1836,172,5,18176939357881.99
1923,87,103,2,1836,172,5,18688546693499.156
1923,87,104,1,1836,172,5,18697608250234.16
1923,87,104,2,1836,172,5,19218808316318.31
1923,87,105,1,1836,172,5,19228314750586.31
1923,87,105,2,1836,172,5,19759196643705.44
1923,87,106,1,1836,172,5,19769165256972.44
1923,87,106,2,1836,172,5,20309818073694.555
1923,87,107,1,1836,172,5,20320266667160.56
1923,87,107,2,1836,172,5,20870779504053.652
1923,87,108,1,1836,172,5,20881726388182.652
1923,87,108,2,1836,172,5,21442188341814.734
1923,87,109,1,1836,172,5,21453652345954.73
1923,87,109,2,1836,172,5,22024152512893.793
1923,87,110,1,1836,172,5,22036152994986.793
1923,87,110,2,1836,172,5,22616780471800.84
1923,87,111,1,1836,172,5,22629337328182.836
1923,87,111,2,1836,172,5,23220181211439.863
1923,87,112,1,1836,172,5,23233314886730.863
1923,87,112,2,1836,172,5,23834464272998.87
1923,87,113,1,1836,172,5,23848195770082.875
1923,87,113,2,1836,172,5,24459739755929.863
1923,87,114,1,1836,172,5,24474090646024.863
1923,87,114,2,1836,172,5,25096118328018.836
1923,87,115,1,1836,172,5,25111110760836.836
1923,87,115,2,1836,172,5,25743711235545.793
1923,87,116,1,1836,172,5,25759367949542.797
1923,87,116,2,1836,172,5,26402630313534.734
1923,87,117,1,1836,172,5,26418974646250.734
1923,87,117,2,1836,172,5,27072987996093.656
1923,87,118,1,1836,172,5,27090043894582.656
1923,87,118,2,1836,172,5,27754897326844.56
1923,87,119,1,1836,172,5,27772689358194.562
1923,87,119,2,1836,172,5,28448471969443.45
1923,87,120,1,1836,172,5,28467025331386.45
1923,87,120,2,1836,172,5,29153826218190.32
1923,87,121,1,1836,172,5,29173166749802.32
1923,87,121,2,1836,172,5,29871075008729.176
1923,87,122,1,1836,172,5,29891229201220.176
1923,87,122,2,1836,172,5,30600333928838.016
1923,87,123,1,1836,172,5,30621328936432.016
1923,87,123,2,1836,172,5,31341719229308.836
1923,87,124,1,1836,172,5,31363582880213.832
1923,87,124,2,1836,172,5,32095347834917.637
1923,87,125,1,1836,172,5,32118108642385.64
1923,87,125,2,1836,172,5,32861337355484.43
1923,87,126,1,1836,172,5,32885024528961.426
1923,87,126,2,1836,172,5,33639806097023.2
1923,87,127,1,1836,172,5,33664449553389.2
1923,87,127,2,1836,172,5,34430873072981.953
1923,87,128,1,1836,172,5,34456503447880.953
1923,87,128,2,1836,172,5,35234658015572.69
1923,87,129,1,1836,172,5,35261306674832.695
1923,87,129,2,1836,172,5,36051281387191.414
1923,87,130,1,1836,172,5,36078980438334.414
1923,87,130,2,1836,172,5,36880864391928.125
1923,87,131,1,1836,172,5,36909646695770.12
1923,87,131,2,1836,172,5,37723528987166.805
1923,87,132,1,1836,172,5,37753428169507.81
1923,87,132,2,1836,172,5,38579397895275.484
1923,87,133,1,1836,172,5,38610448358679.484
1923,87,133,2,1836,172,5,39448594615386.15
1923,87,134,1,1836,172,5,39480831551051.14
1923,87,134,2,1836,172,5,40331243435264.78
1923,87,135,1,1836,172,5,40364702834982.78
1923,87,135,2,1836,172,5,41227469443271.41
1923,87,136,1,1836,172,5,41262188111478.414
1923,87,136,2,1836,172,5,42137398540410.02
1923,87,137,1,1836,172,5,42173414106326.016
1923,87,137,2,1836,172,5,43061157452468.62
1923,87,138,1,1836,172,5,43098508382327.62
1923,87,138,2,1836,172,5,43998873742249.195
1923,87,139,1,1836,172,5,44037599351619.195
1923,87,139,2,1836,172,5,44950675821887.76
1923,87,140,1,1836,172,5,44990816288080.76
1923,87,140,2,1836,172,5,45916692965264.305
1923,87,141,1,1836,172,5,45958289339836.305
1923,87,141,2,1836,172,5,46897055320502.836
1923,87,142,1,1836,172,5,46940149541843.84
1923,87,142,2,1836,172,5,47891893922561.36
1923,87,143,1,1836,172,5,47936528828575.35
1923,87,143,2,1836,172,5,48901340705911.85
1923,87,144,1,1836,172,5,48947560046786.86
1923,87,144,2,1836,172,5,49925528517310.34
1923,87,145,1,1836,172,5,49973376968378.34
1923,87,145,2,1836,172,5,50964591128656.82
1923,87,146,1,1836,172,5,51014114303343.81
1923,87,146,2,1836,172,5,52018663249945.266
1923,87,147,1,1836,172,5,52069907712811.266
1923,87,147,2,1836,172,5,53087880542303.71
1923,87,148,1,1836,172,5,53140893822172.71
1923,87,148,2,1836,172,5,54172379631124.14
1923,87,149,1,1836,172,5,54227210234304.13
1923,87,149,2,1836,172,5,55272298119282.55
1923,87,150,1,1836,172,5,55328995542875.55
1923,87,150,2,1836,172,5,56387774600448.945
1923,87,151,1,1836,172,5,56446389345750.945
1923,87,151,2,1836,172,5,57518948672487.33
1923,87,152,1,1836,172,5,57579532258478.32
1923,87,152,2,1836,172,5,58665960950945.69
1923,87,153,1,1836,172,5,58728565927869.69
1923,87,153,2,1836,172,5,59828953082636.04
1923,87,154,1,1836,172,5,59893633045671.05
1923,87,154,2,1836,172,5,61008067759304.38
1923,87,155,1,1836,172,5,61074877362322.375
1923,87,155,2,1836,172,5,62203448731390.695
1923,87,156,1,1836,172,5,62272443700807.7
1923,87,156,2,1836,172,5,63415240821879.01
1923,87,157,1,1836,172,5,63486477970595.01
1923,87,157,2,1836,172,5,64643589940237.305
1923,87,158,1,1836,172,5,64717127181666.3
1923,87,158,2,1836,172,5,65888643096447.58
1923,87,159,1,1836,172,5,65964539458637.58
1923,87,159,2,1836,172,5,67150548415125.84
1923,87,160,1,1836,172,5,67228864054968.84
1923,87,160,2,1836,172,5,68429455149732.09
1923,87,161,1,1836,172,5,68510251367264.086
1923,87,161,2,1836,172,5,69725513696870.33
1923,87,162,1,1836,172,5,69808852949661.33
1923,87,162,2,1836,172,5,71038875610678.55
1923,87,163,1,1836,172,5,71124821528312.55
1923,87,163,2,1836,172,5,72369693617308.75
1923,87,164,1,1836,172,5,72458311015953.77
1923,87,164,2,1836,172,5,73718121629496.95
1923,87,165,1,1836,172,5,73809476526564.95
1923,87,165,2,1836,172,5,75084314761223.12
1923,87,166,1,1836,172,5,75178474390120.12
1923,87,166,2,1836,172,5,76468429342461.28
1923,87,167,1,1836,172,5,76565462167427.3
1923,87,167,2,1836,172,5,77870622934019.45
1923,87,168,1,1836,172,5,77970598665058.44
1923,87,168,2,1836,172,5,79291054342469.58
1923,87,169,1,1836,172,5,79394043950369.58
1923,87,169,2,1836,172,5,80729883635167.7
1923,87,170,1,1836,172,5,80835959366610.7
1923,87,170,2,1836,172,5,82187272155363.81
1923,87,171,1,1836,172,5,82296507548125.81
1923,87,171,2,1836,172,5,83663382537401.9
1923,87,172,1,1836,172,5,83775852435642.9
1923,87,172,2,1836,172,5,85158378722009.98
1923,87,173,1,1836,172,5,85274159291654.0
1923,87,173,2,1836,172,5,86672425971680.06
1923,87,174,1,1836,172,5,86791594715885.06
1923,87,174,2,1836,172,5,88205690886138.11
1951,88,1,1,1863,174,5,6727329999.289469
1951,88,1,2,1863,174,5,7934773124.88976
1951,88,2,1,1863,174,5,7934775135.88976
1951,88,2,2,1863,174,5,9661879544.459978
1951,88,3,1,1863,174,5,9661881838.45998
1951,88,3,2,1863,174,5,12000352466.000298
1951,88,4,1,1863,174,5,12000355371.0003
1951,88,4,2,1863,174,5,15041897153.510885
1951,88,5,1,1863,174,5,15041901441.510881
1951,88,5,2,1863,174,5,18878219314.991905
1951,88,6,1,1863,174,5,18878226551.991905
1951,88,6,2,1863,174,5,23601025452.443523
1951,88,7,1,1863,174,5,23601038438.443523
1951,88,7,2,1863,174,5,29302023301.865906
1951,88,8,1,1863,174,5,29302046600.86591
1951,88,8,2,1863,174,5,36072922363.25922
1951,88,9,1,1863,174,5,36072962923.25922
1951,88,9,2,1863,174,5,44005434520.62362
1951,88,10,1,1863,174,5,44005502383.62362
1951,88,10,2,1863,174,5,53191274751.959274
1951,88,11,1,1863,174,5,53191383853.95927
1951,88,11,2,1863,174,5,63722161929.266335
1951,88,12,1,1863,174,5,63722330990.266335
1951,88,12,2,1863,174,5,75689819708.54495
1951,88,13,1,1863,174,5,75690073212.54495
1951,88,13,2,1863,174,5,89185977509.7953
1951,88,14,1,1863,174,5,89186346774.79532
1951,88,14,2,1863,174,5,104302371587.01755
1951,88,15,1,1863,174,5,104302895925.01755
1951,88,15,2,1863,174,5,121130746188.21179
1951,88,16,1,1863,174,5,121131474155.21179
1951,88,16,2,1863,174,5,139762854805.37827
1951,88,17,1,1863,174,5,139763845541.37823
1951,88,17,2,1863,174,5,160290461514.517
1951,88,18,1,1863,174,5,160291786173.51703
1951,88,18,2,1863,174,5,182805342405.6283
1951,88,19,1,1863,174,5,182807085675.62833
1951,88,19,2,1863,174,5,207399287102.71222
1951,88,20,1,1863,174,5,207401548815.7122
1951,88,20,2,1863,174,5,234164100373.7689
1951,88,21,1,1863,174,5,234166997205.7689
1951,88,21,2,1863,174,5,263191603830.7985
1951,88,22,1,1863,174,5,263195271091.7985
1951,88,22,2,1863,174,5,294573637719.8012
1951,88,23,1,1863,174,5,294578231233.8012
1951,88,23,2,1863,174,5,328402062800.77716
1951,88,24,1,1863,174,5,328407760875.7771
1951,88,24,2,1863,174,5,364768762317.7264
1951,88,25,1,1863,174,5,364775767805.7264
1951,88,25,2,1863,174,5,403765644058.6491
1951,88,26,1,1863,174,5,403774186505.6492
1951,88,26,2,1863,174,5,445484642505.5456
1951,88,27,1,1863,174,5,445494980391.54553
1951,88,27,2,1863,174,5,490017721074.4158
1951,88,28,1,1863,174,5,490030144143.4158
1951,88,28,2,1863,174,5,537456874445.2599
1951,88,29,1,1863,174,5,537471706125.25995
1951,88,29,2,1863,174,5,587894130982.078
1951,88,30,1,1863,174,5,587911730895.0781
1951,88,30,2,1863,174,5,641421555242.8705
1951,88,31,1,1863,174,5,641442321804.8705
1951,88,31,2,1863,174,5,698131250579.6372
1951,88,32,1,1863,174,5,698155623690.6371
1951,88,32,2,1863,174,5,758115361828.3783
1951,88,33,1,1863,174,5,758143825652.3784
1951,88,33,2,1863,174,5,821466078089.0941
1951,88,34,1,1863,174,5,821499163924.0941
1951,88,34,2,1863,174,5,888275635595.7847
1951,88,35,1,1863,174,5,888313924833.7845
1951,88,35,2,1863,174,5,958636320676.4501
1951,88,36,1,1863,174,5,958680447853.4501
1951,88,36,2,1863,174,5,1032640472803.0903
1951,88,37,1,1863,174,5,1032691128739.0905
1951,88,37,2,1863,174,5,1110380487731.7058
1951,88,38,1,1863,174,5,1110438422760.706
1951,88,38,2,1863,174,5,1191948820732.2966
1951,88,39,1,1863,174,5,1192014848022.2966
1951,88,39,2,1863,174,5,1277437989908.8628
1951,88,40,1,1863,174,5,1277512988871.8625
1951,88,40,2,1863,174,5,1366940579609.4043
1951,88,41,1,1863,174,5,1367025499401.4045
1951,88,41,2,1863,174,5,1460549243925.9216
1951,88,42,1,1863,174,5,1460645107036.9216
1951,88,42,2,1863,174,5,1558356710284.4146
1951,88,43,1,1863,174,5,1558464616218.4146
1951,88,43,2,1863,174,5,1660455783124.8835
1951,88,44,1,1863,174,5,1660576912169.8835
1951,88,44,2,1863,174,5,1766939347671.3284
1951,88,45,1,1863,174,5,1767074964759.3284
1951,88,45,2,1863,174,5,1877900373791.7495
1951,88,46,1,1863,174,5,1878051832448.7493
1951,88,46,2,1863,174,5,1993431919948.1465
1951,88,47,1,1863,174,5,1993600666334.1467
1951,88,47,2,1863,174,5,2113627137236.5203
1951,88,48,1,1863,174,5,2113814714275.52
1951,88,48,2,1863,174,5,2238579273516.87
1951,88,49,1,1863,174,5,2238787325116.8706
1951,88,49,2,1863,174,5,2368381677633.197
1951,88,50,1,1863,174,5,2368611952996.197
1951,88,50,2,1863,174,5,2503127803723.5
1951,88,51,1,1863,174,5,2503382161745.5
1951,88,51,2,1863,174,5,2642911215619.7803
1951,88,52,1,1863,174,5,2643191629380.781
1951,88,52,2,1863,174,5,2787825591338.0376
1951,88,53,1,1863,174,5,2788134152682.0376
1951,88,53,2,1863,174,5,2937964727658.272
1951,88,54,1,1863,174,5,2938303651863.272
1951,88,54,2,1863,174,5,3093422544794.4834
1951,88,55,1,1863,174,5,3093794175332.4834
1951,88,55,2,1863,174,5,3254293091154.6724
1951,88,56,1,1863,174,5,3254699904541.6714
1951,88,56,2,1863,174,5,3420670548190.838
1951,88,57,1,1863,174,5,3421115158926.838
1951,88,57,2,1863,174,5,3592649235338.9814
1951,88,58,1,1863,174,5,3593134400937.982
1951,88,58,2,1863,174,5,3770323615049.103
1951,88,59,1,1863,174,5,3770852241159.1025
1951,88,59,2,1863,174,5,3953788297905.2017
1951,88,60,1,1863,174,5,3954363443518.2017
1951,88,60,2,1863,174,5,4143138047835.2783
1951,88,61,1,1863,174,5,4143762930587.2783
1951,88,61,2,1863,174,5,4338467787411.333
1951,88,62,1,1863,174,5,4339145788972.3325
1951,88,62,2,1863,174,5,4539872603239.366
1951,88,63,1,1863,174,5,4540607274793.365
1951,88,63,2,1863,174,5,4747447751439.377
1951,88,64,1,1863,174,5,4748242819254.376
1951,88,64,2,1863,174,5,4961288663215.365
1951,88,65,1,1863,174,5,4962148034303.366
1951,88,65,2,1863,174,5,5181490950515.334
1951,88,66,1,1863,174,5,5182418718382.333
1951,88,66,2,1863,174,5,5408150411781.279
1951,88,67,1,1863,174,5,5409150862267.279
1951,88,67,2,1863,174,5,5641363037789.203
1951,88,68,1,1863,174,5,5642440654998.204
1951,88,68,2,1863,174,5,5881225017579.107
1951,88,69,1,1863,174,5,5882384489899.107
1951,88,69,2,1863,174,5,6127832744474.989
1951,88,70,1,1863,174,5,6129078970687.989
1951,88,70,2,1863,174,5,6381282822194.85
1951,88,71,1,1863,174,5,6382620917676.851
1951,88,71,2,1863,174,5,6641672071050.69
1951,88,72,1,1863,174,5,6643107374061.689
1951,88,72,2,1863,174,5,6909097534238.509
1951,88,73,1,1863,174,5,6910635612302.509
1951,88,73,2,1863,174,5,7183656484218.307
1951,88,74,1,1863,174,5,7185303140593.308
1951,88,74,2,1863,174,5,7465446429184.085
1951,88,75,1,1863,174,5,7467207709422.084
1951,88,75,2,1863,174,5,7754565119623.841
1951,88,76,1,1863,174,5,7756447318220.841
1951,88,76,2,1863,174,5,8051110554969.577
1951,88,77,1,1863,174,5,8053120222105.577
1951,88,77,2,1863,174,5,8355180990337.294
1951,88,78,1,1863,174,5,8357324938706.293
1951,88,78,2,1863,174,5,8666874943356.988
1951,88,79,1,1863,174,5,8669160255086.988
1951,88,79,2,1863,174,5,8986291201092.664
1951,88,80,1,1863,174,5,8988725234755.662
1951,88,80,2,1863,174,5,9313528827052.318
1951,88,81,1,1863,174,5,9316119224764.318
1951,88,81,2,1863,174,5,9648687168287.953
1951,88,82,1,1863,174,5,9651441862898.955
1951,88,82,2,1863,174,5,9991865862585.568
1951,88,83,1,1863,174,5,9994793084959.568
1951,88,83,2,1863,174,5,10343164845745.164
1951,88,84,1,1863,174,5,10346273132130.164
1951,88,84,2,1863,174,5,10702684358950.738
1951,88,85,1,1863,174,5,10705982558438.74
1951,88,85,2,1863,174,5,11070524956230.295
1951,88,86,1,1863,174,5,11074022238307.295
1951,88,86,2,1863,174,5,11446787512005.83
1951,88,87,1,1863,174,5,11450493374191.832
1951,88,87,2,1863,174,5,11831573228733.348
1951,88,88,1,1863,174,5,11835497504312.348
1951,88,88,2,1863,174,5,12224983644632.846
1951,88,89,1,1863,174,5,12229136510472.844
1951,88,89,2,1863,174,5,12627120641508.322
1951,88,90,1,1863,174,5,12631512625971.322
1951,88,90,2,1863,174,5,13038086452657.781
1951,88,91,1,1863,174,5,13042728443599.781
1951,88,91,2,1863,174,5,13457983670873.22
1951,88,92,1,1863,174,5,13462886923734.22
1951,88,92,2,1863,174,5,13886915256530.64
1951,88,93,1,1863,174,5,13892091402514.64
1951,88,93,2,1863,174,5,14324984545770.043
1951,88,94,1,1863,174,5,14330445600115.043
1951,88,94,2,1863,174,5,14772295258765.426
1951,88,95,1,1863,174,5,14778053629103.424
1951,88,95,2,1863,174,5,15228951508084.787
1951,88,96,1,1863,174,5,15235020002891.79
1951,88,96,2,1863,174,5,15695057807140.133
1951,88,97,1,1863,174,5,15701449644276.135
1951,88,97,2,1863,174,5,16170719078727.459
1951,88,98,1,1863,174,5,16177447894066.459
1951,88,98,2,1863,174,5,16656040663656.768
1951,88,99,1,1863,174,5,16663120519806.768
1951,88,99,2,1863,174,5,17151128329472.057
1951,88,100,1,1863,174,5,17158573724585.057
1951,88,100,2,1863,174,5,17656088279261.324
1951,88,101,1,1863,174,5,17663914155933.33
1951,88,101,2,1863,174,5,18171027160556.582
1951,88,102,1,1863,174,5,18179248914817.58
1951,88,102,2,1863,174,5,18696052074323.812
1951,88,103,1,1863,174,5,18704685564717.812
1951,88,103,2,1863,174,5,19231270584043.027
1951,88,104,1,1863,174,5,19240332140798.03
1951,88,104,2,1863,174,5,19776790724878.23
1951,88,105,1,1863,174,5,19786297159166.227
1951,88,105,2,1863,174,5,20332721012937.406
1951,88,106,1,1863,174,5,20342689626224.406
1951,88,106,2,1863,174,5,20899170454622.57
1951,88,107,1,1863,174,5,20909619048108.57
1951,88,107,2,1863,174,5,21476248556069.715
1951,88,108,1,1863,174,5,21487195440218.715
1951,88,108,2,1863,174,5,22064065332678.84
1951,88,109,1,1863,174,5,22075529336838.84
1951,88,109,2,1863,174,5,22662731318733.95
1951,88,110,1,1863,174,5,22674731800846.95
1951,88,110,2,1863,174,5,23272357577113.043
1951,88,111,1,1863,174,5,23284914433515.04
1951,88,111,2,1863,174,5,23893055709088.113
1951,88,112,1,1863,174,5,23906189384399.113
1951,88,112,2,1863,174,5,24524937864215.168
1951,88,113,1,1863,174,5,24538669361319.17
1951,88,113,2,1863,174,5,25168116750314.21
1951,88,114,1,1863,174,5,25182467640429.21
1951,88,114,2,1863,174,5,25822705643539.23
1951,88,115,1,1863,174,5,25837698076377.23
1951,88,115,2,1863,174,5,26488818398538.234
1951,88,116,1,1863,174,5,26504475112555.24
1951,88,116,2,1863,174,5,27166569458703.223
1951,88,117,1,1863,174,5,27182913791439.223
1951,88,117,2,1863,174,5,27856073866510.19
1951,88,118,1,1863,174,5,27873129765019.19
1951,88,118,2,1863,174,5,28557447273949.145
1951,88,119,1,1863,174,5,28575239305319.15
1951,88,119,2,1863,174,5,29270805953044.082
1951,88,120,1,1863,174,5,29289359315007.082
1951,88,120,2,1863,174,5,29996266806463.0
1951,88,121,1,1863,174,5,30015607338095.0
1951,88,121,2,1863,174,5,30733947378217.902
1951,88,122,1,1863,174,5,30754101570728.906
1951,88,122,2,1863,174,5,31483965864454.793
1951,88,123,1,1863,174,5,31504960872068.79
1951,88,123,2,1863,174,5,32246441124333.656
1951,88,124,1,1863,174,5,32268304775258.656
1951,88,124,2,1863,174,5,33021492690998.51
1951,88,125,1,1863,174,5,33044253498486.51
1951,88,125,2,1863,174,5,33809240782637.348
1951,88,126,1,1863,174,5,33832927956134.348
1951,88,126,2,1863,174,5,34609806313632.168
1951,88,127,1,1863,174,5,34634449770018.164
1951,88,127,2,1863,174,5,35423310905798.97
1951,88,128,1,1863,174,5,35448941280717.97
1951,88,128,2,1863,174,5,36249876899717.76
1951,88,129,1,1863,174,5,36276525558997.76
1951,88,129,2,1863,174,5,37089627366152.52
1951,88,130,1,1863,174,5,37117326417315.53
1951,88,130,2,1863,174,5,37942686117561.28
1951,88,131,1,1863,174,5,37971468421423.28
1951,88,131,2,1863,174,5,38809177719696.016
1951,88,132,1,1863,174,5,38839076902057.016
1951,88,132,2,1863,174,5,39689227503292.74
1951,88,133,1,1863,174,5,39720277966716.74
1951,88,133,2,1863,174,5,40582961575851.45
1951,88,134,1,1863,174,5,40615198511536.445
1951,88,134,2,1863,174,5,41490506833506.13
1951,88,135,1,1863,174,5,41523966233244.14
1951,88,135,2,1863,174,5,42411990972984.81
1951,88,136,1,1863,174,5,42446709641211.81
1951,88,136,2,1863,174,5,43347542503659.48
1951,88,137,1,1863,174,5,43383558069595.47
1951,88,137,2,1863,174,5,44297290759686.12
1951,88,138,1,1863,174,5,44334641689565.12
1951,88,138,2,1863,174,5,45261365912234.74
1951,88,139,1,1863,174,5,45300091521624.74
1951,88,139,2,1863,174,5,46239898981809.36
1951,88,140,1,1863,174,5,46280039448022.35
1951,88,140,2,1863,174,5,47233021850657.945
1951,88,141,1,1863,174,5,47274618225249.95
1951,88,141,2,1863,174,5,48240867275272.53
1951,88,142,1,1863,174,5,48283961496633.53
1951,88,142,2,1863,174,5,49263568898979.1
1951,88,143,1,1863,174,5,49308203805013.09
1951,88,143,2,1863,174,5,50301261264617.65
1951,88,144,1,1863,174,5,50347480605512.65
1951,88,144,2,1863,174,5,51354079827312.18
1951,88,145,1,1863,174,5,51401928278400.19
1951,88,145,2,1863,174,5,52422160967330.7
1951,88,146,1,1863,174,5,52471684142037.695
1951,88,146,2,1863,174,5,53505642003035.2
1951,88,147,1,1863,174,5,53556886465921.2
1951,88,147,2,1863,174,5,54604661203921.695
1951,88,148,1,1863,174,5,54657674483810.695
1951,88,148,2,1863,174,5,55719357803750.17
1951,88,149,1,1863,174,5,55774188406950.164
1951,88,149,2,1863,174,5,56849872013764.625
1951,88,150,1,1863,174,5,56906569437377.63
1951,88,150,2,1863,174,5,57996345036003.08
1951,88,151,1,1863,174,5,58054959781325.08
1951,88,151,2,1863,174,5,59158919076697.51
1951,88,152,1,1863,174,5,59219502662708.5
1951,88,152,2,1863,174,5,60337737359763.914
1951,88,153,1,1863,174,5,60400342336707.92
1951,88,153,2,1863,174,5,61532944140382.32
1951,88,154,1,1863,174,5,61597624103437.32
1951,88,154,2,1863,174,5,62744684718666.71
1951,88,155,1,1863,174,5,62811494321704.7
1951,88,155,2,1863,174,5,63973105453425.07
1951,88,156,1,1863,174,5,64042100422862.08
1951,88,156,2,1863,174,5,65218353776009.43
1951,88,157,1,1863,174,5,65289590924745.44
1951,88,157,2,1863,174,5,66480578204255.77
1951,88,158,1,1863,174,5,66554115445704.77
1951,88,158,2,1863,174,5,67759928356514.1
1951,88,159,1,1863,174,5,67835824718724.1
1951,88,159,2,1863,174,5,69056554965768.414
1951,88,160,1,1863,174,5,69134870605631.414
1951,88,160,2,1863,174,5,70370609893846.7
1951,88,161,1,1863,174,5,70451406111398.72
1951,88,161,2,1863,174,5,71702246145721.0
1951,88,162,1,1863,174,5,71785585398532.0
1951,88,162,2,1863,174,5,73051617883897.27
1951,88,163,1,1863,174,5,73137563801551.27
1951,88,163,2,1863,174,5,74418880442895.52
1951,88,164,1,1863,174,5,74507497841560.53
1951,88,164,2,1863,174,5,75804190343819.77
1951,88,165,1,1863,174,5,75895545240907.77
1951,88,165,2,1863,174,5,77207705309018.0
1951,88,166,1,1863,174,5,77301864937934.98
1951,88,166,2,1863,174,5,78629584276832.2
1951,88,167,1,1863,174,5,78726617101818.22
1951,88,167,2,1863,174,5,80069987416438.42
1951,88,168,1,1863,174,5,80169963147497.4
1951,88,168,2,1863,174,5,81529076142776.6
1951,88,169,1,1863,174,5,81632065750696.6
1951,88,169,2,1863,174,5,83007013131570.77
1951,88,170,1,1863,174,5,83113088863033.77
1951,88,170,2,1863,174,5,84503962334438.92
1951,88,171,1,1863,174,5,84613197727220.92
1951,88,171,2,1863,174,5,86020088994093.06
1951,88,172,1,1863,174,5,86132558892354.06
1951,88,172,2,1863,174,5,87555559659629.2
1951,88,173,1,1863,174,5,87671340229293.2
1951,88,173,2,1863,174,5,89110542201907.33
1951,88,174,1,1863,174,5,89229710946132.31
1951,88,174,2,1863,174,5,90685205829021.42
1951,88,175,1,1863,174,5,90807841603759.42
1951,88,175,2,1863,174,5,92279721101859.52
1951,88,176,1,1863,174,5,92405904131506.52
1951,88,176,2,1863,174,5,93894259949753.6
1978,89,1,1,1889,176,5,6977286388.861009
1978,89,1,2,1889,176,5,8218315659.488301
1978,89,2,1,1889,176,5,8218317690.488301
1978,89,2,2,1889,176,5,9993463072.085783
1978,89,3,1,1889,176,5,9993465386.085785
1978,89,3,2,1889,176,5,12396982666.653622
1978,89,4,1,1889,176,5,12396985591.653624
1978,89,4,2,1889,176,5,15523130559.191984
1978,89,5,1,1889,176,5,15523134867.191984
1978,89,5,2,1889,176,5,19466163309.70103
1978,89,6,1,1889,176,5,19466170566.70103
1978,89,6,2,1889,176,5,24320338272.180927
1978,89,7,1,1889,176,5,24320351278.180927
1978,89,7,2,1889,176,5,30179914034.631832
1978,89,8,1,1889,176,5,30179937353.631832
1978,89,8,2,1889,176,5,37139150949.0539
1978,89,9,1,1889,176,5,37139191529.05391
1978,89,9,2,1889,176,5,45292311751.44731
1978,89,10,1,1889,176,5,45292379634.44732
1978,89,10,2,1889,176,5,54733662271.8122
1978,89,11,1,1889,176,5,54733771393.8122
1978,89,11,2,1889,176,5,65557472234.148735
1978,89,12,1,1889,176,5,65557641315.148735
1978,89,12,2,1889,176,5,77858016146.45706
1978,89,13,1,1889,176,5,77858269670.45706
1978,89,13,2,1889,176,5,91729574280.73734
1978,89,14,1,1889,176,5,91729943565.73735
1978,89,14,2,1889,176,5,107266433742.98973
1978,89,15,1,1889,176,5,107266958100.98972
1978,89,15,2,1889,176,5,124562889633.21436
1978,89,16,1,1889,176,5,124563617620.21436
1978,89,16,2,1889,176,5,143713246295.4114
1978,89,17,1,1889,176,5,143714237051.41138
1978,89,17,2,1889,176,5,164811818657.58096
1978,89,18,1,1889,176,5,164813143336.581
1978,89,18,2,1889,176,5,187952933661.72327
1978,89,19,1,1889,176,5,187954676951.7233
1978,89,19,2,1889,176,5,213230931783.8384
1978,89,20,1,1889,176,5,213233193516.8384
1978,89,20,2,1889,176,5,240740168643.9265
1978,89,21,1,1889,176,5,240743065495.9265
1978,89,21,2,1889,176,5,270575016705.9878
1978,89,22,1,1889,176,5,270578683986.9878
1978,89,22,2,1889,176,5,302829867068.0223
1978,89,23,1,1889,176,5,302834460602.02234
1978,89,23,2,1889,176,5,337599131342.0303
1978,89,24,1,1889,176,5,337604829437.0303
1978,89,24,2,1889,176,5,374977243624.0118
1978,89,25,1,1889,176,5,374984249132.0118
1978,89,25,2,1889,176,5,415058662553.967
1978,89,26,1,1889,176,5,415067205020.967
1978,89,26,2,1889,176,5,457937873465.89606
1978,89,27,1,1889,176,5,457948211371.89606
1978,89,27,2,1889,176,5,503709390627.7991
1978,89,28,1,1889,176,5,503721813716.799
1978,89,28,2,1889,176,5,552467759571.6763
1978,89,29,1,1889,176,5,552482591271.6761
1978,89,29,2,1889,176,5,604307559513.5275
1978,89,30,1,1889,176,5,604325159446.5276
1978,89,30,2,1889,176,5,659323405863.3533
1978,89,31,1,1889,176,5,659344172445.3534
1978,89,31,2,1889,176,5,717609952825.1537
1978,89,32,1,1889,176,5,717634325956.1536
1978,89,32,2,1889,176,5,779261896086.9285
1978,89,33,1,1889,176,5,779290359930.9285
1978,89,33,2,1889,176,5,844373975600.6782
1978,89,34,1,1889,176,5,844407061455.6782
1978,89,34,2,1889,176,5,913040978452.4028
1978,89,35,1,1889,176,5,913079267710.4027
1978,89,35,2,1889,176,5,985357741822.1024
1978,89,36,1,1889,176,5,985401869019.1024
1978,89,36,2,1889,176,5,1061419156033.7771
1978,89,37,1,1889,176,5,1061469811989.7772
1978,89,37,2,1889,176,5,1141320167695.427
1978,89,38,1,1889,176,5,1141378102744.4272
1978,89,38,2,1889,176,5,1225155782929.0527
1978,89,39,1,1889,176,5,1225221810239.0527
1978,89,39,2,1889,176,5,1313021070690.6538
1978,89,40,1,1889,176,5,1313096069673.6536
1978,89,40,2,1889,176,5,1405011166180.2302
1978,89,41,1,1889,176,5,1405096085992.2305
1978,89,41,2,1889,176,5,1501221274341.783
1978,89,42,1,1889,176,5,1501317137472.783
1978,89,42,2,1889,176,5,1601746673453.3113
1978,89,43,1,1889,176,5,1601854579407.3113
1978,89,43,2,1889,176,5,1706682718806.8157
1978,89,44,1,1889,176,5,1706803847871.8157
1978,89,44,2,1889,176,5,1816124846478.2964
1978,89,45,1,1889,176,5,1816260463586.2964
1978,89,45,2,1889,176,5,1930168577187.753
1978,89,46,1,1889,176,5,1930320035864.753
1978,89,46,2,1889,176,5,2048909520249.1863
1978,89,47,1,1889,176,5,2049078266655.1863
1978,89,47,2,1889,176,5,2172443377610.596
1978,89,48,1,1889,176,5,2172630954669.596
1978,89,48,2,1889,176,5,2300865947983.9824
1978,89,49,1,1889,176,5,2301073999603.9824
1978,89,49,2,1889,176,5,2434273131065.3457
1978,89,50,1,1889,176,5,2434503406448.345
1978,89,50,2,1889,176,5,2572760931844.685
1978,89,51,1,1889,176,5,2573015289886.6855
1978,89,51,2,1889,176,5,2716425465006.002
1978,89,52,1,1889,176,5,2716705878787.0024
1978,89,52,2,1889,176,5,2865362959417.2964
1978,89,53,1,1889,176,5,2865671520781.296
1978,89,53,2,1889,176,5,3019669762710.567
1978,89,54,1,1889,176,5,3020008686935.5674
1978,89,54,2,1889,176,5,3179442345951.816
1978,89,55,1,1889,176,5,3179813976509.816
1978,89,55,2,1889,176,5,3344777308401.042
1978,89,56,1,1889,176,5,3345184121808.0415
1978,89,56,2,1889,176,5,3515771382362.245
1978,89,57,1,1889,176,5,3516215993118.245
1978,89,57,2,1889,176,5,3692521438123.4263
1978,89,58,1,1889,176,5,3693006603742.4263
1978,89,58,2,1889,176,5,3875124488986.5854
1978,89,59,1,1889,176,5,3875653115116.585
1978,89,59,2,1889,176,5,4063677696387.721
1978,89,60,1,1889,176,5,4064252842020.7217
1978,89,60,2,1889,176,5,4258278375106.836
1978,89,61,1,1889,176,5,4258903257878.8364
1978,89,61,2,1889,176,5,4459023998567.929
1978,89,62,1,1889,176,5,4459702000148.929
1978,89,62,2,1889,176,5,4666012204229.0
1978,89,63,1,1889,176,5,4666746875803.0
1978,89,63,2,1889,176,5,4879340799062.049
1978,89,64,1,1889,176,5,4880135866897.049
1978,89,64,2,1889,176,5,5099107765123.076
1978,89,65,1,1889,176,5,5099967136231.077
1978,89,65,2,1889,176,5,5325411265212.083
1978,89,66,1,1889,176,5,5326339033099.082
1978,89,66,2,1889,176,5,5558349648623.066
1978,89,67,1,1889,176,5,5559350099129.066
1978,89,67,2,1889,176,5,5798021456984.03
1978,89,68,1,1889,176,5,5799099074213.03
1978,89,68,2,1889,176,5,6044525430186.973
1978,89,69,1,1889,176,5,6045684902526.973
1978,89,69,2,1889,176,5,6297960512407.893
1978,89,70,1,1889,176,5,6299206738640.893
1978,89,70,2,1889,176,5,6558425858216.792
1978,89,71,1,1889,176,5,6559763953718.793
1978,89,71,2,1889,176,5,6826020838777.672
1978,89,72,1,1889,176,5,6827456141808.672
1978,89,72,2,1889,176,5,7100845048138.53
1978,89,73,1,1889,176,5,7102383126222.529
1978,89,73,2,1889,176,5,7382998309611.367
1978,89,74,1,1889,176,5,7384644966006.368
1978,89,74,2,1889,176,5,7672580682242.185
1978,89,75,1,1889,176,5,7674341962500.185
1978,89,75,2,1889,176,5,7969692467370.98
1978,89,76,1,1889,176,5,7971574665987.98
1978,89,76,2,1889,176,5,8274434215281.756
1978,89,77,1,1889,176,5,8276443882437.757
1978,89,77,2,1889,176,5,8586906731942.513
1978,89,78,1,1889,176,5,8589050680331.512
1978,89,78,2,1889,176,5,8907211085835.246
1978,89,79,1,1889,176,5,8909496397585.248
1978,89,79,2,1889,176,5,9235448614875.963
1978,89,80,1,1889,176,5,9237882648558.96
1978,89,80,2,1889,176,5,9571720933424.656
1978,89,81,1,1889,176,5,9574311331156.656
1978,89,81,2,1889,176,5,9916129939385.332
1978,89,82,1,1889,176,5,9918884634016.334
1978,89,82,2,1889,176,5,10268777821395.988
1978,89,83,1,1889,176,5,10271705043789.986
1978,89,83,2,1889,176,5,10629767066108.623
1978,89,84,1,1889,176,5,10632875352513.623
1978,89,84,2,1889,176,5,10999200465559.238
1978,89,85,1,1889,176,5,11002498665067.24
1978,89,85,2,1889,176,5,11377181124627.836
1978,89,86,1,1889,176,5,11380678406724.834
1978,89,86,2,1889,176,5,11763812468588.41
1978,89,87,1,1889,176,5,11767518330794.412
1978,89,87,2,1889,176,5,12159198250748.969
1978,89,88,1,1889,176,5,12163122526347.969
1978,89,88,2,1889,176,5,12563442560181.508
1978,89,89,1,1889,176,5,12567595426041.506
1978,89,89,2,1889,176,5,12976649829542.025
1978,89,90,1,1889,176,5,12981041814025.025
1978,89,90,2,1889,176,5,13398924842980.525
1978,89,91,1,1889,176,5,13403566833942.525
1978,89,91,2,1889,176,5,13830372744141.006
1978,89,92,1,1889,176,5,13835275997022.004
1978,89,92,2,1889,176,5,14271099044251.467
1978,89,93,1,1889,176,5,14276275190255.467
1978,89,93,2,1889,176,5,14721209630303.908
1978,89,94,1,1889,176,5,14726670684668.91
1978,89,94,2,1889,176,5,15180810773324.334
1978,89,95,1,1889,176,5,15186569143682.332
1978,89,95,2,1889,176,5,15650009136732.736
1978,89,96,1,1889,176,5,15656077631559.738
1978,89,96,2,1889,176,5,16128911784793.123
1978,89,97,1,1889,176,5,16135303621949.125
1978,89,97,2,1889,176,5,16617626191153.492
1978,89,98,1,1889,176,5,16624355006512.49
1978,89,98,2,1889,176,5,17116260247475.84
1978,89,99,1,1889,176,5,17123340103645.84
1978,89,99,2,1889,176,5,17624922272156.17
1978,89,100,1,1889,176,5,17632367667289.168
1978,89,100,2,1889,176,5,18143721019134.48
1978,89,101,1,1889,176,5,18151546895826.484
1978,89,101,2,1889,176,5,18672765686794.777
1978,89,102,1,1889,176,5,18680987441075.777
1978,89,102,2,1889,176,5,19212165926955.055
1978,89,103,1,1889,176,5,19220799417369.05
1978,89,103,2,1889,176,5,19762031853947.31
1978,89,104,1,1889,176,5,19771093410722.312
1978,89,104,2,1889,176,5,20322474053787.55
1978,89,105,1,1889,176,5,20331980488095.55
1978,89,105,2,1889,176,5,20893603593435.773
1978,89,106,1,1889,176,5,20903572206742.773
1978,89,106,2,1889,176,5,21475532030145.977
1978,89,107,1,1889,176,5,21485980623651.98
1978,89,107,2,1889,176,5,22068371420906.164
1978,89,108,1,1889,176,5,22079318305075.164
1978,89,108,2,1889,176,5,22672234331968.332
1978,89,109,1,1889,176,5,22683698336148.332
1978,89,109,2,1889,176,5,23287233848468.48
1978,89,110,1,1889,176,5,23299234330601.484
1978,89,110,2,1889,176,5,23913483584136.617
1978,89,111,1,1889,176,5,23926040440558.617
1978,89,111,2,1889,176,5,24551097691096.734
1978,89,112,1,1889,176,5,24564231366427.73
1978,89,112,2,1889,176,5,25200190869756.832
1978,89,113,1,1889,176,5,25213922366880.832
1978,89,113,2,1889,176,5,25860878378788.914
1978,89,114,1,1889,176,5,25875229268923.914
1978,89,114,2,1889,176,5,26533276045198.977
1978,89,115,1,1889,176,5,26548268478056.977
1978,89,115,2,1889,176,5,27217500274487.023
1978,89,116,1,1889,176,5,27233156988524.027
1978,89,116,2,1889,176,5,27913668060897.055
1978,89,117,1,1889,176,5,27930012393653.055
1978,89,117,2,1889,176,5,28621896997757.066
1978,89,118,1,1889,176,5,28638952896286.066
1978,89,118,2,1889,176,5,29342305287909.062
1978,89,119,1,1889,176,5,29360097319299.062
1978,89,119,2,1889,176,5,30075011754229.043
1978,89,120,1,1889,176,5,30093565116212.04
1978,89,120,2,1889,176,5,30820135850237.004
1978,89,121,1,1889,176,5,30839476381889.004
1978,89,121,2,1889,176,5,31577797670796.95
1978,89,122,1,1889,176,5,31597951863327.95
1978,89,122,2,1889,176,5,32348117962906.88
1978,89,123,1,1889,176,5,32369112970540.88
1978,89,123,2,1889,176,5,33131218136578.79
1978,89,124,1,1889,176,5,33153081787523.79
1978,89,124,2,1889,176,5,33927220275808.684
1978,89,125,1,1889,176,5,33949981083316.688
1978,89,125,2,1889,176,5,34736247149636.566
1978,89,126,1,1889,176,5,34759934323153.562
1978,89,126,2,1889,176,5,35558422223296.43
1978,89,127,1,1889,176,5,35583065679702.43
1978,89,127,2,1889,176,5,36393869669456.27
1978,89,128,1,1889,176,5,36419500044395.27
1978,89,128,2,1889,176,5,37242714379548.1
1978,89,129,1,1889,176,5,37269363038848.1
1978,89,129,2,1889,176,5,38105081975187.914
1978,89,130,1,1889,176,5,38132781026370.92
1978,89,130,2,1889,176,5,38981098819685.72
1978,89,131,1,1889,176,5,39009881123567.71
1978,89,131,2,1889,176,5,39870892029645.49
1978,89,132,1,1889,176,5,39900791212026.5
1978,89,132,2,1889,176,5,40774589486655.266
1978,89,133,1,1889,176,5,40805639950099.266
1978,89,133,2,1889,176,5,41692319849067.016
1978,89,134,1,1889,176,5,41724556784772.01
1978,89,134,2,1889,176,5,42624212563866.74
1978,89,135,1,1889,176,5,42657671963624.74
1978,89,135,2,1889,176,5,43570397878634.46
1978,89,136,1,1889,176,5,43605116546881.47
1978,89,136,2,1889,176,5,44531006853594.164
1978,89,137,1,1889,176,5,44567022419550.164
1978,89,137,2,1889,176,5,45506171373753.85
1978,89,138,1,1889,176,5,45543522303652.85
1978,89,138,2,1889,176,5,46496024161135.52
1978,89,139,1,1889,176,5,46534749770545.52
1978,89,139,2,1889,176,5,47500698787095.18
1978,89,140,1,1889,176,5,47540839253328.18
1978,89,140,2,1889,176,5,48520329684732.82
1978,89,141,1,1889,176,5,48561926059344.82
1978,89,141,2,1889,176,5,49555052161392.445
1978,89,142,1,1889,176,5,49598146382773.445
1978,89,142,2,1889,176,5,50605002411252.055
1978,89,143,1,1889,176,5,50649637317306.055
1978,89,143,2,1889,176,5,51670317528003.65
1978,89,144,1,1889,176,5,51716536868918.65
1978,89,144,2,1889,176,5,52751135517623.23
1978,89,145,1,1889,176,5,52798983968731.23
1978,89,145,2,1889,176,5,53847595311230.79
1978,89,146,1,1889,176,5,53897118485957.79
1978,89,146,2,1889,176,5,54959836778040.336
1978,89,147,1,1889,176,5,55011081240946.336
1978,89,147,2,1889,176,5,56088000738399.875
1978,89,148,1,1889,176,5,56141014018308.875
1978,89,148,2,1889,176,5,57232228976921.39
1978,89,149,1,1889,176,5,57287059580141.38
1978,89,149,2,1889,176,5,58392664255700.89
1978,89,150,1,1889,176,5,58449361679333.89
1978,89,150,2,1889,176,5,59569450327628.38
1978,89,151,1,1889,176,5,59628065072970.38
1978,89,151,2,1889,176,5,60762731949787.86
1978,89,152,1,1889,176,5,60823315535818.85
1978,89,152,2,1889,176,5,61972654896947.31
1978,89,153,1,1889,176,5,62035259873911.31
1978,89,153,2,1889,176,5,63199365975138.76
1978,89,154,1,1889,176,5,63264045938213.76
1978,89,154,2,1889,176,5,64443013035328.195
1978,89,155,1,1889,176,5,64509822638386.19
1978,89,155,2,1889,176,5,65703744987175.6
1978,89,156,1,1889,176,5,65772739956632.6
1978,89,156,2,1889,176,5,66981711812885.0
1978,89,157,1,1889,176,5,67052948961641.01
1978,89,157,2,1889,176,5,68277064581144.39
1978,89,158,1,1889,176,5,68350601822613.39
1978,89,158,2,1889,176,5,69589955461155.76
1978,89,159,1,1889,176,5,69665851823385.766
1978,89,159,2,1889,176,5,70920537736755.12
1978,89,160,1,1889,176,5,70998853376638.11
1978,89,160,2,1889,176,5,72268965820622.45
1978,89,161,1,1889,176,5,72349762038194.47
1978,89,161,2,1889,176,5,73635395268581.8
1978,89,162,1,1889,176,5,73718734521412.8
1978,89,162,2,1889,176,5,75019982793991.11
1978,89,163,1,1889,176,5,75105928711665.1
1978,89,163,2,1889,176,5,76422886282222.4
1978,89,164,1,1889,176,5,76511503680907.4
1978,89,164,2,1889,176,5,77844264805231.7
1978,89,165,1,1889,176,5,77935619702339.69
1978,89,165,2,1889,176,5,79284278636218.97
1978,89,166,1,1889,176,5,79378438265155.95
1978,89,166,2,1889,176,5,80743089264378.22
1978,89,167,1,1889,176,5,80840122089384.23
1978,89,167,2,1889,176,5,82220859409737.47
1978,89,168,1,1889,176,5,82320835140816.47
1978,89,168,2,1889,176,5,83717753038088.7
1978,89,169,1,1889,176,5,83820742646028.69
1978,89,169,2,1889,176,5,85233935376007.9
1978,89,170,1,1889,176,5,85340011107490.92
1978,89,170,2,1889,176,5,86769572925965.12
1978,89,171,1,1889,176,5,86878808318767.12
1978,89,171,2,1889,176,5,88324833481524.31
1978,89,172,1,1889,176,5,88437303379805.3
1978,89,172,2,1889,176,5,89899886142633.48
1978,89,173,1,1889,176,5,90015666712317.48
1978,89,173,2,1889,176,5,91494901331004.66
1978,89,174,1,1889,176,5,91614070075249.64
1978,89,174,2,1889,176,5,93110050805583.8
1978,89,175,1,1889,176,5,93232686580341.8
1978,89,175,2,1889,176,5,94745507678110.92
1978,89,176,1,1889,176,5,94871690707777.94
1978,89,176,2,1889,176,5,96401446428770.06
1978,89,177,1,1889,176,5,96531258321926.05
1978,89,177,2,1889,176,5,98078042921929.16
1978,89,178,1,1889,176,5,98211566687168.16
1978,89,178,2,1889,176,5,99775474421970.25
1991,90,1,1,1901,178,5,7132801636.391721
1991,90,1,2,1901,178,5,8390166337.967527
1991,90,2,1,1901,178,5,8390168388.967527
1991,90,2,2,1901,178,5,10188679653.513998
1991,90,3,1,1901,178,5,10188681987.513998
1991,90,3,2,1901,178,5,12623836271.031292
1991,90,4,1,1901,178,5,12623839216.031294
1991,90,4,2,1901,178,5,15791132974.519577
1991,90,5,1,1901,178,5,15791137302.519575
1991,90,5,2,1901,178,5,19786066991.979008
1991,90,6,1,1901,178,5,19786074268.979004
1991,90,6,2,1901,178,5,24704136345.409737
1991,90,7,1,1901,178,5,24704149371.409737
1991,90,7,2,1901,178,5,30640840290.81193
1991,90,8,1,1901,178,5,30640863629.811935
1991,90,8,2,1901,178,5,37691679848.185745
1991,90,9,1,1901,178,5,37691720448.185745
1991,90,9,2,1901,178,5,45952158421.53133
1991,90,10,1,1901,178,5,45952226324.531334
1991,90,10,2,1901,178,5,55517782508.84884
1991,90,11,1,1901,178,5,55517891650.84884
1991,90,11,2,1901,178,5,66484062502.13842
1991,90,12,1,1901,178,5,66484231603.13843
1991,90,12,2,1901,178,5,78946513577.40024
1991,90,13,1,1901,178,5,78946767121.40024
1991,90,13,2,1901,178,5,93000656674.63443
1991,90,14,1,1901,178,5,93001025979.63445
1991,90,14,2,1901,178,5,108742019567.84116
1991,90,15,1,1901,178,5,108742543945.84116
1991,90,15,2,1901,178,5,126266138025.02054
1991,90,16,1,1901,178,5,126266866032.02054
1991,90,16,2,1901,178,5,145668557058.17276
1991,90,17,1,1901,178,5,145669547834.17276
1991,90,17,2,1901,178,5,167044832263.2979
1991,90,18,1,1901,178,5,167046156962.2979
1991,90,18,2,1901,178,5,190490531250.3962
1991,90,19,1,1901,178,5,190492274560.3962
1991,90,19,2,1901,178,5,216101235163.46774
1991,90,20,1,1901,178,5,216103496916.4677
1991,90,20,2,1901,178,5,243972540290.51263
1991,90,21,1,1901,178,5,243975437162.51263
1991,90,21,2,1901,178,5,274200059763.5311
1991,90,22,1,1901,178,5,274203727064.5311
1991,90,22,2,1901,178,5,306879425348.5232
1991,90,23,1,1901,178,5,306884018902.52325
1991,90,23,2,1901,178,5,342106289325.4892
1991,90,24,1,1901,178,5,342111987440.48914
1991,90,24,2,1901,178,5,379976326458.429
1991,90,25,1,1901,178,5,379983331986.429
1991,90,25,2,1901,178,5,420585236055.34296
1991,90,26,1,1901,178,5,420593778542.343
1991,90,26,2,1901,178,5,464028744118.23114
1991,90,27,1,1901,178,5,464039082044.23114
1991,90,27,2,1901,178,5,510402605583.0937
1991,90,28,1,1901,178,5,510415028692.0937
1991,90,28,2,1901,178,5,559802606649.9308
1991,90,29,1,1901,178,5,559817438369.9307
1991,90,29,2,1901,178,5,612324567202.7423
1991,90,30,1,1901,178,5,612342167155.7423
1991,90,30,2,1901,178,5,668064343319.5287
1991,90,31,1,1901,178,5,668085109921.5287
1991,90,31,2,1901,178,5,727117829872.2899
1991,90,32,1,1901,178,5,727142203023.2899
1991,90,32,2,1901,178,5,789580963217.0261
1991,90,33,1,1901,178,5,789609427081.0261
1991,90,33,2,1901,178,5,855549723973.7375
1991,90,34,1,1901,178,5,855582809848.7375
1991,90,34,2,1901,178,5,925120139896.4242
1991,90,35,1,1901,178,5,925158429174.4241
1991,90,35,2,1901,178,5,998388288833.086
1991,90,36,1,1901,178,5,998432416050.0862
1991,90,36,2,1901,178,5,1075450301775.7236
1991,90,37,1,1901,178,5,1075500957751.7238
1991,90,37,2,1901,178,5,1156402366000.3367
1991,90,38,1,1901,178,5,1156460301069.337
1991,90,38,2,1901,178,5,1241340728296.9258
1991,90,39,1,1901,178,5,1241406755626.9258
1991,90,39,2,1901,178,5,1330361698289.4905
1991,90,40,1,1901,178,5,1330436697292.4905
1991,90,40,2,1901,178,5,1423561651846.0312
1991,90,41,1,1901,178,5,1423646571678.0315
1991,90,41,2,1901,178,5,1521037034578.5483
1991,90,42,1,1901,178,5,1521132897729.5483
1991,90,42,2,1901,178,5,1622884365433.0415
1991,90,43,1,1901,178,5,1622992271407.0413
1991,90,43,2,1901,178,5,1729200240369.5107
1991,90,44,1,1901,178,5,1729321369454.511
1991,90,44,2,1901,178,5,1840081336131.9568
1991,90,45,1,1901,178,5,1840216953259.9568
1991,90,45,2,1901,178,5,1955624414108.3794
1991,90,46,1,1901,178,5,1955775872805.3792
1991,90,46,2,1901,178,5,2075926324280.7786
1991,90,47,1,1901,178,5,2076095070706.7786
1991,90,47,2,1901,178,5,2201084009265.155
1991,90,48,1,1901,178,5,2201271586344.155
1991,90,48,2,1901,178,5,2331194508441.508
1991,90,49,1,1901,178,5,2331402560081.508
1991,90,49,2,1901,178,5,2466354962173.838
1991,90,50,1,1901,178,5,2466585237576.8374
1991,90,50,2,1901,178,5,2606662616120.145
1991,90,51,1,1901,178,5,2606916974182.145
1991,90,51,2,1901,178,5,2752214825632.4297
1991,90,52,1,1901,178,5,2752495239433.4297
1991,90,52,2,1901,178,5,2903109060246.692
1991,90,53,1,1901,178,5,2903417621630.6914
1991,90,53,2,1901,178,5,3059442908262.9307
1991,90,54,1,1901,178,5,3059781832507.9307
1991,90,54,2,1901,178,5,3221314081415.1475
1991,90,55,1,1901,178,5,3221685711993.148
1991,90,55,2,1901,178,5,3388820419631.3423
1991,90,56,1,1901,178,5,3389227233058.3423
1991,90,56,2,1901,178,5,3562059895883.5146
1991,90,57,1,1901,178,5,3562504506659.5146
1991,90,57,2,1901,178,5,3741130621127.665
1991,90,58,1,1901,178,5,3741615786766.6655
1991,90,58,2,1901,178,5,3926130849333.794
1991,90,59,1,1901,178,5,3926659475483.7935
1991,90,59,2,1901,178,5,4117158982605.9004
1991,90,60,1,1901,178,5,4117734128258.9004
1991,90,60,2,1901,178,5,4314313576391.9854
1991,90,61,1,1901,178,5,4314938459183.9854
1991,90,61,2,1901,178,5,4517693344784.048
1991,90,62,1,1901,178,5,4518371346385.049
1991,90,62,2,1901,178,5,4727397165908.091
1991,90,63,1,1901,178,5,4728131837502.09
1991,90,63,2,1901,178,5,4943524087404.11
1991,90,64,1,1901,178,5,4944319155259.11
1991,90,64,2,1901,178,5,5166173331996.108
1991,90,65,1,1901,178,5,5167032703124.109
1991,90,65,2,1901,178,5,5395444303152.087
1991,90,66,1,1901,178,5,5396372071059.087
1991,90,66,2,1901,178,5,5631436590834.043
1991,90,67,1,1901,178,5,5632437041360.043
1991,90,67,2,1901,178,5,5874249977337.978
1991,90,68,1,1901,178,5,5875327594586.979
1991,90,68,2,1901,178,5,6123984443223.894
1991,90,69,1,1901,178,5,6125143915583.893
1991,90,69,2,1901,178,5,6380740173335.786
1991,90,70,1,1901,178,5,6381986399588.786
1991,90,70,2,1901,178,5,6644617562911.659
1991,90,71,1,1901,178,5,6645955658433.659
1991,90,71,2,1901,178,5,6915717223783.512
1991,90,72,1,1901,178,5,6917152526834.512
1991,90,72,2,1901,178,5,7194139990667.343
1991,90,73,1,1901,178,5,7195678068771.343
1991,90,73,2,1901,178,5,7479986927543.153
1991,90,74,1,1901,178,5,7481633583958.154
1991,90,74,2,1901,178,5,7773359334124.945
1991,90,75,1,1901,178,5,7775120614402.945
1991,90,75,2,1901,178,5,8074358752420.715
1991,90,76,1,1901,178,5,8076240951057.715
1991,90,76,2,1901,178,5,8383086973382.466
1991,90,77,1,1901,178,5,8385096640558.466
1991,90,77,2,1901,178,5,8699646043646.196
1991,90,78,1,1901,178,5,8701789992055.195
1991,90,78,2,1901,178,5,9024138272361.906
1991,90,79,1,1901,178,5,9026423584131.906
1991,90,79,2,1901,178,5,9356666238113.598
1991,90,80,1,1901,178,5,9359100271816.596
1991,90,80,2,1901,178,5,9697332795929.266
1991,90,81,1,1901,178,5,9699923193681.268
1991,90,81,2,1901,178,5,10046241084380.918
1991,90,82,1,1901,178,5,10048995779031.918
1991,90,82,2,1901,178,5,10403494532774.549
1991,90,83,1,1901,178,5,10406421755188.549
1991,90,83,2,1901,178,5,10769196868430.16
1991,90,84,1,1901,178,5,10772305154855.16
1991,90,84,2,1901,178,5,11143452124051.752
1991,90,85,1,1901,178,5,11146750323579.752
1991,90,85,2,1901,178,5,11526364645187.326
1991,90,86,1,1901,178,5,11529861927304.324
1991,90,86,2,1901,178,5,11918039097778.877
1991,90,87,1,1901,178,5,11921744960004.879
1991,90,87,2,1901,178,5,12318580475802.412
1991,90,88,1,1901,178,5,12322504751421.414
1991,90,88,2,1901,178,5,12728094108997.928
1991,90,89,1,1901,178,5,12732246974877.928
1991,90,89,2,1901,178,5,13146685670689.424
1991,90,90,1,1901,178,5,13151077655192.424
1991,90,90,2,1901,178,5,13574461185694.9
1991,90,91,1,1901,178,5,13579103176676.902
1991,90,91,2,1901,178,5,14011527038326.36
1991,90,92,1,1901,178,5,14016430291227.36
1991,90,92,2,1901,178,5,14457989980479.799
1991,90,93,1,1901,178,5,14463166126503.799
1991,90,93,2,1901,178,5,14913957139815.219
1991,90,94,1,1901,178,5,14919418194200.22
1991,90,94,2,1901,178,5,15379536028026.623
1991,90,95,1,1901,178,5,15385294398404.621
1991,90,95,2,1901,178,5,15854834549202.006
1991,90,96,1,1901,178,5,15860903044049.006
1991,90,96,2,1901,178,5,16339961008273.371
1991,90,97,1,1901,178,5,16346352845449.371
1991,90,97,2,1901,178,5,16835024119556.719
1991,90,98,1,1901,178,5,16841752934935.717
1991,90,98,2,1901,178,5,17340133015382.045
1991,90,99,1,1901,178,5,17347212871572.047
1991,90,99,2,1901,178,5,17855397254813.355
1991,90,100,1,1901,178,5,17862842649966.355
1991,90,100,2,1901,178,5,18380926832458.65
1991,90,101,1,1901,178,5,18388752709170.65
1991,90,101,2,1901,178,5,18916832187369.926
1991,90,102,1,1901,178,5,18925053941670.92
1991,90,102,2,1901,178,5,19463224212033.18
1991,90,103,1,1901,178,5,19471857702467.18
1991,90,103,2,1901,178,5,20020214261448.418
1991,90,104,1,1901,178,5,20029275818243.418
1991,90,104,2,1901,178,5,20587914162299.64
1991,90,105,1,1901,178,5,20597420596627.637
1991,90,105,2,1901,178,5,21166436222214.84
1991,90,106,1,1901,178,5,21176404835541.84
1991,90,106,2,1901,178,5,21755893239116.023
1991,90,107,1,1901,178,5,21766341832642.027
1991,90,107,2,1901,178,5,22356398510659.195
1991,90,108,1,1901,178,5,22367345394848.195
1991,90,108,2,1901,178,5,22968065843764.344
1991,90,109,1,1901,178,5,22979529847964.344
1991,90,109,2,1901,178,5,23591009564235.477
1991,90,110,1,1901,178,5,23603010046388.477
1991,90,110,2,1901,178,5,24225344526470.594
1991,90,111,1,1901,178,5,24237901382912.594
1991,90,111,2,1901,178,5,24871186123261.688
1991,90,112,1,1901,178,5,24884319798612.688
1991,90,112,2,1901,178,5,25528650295684.77
1991,90,113,1,1901,178,5,25542381792828.77
1991,90,113,2,1901,178,5,26197853543079.836
1991,90,114,1,1901,178,5,26212204433234.836
1991,90,114,2,1901,178,5,26878912933120.883
1991,90,115,1,1901,178,5,26893905365998.88
1991,90,115,2,1901,178,5,27571946111975.91
1991,90,116,1,1901,178,5,27587602826032.91
1991,90,116,2,1901,178,5,28277071314556.926
1991,90,117,1,1901,178,5,28293415647332.92
1991,90,117,2,1901,178,5,28994407374859.918
1991,90,118,1,1901,178,5,29011463273408.918
1991,90,118,2,1901,178,5,29724073736394.895
1991,90,119,1,1901,178,5,29741865767804.9
1991,90,119,2,1901,178,5,30466190462705.863
1991,90,120,1,1901,178,5,30484743824708.86
1991,90,120,2,1901,178,5,31220878247980.805
1991,90,121,1,1901,178,5,31240218779652.805
1991,90,121,2,1901,178,5,31988258427751.734
1991,90,122,1,1901,178,5,32008412620302.74
1991,90,122,2,1901,178,5,32768452989684.65
1991,90,123,1,1901,178,5,32789447997338.65
1991,90,123,2,1901,178,5,33561584584459.543
1991,90,124,1,1901,178,5,33583448235424.543
1991,90,124,2,1901,178,5,34367776536740.42
1991,90,125,1,1901,178,5,34390537344268.426
1991,90,125,2,1901,178,5,35187152856235.29
1991,90,126,1,1901,178,5,35210840029772.29
1991,90,126,2,1901,178,5,36019838248846.13
1991,90,127,1,1901,178,5,36044481705272.13
1991,90,127,2,1901,178,5,36865958127908.97
1991,90,128,1,1901,178,5,36891588502867.96
1991,90,128,2,1901,178,5,37725638625523.77
1991,90,129,1,1901,178,5,37752287284843.78
1991,90,129,2,1901,178,5,38599006603974.58
1991,90,130,1,1901,178,5,38626705655177.586
1991,90,130,2,1901,178,5,39486189667239.37
1991,90,131,1,1901,178,5,39514971971141.36
1991,90,131,2,1901,178,5,40387316172590.125
1991,90,132,1,1901,178,5,40417215354991.13
1991,90,132,2,1901,178,5,41302515242282.88
1991,90,133,1,1901,178,5,41333565705746.88
1991,90,133,2,1901,178,5,42231916775337.62
1991,90,134,1,1901,178,5,42264153711062.62
1991,90,134,2,1901,178,5,43175651459408.336
1991,90,135,1,1901,178,5,43209110859186.336
1991,90,135,2,1901,178,5,44133850782743.04
1991,90,136,1,1901,178,5,44168569451010.04
1991,90,136,2,1901,178,5,45106647046233.734
1991,90,137,1,1901,178,5,45142662612209.73
1991,90,137,2,1901,178,5,46094173375556.4
1991,90,138,1,1901,178,5,46131524305475.41
1991,90,138,2,1901,178,5,47096563733401.06
1991,90,139,1,1901,178,5,47135289342831.06
1991,90,139,2,1901,178,5,48113952931791.7
1991,90,140,1,1901,178,5,48154093398044.695
1991,90,140,2,1901,178,5,49146476644496.33
1991,90,141,1,1901,178,5,49188073019128.33
1991,90,141,2,1901,178,5,50194271419526.94
1991,90,142,1,1901,178,5,50237365640927.945
1991,90,142,2,1901,178,5,51257474691729.54
1991,90,143,1,1901,178,5,51302109597803.53
1991,90,143,2,1901,178,5,52336224795464.12
1991,90,144,1,1901,178,5,52382444136399.12
1991,90,144,2,1901,178,5,53430660977374.69
1991,90,145,1,1901,178,5,53478509428502.69
1991,90,145,2,1901,178,5,54540923409249.234
1991,90,146,1,1901,178,5,54590446583996.234
1991,90,146,2,1901,178,5,55667153200969.766
1991,90,147,1,1901,178,5,55718397663895.77
1991,90,147,2,1901,178,5,56809492413552.3
1991,90,148,1,1901,178,5,56862505693481.3
1991,90,148,2,1901,178,5,57968084072276.805
1991,90,149,1,1901,178,5,58022914675516.8
1991,90,149,2,1901,178,5,59143072179907.29
1991,90,150,1,1901,178,5,59199769603560.29
1991,90,150,2,1901,178,5,60334601730001.766
1991,90,151,1,1901,178,5,60393216475363.77
1991,90,151,2,1901,178,5,61542818720312.234
1991,90,152,1,1901,178,5,61603402306363.23
1991,90,152,2,1901,178,5,62767870166274.67
1991,90,153,1,1901,178,5,62830475143258.68
1991,90,153,2,1901,178,5,64009904114589.11
1991,90,154,1,1901,178,5,64074584077684.12
1991,90,154,2,1901,178,5,65269069656889.53
1991,90,155,1,1901,178,5,65335879259967.52
1991,90,155,2,1901,178,5,66545516943503.93
1991,90,156,1,1901,178,5,66614511912980.93
1991,90,156,2,1901,178,5,67839397197304.32
1991,90,157,1,1901,178,5,67910634346080.33
1991,90,157,2,1901,178,5,69150862727646.7
1991,90,158,1,1901,178,5,69224399969135.695
1991,90,158,2,1901,178,5,70480066944401.06
1991,90,159,1,1901,178,5,70555963306651.06
1991,90,159,2,1901,178,5,71827164372071.4
1991,90,160,1,1901,178,5,71905480011974.4
1991,90,160,2,1901,178,5,73192310664005.73
1991,90,161,1,1901,178,5,73273106881597.75
1991,90,161,2,1901,178,5,74575662616696.06
1991,90,162,1,1901,178,5,74659001869547.06
1991,90,162,2,1901,178,5,75977378184168.36
1991,90,163,1,1901,178,5,76063324101862.36
1991,90,163,2,1901,178,5,77397616492462.64
1991,90,164,1,1901,178,5,77486233891167.66
1991,90,164,2,1901,178,5,78836537854202.94
1991,90,165,1,1901,178,5,78927892751330.92
1991,90,165,2,1901,178,5,80294303783257.19
1991,90,166,1,1901,178,5,80388463412214.19
1991,90,166,2,1901,178,5,81771077009487.44
1991,90,167,1,1901,178,5,81868109834513.45
1991,90,167,2,1901,178,5,83267021493589.67
1991,90,168,1,1901,178,5,83366997224688.67
1991,90,168,2,1901,178,5,84782302442023.89
1991,90,169,1,1901,178,5,84885292049983.89
1991,90,169,2,1901,178,5,86317086322034.1
1991,90,170,1,1901,178,5,86423162053537.11
1991,90,170,2,1901,178,5,87871540876758.3
1991,90,171,1,1901,178,5,87980776269580.3
1991,90,171,2,1901,178,5,89445835140428.48
1991,90,172,1,1901,178,5,89558305038729.47
1991,90,172,2,1901,178,5,91040139453660.64
1991,90,173,1,1901,178,5,91155920023364.66
1991,90,173,2,1901,178,5,92654625478834.8
1991,90,174,1,1901,178,5,92773794223099.8
1991,90,174,2,1901,178,5,94289466215564.94
1991,90,175,1,1901,178,5,94412101990342.94
1991,90,175,2,1901,178,5,95944836016259.06
1991,90,176,1,1901,178,5,96071019045946.08
1991,90,176,2,1901,178,5,97620910601769.19
1991,90,177,1,1901,178,5,97750722494945.17
1991,90,177,2,1901,178,5,99317867077131.28
1991,90,178,1,1901,178,5,99451390842390.27
1991,90,178,2,1901,178,5,101035883947395.36
1991,90,179,1,1901,178,5,101173204009265.38
1991,90,179,2,1901,178,5,102775141133545.44
1991,90,180,1,1901,178,5,102916343348498.44
1991,90,180,2,1901,178,5,104535819988509.5
1985,91,1,1,1894,180,5,7153272998.997936
1985,91,1,2,1894,180,5,8403085010.418851
1985,91,2,1,1894,180,5,8403087081.418851
1985,91,2,2,1894,180,5,10190795119.811174
1985,91,3,1,1894,180,5,10190797473.811176
1985,91,3,2,1894,180,5,12611324371.175068
1985,91,4,1,1894,180,5,12611327336.175068
1985,91,4,2,1894,180,5,15759595924.510681
1985,91,5,1,1894,180,5,15759600272.51068
1985,91,5,2,1894,180,5,19730533383.818172
1985,91,6,1,1894,180,5,19730540680.81817
1985,91,6,2,1894,180,5,24619061147.097687
1985,91,7,1,1894,180,5,24619074193.097687
1985,91,7,2,1894,180,5,30520104846.349384
1985,91,8,1,1894,180,5,30520128205.349384
1985,91,8,2,1894,180,5,37528591877.57341
1985,91,9,1,1894,180,5,37528632497.57341
1985,91,9,2,1894,180,5,45739452020.76992
1985,91,10,1,1894,180,5,45739519943.76992
1985,91,10,2,1894,180,5,55247618149.93906
1985,91,11,1,1894,180,5,55247727311.93905
1985,91,11,2,1894,180,5,66148027033.080956
1985,91,12,1,1894,180,5,66148196154.08096
1985,91,12,2,1894,180,5,78535620222.19579
1985,91,13,1,1894,180,5,78535873786.19579
1985,91,13,2,1894,180,5,92505345033.28368
1985,91,14,1,1894,180,5,92505714358.28368
1985,91,14,2,1894,180,5,108152155616.34477
1985,91,15,1,1894,180,5,108152680014.34477
1985,91,15,2,1894,180,5,125571014115.37921
1985,91,16,1,1894,180,5,125571742142.37921
1985,91,16,2,1894,180,5,144856891918.38715
1985,91,17,1,1894,180,5,144857882714.38712
1985,91,17,2,1894,180,5,166104770997.36868
1985,91,18,1,1894,180,5,166106095716.3687
1985,91,18,2,1894,180,5,189409645338.32404
1985,91,19,1,1894,180,5,189411388668.32404
1985,91,19,2,1894,180,5,214866522461.25327
1985,91,20,1,1894,180,5,214868784234.25327
1985,91,20,2,1894,180,5,242570425030.15652
1985,91,21,1,1894,180,5,242573321922.15656
1985,91,21,2,1894,180,5,272616392553.034
1985,91,22,1,1894,180,5,272620059874.034
1985,91,22,2,1894,180,5,305099483171.88574
1985,91,23,1,1894,180,5,305104076745.8858
1985,91,23,2,1894,180,5,340114775542.712
1985,91,24,1,1894,180,5,340120473677.712
1985,91,24,2,1894,180,5,377757370805.51276
1985,91,25,1,1894,180,5,377764376353.51276
1985,91,25,2,1894,180,5,418122394644.2882
1985,91,26,1,1894,180,5,418130937151.28827
1985,91,26,2,1894,180,5,461304999437.0386
1985,91,27,1,1894,180,5,461315337383.0386
1985,91,27,2,1894,180,5,507400366495.76385
1985,91,28,1,1894,180,5,507412789624.76385
1985,91,28,2,1894,180,5,556503708396.4642
1985,91,29,1,1894,180,5,556518540136.4642
1985,91,29,2,1894,180,5,608710271399.1398
1985,91,30,1,1894,180,5,608727871372.1399
1985,91,30,2,1894,180,5,664115337957.7908
1985,91,31,1,1894,180,5,664136104579.7909
1985,91,31,2,1894,180,5,722814229320.4174
1985,91,32,1,1894,180,5,722838602491.4172
1985,91,32,2,1894,180,5,784902308219.0192
1985,91,33,1,1894,180,5,784930772103.0193
1985,91,33,2,1894,180,5,850474981649.597
1985,91,34,1,1894,180,5,850508067544.597
1985,91,34,2,1894,180,5,919627703742.1506
1985,91,35,1,1894,180,5,919665993040.1505
1985,91,35,2,1894,180,5,992455978720.6802
1985,91,36,1,1894,180,5,992500105957.6802
1985,91,36,2,1894,180,5,1069055363953.1858
1985,91,37,1,1894,180,5,1069106019949.1859
1985,91,37,2,1894,180,5,1149521473091.6677
1985,91,38,1,1894,180,5,1149579408180.6677
1985,91,38,2,1894,180,5,1233949979302.126
1985,91,39,1,1894,180,5,1234016006652.126
1985,91,39,2,1894,180,5,1322436618584.5605
1985,91,40,1,1894,180,5,1322511617607.5603
1985,91,40,2,1894,180,5,1415077193182.9717
1985,91,41,1,1894,180,5,1415162113034.972
1985,91,41,2,1894,180,5,1511967575085.3596
1985,91,42,1,1894,180,5,1512063438256.3596
1985,91,42,2,1894,180,5,1613203709613.724
1985,91,43,1,1894,180,5,1613311615607.724
1985,91,43,2,1894,180,5,1718881619104.0657
1985,91,44,1,1894,180,5,1719002748209.066
1985,91,44,2,1894,180,5,1829097406676.3845
1985,91,45,1,1894,180,5,1829233023824.3843
1985,91,45,2,1894,180,5,1943947260094.6802
1985,91,46,1,1894,180,5,1944098718811.68
1985,91,46,2,1894,180,5,2063527455716.953
1985,91,47,1,1894,180,5,2063696202162.9531
1985,91,47,2,1894,180,5,2187934362535.2034
1985,91,48,1,1894,180,5,2188121939634.2034
1985,91,48,2,1894,180,5,2317264446305.431
1985,91,49,1,1894,180,5,2317472497965.431
1985,91,49,2,1894,180,5,2451614273767.6367
1985,91,50,1,1894,180,5,2451844549190.636
1985,91,50,2,1894,180,5,2591080516955.8193
1985,91,51,1,1894,180,5,2591334875037.8193
1985,91,51,2,1894,180,5,2735759957597.9805
1985,91,52,1,1894,180,5,2736040371418.9805
1985,91,52,2,1894,180,5,2885749491606.119
1985,91,53,1,1894,180,5,2886058053010.1187
1985,91,53,2,1894,180,5,3041146133656.236
1985,91,54,1,1894,180,5,3041485057921.236
1985,91,54,2,1894,180,5,3202047021858.3306
1985,91,55,1,1894,180,5,3202418652456.3306
1985,91,55,2,1894,180,5,3368549422516.404
1985,91,56,1,1894,180,5,3368956235963.404
1985,91,56,2,1894,180,5,3540750734978.4546
1985,91,57,1,1894,180,5,3541195345774.455
1985,91,57,2,1894,180,5,3718748496576.485
1985,91,58,1,1894,180,5,3719233662235.485
1985,91,58,2,1894,180,5,3902640387656.4937
1985,91,59,1,1894,180,5,3903169013826.493
1985,91,59,2,1894,180,5,4092524236698.48
1985,91,60,1,1894,180,5,4093099382371.48
1985,91,60,2,1894,180,5,4288498025526.446
1985,91,61,1,1894,180,5,4289122908338.446
1985,91,61,2,1894,180,5,4490659894608.39
1985,91,62,1,1894,180,5,4491337896229.391
1985,91,62,2,1894,180,5,4699108148446.314
1985,91,63,1,1894,180,5,4699842820060.313
1985,91,63,2,1894,180,5,4913941261056.217
1985,91,64,1,1894,180,5,4914736328931.216
1985,91,64,2,1894,180,5,5135257881538.098
1985,91,65,1,1894,180,5,5136117252686.099
1985,91,65,2,1894,180,5,5363156839735.959
1985,91,66,1,1894,180,5,5364084607662.959
1985,91,66,2,1894,180,5,5597737151987.799
1985,91,67,1,1894,180,5,5598737602533.799
1985,91,67,2,1894,180,5,5839098026965.618
1985,91,68,1,1894,180,5,5840175644234.618
1985,91,68,2,1894,180,5,6087338871605.418
1985,91,69,1,1894,180,5,6088498343985.418
1985,91,69,2,1894,180,5,6342559297127.196
1985,91,70,1,1894,180,5,6343805523400.196
1985,91,70,2,1894,180,5,6604859125144.954
1985,91,71,1,1894,180,5,6606197220686.955
1985,91,71,2,1894,180,5,6874338393866.692
1985,91,72,1,1894,180,5,6875773696937.692
1985,91,72,2,1894,180,5,7151097364384.41
1985,91,73,1,1894,180,5,7152635442508.41
1985,91,73,2,1894,180,5,7435236527054.108
1985,91,74,1,1894,180,5,7436883183489.109
1985,91,74,2,1894,180,5,7726856607965.787
1985,91,75,1,1894,180,5,7728617888263.787
1985,91,75,2,1894,180,5,8026058575503.445
1985,91,76,1,1894,180,5,8027940774160.444
1985,91,76,2,1894,180,5,8332943646995.083
1985,91,77,1,1894,180,5,8334953314191.084
1985,91,77,2,1894,180,5,8647613295452.703
1985,91,78,1,1894,180,5,8649757243881.703
1985,91,78,2,1894,180,5,8970169256402.303
1985,91,79,1,1894,180,5,8972454568192.303
1985,91,79,2,1894,180,5,9300713534803.883
1985,91,80,1,1894,180,5,9303147568526.88
1985,91,80,2,1894,180,5,9639348412061.441
1985,91,81,1,1894,180,5,9641938809833.441
1985,91,81,2,1894,180,5,9986176453122.984
1985,91,82,1,1894,180,5,9988931147793.984
1985,91,82,2,1894,180,5,10341300513670.506
1985,91,83,1,1894,180,5,10344227736104.506
1985,91,83,2,1894,180,5,10704823747400.008
1985,91,84,1,1894,180,5,10707932033845.008
1985,91,84,2,1894,180,5,11076849613391.492
1985,91,85,1,1894,180,5,11080147812939.492
1985,91,85,2,1894,180,5,11457481883568.957
1985,91,86,1,1894,180,5,11460979165705.955
1985,91,86,2,1894,180,5,11846824650250.402
1985,91,87,1,1894,180,5,11850530512496.402
1985,91,87,2,1894,180,5,12244982333787.83
1985,91,88,1,1894,180,5,12248906609426.83
1985,91,88,2,1894,180,5,12652059690297.238
1985,91,89,1,1894,180,5,12656212556197.238
1985,91,89,2,1894,180,5,13068161819478.627
1985,91,90,1,1894,180,5,13072553804001.629
1985,91,90,2,1894,180,5,13493394172526.0
1985,91,91,1,1894,180,5,13498036163528.0
1985,91,91,2,1894,180,5,13927862560127.354
1985,91,92,1,1894,180,5,13932765813048.352
1985,91,92,2,1894,180,5,14371673160554.686
1985,91,93,1,1894,180,5,14376849306598.688
1985,91,93,2,1894,180,5,14824932527844.002
1985,91,94,1,1894,180,5,14830393582249.004
1985,91,94,2,1894,180,5,15287747600065.3
1985,91,95,1,1894,180,5,15293505970463.3
1985,91,95,2,1894,180,5,15760225707682.58
1985,91,96,1,1894,180,5,15766294202549.58
1985,91,96,2,1894,180,5,16242474582003.842
1985,91,97,1,1894,180,5,16248866419199.842
1985,91,97,2,1894,180,5,16734602363721.088
1985,91,98,1,1894,180,5,16741331179120.086
1985,91,98,2,1894,180,5,17236717611540.31
1985,91,99,1,1894,180,5,17243797467750.312
1985,91,99,2,1894,180,5,17748929310901.52
1985,91,100,1,1894,180,5,17756374706074.52
1985,91,100,2,1894,180,5,18271346882788.707
1985,91,101,1,1894,180,5,18279172759520.71
1985,91,101,2,1894,180,5,18804080192629.883
1985,91,102,1,1894,180,5,18812301946950.883
1985,91,102,2,1894,180,5,19347239559287.04
1985,91,103,1,1894,180,5,19355873049741.035
1985,91,103,2,1894,180,5,19900935764136.176
1985,91,104,1,1894,180,5,19909997320951.176
1985,91,104,2,1894,180,5,20465280060237.297
1985,91,105,1,1894,180,5,20474786494585.297
1985,91,105,2,1894,180,5,21040384181594.4
1985,91,106,1,1894,180,5,21050352794941.395
1985,91,106,2,1894,180,5,21626360352505.48
1985,91,107,1,1894,180,5,21636808946051.484
1985,91,107,2,1894,180,5,22223321297002.55
1985,91,108,1,1894,180,5,22234268181211.55
1985,91,108,2,1894,180,5,22831380248381.6
1985,91,109,1,1894,180,5,22842844252601.6
1985,91,109,2,1894,180,5,23450650958822.637
1985,91,110,1,1894,180,5,23462651440995.637
1985,91,110,2,1894,180,5,24081247709099.656
1985,91,111,1,1894,180,5,24093804565561.652
1985,91,111,2,1894,180,5,24723285318380.652
1985,91,112,1,1894,180,5,24736418993751.652
1985,91,112,2,1894,180,5,25376879154117.637
1985,91,113,1,1894,180,5,25390610651281.637
1985,91,113,2,1894,180,5,26042145142026.605
1985,91,114,1,1894,180,5,26056496032201.6
1985,91,114,2,1894,180,5,26719199776157.555
1985,91,115,1,1894,180,5,26734192209055.55
1985,91,115,2,1894,180,5,27408160129054.484
1985,91,116,1,1894,180,5,27423816843131.49
1985,91,116,2,1894,180,5,28109143862005.402
1985,91,117,1,1894,180,5,28125488194801.402
1985,91,117,2,1894,180,5,28822269235382.3
1985,91,118,1,1894,180,5,28839325133951.3
1985,91,118,2,1894,180,5,29547655119071.184
1985,91,119,1,1894,180,5,29565447150501.188
1985,91,119,2,1894,180,5,30285421002992.055
1985,91,120,1,1894,180,5,30303974365015.05
1985,91,120,2,1894,180,5,31035687007708.902
1985,91,121,1,1894,180,5,31055027539400.902
1985,91,121,2,1894,180,5,31798573895129.74
1985,91,122,1,1894,180,5,31818728087700.74
1985,91,122,2,1894,180,5,32574203079296.56
1985,91,123,1,1894,180,5,32595198086970.555
1985,91,123,2,1894,180,5,33362696637265.36
1985,91,124,1,1894,180,5,33384560288250.355
1985,91,124,2,1894,180,5,34164177320076.145
1985,91,125,1,1894,180,5,34186938127624.145
1985,91,125,2,1894,180,5,34978768563812.918
1985,91,126,1,1894,180,5,35002455737369.914
1985,91,126,2,1894,180,5,35806594500753.67
1985,91,127,1,1894,180,5,35831237957199.67
1985,91,127,2,1894,180,5,36647779970610.414
1985,91,128,1,1894,180,5,36673410345589.41
1985,91,128,2,1894,180,5,37502450531859.125
1985,91,129,1,1894,180,5,37529099191199.13
1985,91,129,2,1894,180,5,38370732473159.836
1985,91,130,1,1894,180,5,38398431524382.836
1985,91,130,2,1894,180,5,39252752824866.53
1985,91,131,1,1894,180,5,39281535128788.52
1985,91,131,2,1894,180,5,40148639370627.2
1985,91,132,1,1894,180,5,40178538553048.2
1985,91,132,2,1894,180,5,41058520659073.87
1985,91,133,1,1894,180,5,41089571122557.87
1985,91,133,2,1894,180,5,41982526015602.51
1985,91,134,1,1894,180,5,42014762951347.51
1985,91,134,2,1894,180,5,42920785554243.13
1985,91,135,1,1894,180,5,42954244954041.14
1985,91,135,2,1894,180,5,43873430189619.75
1985,91,136,1,1894,180,5,43908148857906.76
1985,91,136,2,1894,180,5,44840591649000.35
1985,91,137,1,1894,180,5,44876607214996.35
1985,91,137,2,1894,180,5,45822402484436.93
1985,91,138,1,1894,180,5,45859753414375.94
1985,91,138,2,1894,180,5,46818996084995.5
1985,91,139,1,1894,180,5,46857721694445.51
1985,91,139,2,1894,180,5,47830506689076.06
1985,91,140,1,1894,180,5,47870647155349.055
1985,91,140,2,1894,180,5,48857069396822.59
1985,91,141,1,1894,180,5,48898665771474.59
1985,91,141,2,1894,180,5,49898820182623.12
1985,91,142,1,1894,180,5,49941914404044.12
1985,91,142,2,1894,180,5,50955895907699.63
1985,91,143,1,1894,180,5,51000530813793.625
1985,91,143,2,1894,180,5,52028434332788.12
1985,91,144,1,1894,180,5,52074653673743.125
1985,91,144,2,1894,180,5,53116574130908.6
1985,91,145,1,1894,180,5,53164422582056.6
1985,91,145,2,1894,180,5,54220454900225.07
1985,91,146,1,1894,180,5,54269978074992.06
1985,91,146,2,1894,180,5,55340217176995.51
1985,91,147,1,1894,180,5,55391461639941.516
1985,91,147,2,1894,180,5,56476002448611.945
1985,91,148,1,1894,180,5,56529015728560.95
1985,91,148,2,1894,180,5,57627953166730.37
1985,91,149,1,1894,180,5,57682783769990.37
1985,91,149,2,1894,180,5,58796212760490.77
1985,91,150,1,1894,180,5,58852910184163.77
1985,91,150,2,1894,180,5,59980925649827.164
1985,91,151,1,1894,180,5,60039540395209.164
1985,91,151,2,1894,180,5,61182237258867.55
1985,91,152,1,1894,180,5,61242820844938.54
1985,91,152,2,1894,180,5,62400294029423.9
1985,91,153,1,1894,180,5,62462899006427.91
1985,91,153,2,1894,180,5,63635243434572.25
1985,91,154,1,1894,180,5,63699923397687.26
1985,91,154,2,1894,180,5,64887233992322.586
1985,91,155,1,1894,180,5,64954043595420.586
1985,91,155,2,1894,180,5,66156415279378.91
1985,91,156,1,1894,180,5,66225410248875.91
1985,91,156,2,1894,180,5,67442937944989.21
1985,91,157,1,1894,180,5,67514175093785.21
1985,91,157,2,1894,180,5,68746953724885.51
1985,91,158,1,1894,180,5,68820490966394.5
1985,91,158,2,1894,180,5,70068615455313.78
1985,91,159,1,1894,180,5,70144511817583.78
1985,91,159,2,1894,180,5,71408077087154.05
1985,91,160,1,1894,180,5,71486392727077.05
1985,91,160,2,1894,180,5,72765493700130.3
1985,91,161,1,1894,180,5,72846289917742.3
1985,91,161,2,1894,180,5,74141021517110.53
1985,91,162,1,1894,180,5,74224360769981.53
1985,91,162,2,1894,180,5,75534817918496.75
1985,91,163,1,1894,180,5,75620763836210.75
1985,91,163,2,1894,180,5,76947041456704.95
1985,91,164,1,1894,180,5,77035658855429.97
1985,91,164,2,1894,180,5,78377851870735.16
1985,91,165,1,1894,180,5,78469206767883.16
1985,91,165,2,1894,180,5,79827410100831.34
1985,91,166,1,1894,180,5,79921569729808.33
1985,91,166,2,1894,180,5,81295878303231.5
1985,91,167,1,1894,180,5,81392911128277.52
1985,91,167,2,1894,180,5,82783419865007.67
1985,91,168,1,1894,180,5,82883395596126.66
1985,91,168,2,1894,180,5,84290199418995.8
1985,91,169,1,1894,180,5,84393189026975.8
1985,91,169,2,1894,180,5,85816382858815.92
1985,91,170,1,1894,180,5,85922458590338.94
1985,91,170,2,1894,180,5,87362137353982.05
1985,91,171,1,1894,180,5,87471372746824.03
1985,91,171,2,1894,180,5,88927631365102.14
1985,91,172,1,1894,180,5,89040101263423.14
1985,91,172,2,1894,180,5,90513034659168.22
1985,91,173,1,1894,180,5,90628815228892.23
1985,91,173,2,1894,180,5,92118518324936.3
1985,91,174,1,1894,180,5,92237687069221.3
1985,91,174,2,1894,180,5,93744254788396.36
1985,91,175,1,1894,180,5,93866890563194.36
1985,91,175,2,1894,180,5,95390417828332.4
1985,91,176,1,1894,180,5,95516600858039.42
1985,91,176,2,1894,180,5,97057182591972.45
1985,91,177,1,1894,180,5,97186994485168.44
1985,91,177,2,1894,180,5,98744725610728.47
1985,91,178,1,1894,180,5,98878249376007.45
1985,91,178,2,1894,180,5,100453224816026.47
1985,91,179,1,1894,180,5,100590544877916.48
1985,91,179,2,1894,180,5,102182859555226.47
1985,91,180,1,1894,180,5,102324061770199.47
1985,91,180,2,1894,180,5,103933810607632.45
1985,91,181,1,1894,180,5,104078982280204.45
1985,91,181,2,1894,180,5,105706260200592.42
1985,91,182,1,1894,180,5,105855490099513.42
1985,91,182,2,1894,180,5,107500392025688.39
1948,92,1,1,1856,182,5,6950602453.70318
1948,92,1,2,1856,182,5,8154342257.803866
1948,92,2,1,1856,182,5,8154344348.803866
1948,92,2,2,1856,182,5,9876151583.877142
1948,92,3,1,1856,182,5,9876153957.877144
1948,92,3,2,1856,182,5,12207452291.923157
1948,92,4,1,1856,182,5,12207455276.923159
1948,92,4,2,1856,182,5,15239668377.942057
1948,92,5,1,1856,182,5,15239672745.942057
1948,92,5,2,1856,182,5,19064224281.933987
1948,92,6,1,1856,182,5,19064231598.933987
1948,92,6,2,1856,182,5,23772545237.899094
1948,92,7,1,1856,182,5,23772558303.899094
1948,92,7,2,1856,182,5,29456057713.83752
1948,92,8,1,1856,182,5,29456081092.83752
1948,92,8,2,1856,182,5,36206189941.749405
1948,92,9,1,1856,182,5,36206230581.749405
1948,92,9,2,1856,182,5,44114372537.6349
1948,92,10,1,1856,182,5,44114440480.6349
1948,92,10,2,1856,182,5,53272039211.49414
1948,92,11,1,1856,182,5,53272148393.49413
1948,92,11,2,1856,182,5,63770627567.32725
1948,92,12,1,1856,182,5,63770796708.327255
1948,92,12,2,1856,182,5,75701579993.1344
1948,92,13,1,1856,182,5,75701833577.13438
1948,92,13,2,1856,182,5,89156344640.9157
1948,92,14,1,1856,182,5,89156713985.9157
1948,92,14,2,1856,182,5,104226376496.67128
1948,92,15,1,1856,182,5,104226900914.67128
1948,92,15,2,1856,182,5,121003138540.4013
1948,92,16,1,1856,182,5,121003866587.40129
1948,92,16,2,1856,182,5,139578102996.1059
1948,92,17,1,1856,182,5,139579093812.10587
1948,92,17,2,1856,182,5,160042752671.78513
1948,92,18,1,1856,182,5,160044077410.78516
1948,92,18,2,1856,182,5,182488582389.43927
1948,92,19,1,1856,182,5,182490325739.43927
1948,92,19,2,1856,182,5,207007100505.06833
1948,92,20,1,1856,182,5,207009362298.0683
1948,92,20,2,1856,182,5,233689830518.67245
1948,92,21,1,1856,182,5,233692727430.67245
1948,92,21,2,1856,182,5,262628312774.25183
1948,92,22,1,1856,182,5,262631980115.25183
1948,92,22,2,1856,182,5,293914106249.8065
1948,92,23,1,1856,182,5,293918699843.8066
1948,92,23,2,1856,182,5,327638790437.33673
1948,92,24,1,1856,182,5,327644488592.3367
1948,92,24,2,1856,182,5,363893967312.84247
1948,92,25,1,1856,182,5,363900972880.84247
1948,92,25,2,1856,182,5,402771263396.3239
1948,92,26,1,1856,182,5,402779805923.324
1948,92,26,2,1856,182,5,444362331901.7813
1948,92,27,1,1856,182,5,444372669867.78125
1948,92,27,2,1856,182,5,488758854977.2146
1948,92,28,1,1856,182,5,488771278126.21454
1948,92,28,2,1856,182,5,536052546034.62396
1948,92,29,1,1856,182,5,536067377794.62396
1948,92,29,2,1856,182,5,586335152170.0095
1948,92,30,1,1856,182,5,586352752163.0095
1948,92,30,2,1856,182,5,639698456673.3715
1948,92,31,1,1856,182,5,639719223315.3715
1948,92,31,2,1856,182,5,696234281628.7098
1948,92,32,1,1856,182,5,696258654819.7098
1948,92,32,2,1856,182,5,756034490604.0248
1948,92,33,1,1856,182,5,756062954508.0248
1948,92,33,2,1856,182,5,819190991431.3164
1948,92,34,1,1856,182,5,819224077346.3164
1948,92,34,2,1856,182,5,885795739076.5848
1948,92,35,1,1856,182,5,885834028394.5848
1948,92,35,2,1856,182,5,955940738599.8301
1948,92,36,1,1856,182,5,955984865856.8301
1948,92,36,2,1856,182,5,1029718048205.0525
1948,92,37,1,1856,182,5,1029768704221.0526
1948,92,37,2,1856,182,5,1107219782380.252
1948,92,38,1,1856,182,5,1107277717489.2522
1948,92,38,2,1856,182,5,1188538115127.429
1948,92,39,1,1856,182,5,1188604142497.4287
1948,92,39,2,1856,182,5,1273765283282.583
1948,92,40,1,1856,182,5,1273840282325.5828
1948,92,40,2,1856,182,5,1362993589925.7146
1948,92,41,1,1856,182,5,1363078509797.7146
1948,92,41,2,1856,182,5,1456315407880.824
1948,92,42,1,1856,182,5,1456411271071.8237
1948,92,42,2,1856,182,5,1553823183305.9106
1948,92,43,1,1856,182,5,1553931089319.9106
1948,92,43,2,1856,182,5,1655609439372.9753
1948,92,44,1,1856,182,5,1655730568497.9753
1948,92,44,2,1856,182,5,1761766780038.018
1948,92,45,1,1856,182,5,1761902397206.018
1948,92,45,2,1856,182,5,1872387893901.0386
1948,92,46,1,1856,182,5,1872539352638.0386
1948,92,46,2,1856,182,5,1987565558156.0374
1948,92,47,1,1856,182,5,1987734304622.0376
1948,92,47,2,1856,182,5,2107392642631.0146
1948,92,48,1,1856,182,5,2107580219750.0146
1948,92,48,2,1856,182,5,2231962113917.9697
1948,92,49,1,1856,182,5,2232170165597.97
1948,92,49,2,1856,182,5,2361367039592.904
1948,92,50,1,1856,182,5,2361597315035.9033
1948,92,50,2,1856,182,5,2495700592525.816
1948,92,51,1,1856,182,5,2495954950627.816
1948,92,51,2,1856,182,5,2635056055280.707
1948,92,52,1,1856,182,5,2635336469121.7075
1948,92,52,2,1856,182,5,2779526824605.577
1948,92,53,1,1856,182,5,2779835386029.5767
1948,92,53,2,1856,182,5,2929206416012.4253
1948,92,54,1,1856,182,5,2929545340297.4253
1948,92,54,2,1856,182,5,3084188468447.253
1948,92,55,1,1856,182,5,3084560099065.2534
1948,92,55,2,1856,182,5,3244566749050.06
1948,92,56,1,1856,182,5,3244973562517.0596
1948,92,56,2,1856,182,5,3410435158004.845
1948,92,57,1,1856,182,5,3410879768820.8457
1948,92,57,2,1856,182,5,3581887733479.6104
1948,92,58,1,1856,182,5,3582372899158.611
1948,92,58,2,1856,182,5,3759018656656.355
1948,92,59,1,1856,182,5,3759547282846.355
1948,92,59,2,1856,182,5,3941922256851.0786
1948,92,60,1,1856,182,5,3942497402544.079
1948,92,60,2,1856,182,5,4130693016723.782
1948,92,61,1,1856,182,5,4131317899555.7827
1948,92,61,2,1856,182,5,4325425577578.4653
1948,92,62,1,1856,182,5,4326103579219.4653
1948,92,62,2,1856,182,5,4526214744753.128
1948,92,63,1,1856,182,5,4526949416387.128
1948,92,63,2,1856,182,5,4733155493099.7705
1948,92,64,1,1856,182,5,4733950560994.7705
1948,92,64,2,1856,182,5,4946342972554.393
1948,92,65,1,1856,182,5,4947202343722.394
1948,92,65,2,1856,182,5,5165872513796.996
1948,92,66,1,1856,182,5,5166800281743.996
1948,92,66,2,1856,182,5,5391839634001.578
1948,92,67,1,1856,182,5,5392840084567.578
1948,92,67,2,1856,182,5,5624340042676.141
1948,92,68,1,1856,182,5,5625417659965.142
1948,92,68,2,1856,182,5,5863469647592.685
1948,92,69,1,1856,182,5,5864629119992.685
1948,92,69,2,1856,182,5,6109324560807.208
1948,92,70,1,1856,182,5,6110570787100.208
1948,92,70,2,1856,182,5,6362001104769.712
1948,92,71,1,1856,182,5,6363339200331.712
1948,92,71,2,1856,182,5,6621595818524.196
1948,92,72,1,1856,182,5,6623031121615.196
1948,92,72,2,1856,182,5,6888205463998.662
1948,92,73,1,1856,182,5,6889743542142.661
1948,92,73,2,1856,182,5,7161927032385.107
1948,92,74,1,1856,182,5,7163573688840.108
1948,92,74,2,1856,182,5,7442857750609.535
1948,92,75,1,1856,182,5,7444619030927.534
1948,92,75,2,1856,182,5,7731095087891.942
1948,92,76,1,1856,182,5,7732977286568.942
1948,92,76,2,1856,182,5,8026736762396.331
1948,92,77,1,1856,182,5,8028746429612.331
1948,92,77,2,1856,182,5,8329880747970.701
1948,92,78,1,1856,182,5,8332024696419.701
1948,92,78,2,1856,182,5,8640625280977.052
1948,92,79,1,1856,182,5,8642910592787.052
1948,92,79,2,1856,182,5,8959068867211.385
1948,92,80,1,1856,182,5,8961502900954.383
1948,92,80,2,1856,182,5,9285310288913.697
1948,92,81,1,1856,182,5,9287900686705.697
1948,92,81,2,1856,182,5,9619448611867.992
1948,92,82,1,1856,182,5,9622203306558.994
1948,92,82,2,1856,182,5,9961583192592.27
1948,92,83,1,1856,182,5,9964510415046.268
1948,92,83,2,1856,182,5,10311813685618.525
1948,92,84,1,1856,182,5,10314921972083.527
1948,92,84,2,1856,182,5,10670240050862.766
1948,92,85,1,1856,182,5,10673538250430.768
1948,92,85,2,1856,182,5,11036962561084.988
1948,92,86,1,1856,182,5,11040459843241.988
1948,92,86,2,1856,182,5,11412081809439.191
1948,92,87,1,1856,182,5,11415787671705.191
1948,92,87,2,1856,182,5,11795698717113.377
1948,92,88,1,1856,182,5,11799622992772.377
1948,92,88,2,1856,182,5,12187914541059.545
1948,92,89,1,1856,182,5,12192067406979.543
1948,92,89,2,1856,182,5,12588830881813.693
1948,92,90,1,1856,182,5,12593222866356.693
1948,92,90,2,1856,182,5,12998549691405.824
1948,92,91,1,1856,182,5,13003191682427.826
1948,92,91,2,1856,182,5,13417173281359.94
1948,92,92,1,1856,182,5,13422076534300.938
1948,92,92,2,1856,182,5,13844804330784.033
1948,92,93,1,1856,182,5,13849980476848.035
1948,92,93,2,1856,182,5,14281545894550.113
1948,92,94,1,1856,182,5,14287006948975.113
1948,92,94,2,1856,182,5,14727501411564.174
1948,92,95,1,1856,182,5,14733259781982.174
1948,92,95,2,1856,182,5,15182774713126.217
1948,92,96,1,1856,182,5,15188843208013.217
1948,92,96,2,1856,182,5,15647470031380.242
1948,92,97,1,1856,182,5,15653861868596.244
1948,92,97,2,1856,182,5,16121692007854.252
1948,92,98,1,1856,182,5,16128420823273.25
1948,92,98,2,1856,182,5,16605545702090.242
1948,92,99,1,1856,182,5,16612625558320.242
1948,92,99,2,1856,182,5,17099136600364.217
1948,92,100,1,1856,182,5,17106581995557.217
1948,92,100,2,1856,182,5,17602570624496.17
1948,92,101,1,1856,182,5,17610396501248.176
1948,92,101,2,1856,182,5,18115954140750.117
1948,92,102,1,1856,182,5,18124175895091.113
1948,92,102,2,1856,182,5,18639393968824.04
1948,92,103,1,1856,182,5,18648027459298.035
1948,92,103,2,1856,182,5,19172997390929.94
1948,92,104,1,1856,182,5,19182058947764.945
1948,92,104,2,1856,182,5,19716872160963.836
1948,92,105,1,1856,182,5,19726378595331.832
1948,92,105,2,1856,182,5,20271126513765.707
1948,92,106,1,1856,182,5,20281095127132.703
1948,92,106,2,1856,182,5,20835869174469.56
1948,92,107,1,1856,182,5,20846317768035.562
1948,92,107,2,1856,182,5,21411209367943.402
1948,92,108,1,1856,182,5,21422156252172.402
1948,92,108,2,1856,182,5,21997256828319.227
1948,92,109,1,1856,182,5,22008720832559.223
1948,92,109,2,1856,182,5,22594121808613.03
1948,92,110,1,1856,182,5,22606122290806.03
1948,92,110,2,1856,182,5,23201915090434.824
1948,92,111,1,1856,182,5,23214471946916.82
1948,92,111,2,1856,182,5,23820747993788.594
1948,92,112,1,1856,182,5,23833881669179.594
1948,92,112,2,1856,182,5,24450732386962.35
1948,92,113,1,1856,182,5,24464463884146.355
1948,92,113,2,1856,182,5,25091980696508.094
1948,92,114,1,1856,182,5,25106331586703.094
1948,92,114,2,1856,182,5,25744605917311.82
1948,92,115,1,1856,182,5,25759598350229.816
1948,92,115,2,1856,182,5,26408721622753.527
1948,92,116,1,1856,182,5,26424378336850.53
1948,92,116,2,1856,182,5,27084441974957.223
1948,92,117,1,1856,182,5,27100786307773.223
1948,92,117,2,1856,182,5,27771881735130.9
1948,92,118,1,1856,182,5,27788937633719.9
1948,92,118,2,1856,182,5,28471156273996.56
1948,92,119,1,1856,182,5,28488948305446.562
1948,92,119,2,1856,182,5,29182381582310.207
1948,92,120,1,1856,182,5,29200934944353.207
1948,92,120,2,1856,182,5,29905674281471.836
1948,92,121,1,1856,182,5,29925014813183.836
1948,92,121,2,1856,182,5,30641151634225.45
1948,92,122,1,1856,182,5,30661305826816.453
1948,92,122,2,1856,182,5,31388931555449.05
1948,92,123,1,1856,182,5,31409926563143.05
1948,92,123,2,1856,182,5,32149132623034.633
1948,92,124,1,1856,182,5,32170996274039.633
1948,92,124,2,1856,182,5,32921874088858.2
1948,92,125,1,1856,182,5,32944634896426.203
1948,92,125,2,1856,182,5,33707275889839.754
1948,92,126,1,1856,182,5,33730963063416.754
1948,92,126,2,1856,182,5,34505458659093.29
1948,92,127,1,1856,182,5,34530102115559.29
1948,92,127,2,1856,182,5,35316543737166.81
1948,92,128,1,1856,182,5,35342174112165.81
1948,92,128,2,1856,182,5,36140653183372.31
1948,92,129,1,1856,182,5,36167301842732.32
1948,92,129,2,1856,182,5,36977909787205.81
1948,92,130,1,1856,182,5,37005608838448.81
1948,92,130,2,1856,182,5,37828437079857.29
1948,92,131,1,1856,182,5,37857219383799.28
1948,92,131,2,1856,182,5,38692359345810.74
1948,92,132,1,1856,182,5,38722258528251.75
1948,92,132,2,1856,182,5,39569801634534.195
1948,92,133,1,1856,182,5,39600852098038.195
1948,92,133,2,1856,182,5,40460889772259.625
1948,92,134,1,1856,182,5,40493126708024.625
1948,92,134,2,1856,182,5,41365750373853.04
1948,92,135,1,1856,182,5,41399209773671.04
1948,92,135,2,1856,182,5,42284510854774.445
1948,92,136,1,1856,182,5,42319229523081.445
1948,92,136,2,1856,182,5,43217299443127.836
1948,92,137,1,1856,182,5,43253315009143.83
1948,92,137,2,1856,182,5,44164245191801.2
1948,92,138,1,1856,182,5,44201596121760.2
1948,92,138,2,1856,182,5,45125477990696.56
1948,92,139,1,1856,182,5,45164203600166.56
1948,92,139,2,1856,182,5,46101128579049.91
1948,92,140,1,1856,182,5,46141269045342.9
1948,92,140,2,1856,182,5,47091328557841.23
1948,92,141,1,1856,182,5,47132924932513.234
1948,92,141,2,1856,182,5,48096210402294.55
1948,92,142,1,1856,182,5,48139304623735.55
1948,92,142,2,1856,182,5,49115907474467.85
1948,92,143,1,1856,182,5,49160542380581.84
1948,92,143,2,1856,182,5,50150554035933.13
1948,92,144,1,1856,182,5,50196773376908.13
1948,92,144,2,1856,182,5,51200285260546.41
1948,92,145,1,1856,182,5,51248133711714.41
1948,92,145,2,1856,182,5,52265237247307.664
1948,92,146,1,1856,182,5,52314760422094.66
1948,92,146,2,1856,182,5,53345547033310.9
1948,92,147,1,1856,182,5,53396791496276.91
1948,92,147,2,1856,182,5,54441352606784.13
1948,92,148,1,1856,182,5,54494365886753.13
1948,92,148,2,1856,182,5,55552792920219.35
1948,92,149,1,1856,182,5,55607623523499.34
1948,92,149,2,1856,182,5,56680007903592.55
1948,92,150,1,1856,182,5,56736705327285.55
1948,92,150,2,1856,182,5,57823138477673.734
1948,92,151,1,1856,182,5,57881753223075.74
1948,92,151,2,1856,182,5,58982326567426.914
1948,92,152,1,1856,182,5,59042910153517.91
1948,92,152,2,1856,182,5,60157715115500.06
1948,92,153,1,1856,182,5,60220320092524.07
1948,92,153,2,1856,182,5,61349448095805.21
1948,92,154,1,1856,182,5,61414128058940.21
1948,92,154,2,1856,182,5,62557670527188.34
1948,92,155,1,1856,182,5,62624480130306.34
1948,92,155,2,1856,182,5,63782528487189.46
1948,92,156,1,1856,182,5,63851523456706.46
1948,92,156,2,1856,182,5,65024169125892.56
1948,92,157,1,1856,182,5,65095406274708.57
1948,92,157,2,1856,182,5,66282740679865.664
1948,92,158,1,1856,182,5,66356277921394.66
1948,92,158,2,1856,182,5,67558392486190.734
1948,92,159,1,1856,182,5,67634288848480.734
1948,92,159,2,1856,182,5,68851274996583.8
1948,92,160,1,1856,182,5,68929590636526.805
1948,92,160,2,1856,182,5,70161539791604.85
1948,92,161,1,1856,182,5,70242336009236.84
1948,92,161,2,1856,182,5,71489339594957.89
1948,92,162,1,1856,182,5,71572678847848.89
1948,92,162,2,1856,182,5,72834828287880.9
1948,92,163,1,1856,182,5,72920774205614.9
1948,92,163,2,1856,182,5,74198160923625.92
1948,92,164,1,1856,182,5,74286778322370.92
1948,92,164,2,1856,182,5,75579493742028.92
1948,92,165,1,1856,182,5,75670848639196.92
1948,92,165,2,1856,182,5,76978984184169.9
1948,92,166,1,1856,182,5,77073143813166.89
1948,92,166,2,1856,182,5,78396790907122.86
1948,92,167,1,1856,182,5,78493823732188.88
1948,92,167,2,1856,182,5,79833073798795.83
1948,92,168,1,1856,182,5,79933049529934.83
1948,92,168,2,1856,182,5,81287993992860.78
1948,92,169,1,1856,182,5,81390983600860.77
1948,92,169,2,1856,182,5,82761713883773.7
1948,92,170,1,1856,182,5,82867789615316.7
1948,92,170,2,1856,182,5,84254397141884.62
1948,92,171,1,1856,182,5,84363632534746.62
1948,92,171,2,1856,182,5,85766208728637.53
1948,92,172,1,1856,182,5,85878678626978.53
1948,92,172,2,1856,182,5,87297314911860.42
1948,92,173,1,1856,182,5,87413095481604.42
1948,92,173,2,1856,182,5,88847883281145.31
1948,92,174,1,1856,182,5,88967052025450.31
1948,92,174,2,1856,182,5,90418082763318.17
1948,92,175,1,1856,182,5,90540718538136.17
1948,92,175,2,1856,182,5,92008083637999.02
1948,92,176,1,1856,182,5,92134266667726.03
1948,92,176,2,1856,182,5,93618057553251.88
1948,92,177,1,1856,182,5,93747869446467.88
1948,92,177,2,1856,182,5,95248177541324.7
1948,92,178,1,1856,182,5,95381701306623.7
1948,92,178,2,1856,182,5,96898618034479.52
1948,92,179,1,1856,182,5,97035938096389.52
1948,92,179,2,1856,182,5,98569554880912.33
1948,92,180,1,1856,182,5,98710757095905.33
1948,92,180,2,1856,182,5,100261165360763.11
1948,92,181,1,1856,182,5,100406337033355.11
1948,92,181,2,1856,182,5,101973628202215.89
1948,92,182,1,1856,182,5,102122858101156.89
1948,92,182,2,1856,182,5,103707123597688.67
1948,92,183,1,1856,182,5,103860501972242.66
1948,92,183,2,1856,182,5,105461833220113.42
1948,92,184,1,1856,182,5,105619451816428.4
1948,92,184,2,1856,182,5,107237940239306.16
1965,93,1,1,1872,184,5,7134231203.260523
1965,93,1,2,1872,184,5,8359031890.338591
1965,93,2,1,1872,184,5,8359034001.338591
1965,93,2,2,1872,184,5,10110966315.389603
1965,93,3,1,1872,184,5,10110968709.389603
1965,93,3,2,1872,184,5,12483055882.413706
1965,93,4,1,1872,184,5,12483058887.413706
1965,93,4,2,1872,184,5,15568324151.411043
1965,93,5,1,1872,184,5,15568328539.41104
1965,93,5,2,1872,184,5,19459795126.381756
1965,93,6,1,1872,184,5,19459802463.381752
1965,93,6,2,1872,184,5,24250493605.32598
1965,93,7,1,1872,184,5,24250506691.32598
1965,93,7,2,1872,184,5,30033445620.24387
1965,93,8,1,1872,184,5,30033469019.24387
1965,93,8,2,1872,184,5,36901678967.13555
1965,93,9,1,1872,184,5,36901719627.13555
1965,93,9,2,1872,184,5,44948223826.001175
1965,93,10,1,1872,184,5,44948291789.001175
1965,93,10,2,1872,184,5,54266113470.84086
1965,93,11,1,1872,184,5,54266222672.84086
1965,93,11,2,1872,184,5,64948385069.654755
1965,93,12,1,1872,184,5,64948554230.654755
1965,93,12,2,1872,184,5,77088080574.443
1965,93,13,1,1872,184,5,77088334178.443
1965,93,13,2,1872,184,5,90778247701.2057
1965,93,14,1,1872,184,5,90778617066.20572
1965,93,14,2,1872,184,5,106111940999.94304
1965,93,15,1,1872,184,5,106112465437.94304
1965,93,15,2,1872,184,5,123182223014.65512
1965,93,16,1,1872,184,5,123182951081.6551
1965,93,16,2,1872,184,5,142082165533.34207
1965,93,17,1,1872,184,5,142083156369.34204
1965,93,17,2,1872,184,5,162904850928.004
1965,93,18,1,1872,184,5,162906175687.004
1965,93,18,2,1872,184,5,185743373584.64105
1965,93,19,1,1872,184,5,185745116954.64108
1965,93,19,2,1872,184,5,210690841423.2534
1965,93,20,1,1872,184,5,210693103236.2534
1965,93,20,2,1872,184,5,237840377507.8411
1965,93,21,1,1872,184,5,237843274439.8411
1965,93,21,2,1872,184,5,267285121746.40433
1965,93,22,1,1872,184,5,267288789107.40433
1965,93,22,2,1872,184,5,299118232680.9432
1965,93,23,1,1872,184,5,299122826294.9432
1965,93,23,2,1872,184,5,333432889367.4578
1965,93,24,1,1872,184,5,333438587542.4578
1965,93,24,2,1872,184,5,370322293345.9483
1965,93,25,1,1872,184,5,370329298933.9483
1965,93,25,2,1872,184,5,409879670700.4148
1965,93,26,1,1872,184,5,409888213247.41486
1965,93,26,2,1872,184,5,452198274208.8575
1965,93,27,1,1872,184,5,452208612194.8574
1965,93,27,2,1872,184,5,497371385583.2763
1965,93,28,1,1872,184,5,497383808752.2763
1965,93,28,2,1872,184,5,545492317799.6715
1965,93,29,1,1872,184,5,545507149579.6716
1965,93,29,2,1872,184,5,596654417518.0432
1965,93,30,1,1872,184,5,596672017531.0432
1965,93,30,2,1872,184,5,650951067592.3916
1965,93,31,1,1872,184,5,650971834254.3916
1965,93,31,2,1872,184,5,708475689670.7167
1965,93,32,1,1872,184,5,708500062881.7166
1965,93,32,2,1872,184,5,769321746885.0184
1965,93,33,1,1872,184,5,769350210809.0186
1965,93,33,2,1872,184,5,833582746631.2974
1965,93,34,1,1872,184,5,833615832566.2974
1965,93,34,2,1872,184,5,901352243439.5532
1965,93,35,1,1872,184,5,901390532777.5531
1965,93,35,2,1872,184,5,972723841933.7863
1965,93,36,1,1872,184,5,972767969210.7863
1965,93,36,2,1872,184,5,1047791199881.9966
1965,93,37,1,1872,184,5,1047841855917.9966
1965,93,37,2,1872,184,5,1126648031336.1843
1965,93,38,1,1872,184,5,1126705966465.1843
1965,93,38,2,1872,184,5,1209388109862.3496
1965,93,39,1,1872,184,5,1209454137252.3496
1965,93,39,2,1872,184,5,1296105271860.4924
1965,93,40,1,1872,184,5,1296180270923.4924
1965,93,40,2,1872,184,5,1386893419974.613
1965,93,41,1,1872,184,5,1386978339866.613
1965,93,41,2,1872,184,5,1481846526592.7114
1965,93,42,1,1872,184,5,1481942389803.7114
1965,93,42,2,1872,184,5,1581058637436.7878
1965,93,43,1,1872,184,5,1581166543470.7878
1965,93,43,2,1872,184,5,1684623875242.842
1965,93,44,1,1872,184,5,1684745004387.8423
1965,93,44,2,1872,184,5,1792636443530.8748
1965,93,45,1,1872,184,5,1792772060718.8748
1965,93,45,2,1872,184,5,1905190630464.8857
1965,93,46,1,1872,184,5,1905342089221.8855
1965,93,46,2,1872,184,5,2022380812802.8748
1965,93,47,1,1872,184,5,2022549559288.8748
1965,93,47,2,1872,184,5,2144301459936.8425
1965,93,48,1,1872,184,5,2144489037075.8425
1965,93,48,2,1872,184,5,2271047138022.7886
1965,93,49,1,1872,184,5,2271255189722.789
1965,93,49,2,1872,184,5,2402712514200.714
1965,93,50,1,1872,184,5,2402942789663.7134
1965,93,50,2,1872,184,5,2539392360904.617
1965,93,51,1,1872,184,5,2539646719026.617
1965,93,51,2,1872,184,5,2681181560262.5
1965,93,52,1,1872,184,5,2681461974123.5
1965,93,52,2,1872,184,5,2828175108586.362
1965,93,53,1,1872,184,5,2828483670030.3613
1965,93,53,2,1872,184,5,2980468120952.2017
1965,93,54,1,1872,184,5,2980807045257.202
1965,93,54,2,1872,184,5,3138155835870.022
1965,93,55,1,1872,184,5,3138527466508.022
1965,93,55,2,1872,184,5,3301333620043.821
1965,93,56,1,1872,184,5,3301740433530.821
1965,93,56,2,1872,184,5,3470096973221.599
1965,93,57,1,1872,184,5,3470541584057.5996
1965,93,57,2,1872,184,5,3644541533135.3574
1965,93,58,1,1872,184,5,3645026698834.3574
1965,93,58,2,1872,184,5,3824763080531.0947
1965,93,59,1,1872,184,5,3825291706741.094
1965,93,59,2,1872,184,5,4010857544288.8115
1965,93,60,1,1872,184,5,4011432690001.8115
1965,93,60,2,1872,184,5,4202921006632.509
1965,93,61,1,1872,184,5,4203545889484.509
1965,93,61,2,1872,184,5,4401049708430.185
1965,93,62,1,1872,184,5,4401727710091.186
1965,93,62,2,1872,184,5,4605340054583.843
1965,93,63,1,1872,184,5,4606074726237.842
1965,93,63,2,1872,184,5,4815888619509.479
1965,93,64,1,1872,184,5,4816683687424.479
1965,93,64,2,1872,184,5,5032792152707.095
1965,93,65,1,1872,184,5,5033651523895.096
1965,93,65,2,1872,184,5,5256147584420.692
1965,93,66,1,1872,184,5,5257075352387.692
1965,93,66,2,1872,184,5,5486052031388.27
1965,93,67,1,1872,184,5,5487052481974.27
1965,93,67,2,1872,184,5,5722602802681.827
1965,93,68,1,1872,184,5,5723680419990.828
1965,93,68,2,1872,184,5,5965897405637.366
1965,93,69,1,1872,184,5,5967056878057.365
1965,93,69,2,1872,184,5,6216033551874.885
1965,93,70,1,1872,184,5,6217279778187.884
1965,93,70,2,1872,184,5,6473109163408.384
1965,93,71,1,1872,184,5,6474447258990.384
1965,93,71,2,1872,184,5,6737222378845.864
1965,93,72,1,1872,184,5,6738657681956.864
1965,93,72,2,1872,184,5,7008471559679.325
1965,93,73,1,1872,184,5,7010009637843.325
1965,93,73,2,1872,184,5,7286955296664.767
1965,93,74,1,1872,184,5,7288601953139.768
1965,93,74,2,1872,184,5,7572772416292.19
1965,93,75,1,1872,184,5,7574533696630.19
1965,93,75,2,1872,184,5,7866021987345.594
1965,93,76,1,1872,184,5,7867904186042.594
1965,93,76,2,1872,184,5,8166803327552.9795
1965,93,77,1,1872,184,5,8168812994788.9795
1965,93,77,2,1872,184,5,8475216010326.347
1965,93,78,1,1872,184,5,8477359958795.346
1965,93,78,2,1872,184,5,8791359871591.693
1965,93,79,1,1872,184,5,8793645183421.693
1965,93,79,2,1872,184,5,9115335016709.023
1965,93,80,1,1872,184,5,9117769050472.021
1965,93,80,2,1872,184,5,9447241827482.334
1965,93,81,1,1872,184,5,9449832225294.334
1965,93,81,2,1872,184,5,9787180969259.625
1965,93,82,1,1872,184,5,9789935663970.627
1965,93,82,2,1872,184,5,10135253398122.9
1965,93,83,1,1872,184,5,10138180620596.9
1965,93,83,2,1872,184,5,10491560368168.154
1965,93,84,1,1872,184,5,10494668654653.156
1965,93,84,2,1872,184,5,10856203438875.395
1965,93,85,1,1872,184,5,10859501638463.395
1965,93,85,2,1872,184,5,11229284482568.613
1965,93,86,1,1872,184,5,11232781764745.611
1965,93,86,2,1872,184,5,11610905691965.814
1965,93,87,1,1872,184,5,11614611554251.814
1965,93,87,2,1872,184,5,12001169587818.998
1965,93,88,1,1872,184,5,12005093863497.998
1965,93,88,2,1872,184,5,12400179026644.164
1965,93,89,1,1872,184,5,12404331892584.164
1965,93,89,2,1872,184,5,12808037208541.31
1965,93,90,1,1872,184,5,12812429193104.312
1965,93,90,2,1872,184,5,13224847685104.441
1965,93,91,1,1872,184,5,13229489676146.443
1965,93,91,2,1872,184,5,13650714367421.557
1965,93,92,1,1872,184,5,13655617620382.555
1965,93,92,2,1872,184,5,14085741534164.65
1965,93,93,1,1872,184,5,14090917680248.65
1965,93,93,2,1872,184,5,14530033839769.729
1965,93,94,1,1872,184,5,14535494894214.729
1965,93,94,2,1872,184,5,14983696322706.79
1965,93,95,1,1872,184,5,14989454693144.787
1965,93,95,2,1872,184,5,15446834413839.83
1965,93,96,1,1872,184,5,15452902908746.832
1965,93,96,2,1872,184,5,15919553944876.855
1965,93,97,1,1872,184,5,15925945782112.857
1965,93,97,2,1872,184,5,16401961156909.865
1965,93,98,1,1872,184,5,16408689972348.865
1965,93,98,2,1872,184,5,16894162709044.855
1965,93,99,1,1872,184,5,16901242565294.857
1965,93,99,2,1872,184,5,17396265687121.832
1965,93,100,1,1872,184,5,17403711082334.832
1965,93,100,2,1872,184,5,17908377612524.785
1965,93,101,1,1872,184,5,17916203489296.79
1965,93,101,2,1872,184,5,18430606451081.73
1965,93,102,1,1872,184,5,18438828205442.73
1965,93,102,2,1872,184,5,18963060622054.652
1965,93,103,1,1872,184,5,18971694112548.652
1965,93,103,2,1872,184,5,19505849007219.56
1965,93,104,1,1872,184,5,19514910564074.562
1965,93,104,2,1872,184,5,20059080960036.453
1965,93,105,1,1872,184,5,20068587394424.45
1965,93,105,2,1872,184,5,20622866314909.324
1965,93,106,1,1872,184,5,20632834928296.324
1965,93,106,2,1872,184,5,21197315396536.18
1965,93,107,1,1872,184,5,21207763990122.184
1965,93,107,2,1872,184,5,21782539029349.023
1965,93,108,1,1872,184,5,21793485913598.023
1965,93,108,2,1872,184,5,22378648547043.848
1965,93,109,1,1872,184,5,22390112551303.848
1965,93,109,2,1872,184,5,22985755802200.652
1965,93,110,1,1872,184,5,22997756284413.656
1965,93,110,2,1872,184,5,23603973175993.45
1965,93,111,1,1872,184,5,23616530032495.445
1965,93,111,2,1872,184,5,24233413587990.223
1965,93,112,1,1872,184,5,24246547263401.223
1965,93,112,2,1872,184,5,24874190506042.98
1965,93,113,1,1872,184,5,24887922003246.984
1965,93,113,2,1872,184,5,25526417956267.727
1965,93,114,1,1872,184,5,25540768846482.727
1965,93,114,2,1872,184,5,26190210533114.453
1965,93,115,1,1872,184,5,26205202966052.453
1965,93,115,2,1872,184,5,26865683409527.164
1965,93,116,1,1872,184,5,26881340123644.168
1965,93,116,2,1872,184,5,27552952347193.863
1965,93,117,1,1872,184,5,27569296680029.86
1965,93,117,2,1872,184,5,28252133706886.54
1965,93,118,1,1872,184,5,28269189605495.54
1965,93,118,2,1872,184,5,28963344458891.203
1965,93,119,1,1872,184,5,28981136490361.207
1965,93,119,2,1872,184,5,29686702193527.855
1965,93,120,1,1872,184,5,29705255555590.85
1965,93,120,2,1872,184,5,30422325131760.49
1965,93,121,1,1872,184,5,30441665663492.484
1965,93,121,2,1872,184,5,31170332135897.1
1965,93,122,1,1872,184,5,31190486328508.105
1965,93,122,2,1872,184,5,31930842720379.707
1965,93,123,1,1872,184,5,31951837728093.707
1965,93,123,2,1872,184,5,32703977062664.293
1965,93,124,1,1872,184,5,32725840713689.293
1965,93,124,2,1872,184,5,33489856014190.863
1965,93,125,1,1872,184,5,33512616821778.863
1965,93,125,2,1872,184,5,34288601111443.42
1965,93,126,1,1872,184,5,34312288285040.42
1965,93,126,2,1872,184,5,35100334587099.96
1965,93,127,1,1872,184,5,35124978043585.96
1965,93,127,2,1872,184,5,35925179381272.49
1965,93,128,1,1872,184,5,35950809756291.484
1965,93,128,2,1872,184,5,36763259152836.99
1965,93,129,1,1872,184,5,36789907812217.0
1965,93,129,2,1872,184,5,37614698290853.49
1965,93,130,1,1872,184,5,37642397342116.49
1965,93,130,2,1872,184,5,38479621926075.98
1965,93,131,1,1872,184,5,38508404230037.97
1965,93,131,2,1872,184,5,39358155942552.44
1965,93,132,1,1872,184,5,39388055125013.44
1965,93,132,2,1872,184,5,40250426989314.89
1965,93,133,1,1872,184,5,40281477452838.89
1965,93,133,2,1872,184,5,41156562492159.33
1965,93,134,1,1872,184,5,41188799427944.32
1965,93,134,2,1872,184,5,42076690665515.74
1965,93,135,1,1872,184,5,42110150065353.75
1965,93,135,2,1872,184,5,43010940524408.16
1965,93,136,1,1872,184,5,43045659192735.16
1965,93,136,2,1872,184,5,43959441896504.55
1965,93,137,1,1872,184,5,43995457462540.54
1965,93,137,2,1872,184,5,44922325434256.92
1965,93,138,1,1872,184,5,44959676364235.92
1965,93,138,2,1872,184,5,45899722627131.28
1965,93,139,1,1872,184,5,45938448236621.29
1965,93,139,2,1872,184,5,46891765813927.63
1965,93,140,1,1872,184,5,46931906280240.63
1965,93,140,2,1872,184,5,47898588195189.96
1965,93,141,1,1872,184,5,47940184569881.97
1965,93,141,2,1872,184,5,48920323845706.29
1965,93,142,1,1872,184,5,48963418067167.29
1965,93,142,2,1872,184,5,49957107727098.59
1965,93,143,1,1872,184,5,50001742633232.586
1965,93,143,2,1872,184,5,51009075700502.88
1965,93,144,1,1872,184,5,51055295041497.88
1965,93,144,2,1872,184,5,52076364539339.164
1965,93,145,1,1872,184,5,52124212990527.164
1965,93,145,2,1872,184,5,53159111942171.43
1965,93,146,1,1872,184,5,53208635116978.42
1965,93,146,2,1872,184,5,54257456545657.67
1965,93,147,1,1872,184,5,54308701008643.67
1965,93,147,2,1872,184,5,55371537937589.91
1965,93,148,1,1872,184,5,55424551217578.914
1965,93,148,2,1872,184,5,56501496670024.13
1965,93,149,1,1872,184,5,56556327273324.125
1965,93,149,2,1872,184,5,57647474272500.336
1965,93,150,1,1872,184,5,57704171696213.336
1965,93,150,2,1872,184,5,58809613265352.53
1965,93,151,1,1872,184,5,58868228010774.53
1965,93,151,2,1872,184,5,59988057173108.71
1965,93,152,1,1872,184,5,60048640759219.7
1965,93,152,2,1872,184,5,61182950537980.87
1965,93,153,1,1872,184,5,61245555515024.875
1965,93,153,2,1872,184,5,62394438933445.02
1965,93,154,1,1872,184,5,62459118896600.02
1965,93,154,2,1872,184,5,63622668977911.164
1965,93,155,1,1872,184,5,63689478581049.164
1965,93,155,2,1872,184,5,64867788348483.29
1965,93,156,1,1872,184,5,64936783318020.29
1965,93,156,2,1872,184,5,66129945794809.4
1965,93,157,1,1872,184,5,66201182943645.4
1965,93,157,2,1872,184,5,67409291153021.5
1965,93,158,1,1872,184,5,67482828394570.49
1965,93,158,2,1872,184,5,68705975359765.58
1965,93,159,1,1872,184,5,68781871722075.58
1965,93,159,2,1872,184,5,70020150466321.65
1965,93,160,1,1872,184,5,70098466106284.66
1965,93,160,2,1872,184,5,71351969652813.7
1965,93,161,1,1872,184,5,71432765870465.72
1965,93,161,2,1872,184,5,72701587242509.77
1965,93,162,1,1872,184,5,72784926495420.75
1965,93,162,2,1872,184,5,74069158716211.78
1965,93,163,1,1872,184,5,74155104633965.78
1965,93,163,2,1872,184,5,75454840726735.8
1965,93,164,1,1872,184,5,75543458125500.81
1965,93,164,2,1872,184,5,76858791113481.81
1965,93,165,1,1872,184,5,76950146010669.81
1965,93,165,2,1872,184,5,78281168917093.8
1965,93,166,1,1872,184,5,78375328546110.8
1965,93,166,2,1872,184,5,79722134394209.77
1965,93,167,1,1872,184,5,79819167219295.78
1965,93,167,2,1872,184,5,81181849032301.75
1965,93,168,1,1872,184,5,81281824763460.75
1965,93,168,2,1872,184,5,82660475564605.69
1965,93,169,1,1872,184,5,82763465172625.69
1965,93,169,2,1872,184,5,84158177985141.62
1965,93,170,1,1872,184,5,84264253716704.64
1965,93,170,2,1872,184,5,85675121563823.56
1965,93,171,1,1872,184,5,85784356956705.56
1965,93,171,2,1872,184,5,87211472861659.47
1965,93,172,1,1872,184,5,87323942760020.47
1965,93,172,2,1872,184,5,88767399746041.38
1965,93,173,1,1872,184,5,88883180315805.39
1965,93,173,2,1872,184,5,90343071406125.27
1965,93,174,1,1872,184,5,90462240150450.27
1965,93,174,2,1872,184,5,91938658368301.14
1965,93,175,1,1872,184,5,92061294143139.14
1965,93,175,2,1872,184,5,93554332511753.0
1965,93,176,1,1872,184,5,93680515541500.02
1965,93,176,2,1872,184,5,95190267084108.86
1965,93,177,1,1872,184,5,95320078977344.86
1965,93,177,2,1872,184,5,96846636717180.69
1965,93,178,1,1872,184,5,96980160482499.69
1965,93,178,2,1872,184,5,98523617442794.52
1965,93,179,1,1872,184,5,98660937504724.53
1965,93,179,2,1872,184,5,100221386708710.34
1965,93,180,1,1872,184,5,100362588923723.33
1965,93,180,2,1872,184,5,101940123394632.14
1965,93,181,1,1872,184,5,102085295067244.12
1965,93,181,2,1872,184,5,103680007828307.92
1965,93,182,1,1872,184,5,103829237727268.92
1965,93,182,2,1872,184,5,105441221801719.7
1965,93,183,1,1872,184,5,105594600176293.7
1965,93,183,2,1872,184,5,107223948587363.47
1965,93,184,1,1872,184,5,107381567183698.45
1965,93,184,2,1872,184,5,109028372954619.2
1965,93,185,1,1872,184,5,109190325032207.22
1965,93,185,2,1872,184,5,110854681186210.95
1965,93,186,1,1872,184,5,111021061534437.95
1965,93,186,2,1872,184,5,112703061094756.69
1979,94,1,1,1885,186,5,7298965756.511118
1979,94,1,2,1885,186,5,8541247845.55107
1979,94,2,1,1885,186,5,8541249976.55107
1979,94,2,2,1885,186,5,10318187348.564356
1979,94,3,1,1885,186,5,10318189762.564358
1979,94,3,2,1885,186,5,12724133353.551117
1979,94,4,1,1885,186,5,12724136378.551119
1979,94,4,2,1885,186,5,15853437124.511494
1979,94,5,1,1885,186,5,15853441532.511492
1979,94,5,2,1885,186,5,19800450369.44562
1979,94,6,1,1885,186,5,19800457726.44562
1979,94,6,2,1885,186,5,24659525590.353645
1979,94,7,1,1885,186,5,24659538696.35364
1979,94,7,2,1885,186,5,30525016523.235695
1979,94,8,1,1885,186,5,30525039942.235695
1979,94,8,2,1885,186,5,37491278668.09191
1979,94,9,1,1885,186,5,37491319348.09191
1979,94,9,2,1885,186,5,45652669908.922424
1979,94,10,1,1885,186,5,45652737891.922424
1979,94,10,2,1885,186,5,55103551223.72737
1979,94,11,1,1885,186,5,55103660445.72736
1979,94,11,2,1885,186,5,65938287484.50688
1979,94,12,1,1885,186,5,65938456665.50688
1979,94,12,2,1885,186,5,78251248347.2611
1979,94,13,1,1885,186,5,78251501971.2611
1979,94,13,2,1885,186,5,92136809231.99013
1979,94,14,1,1885,186,5,92137178616.99013
1979,94,14,2,1885,186,5,107689352392.69414
1979,94,15,1,1885,186,5,107689876850.69412
1979,94,15,2,1885,186,5,125003268077.3732
1979,94,16,1,1885,186,5,125003996164.3732
1979,94,16,2,1885,186,5,144172955778.0275
1979,94,17,1,1885,186,5,144173946634.0275
1979,94,17,2,1885,186,5,165292825570.65714
1979,94,18,1,1885,186,5,165294150349.65714
1979,94,18,2,1885,186,5,188457299545.26224
1979,94,19,1,1885,186,5,188459042935.26224
1979,94,19,2,1885,186,5,213760813325.84293
1979,94,20,1,1885,186,5,213763075158.84293
1979,94,20,2,1885,186,5,241297817680.39932
1979,94,21,1,1885,186,5,241300714632.39935
1979,94,21,2,1885,186,5,271162780220.93158
1979,94,22,1,1885,186,5,271166447601.93158
1979,94,22,2,1885,186,5,303450187193.43976
1979,94,23,1,1885,186,5,303454780827.43976
1979,94,23,2,1885,186,5,338254545357.9241
1979,94,24,1,1885,186,5,338260243552.9241
1979,94,24,2,1885,186,5,375670383958.3845
1979,94,25,1,1885,186,5,375677389566.3845
1979,94,25,2,1885,186,5,415792256782.82135
1979,94,26,1,1885,186,5,415800799349.82135
1979,94,26,2,1885,186,5,458714744313.2346
1979,94,27,1,1885,186,5,458725082319.2346
1979,94,27,2,1885,186,5,504532455965.6244
1979,94,28,1,1885,186,5,504544879154.6243
1979,94,28,2,1885,186,5,553340032419.9908
1979,94,29,1,1885,186,5,553354864219.9908
1979,94,29,2,1885,186,5,605232148040.3341
1979,94,30,1,1885,186,5,605249748073.3341
1979,94,30,2,1885,186,5,660303513384.6543
1979,94,31,1,1885,186,5,660324280066.6543
1979,94,31,2,1885,186,5,718648877804.9514
1979,94,32,1,1885,186,5,718673251035.9513
1979,94,32,2,1885,186,5,780363032137.2257
1979,94,33,1,1885,186,5,780391496081.2257
1979,94,33,2,1885,186,5,845540811481.4773
1979,94,34,1,1885,186,5,845573897436.4773
1979,94,34,2,1885,186,5,914277098071.7062
1979,94,35,1,1885,186,5,914315387429.7062
1979,94,35,2,1885,186,5,986666824235.9125
1979,94,36,1,1885,186,5,986710951532.9125
1979,94,36,2,1885,186,5,1062804975446.0964
1979,94,37,1,1885,186,5,1062855631502.0964
1979,94,37,2,1885,186,5,1142786593458.258
1979,94,38,1,1885,186,5,1142844528607.258
1979,94,38,2,1885,186,5,1226706779542.3975
1979,94,39,1,1885,186,5,1226772806952.3975
1979,94,39,2,1885,186,5,1314660697802.5146
1979,94,40,1,1885,186,5,1314735696885.5146
1979,94,40,2,1885,186,5,1406743578586.6099
1979,94,41,1,1885,186,5,1406828498498.61
1979,94,41,2,1885,186,5,1503050721986.6836
1979,94,42,1,1885,186,5,1503146585217.6836
1979,94,42,2,1885,186,5,1603677501428.735
1979,94,43,1,1885,186,5,1603785407482.735
1979,94,43,2,1885,186,5,1708719367352.765
1979,94,44,1,1885,186,5,1708840496517.7651
1979,94,44,2,1885,186,5,1818271850982.7734
1979,94,45,1,1885,186,5,1818407468190.7734
1979,94,45,2,1885,186,5,1932430568186.7603
1979,94,46,1,1885,186,5,1932582026963.7603
1979,94,46,2,1885,186,5,2051291223426.7258
1979,94,47,1,1885,186,5,2051459969932.7258
1979,94,47,2,1885,186,5,2174949613798.6702
1979,94,48,1,1885,186,5,2175137190957.67
1979,94,48,2,1885,186,5,2303501633162.5933
1979,94,49,1,1885,186,5,2303709684882.5933
1979,94,49,2,1885,186,5,2437043276362.4956
1979,94,50,1,1885,186,5,2437273551845.495
1979,94,50,2,1885,186,5,2575670643536.376
1979,94,51,1,1885,186,5,2575925001678.376
1979,94,51,2,1885,186,5,2719479944516.2363
1979,94,52,1,1885,186,5,2719760358397.2363
1979,94,52,2,1885,186,5,2868567503318.0757
1979,94,53,1,1885,186,5,2868876064782.0757
1979,94,53,2,1885,186,5,3023029762721.894
1979,94,54,1,1885,186,5,3023368687046.8945
1979,94,54,2,1885,186,5,3182963288941.6924
1979,94,55,1,1885,186,5,3183334919599.693
1979,94,55,2,1885,186,5,3348464776385.47
1979,94,56,1,1885,186,5,3348871589892.47
1979,94,56,2,1885,186,5,3519631052505.227
1979,94,57,1,1885,186,5,3520075663361.2275
1979,94,57,2,1885,186,5,3696559082736.9644
1979,94,58,1,1885,186,5,3697044248455.9644
1979,94,58,2,1885,186,5,3879345975530.681
1979,94,59,1,1885,186,5,3879874601760.681
1979,94,59,2,1885,186,5,4068088987470.3774
1979,94,60,1,1885,186,5,4068664133203.378
1979,94,60,2,1885,186,5,4262885528484.0547
1979,94,61,1,1885,186,5,4263510411356.0547
1979,94,61,2,1885,186,5,4463833167143.711
1979,94,62,1,1885,186,5,4464511168824.712
1979,94,62,2,1885,186,5,4671029636055.349
1979,94,63,1,1885,186,5,4671764307729.348
1979,94,63,2,1885,186,5,4884572837338.965
1979,94,64,1,1885,186,5,4885367905273.965
1979,94,64,2,1885,186,5,5104560848198.5625
1979,94,65,1,1885,186,5,5105420219406.563
1979,94,65,2,1885,186,5,5331091926582.142
1979,94,66,1,1885,186,5,5332019694569.141
1979,94,66,2,1885,186,5,5564264516931.699
1979,94,67,1,1885,186,5,5565264967537.699
1979,94,67,2,1885,186,5,5804177256023.238
1979,94,68,1,1885,186,5,5805254873352.238
1979,94,68,2,1885,186,5,6050928978896.759
1979,94,69,1,1885,186,5,6052088451336.758
1979,94,69,2,1885,186,5,6304618724876.259
1979,94,70,1,1885,186,5,6305864951209.259
1979,94,70,2,1885,186,5,6565345743679.739
1979,94,71,1,1885,186,5,6566683839281.74
1979,94,71,2,1885,186,5,6833209501619.202
1979,94,72,1,1885,186,5,6834644804750.202
1979,94,72,2,1885,186,5,7108309687890.646
1979,94,73,1,1885,186,5,7109847766074.6455
1979,94,73,2,1885,186,5,7390746220954.07
1979,94,74,1,1885,186,5,7392392877449.071
1979,94,74,2,1885,186,5,7680619255003.477
1979,94,75,1,1885,186,5,7682380535361.477
1979,94,75,2,1885,186,5,7978029186526.863
1979,94,76,1,1885,186,5,7979911385243.863
1979,94,76,2,1885,186,5,8283076660956.231
1979,94,77,1,1885,186,5,8285086328212.232
1979,94,77,2,1885,186,5,8595862579407.582
1979,94,78,1,1885,186,5,8598006527896.582
1979,94,78,2,1885,186,5,8916488105510.914
1979,94,79,1,1885,186,5,8918773417360.914
1979,94,79,2,1885,186,5,9245054672330.227
1979,94,80,1,1885,186,5,9247488706113.227
1979,94,80,2,1885,186,5,9581663989373.521
1979,94,81,1,1885,186,5,9584254387205.521
1979,94,81,2,1885,186,5,9926418049692.797
1979,94,82,1,1885,186,5,9929172744423.799
1979,94,82,2,1885,186,5,10279419137074.057
1979,94,83,1,1885,186,5,10282346359568.057
1979,94,83,2,1885,186,5,10640769833317.297
1979,94,84,1,1885,186,5,10643878119822.297
1979,94,84,2,1885,186,5,11010573025606.52
1979,94,85,1,1885,186,5,11013871225214.52
1979,94,85,2,1885,186,5,11388931913969.725
1979,94,86,1,1885,186,5,11392429196166.723
1979,94,86,2,1885,186,5,11775950018828.91
1979,94,87,1,1885,186,5,11779655881134.91
1979,94,87,2,1885,186,5,12171731188640.08
1979,94,88,1,1885,186,5,12175655464339.08
1979,94,88,2,1885,186,5,12576379607623.232
1979,94,89,1,1885,186,5,12580532473583.23
1979,94,89,2,1885,186,5,12989999803582.365
1979,94,90,1,1885,186,5,12994391788165.365
1979,94,90,2,1885,186,5,13412696655815.48
1979,94,91,1,1885,186,5,13417338646877.482
1979,94,91,2,1885,186,5,13844575403114.58
1979,94,92,1,1885,186,5,13849478656095.58
1979,94,92,2,1885,186,5,14285741651855.66
1979,94,93,1,1885,186,5,14290917797959.662
1979,94,93,2,1885,186,5,14736301384178.727
1979,94,94,1,1885,186,5,14741762438643.727
1979,94,94,2,1885,186,5,15196360966257.773
1979,94,95,1,1885,186,5,15202119336715.771
1979,94,95,2,1885,186,5,15666027156660.803
1979,94,96,1,1885,186,5,15672095651587.803
1979,94,96,2,1885,186,5,16145407114799.814
1979,94,97,1,1885,186,5,16151798952055.816
1979,94,97,2,1885,186,5,16634608409470.81
1979,94,98,1,1885,186,5,16641337224929.81
1979,94,98,2,1885,186,5,17133739027483.79
1979,94,99,1,1885,186,5,17140818883753.79
1979,94,99,2,1885,186,5,17642907382382.75
1979,94,100,1,1885,186,5,17650352777615.75
1979,94,100,2,1885,186,5,18162222323255.695
1979,94,101,1,1885,186,5,18170048200047.7
1979,94,101,2,1885,186,5,18691793143634.63
1979,94,102,1,1885,186,5,18700014898015.625
1979,94,102,2,1885,186,5,19231729590485.54
1979,94,103,1,1885,186,5,19240363080999.535
1979,94,103,2,1885,186,5,19782141873288.43
1979,94,104,1,1885,186,5,19791203430163.434
1979,94,104,2,1885,186,5,20343140673207.312
1979,94,105,1,1885,186,5,20352647107615.312
1979,94,105,2,1885,186,5,20914837152350.17
1979,94,106,1,1885,186,5,20924805765757.17
1979,94,106,2,1885,186,5,21497342963119.02
1979,94,107,1,1885,186,5,21507791556725.02
1979,94,107,2,1885,186,5,22090770257649.85
1979,94,108,1,1885,186,5,22101717141918.85
1979,94,108,2,1885,186,5,22695231697342.664
1979,94,109,1,1885,186,5,22706695701622.66
1979,94,109,2,1885,186,5,23310840462481.457
1979,94,110,1,1885,186,5,23322840944714.46
1979,94,110,2,1885,186,5,23937710261944.242
1979,94,111,1,1885,186,5,23950267118466.242
1979,94,111,2,1885,186,5,24575955343003.008
1979,94,112,1,1885,186,5,24589089018434.004
1979,94,112,2,1885,186,5,25225690501213.754
1979,94,113,1,1885,186,5,25239421998437.758
1979,94,113,2,1885,186,5,25887031090396.49
1979,94,114,1,1885,186,5,25901381980631.49
1979,94,114,2,1885,186,5,26560093032705.207
1979,94,115,1,1885,186,5,26575085465663.207
1979,94,115,2,1885,186,5,27244992828787.906
1979,94,116,1,1885,186,5,27260649542924.91
1979,94,116,2,1885,186,5,27941847568036.598
1979,94,117,1,1885,186,5,27958191900892.594
1979,94,117,2,1885,186,5,28650774938927.266
1979,94,118,1,1885,186,5,28667830837556.26
1979,94,118,2,1885,186,5,29371893239449.918
1979,94,119,1,1885,186,5,29389685270939.92
1979,94,119,2,1885,186,5,30105321387628.56
1979,94,120,1,1885,186,5,30123874749711.56
1979,94,120,2,1885,186,5,30851178932131.184
1979,94,121,1,1885,186,5,30870519463883.184
1979,94,121,2,1885,186,5,31609586062969.79
1979,94,122,1,1885,186,5,31629740255600.793
1979,94,122,2,1885,186,5,32380663622290.387
1979,94,123,1,1885,186,5,32401658630024.383
1979,94,123,2,1885,186,5,33164533115252.96
1979,94,124,1,1885,186,5,33186396766297.96
1979,94,124,2,1885,186,5,33961316721001.523
1979,94,125,1,1885,186,5,33984077528609.527
1979,94,125,2,1885,186,5,34771137303724.074
1979,94,126,1,1885,186,5,34794824477341.07
1979,94,126,2,1885,186,5,35594118423802.6
1979,94,127,1,1885,186,5,35618761880308.61
1979,94,127,2,1885,186,5,36430384349053.125
1979,94,128,1,1885,186,5,36456014724092.12
1979,94,128,2,1885,186,5,37280060066055.625
1979,94,129,1,1885,186,5,37306708725455.625
1979,94,129,2,1885,186,5,38143271291574.11
1979,94,130,1,1885,186,5,38170970342857.12
1979,94,130,2,1885,186,5,39020144484066.586
1979,94,131,1,1885,186,5,39048926788048.586
1979,94,131,2,1885,186,5,39910806855285.04
1979,94,132,1,1885,186,5,39940706037766.05
1979,94,132,2,1885,186,5,40815386381965.484
1979,94,133,1,1885,186,5,40846436845509.49
1979,94,133,2,1885,186,5,41734011817607.914
1979,94,134,1,1885,186,5,41766248753412.914
1979,94,134,2,1885,186,5,42666812704346.33
1979,94,135,1,1885,186,5,42700272104204.33
1979,94,135,2,1885,186,5,43613919384908.73
1979,94,136,1,1885,186,5,43648638053255.734
1979,94,136,2,1885,186,5,44575463014667.12
1979,94,137,1,1885,186,5,44611478580723.11
1979,94,137,2,1885,186,5,45551575573777.484
1979,94,138,1,1885,186,5,45588926503776.484
1979,94,138,2,1885,186,5,46542389879409.84
1979,94,139,1,1885,186,5,46581115488919.84
1979,94,139,2,1885,186,5,47548039598068.19
1979,94,140,1,1885,186,5,47588180064401.18
1979,94,140,2,1885,186,5,48568659258000.51
1979,94,141,1,1885,186,5,48610255632712.51
1979,94,141,2,1885,186,5,49604384261698.82
1979,94,142,1,1885,186,5,49647478483179.83
1979,94,142,2,1885,186,5,50655350898489.125
1979,94,143,1,1885,186,5,50699985804643.12
1979,94,143,2,1885,186,5,51721696357211.41
1979,94,144,1,1885,186,5,51767915698226.41
1979,94,144,2,1885,186,5,52803558738989.68
1979,94,145,1,1885,186,5,52851407190197.68
1979,94,145,2,1885,186,5,53901077070091.94
1979,94,146,1,1885,186,5,53950600244918.93
1979,94,146,2,1885,186,5,55014391314880.17
1979,94,147,1,1885,186,5,55065635777886.18
1979,94,147,2,1885,186,5,56143642388850.41
1979,94,148,1,1885,186,5,56196655668859.41
1979,94,148,2,1885,186,5,57288972171762.625
1979,94,149,1,1885,186,5,57343802775082.62
1979,94,149,2,1885,186,5,58450523520860.82
1979,94,150,1,1885,186,5,58507220944593.83
1979,94,150,2,1885,186,5,59628440284183.016
1979,94,151,1,1885,186,5,59687055029625.016
1979,94,151,2,1885,186,5,60822867313961.19
1979,94,152,1,1885,186,5,60883450900092.18
1979,94,152,2,1885,186,5,62033950480111.34
1979,94,153,1,1885,186,5,62096555457175.34
1979,94,153,2,1885,186,5,63261836683813.49
1979,94,154,1,1885,186,5,63326516646988.49
1979,94,154,2,1885,186,5,64506673871181.63
1979,94,155,1,1885,186,5,64573483474339.625
1979,94,155,2,1885,186,5,65768611047023.74
1979,94,156,1,1885,186,5,65837606016580.75
1979,94,156,2,1885,186,5,67047798288691.85
1979,94,157,1,1885,186,5,67119035437547.85
1979,94,157,2,1885,186,5,68344386760021.945
1979,94,158,1,1885,186,5,68417924001590.945
1979,94,158,2,1885,186,5,69658528725364.02
1979,94,159,1,1885,186,5,69734425087694.02
1979,94,159,2,1885,186,5,70990377563702.1
1979,94,160,1,1885,186,5,71068693203685.1
1979,94,160,2,1885,186,5,72340087782864.14
1979,94,161,1,1885,186,5,72420884000536.16
1979,94,161,2,1885,186,5,73707815033822.19
1979,94,162,1,1885,186,5,73791154286753.19
1979,94,162,2,1885,186,5,75093716125082.22
1979,94,163,1,1885,186,5,75179662042856.2
1979,94,163,2,1885,186,5,76497949037164.22
1979,94,164,1,1885,186,5,76586566435949.23
1979,94,164,2,1885,186,5,77920672937172.23
1979,94,165,1,1885,186,5,78012027834380.23
1979,94,165,2,1885,186,5,79362048193454.22
1979,94,166,1,1885,186,5,79456207822491.2
1979,94,166,2,1885,186,5,80822236390352.19
1979,94,167,1,1885,186,5,80919269215458.2
1979,94,167,2,1885,186,5,82301400343042.16
1979,94,168,1,1885,186,5,82401376074221.16
1979,94,168,2,1885,186,5,83799704112464.1
1979,94,169,1,1885,186,5,83902693720504.1
1979,94,169,2,1885,186,5,85317313020342.03
1979,94,170,1,1885,186,5,85423388751925.05
1979,94,170,2,1885,186,5,86854393664293.97
1979,94,171,1,1885,186,5,86963629057195.97
1979,94,171,2,1885,186,5,88411113933031.88
1979,94,172,1,1885,186,5,88523583831412.86
1979,94,172,2,1885,186,5,89987643021651.77
1979,94,173,1,1885,186,5,90103423591435.78
1979,94,173,2,1885,186,5,91584151447013.67
1979,94,174,1,1885,186,5,91703320191358.66
1979,94,174,2,1885,186,5,93200811063211.53
1979,94,175,1,1885,186,5,93323446838069.53
1979,94,175,2,1885,186,5,94837795077133.39
1979,94,176,1,1885,186,5,94963978106900.39
1979,94,176,2,1885,186,5,96495278064111.25
1979,94,177,1,1885,186,5,96625089957367.23
1979,94,177,2,1885,186,5,98173435983661.08
1979,94,178,1,1885,186,5,98306959749000.08
1979,94,178,2,1885,186,5,99872446195312.89
1979,94,179,1,1885,186,5,100009766257262.9
1979,94,179,2,1885,186,5,101592487474530.72
1979,94,180,1,1885,186,5,101733689689563.72
1979,94,180,2,1885,186,5,103333740028722.52
1979,94,181,1,1885,186,5,103478911701354.5
1979,94,181,2,1885,186,5,105096385513340.3
1979,94,182,1,1885,186,5,105245615412321.3
1979,94,182,2,1885,186,5,106880607048070.08
1979,94,183,1,1885,186,5,107033985422664.06
1979,94,183,2,1885,186,5,108686589233111.83
1979,94,184,1,1885,186,5,108844207829466.83
1979,94,184,2,1885,186,5,110514518165549.58
1979,94,185,1,1885,186,5,110676470243157.6
1979,94,185,2,1885,186,5,112364581455811.33
1979,94,186,1,1885,186,5,112530961804058.31
1979,94,186,2,1885,186,5,114236968244219.05
1979,94,187,1,1885,186,5,114407873199025.05
1979,94,187,2,1885,186,5,116131869217628.77
1979,94,188,1,1885,186,5,116307396678177.77
1979,94,188,2,1885,186,5,118049476626160.47
2084,95,1,1,1990,188,5,8162117817.394096
2084,95,1,2,1990,188,5,9539458789.881586
2084,95,2,1,1990,188,5,9539460940.881586
2084,95,2,2,1990,188,5,11509583936.341513
2084,95,3,1,1990,188,5,11509586370.341513
2084,95,3,2,1990,188,5,14177099984.774021
2084,95,4,1,1990,188,5,14177103029.774023
2084,95,4,2,1990,188,5,17646615859.179256
2084,95,5,1,1990,188,5,17646620287.179256
2084,95,5,2,1990,188,5,22022740927.55736
2084,95,6,1,1990,188,5,22022748304.557358
2084,95,6,2,1990,188,5,27410085351.90847
2084,95,7,1,1990,188,5,27410098477.90847
2084,95,7,2,1990,188,5,33913260528.23273
2084,95,8,1,1990,188,5,33913283967.23273
2084,95,8,2,1990,188,5,41636879616.53027
2084,95,9,1,1990,188,5,41636920316.53027
2084,95,9,2,1990,188,5,50685558160.801254
2084,95,10,1,1990,188,5,50685626163.801254
2084,95,10,2,1990,188,5,61163914799.04579
2084,95,11,1,1990,188,5,61164024041.045784
2084,95,11,2,1990,188,5,73176572063.26402
2084,95,12,1,1990,188,5,73176741264.26402
2084,95,12,2,1990,188,5,86828157269.45609
2084,95,13,1,1990,188,5,86828410913.45609
2084,95,13,2,1990,188,5,102223303497.62212
2084,95,14,1,1990,188,5,102223672902.62213
2084,95,14,2,1990,188,5,119466650661.76225
2084,95,15,1,1990,188,5,119467175139.76225
2084,95,15,2,1990,188,5,138662846669.87662
2084,95,16,1,1990,188,5,138663574776.87662
2084,95,16,2,1990,188,5,159916548673.96536
2084,95,17,1,1990,188,5,159917539549.96533
2084,95,17,2,1990,188,5,183332424410.02853
2084,95,18,1,1990,188,5,183333749209.02856
2084,95,18,2,1990,188,5,209015153628.0664
2084,95,19,1,1990,188,5,209016897038.0664
2084,95,19,2,1990,188,5,237069429612.079
2084,95,20,1,1990,188,5,237071691465.07898
2084,95,20,2,1990,188,5,267599960790.06644
2084,95,21,1,1990,188,5,267602857762.06644
2084,95,21,2,1990,188,5,300711472434.02893
2084,95,22,1,1990,188,5,300715139835.0289
2084,95,22,2,1990,188,5,336508708449.9665
2084,95,23,1,1990,188,5,336513302103.9665
2084,95,23,2,1990,188,5,375096433257.87933
2084,95,24,1,1990,188,5,375102131472.8793
2084,95,24,2,1990,188,5,416579433761.7675
2084,95,25,1,1990,188,5,416586439389.7675
2084,95,25,2,1990,188,5,461062521409.63116
2084,95,26,1,1990,188,5,461071063996.6312
2084,95,26,2,1990,188,5,508650534343.4705
2084,95,27,1,1990,188,5,508660872369.4705
2084,95,27,2,1990,188,5,559448339639.2856
2084,95,28,1,1990,188,5,559460762848.2856
2084,95,28,2,1990,188,5,613560835637.0765
2084,95,29,1,1990,188,5,613575667457.0764
2084,95,29,2,1990,188,5,671092954360.8434
2084,95,30,1,1990,188,5,671110554413.8434
2084,95,30,2,1990,188,5,732149664028.5863
2084,95,31,1,1990,188,5,732170430730.5863
2084,95,31,2,1990,188,5,796835971652.3055
2084,95,32,1,1990,188,5,796860344903.3054
2084,95,32,2,1990,188,5,865256925728.001
2084,95,33,1,1990,188,5,865285389692.001
2084,95,33,2,1990,188,5,937517619015.6729
2084,95,34,1,1990,188,5,937550704990.673
2084,95,34,2,1990,188,5,1013723191409.3214
2084,95,35,1,1990,188,5,1013761480787.3214
2084,95,35,2,1990,188,5,1093978832896.9465
2084,95,36,1,1990,188,5,1094022960213.9465
2084,95,36,2,1990,188,5,1178389786610.5486
2084,95,37,1,1990,188,5,1178440442686.5486
2084,95,37,2,1990,188,5,1267061351966.1272
2084,95,38,1,1990,188,5,1267119287135.1274
2084,95,38,2,1990,188,5,1360098887893.6833
2084,95,39,1,1990,188,5,1360164915323.683
2084,95,39,2,1990,188,5,1457607816157.216
2084,95,40,1,1990,188,5,1457682815260.216
2084,95,40,2,1990,188,5,1559693624764.7263
2084,95,41,1,1990,188,5,1559778544696.7263
2084,95,41,2,1990,188,5,1666461871468.2139
2084,95,42,1,1990,188,5,1666557734719.2139
2084,95,42,2,1990,188,5,1778018187353.6787
2084,95,43,1,1990,188,5,1778126093427.6785
2084,95,43,2,1990,188,5,1894468280521.121
2084,95,44,1,1990,188,5,1894589409706.1213
2084,95,44,2,1990,188,5,2015917939854.5413
2084,95,45,1,1990,188,5,2016053557082.5413
2084,95,45,2,1990,188,5,2142473038881.9392
2084,95,46,1,1990,188,5,2142624497678.9392
2084,95,46,2,1990,188,5,2274239539725.315
2084,95,47,1,1990,188,5,2274408286251.315
2084,95,47,2,1990,188,5,2411323497140.6685
2084,95,48,1,1990,188,5,2411511074319.6685
2084,95,48,2,1990,188,5,2553831062648.0005
2084,95,49,1,1990,188,5,2554039114388.0005
2084,95,49,2,1990,188,5,2701868488751.3105
2084,95,50,1,1990,188,5,2702098764254.31
2084,95,50,2,1990,188,5,2855542133248.598
2084,95,51,1,1990,188,5,2855796491410.5986
2084,95,51,2,1990,188,5,3014958463631.865
2084,95,52,1,1990,188,5,3015238877532.865
2084,95,52,2,1990,188,5,3180224061577.1104
2084,95,53,1,1990,188,5,3180532623061.11
2084,95,53,2,1990,188,5,3351445627524.3335
2084,95,54,1,1990,188,5,3351784551869.334
2084,95,54,2,1990,188,5,3528729985347.536
2084,95,55,1,1990,188,5,3529101616025.5366
2084,95,55,2,1990,188,5,3712184087114.7173
2084,95,56,1,1990,188,5,3712590900641.7173
2084,95,56,2,1990,188,5,3901915017937.877
2084,95,57,1,1990,188,5,3902359628813.877
2084,95,57,2,1990,188,5,4098030000913.016
2084,95,58,1,1990,188,5,4098515166652.016
2084,95,58,2,1990,188,5,4300636402150.1343
2084,95,59,1,1990,188,5,4301165028400.1343
2084,95,59,2,1990,188,5,4509841735893.231
2084,95,60,1,1990,188,5,4510416881646.231
2084,95,60,2,1990,188,5,4725753669730.308
2084,95,61,1,1990,188,5,4726378552622.308
2084,95,61,2,1990,188,5,4948480029893.363
2084,95,62,1,1990,188,5,4949158031594.364
2084,95,62,2,1990,188,5,5178128806648.399
2084,95,63,1,1990,188,5,5178863478342.398
2084,95,63,2,1990,188,5,5414808159775.413
2084,95,64,1,1990,188,5,5415603227730.413
2084,95,64,2,1990,188,5,5658626424138.407
2084,95,65,1,1990,188,5,5659485795366.408
2084,95,65,2,1990,188,5,5909692115345.382
2084,95,66,1,1990,188,5,5910619883352.382
2084,95,66,2,1990,188,5,6168113935498.336
2084,95,67,1,1990,188,5,6169114386124.335
2084,95,67,2,1990,188,5,6434000779033.269
2084,95,68,1,1990,188,5,6435078396382.27
2084,95,68,2,1990,188,5,6707461738650.184
2084,95,69,1,1990,188,5,6708621211110.184
2084,95,69,2,1990,188,5,6988606111333.077
2084,95,70,1,1990,188,5,6989852337686.077
2084,95,70,2,1990,188,5,7277543404459.95
2084,95,71,1,1990,188,5,7278881500081.951
2084,95,71,2,1990,188,5,7574383342002.806
2084,95,72,1,1990,188,5,7575818645153.806
2084,95,72,2,1990,188,5,7879235870817.641
2084,95,73,1,1990,188,5,7880773949021.64
2084,95,73,2,1990,188,5,8192211167024.454
2084,95,74,1,1990,188,5,8193857823539.455
2084,95,74,2,1990,188,5,8513419642477.251
2084,95,75,1,1990,188,5,8515180922855.251
2084,95,75,2,1990,188,5,8842971951324.027
2084,95,76,1,1990,188,5,8844854150061.027
2084,95,76,2,1990,188,5,9180978996656.785
2084,95,77,1,1990,188,5,9182988663932.783
2084,95,77,2,1990,188,5,9527551937251.521
2084,95,78,1,1990,188,5,9529695885760.521
2084,95,78,2,1990,188,5,9882802194398.24
2084,95,79,1,1990,188,5,9885087506268.24
2084,95,79,2,1990,188,5,10246841458820.94
2084,95,80,1,1990,188,5,10249275492623.94
2084,95,80,2,1990,188,5,10619781697687.62
2084,95,81,1,1990,188,5,10622372095539.62
2084,95,81,2,1990,188,5,11001735161710.281
2084,95,82,1,1990,188,5,11004489856461.283
2084,95,82,2,1990,188,5,11392814392334.924
2084,95,83,1,1990,188,5,11395741614848.924
2084,95,83,2,1990,188,5,11793132229021.547
2084,95,84,1,1990,188,5,11796240515546.549
2084,95,84,2,1990,188,5,12202801816614.154
2084,95,85,1,1990,188,5,12206100016242.154
2084,95,85,2,1990,188,5,12621936612800.74
2084,95,86,1,1990,188,5,12625433895017.74
2084,95,86,2,1990,188,5,13050650395663.309
2084,95,87,1,1990,188,5,13054356257989.309
2084,95,87,2,1990,188,5,13489057271317.86
2084,95,88,1,1990,188,5,13492981547036.86
2084,95,88,2,1990,188,5,13937271681644.39
2084,95,89,1,1990,188,5,13941424547624.389
2084,95,89,2,1990,188,5,14395408412106.904
2084,95,90,1,1990,188,5,14399800396709.904
2084,95,90,2,1990,188,5,14863582599663.398
2084,95,91,1,1990,188,5,14868224590745.4
2084,95,91,2,1990,188,5,15341909740765.877
2084,95,92,1,1990,188,5,15346812993766.875
2084,95,92,2,1990,188,5,15830505699450.334
2084,95,93,1,1990,188,5,15835681845574.336
2084,95,93,2,1990,188,5,16329486715516.777
2084,95,94,1,1990,188,5,16334947770001.777
2084,95,94,2,1990,188,5,16838969412799.201
2084,95,95,1,1990,188,5,16844727783277.2
2084,95,95,2,1990,188,5,17359070807525.604
2084,95,96,1,1990,188,5,17365139302472.605
2084,95,96,2,1990,188,5,17889908316767.992
2084,95,97,1,1990,188,5,17896300154043.992
2084,95,97,2,1990,188,5,18431599766982.363
2084,95,98,1,1990,188,5,18438328582461.363
2084,95,98,2,1990,188,5,18984263402638.715
2084,95,99,1,1990,188,5,18991343258928.715
2084,95,99,2,1990,188,5,19548017894941.05
2084,95,100,1,1990,188,5,19555463290194.05
2084,95,100,2,1990,188,5,20122982350637.367
2084,95,101,1,1990,188,5,20130808227449.37
2084,95,101,2,1990,188,5,20709276320919.668
2084,95,102,1,1990,188,5,20717498075320.668
2084,95,102,2,1990,188,5,21307019810413.953
2084,95,103,1,1990,188,5,21315653300947.95
2084,95,103,2,1990,188,5,21916333286260.215
2084,95,104,1,1990,188,5,21925394843155.22
2084,95,104,2,1990,188,5,22537337687282.47
2084,95,105,1,1990,188,5,22546844121710.465
2084,95,105,2,1990,188,5,23170154433248.7
2084,95,106,1,1990,188,5,23180123046675.695
2084,95,106,2,1990,188,5,23814905434220.91
2084,95,107,1,1990,188,5,23825354027846.914
2084,95,107,2,1990,188,5,24471713099995.113
2084,95,108,1,1990,188,5,24482659984284.11
2084,95,108,2,1990,188,5,25140700349631.29
2084,95,109,1,1990,188,5,25152164353931.29
2084,95,109,2,1990,188,5,25821990621073.453
2084,95,110,1,1990,188,5,25833991103326.457
2084,95,110,2,1990,188,5,26515707880859.605
2084,95,111,1,1990,188,5,26528264737401.6
2084,95,111,2,1990,188,5,27221976633921.734
2084,95,112,1,1990,188,5,27235110309372.73
2084,95,112,2,1990,188,5,27940921933475.848
2084,95,113,1,1990,188,5,27954653430719.848
2084,95,113,2,1990,188,5,28672669391001.945
2084,95,114,1,1990,188,5,28687020281256.945
2084,95,114,2,1990,188,5,29417345186314.027
2084,95,115,1,1990,188,5,29432337619292.027
2084,95,115,2,1990,188,5,30175076077720.09
2084,95,116,1,1990,188,5,30190732791877.094
2084,95,116,2,1990,188,5,30945989412272.14
2084,95,117,1,1990,188,5,30962333745148.14
2084,95,117,2,1990,188,5,31730213136106.17
2084,95,118,1,1990,188,5,31747269034755.17
2084,95,118,2,1990,188,5,32527875804872.188
2084,95,119,1,1990,188,5,32545667836382.19
2084,95,119,2,1990,188,5,33339106594254.19
2084,95,120,1,1990,188,5,33357659956357.188
2084,95,120,2,1990,188,5,34164035310580.17
2084,95,121,1,1990,188,5,34183375842352.17
2084,95,121,2,1990,188,5,35002792401522.137
2084,95,122,1,1990,188,5,35022946594173.14
2084,95,122,2,1990,188,5,35855508966886.086
2084,95,123,1,1990,188,5,35876503974640.09
2084,95,123,2,1990,188,5,36722316769492.03
2084,95,124,1,1990,188,5,36744180420557.03
2084,95,124,2,1990,188,5,37603348246143.95
2084,95,125,1,1990,188,5,37626109053771.945
2084,95,125,2,1990,188,5,38498736518689.85
2084,95,126,1,1990,188,5,38522423692326.85
2084,95,126,2,1990,188,5,39408615405171.74
2084,95,127,1,1990,188,5,39433258861697.74
2084,95,127,2,1990,188,5,40333119431065.62
2084,95,128,1,1990,188,5,40358749806124.62
2084,95,128,2,1990,188,5,41272383840611.47
2084,95,129,1,1990,188,5,41299032500031.48
2084,95,129,2,1990,188,5,42226544608233.31
2084,95,130,1,1990,188,5,42254243659536.32
2084,95,130,2,1990,188,5,43195738450049.15
2084,95,131,1,1990,188,5,43224520754051.14
2084,95,131,2,1990,188,5,44180102835470.95
2084,95,132,1,1990,188,5,44210002017971.95
2084,95,132,2,1990,188,5,45179775998894.75
2084,95,133,1,1990,188,5,45210826462458.75
2084,95,133,2,1990,188,5,46194896951480.54
2084,95,134,1,1990,188,5,46227133887305.53
2084,95,134,2,1990,188,5,47225605493022.3
2084,95,135,1,1990,188,5,47259064892900.3
2084,95,135,2,1990,188,5,48272042223908.05
2084,95,136,1,1990,188,5,48306760892275.055
2084,95,136,2,1990,188,5,49334348557169.79
2084,95,137,1,1990,188,5,49370364123245.78
2084,95,137,2,1990,188,5,50412666730623.5
2084,95,138,1,1990,188,5,50450017660642.51
2084,95,138,2,1990,188,5,51507139819099.21
2084,95,139,1,1990,188,5,51545865428629.21
2084,95,139,2,1990,188,5,52617911746760.91
2084,95,140,1,1990,188,5,52658052213113.9
2084,95,140,2,1990,188,5,53745127299516.58
2084,95,141,1,1990,188,5,53786723674248.58
2084,95,141,2,1990,188,5,54888932137518.234
2084,95,142,1,1990,188,5,54932026359019.24
2084,95,142,2,1990,188,5,56049472807751.89
2084,95,143,1,1990,188,5,56094107713925.88
2084,95,143,2,1990,188,5,57226896756717.516
2084,95,144,1,1990,188,5,57273116097752.516
2084,95,144,2,1990,188,5,58421352343199.13
2084,95,145,1,1990,188,5,58469200794427.13
2084,95,145,2,1990,188,5,59632988851124.74
2084,95,146,1,1990,188,5,59682512025971.734
2084,95,146,2,1990,188,5,60861956502516.32
2084,95,147,1,1990,188,5,60913200965542.33
2084,95,147,2,1990,188,5,62108406470529.9
2084,95,148,1,1990,188,5,62161419750558.9
2084,95,148,2,1990,188,5,63372490892585.46
2084,95,149,1,1990,188,5,63427321495925.45
2084,95,149,2,1990,188,5,64654362883587.0
2084,95,150,1,1990,188,5,64711060307340.0
2084,95,150,2,1990,188,5,65954176549232.53
2084,95,151,1,1990,188,5,66012791294694.54
2084,95,151,2,1990,188,5,67272086999414.055
2084,95,152,1,1990,188,5,67332670585565.05
2084,95,152,2,1990,188,5,68608250361707.55
2084,95,153,1,1990,188,5,68670855338791.555
2084,95,153,2,1990,188,5,69962823794953.04
2084,95,154,1,1990,188,5,70027503758148.05
2084,95,154,2,1990,188,5,71335965502924.52
2084,95,155,1,1990,188,5,71402775106102.52
2084,95,155,2,1990,188,5,72727834748089.98
2084,95,156,1,1990,188,5,72796829717666.97
2084,95,156,2,1990,188,5,74138591865461.42
2084,95,157,1,1990,188,5,74209829014337.42
2084,95,157,2,1990,188,5,75568398276534.84
2084,95,158,1,1990,188,5,75641935518123.86
2084,95,158,2,1990,188,5,77017416503320.28
2084,95,159,1,1990,188,5,77093312865670.27
2084,95,159,2,1990,188,5,78485810182461.67
2084,95,160,1,1990,188,5,78564125822464.67
2084,95,160,2,1990,188,5,79973744079447.06
2084,95,161,1,1990,188,5,80054540297139.08
2084,95,161,2,1990,188,5,81481384102908.45
2084,95,162,1,1990,188,5,81564723355859.44
2084,95,162,2,1990,188,5,83008897319011.81
2084,95,163,1,1990,188,5,83094843236805.8
2084,95,163,2,1990,188,5,84556451965937.16
2084,95,164,1,1990,188,5,84645069364742.17
2084,95,164,2,1990,188,5,86124217468448.5
2084,95,165,1,1990,188,5,86215572365676.5
2084,95,165,2,1990,188,5,87712364452553.81
2084,95,166,1,1990,188,5,87806524081610.81
2084,95,166,2,1990,188,5,89321064760255.12
2084,95,167,1,1990,188,5,89418097585381.14
2084,95,167,2,1990,188,5,90950491464388.42
2084,95,168,1,1990,188,5,91050467195587.42
2084,95,168,2,1990,188,5,92600818883553.7
2084,95,169,1,1990,188,5,92703808491613.7
2084,95,169,2,1990,188,5,94272222597134.97
2084,95,170,1,1990,188,5,94378298328737.98
2084,95,170,2,1990,188,5,95964879460410.23
2084,95,171,1,1990,188,5,96074114853332.23
2084,95,171,2,1990,188,5,97678967619751.47
2084,95,172,1,1990,188,5,97791437518152.47
2084,95,172,2,1990,188,5,99414666527914.7
2084,95,173,1,1990,188,5,99530447097718.7
2084,95,173,2,1990,188,5,101172156959419.92
2084,95,174,1,1990,188,5,101291325703784.92
2084,95,174,2,1990,188,5,102951621026021.12
2084,95,175,1,1990,188,5,103074256800899.12
2084,95,175,2,1990,188,5,104753242192266.31
2084,95,176,1,1990,188,5,104879425222053.33
2084,95,176,2,1990,188,5,106577205291147.5
2084,95,177,1,1990,188,5,106707017184423.5
2084,95,177,2,1990,188,5,108423696539840.66
2084,95,178,1,1990,188,5,108557220305199.66
2084,95,178,2,1990,188,5,110292903555535.8
2084,95,179,1,1990,188,5,110430223617505.81
2084,95,179,2,1990,188,5,112185015371356.95
2084,95,180,1,1990,188,5,112326217586409.95
2084,95,180,2,1990,188,5,114100222452372.08
2084,95,181,1,1990,188,5,114245394125024.08
2084,95,181,2,1990,188,5,116038716711693.19
2084,95,182,1,1990,188,5,116187946610694.19
2084,95,182,2,1990,188,5,118000691526666.3
2084,95,183,1,1990,188,5,118154069901280.28
2084,95,183,2,1990,188,5,119986341755151.38
2084,95,184,1,1990,188,5,120143960351526.38
2084,95,184,2,1990,188,5,121995863751892.45
2084,95,185,1,1990,188,5,122157815829520.45
2084,95,185,2,1990,188,5,124029455384977.52
2084,95,186,1,1990,188,5,124195835733244.52
2084,95,186,2,1990,188,5,126087316052388.56
2084,95,187,1,1990,188,5,126258221007214.56
2084,95,187,2,1990,188,5,128169646698641.6
2084,95,188,1,1990,188,5,128345174159210.61
2084,95,188,2,1990,188,5,130276649831516.64
2084,95,189,1,1990,188,5,130456899277096.62
2084,95,189,2,1990,188,5,132408529538877.64
2084,95,190,1,1990,188,5,132593602045730.64
2084,95,190,2,1990,188,5,134565491505582.64
2090,96,1,1,1994,190,5,8279258811.763536
2090,96,1,2,1994,190,5,9664527898.1625
2090,96,2,1,1994,190,5,9664530069.162498
2090,96,2,2,1994,190,5,11645993282.534416
2090,96,3,1,1994,190,5,11645995736.534416
2090,96,3,2,1994,190,5,14328863808.879429
2090,96,4,1,1994,190,5,14328866873.87943
2090,96,4,2,1994,190,5,17818350537.197674
2090,96,5,1,1994,190,5,17818354985.197678
2090,96,5,2,1994,190,5,22219664971.489296
2090,96,6,1,1994,190,5,22219672368.489296
2090,96,6,2,1994,190,5,27638019409.75442
2090,96,7,1,1994,190,5,27638032555.75442
2090,96,7,2,1994,190,5,34178627383.993195
2090,96,8,1,1994,190,5,34178650842.9932
2090,96,8,2,1994,190,5,41946704190.20574
2090,96,9,1,1994,190,5,41946744910.20575
2090,96,9,2,1994,190,5,51047467508.39221
2090,96,10,1,1994,190,5,51047535531.39222
2090,96,10,2,1994,190,5,61586138112.552734
2090,96,11,1,1994,190,5,61586247374.55273
2090,96,11,2,1994,190,5,73667940670.68742
2090,96,12,1,1994,190,5,73668109891.68742
2090,96,12,2,1994,190,5,87398104634.79643
2090,96,13,1,1994,190,5,87398358298.79643
2090,96,13,2,1994,190,5,102881865220.87987
2090,96,14,1,1994,190,5,102882234645.87988
2090,96,14,2,1994,190,5,120224464478.9379
2090,96,15,1,1994,190,5,120224988976.9379
2090,96,15,2,1994,190,5,139531152452.97058
2090,96,16,1,1994,190,5,139531880579.9706
2090,96,16,2,1994,190,5,160907188430.97815
2090,96,17,1,1994,190,5,160908179326.97812
2090,96,17,2,1994,190,5,184457842284.9606
2090,96,18,1,1994,190,5,184459167103.96063
2090,96,18,2,1994,190,5,210288395900.91815
2090,96,19,1,1994,190,5,210290139330.91818
2090,96,19,2,1994,190,5,238504144698.85092
2090,96,20,1,1994,190,5,238506406571.85092
2090,96,20,2,1994,190,5,269210399242.759
2090,96,21,1,1994,190,5,269213296234.759
2090,96,21,2,1994,190,5,302512486940.6425
2090,96,22,1,1994,190,5,302516154361.6425
2090,96,22,2,1994,190,5,338515753834.5016
2090,96,23,1,1994,190,5,338520347508.50165
2090,96,23,2,1994,190,5,377325566480.3364
2090,96,24,1,1994,190,5,377331264715.3364
2090,96,24,2,1994,190,5,419047313918.147
2090,96,25,1,1994,190,5,419054319566.147
2090,96,25,2,1994,190,5,463786409731.9335
2090,96,26,1,1994,190,5,463794952338.93353
2090,96,26,2,1994,190,5,511648294199.69604
2090,96,27,1,1994,190,5,511658632245.69604
2090,96,27,2,1994,190,5,562738436533.4348
2090,96,28,1,1994,190,5,562750859762.4348
2090,96,28,2,1994,190,5,617162337209.1498
2090,96,29,1,1994,190,5,617177169049.1497
2090,96,29,2,1994,190,5,675025530386.8411
2090,96,30,1,1994,190,5,675043130459.8411
2090,96,30,2,1994,190,5,736433586420.509
2090,96,31,1,1994,190,5,736454353142.509
2090,96,31,2,1994,190,5,801492114458.1536
2090,96,32,1,1994,190,5,801516487729.1534
2090,96,32,2,1994,190,5,870306765131.7747
2090,96,33,1,1994,190,5,870335229115.7747
2090,96,33,2,1994,190,5,942983233337.3728
2090,96,34,1,1994,190,5,943016319332.3729
2090,96,34,2,1994,190,5,1019627261104.9479
2090,96,35,1,1994,190,5,1019665550502.9479
2090,96,35,2,1994,190,5,1100344640558.5
2090,96,36,1,1994,190,5,1100388767895.5
2090,96,36,2,1994,190,5,1185241216966.0293
2090,96,37,1,1994,190,5,1185291873062.029
2090,96,37,2,1994,190,5,1274422891879.5356
2090,96,38,1,1994,190,5,1274480827068.536
2090,96,38,2,1994,190,5,1367995626365.0198
2090,96,39,1,1994,190,5,1368061653815.0198
2090,96,39,2,1994,190,5,1466065444322.4812
2090,96,40,1,1994,190,5,1466140443445.4812
2090,96,40,2,1994,190,5,1568738435895.9202
2090,96,41,1,1994,190,5,1568823355847.9204
2090,96,41,2,1994,190,5,1676120760973.3372
2090,96,42,1,1994,190,5,1676216624244.337
2090,96,42,2,1994,190,5,1788318652776.7314
2090,96,43,1,1994,190,5,1788426558870.7314
2090,96,43,2,1994,190,5,1905438421542.104
2090,96,44,1,1994,190,5,1905559550747.1042
2090,96,44,2,1994,190,5,2027586458289.4548
2090,96,45,1,1994,190,5,2027722075537.4546
2090,96,45,2,1994,190,5,2154869238682.7832
2090,96,46,1,1994,190,5,2155020697499.7832
2090,96,46,2,1994,190,5,2287393326980.0903
2090,96,47,1,1994,190,5,2287562073526.09
2090,96,47,2,1994,190,5,2425265380073.3755
2090,96,48,1,1994,190,5,2425452957272.3755
2090,96,48,2,1994,190,5,2568592151618.639
2090,96,49,1,1994,190,5,2568800203378.639
2090,96,49,2,1994,190,5,2717480496255.8813
2090,96,50,1,1994,190,5,2717710771778.8813
2090,96,50,2,1994,190,5,2872037373919.102
2090,96,51,1,1994,190,5,2872291732101.102
2090,96,51,2,1994,190,5,3032369854236.302
2090,96,52,1,1994,190,5,3032650268157.302
2090,96,52,2,1994,190,5,3198585121019.48
2090,96,53,1,1994,190,5,3198893682523.48
2090,96,53,2,1994,190,5,3370790476844.637
2090,96,54,1,1994,190,5,3371129401209.637
2090,96,54,2,1994,190,5,3549093347721.7734
2090,96,55,1,1994,190,5,3549464978419.774
2090,96,55,2,1994,190,5,3733601287854.889
2090,96,56,1,1994,190,5,3734008101401.889
2090,96,56,2,1994,190,5,3924421984491.9834
2090,96,57,1,1994,190,5,3924866595387.9834
2090,96,57,2,1994,190,5,4121663262865.0576
2090,96,58,1,1994,190,5,4122148428624.0576
2090,96,58,2,1994,190,5,4325433091220.111
2090,96,59,1,1994,190,5,4325961717490.111
2090,96,59,2,1994,190,5,4535839585937.145
2090,96,60,1,1994,190,5,4536414731710.144
2090,96,60,2,1994,190,5,4752991016740.156
2090,96,61,1,1994,190,5,4753615899652.156
2090,96,61,2,1994,190,5,4976995811997.147
2090,96,62,1,1994,190,5,4977673813718.148
2090,96,62,2,1994,190,5,5207962564110.12
2090,96,63,1,1994,190,5,5208697235824.12
2090,96,63,2,1994,190,5,5446000034995.072
2090,96,64,1,1994,190,5,5446795102970.071
2090,96,64,2,1994,190,5,5691217161652.003
2090,96,65,1,1994,190,5,5692076532900.004
2090,96,65,2,1994,190,5,5943723061824.916
2090,96,66,1,1994,190,5,5944650829851.915
2090,96,66,2,1994,190,5,6203627039751.807
2090,96,67,1,1994,190,5,6204627490397.807
2090,96,67,2,1994,190,5,6471038592004.679
2090,96,68,1,1994,190,5,6472116209373.68
2090,96,68,2,1994,190,5,6746067413419.532
2090,96,69,1,1994,190,5,6747226885899.531
2090,96,69,2,1994,190,5,7028823403116.364
2090,96,70,1,1994,190,5,7030069629489.364
2090,96,70,2,1994,190,5,7319416670609.178
2090,96,71,1,1994,190,5,7320754766251.178
2090,96,71,2,1994,190,5,7617957542005.972
2090,96,72,1,1994,190,5,7619392845176.972
2090,96,72,2,1994,190,5,7924556566298.746
2090,96,73,1,1994,190,5,7926094644522.746
2090,96,73,2,1994,190,5,8239324521743.501
2090,96,74,1,1994,190,5,8240971178278.502
2090,96,74,2,1994,190,5,8562372422330.237
2090,96,75,1,1994,190,5,8564133702728.237
2090,96,75,2,1994,190,5,8893811524342.955
2090,96,76,1,1994,190,5,8895693723099.955
2090,96,76,2,1994,190,5,9233753333009.652
2090,96,77,1,1994,190,5,9235763000305.652
2090,96,77,2,1994,190,5,9582309609242.33
2090,96,78,1,1994,190,5,9584453557771.332
2090,96,78,2,1994,190,5,9939592376466.992
2090,96,79,1,1994,190,5,9941877688356.992
2090,96,79,2,1994,190,5,10305713927543.633
2090,96,80,1,1994,190,5,10308147961366.633
2090,96,80,2,1994,190,5,10680786831776.256
2090,96,81,1,1994,190,5,10683377229648.256
2090,96,81,2,1994,190,5,11064923942012.86
2090,96,82,1,1994,190,5,11067678636783.861
2090,96,82,2,1994,190,5,11458238401835.445
2090,96,83,1,1994,190,5,11461165624369.445
2090,96,83,2,1994,190,5,11860843652840.012
2090,96,84,1,1994,190,5,11863951939385.012
2090,96,84,2,1994,190,5,12272853442006.56
2090,96,85,1,1994,190,5,12276151641654.562
2090,96,85,2,1994,190,5,12694381829159.092
2090,96,86,1,1994,190,5,12697879111396.092
2090,96,86,2,1994,190,5,13125543194515.604
2090,96,87,1,1994,190,5,13129249056861.604
2090,96,87,2,1994,190,5,13566452246328.098
2090,96,88,1,1994,190,5,13570376522067.1
2090,96,88,2,1994,190,5,14017224028612.574
2090,96,89,1,1994,190,5,14021376894612.574
2090,96,89,2,1994,190,5,14477973928969.031
2090,96,90,1,1994,190,5,14482365913592.031
2090,96,90,2,1994,190,5,14948817686491.473
2090,96,91,1,1994,190,5,14953459677593.473
2090,96,91,2,1994,190,5,15429871399767.896
2090,96,92,1,1994,190,5,15434774652788.895
2090,96,92,2,1994,190,5,15921251534970.299
2090,96,93,1,1994,190,5,15926427681114.299
2090,96,93,2,1994,190,5,16423074934034.688
2090,96,94,1,1994,190,5,16428535988539.688
2090,96,94,2,1994,190,5,16935458822931.057
2090,96,95,1,1994,190,5,16941217193429.055
2090,96,95,2,1994,190,5,17458520820023.408
2090,96,96,1,1994,190,5,17464589314990.408
2090,96,96,2,1994,190,5,17992378944519.742
2090,96,97,1,1994,190,5,17998770781815.742
2090,96,97,2,1994,190,5,18537151625012.06
2090,96,98,1,1994,190,5,18543880440511.06
2090,96,98,2,1994,190,5,19092957708106.36
2090,96,99,1,1994,190,5,19100037564416.36
2090,96,99,2,1994,190,5,19659916467142.64
2090,96,100,1,1994,190,5,19667361862415.64
2090,96,100,2,1994,190,5,20238147611004.906
2090,96,101,1,1994,190,5,20245973487836.906
2090,96,101,2,1994,190,5,20827771293021.156
2090,96,102,1,1994,190,5,20835993047442.156
2090,96,102,2,1994,190,5,21428908119953.387
2090,96,103,1,1994,190,5,21437541610507.387
2090,96,103,2,1994,190,5,22041679161077.598
2090,96,104,1,1994,190,5,22050740717992.6
2090,96,104,2,1994,190,5,22666205957353.8
2090,96,105,1,1994,190,5,22675712391801.797
2090,96,105,2,1994,190,5,23302610530685.977
2090,96,106,1,1994,190,5,23312579144132.977
2090,96,106,2,1994,190,5,23951015393272.14
2090,96,107,1,1994,190,5,23961463986918.145
2090,96,107,2,1994,190,5,24611543557044.29
2090,96,108,1,1994,190,5,24622490441353.29
2090,96,108,2,1994,190,5,25284318543198.418
2090,96,109,1,1994,190,5,25295782547518.418
2090,96,109,2,1994,190,5,25969464391814.53
2090,96,110,1,1994,190,5,25981464874087.535
2090,96,110,2,1994,190,5,26667105671566.633
2090,96,111,1,1994,190,5,26679662528128.633
2090,96,111,2,1994,190,5,27377367489522.71
2090,96,112,1,1994,190,5,27390501164993.71
2090,96,112,2,1994,190,5,28100375501034.773
2090,96,113,1,1994,190,5,28114106998298.777
2090,96,113,2,1994,190,5,28836255919718.824
2090,96,114,1,1994,190,5,28850606809993.824
2090,96,114,2,1994,190,5,29585135527524.855
2090,96,115,1,1994,190,5,29600127960522.855
2090,96,115,2,1994,190,5,30347141684896.87
2090,96,116,1,1994,190,5,30362798399073.875
2090,96,116,2,1994,190,5,31122402341022.875
2090,96,117,1,1994,190,5,31138746673918.875
2090,96,117,2,1994,190,5,31911046044174.86
2090,96,118,1,1994,190,5,31928101942843.855
2090,96,118,2,1994,190,5,32713201952138.824
2090,96,119,1,1994,190,5,32730993983668.824
2090,96,119,2,1994,190,5,33528999842734.777
2090,96,120,1,1994,190,5,33547553204857.777
2090,96,120,2,1994,190,5,34358570124426.715
2090,96,121,1,1994,190,5,34377910656218.71
2090,96,121,2,1994,190,5,35202043847022.63
2090,96,122,1,1994,190,5,35222198039693.63
2090,96,122,2,1994,190,5,36059552712464.54
2090,96,123,1,1994,190,5,36080547720238.54
2090,96,123,2,1994,190,5,36931229085708.43
2090,96,124,1,1994,190,5,36953092736793.43
2090,96,124,2,1994,190,5,37817206005694.305
2090,96,125,1,1994,190,5,37839966813342.3
2090,96,125,2,1994,190,5,38717617196406.16
2090,96,126,1,1994,190,5,38741304370063.16
2090,96,126,2,1994,190,5,39632597078022.0
2090,96,127,1,1994,190,5,39657240534568.01
2090,96,127,2,1994,190,5,40562280778153.836
2090,96,128,1,1994,190,5,40587911153232.83
2090,96,128,2,1994,190,5,41506804143177.64
2090,96,129,1,1994,190,5,41533452802617.64
2090,96,129,2,1994,190,5,42466303749653.44
2090,96,130,1,1994,190,5,42494002800976.445
2090,96,130,2,1994,190,5,43440916915835.23
2090,96,131,1,1994,190,5,43469699219857.22
2090,96,131,2,1994,190,5,44430781713270.984
2090,96,132,1,1994,190,5,44460680895791.984
2090,96,132,2,1994,190,5,45436036978492.734
2090,96,133,1,1994,190,5,45467087442076.74
2090,96,133,2,1994,190,5,46456822324796.48
2090,96,134,1,1994,190,5,46489059260641.47
2090,96,134,2,1994,190,5,47493278154112.195
2090,96,135,1,1994,190,5,47526737554010.195
2090,96,135,2,1994,190,5,48545545668963.9
2090,96,136,1,1994,190,5,48580264337350.91
2090,96,136,2,1994,190,5,49613766884519.59
2090,96,137,1,1994,190,5,49649782450615.586
2090,96,137,2,1994,190,5,50698084640731.266
2090,96,138,1,1994,190,5,50735435570770.266
2090,96,138,2,1994,190,5,51798642614564.93
2090,96,139,1,1994,190,5,51837368224114.93
2090,96,139,2,1994,190,5,52915585332320.58
2090,96,140,1,1994,190,5,52955725798693.58
2090,96,140,2,1994,190,5,54049058182042.21
2090,96,141,1,1994,190,5,54090654556794.21
2090,96,141,2,1994,190,5,55199207426017.83
2090,96,142,1,1994,190,5,55242301647538.836
2090,96,142,2,1994,190,5,56366180213369.44
2090,96,143,1,1994,190,5,56410815119563.43
2090,96,143,2,1994,190,5,57550124592733.016
2090,96,144,1,1994,190,5,57596343933788.02
2090,96,144,2,1994,190,5,58751189525028.59
2090,96,145,1,1994,190,5,58799037976276.6
2090,96,145,2,1994,190,5,59969524896320.16
2090,96,146,1,1994,190,5,60019048071187.16
2090,96,146,2,1994,190,5,61205281530765.695
2090,96,147,1,1994,190,5,61256525993811.7
2090,96,147,2,1994,190,5,62458611203657.234
2090,96,148,1,1994,190,5,62511624483706.234
2090,96,148,2,1994,190,5,63729666654550.76
2090,96,149,1,1994,190,5,63784497257910.75
2090,96,149,2,1994,190,5,65018601600486.25
2090,96,150,1,1994,190,5,65075299024259.25
2090,96,150,2,1994,190,5,66325570749297.74
2090,96,151,1,1994,190,5,66384185494779.74
2090,96,151,2,1994,190,5,67650729813013.22
2090,96,152,1,1994,190,5,67711313399184.22
2090,96,152,2,1994,190,5,68994235521344.68
2090,96,153,1,1994,190,5,69056840498448.68
2090,96,153,2,1994,190,5,70356245635268.125
2090,96,154,1,1994,190,5,70420925598483.12
2090,96,154,2,1994,190,5,71736918960693.55
2090,96,155,1,1994,190,5,71803728563891.56
2090,96,155,2,1994,190,5,73136415362224.98
2090,96,156,1,1994,190,5,73205410331821.98
2090,96,156,2,1994,190,5,74554895777010.39
2090,96,157,1,1994,190,5,74626132925906.38
2090,96,157,2,1994,190,5,75992522228681.77
2090,96,158,1,1994,190,5,76066059470290.78
2090,96,158,2,1994,190,5,77449457841385.16
2090,96,159,1,1994,190,5,77525354203755.16
2090,96,159,2,1994,190,5,78925866853900.52
2090,96,160,1,1994,190,5,79004182493923.52
2090,96,160,2,1994,190,5,80421914633851.86
2090,96,161,1,1994,190,5,80502710851563.88
2090,96,161,2,1994,190,5,81937767692007.22
2090,96,162,1,1994,190,5,82021106944978.2
2090,96,162,2,1994,190,5,83473593696668.53
2090,96,163,1,1994,190,5,83559539614482.53
2090,96,163,2,1994,190,5,85029561488151.84
2090,96,164,1,1994,190,5,85118178886976.84
2090,96,164,2,1994,190,5,86605841093357.14
2090,96,165,1,1994,190,5,86697195990605.14
2090,96,165,2,1994,190,5,88202603740428.42
2090,96,166,1,1994,190,5,88296763369505.42
2090,96,166,2,1994,190,5,89820021873503.69
2090,96,167,1,1994,190,5,89917054698649.7
2090,96,167,2,1994,190,5,91458269167554.95
2090,96,168,1,1994,190,5,91558244898773.95
2090,96,168,2,1994,190,5,93117520543318.2
2090,96,169,1,1994,190,5,93220510151398.19
2090,96,169,2,1994,190,5,94797952182313.42
2090,96,170,1,1994,190,5,94904027913936.44
2090,96,170,2,1994,190,5,96499741541954.66
2090,96,171,1,1994,190,5,96608976934896.66
2090,96,171,2,1994,190,5,98223067370749.84
2090,96,172,1,1994,190,5,98335537269170.84
2090,96,172,2,1994,190,5,99968109723591.05
2090,96,173,1,1994,190,5,100083890293415.05
2090,96,173,2,1994,190,5,101735049977134.23
2090,96,174,1,1994,190,5,101854218721519.22
2090,96,174,2,1994,190,5,103524070845269.39
2090,96,175,1,1994,190,5,103646706620167.39
2090,96,175,2,1994,190,5,105335356394680.55
2090,96,176,1,1994,190,5,105461539424487.55
2090,96,176,2,1994,190,5,107169092060495.69
2090,96,177,1,1994,190,5,107298903953791.69
2090,96,177,2,1994,190,5,109025464662026.81
2090,96,178,1,1994,190,5,109158988427405.81
2090,96,178,2,1994,190,5,110904662418599.92
2090,96,179,1,1994,190,5,111041982480589.94
2090,96,179,2,1994,190,5,112806874965475.03
2090,96,180,1,1994,190,5,112948077180548.03
2090,96,180,2,1994,190,5,114732293369856.12
2090,96,181,1,1994,190,5,114877465042528.11
2090,96,181,2,1994,190,5,116681110146991.19
2090,96,182,1,1994,190,5,116830340046012.2
2090,96,182,2,1994,190,5,118653519276362.27
2090,96,183,1,1994,190,5,118806897650996.27
2090,96,183,2,1994,190,5,120649716217965.31
2090,96,184,1,1994,190,5,120807334814360.31
2090,96,184,2,1994,190,5,122669897928680.34
2090,96,185,1,1994,190,5,122831850006328.36
2090,96,185,2,1994,190,5,124714262878731.39
2090,96,186,1,1994,190,5,124880643227018.38
2090,96,186,2,1994,190,5,126783011068236.39
2090,96,187,1,1994,190,5,126953916023082.39
2090,96,187,2,1994,190,5,128876344043847.39
2090,96,188,1,1994,190,5,129051871504436.4
2090,96,188,2,1994,190,5,130994464915480.39
2090,96,189,1,1994,190,5,131174714361080.39
2090,96,189,2,1994,190,5,133137578373135.38
2090,96,190,1,1994,190,5,133322650880008.36
2090,96,190,2,1994,190,5,135305890703806.33
2090,96,191,1,1994,190,5,135495888962208.33
2090,96,191,2,1994,190,5,137499609808481.3
2090,96,192,1,1994,190,5,137694638139752.28
2090,96,192,2,1994,190,5,139718945219232.22
2143,97,1,1,2046,192,5,8777409564.873844
2143,97,1,2,2046,192,5,10233698394.433851
2143,97,2,1,2046,192,5,10233700585.433847
2143,97,2,2,2046,192,5,12316749065.966673
2143,97,3,1,2046,192,5,12316751539.966675
2143,97,3,2,2046,192,5,15137164319.472458
2143,97,4,1,2046,192,5,15137167404.472458
2143,97,4,2,2046,192,5,18805549130.951336
2143,97,5,1,2046,192,5,18805553598.951336
2143,97,5,2,2046,192,5,23432508920.40345
2143,97,6,1,2046,192,5,23432516337.40345
2143,97,6,2,2046,192,5,29128649901.828934
2143,97,7,1,2046,192,5,29128663067.82893
2143,97,7,2,2046,192,5,36004579523.22793
2143,97,8,1,2046,192,5,36004603002.22791
2143,97,8,2,2046,192,5,44170906996.60055
2143,97,9,1,2046,192,5,44170947736.60055
2143,97,9,2,2046,192,5,53738243917.94695
2143,97,10,1,2046,192,5,53738311960.94695
2143,97,10,2,2046,192,5,64817204977.267265
2143,97,11,1,2046,192,5,64817314259.26726
2143,97,11,2,2046,192,5,77518408758.56161
2143,97,12,1,2046,192,5,77518577999.56161
2143,97,12,2,2046,192,5,91952478629.83011
2143,97,13,1,2046,192,5,91952732313.83011
2143,97,13,2,2046,192,5,108230043723.07292
2143,97,14,1,2046,192,5,108230413168.07292
2143,97,14,2,2046,192,5,126461740004.29016
2143,97,15,1,2046,192,5,126462264522.29016
2143,97,15,2,2046,192,5,146758211433.48193
2143,97,16,1,2046,192,5,146758939580.48196
2143,97,16,2,2046,192,5,169230111214.6484
2143,97,17,1,2046,192,5,169231102130.6484
2143,97,17,2,2046,192,5,193988103135.78967
2143,97,18,1,2046,192,5,193989427974.78967
2143,97,18,2,2046,192,5,221142862998.90588
2143,97,19,1,2046,192,5,221144606448.90588
2143,97,19,2,2046,192,5,250805080139.99713
2143,97,20,1,2046,192,5,250807342032.9971
2143,97,20,2,2046,192,5,283085459039.06354
2143,97,21,1,2046,192,5,283088356051.06354
2143,97,21,2,2046,192,5,318094721020.1053
2143,97,22,1,2046,192,5,318098388461.1053
2143,97,22,2,2046,192,5,355943606041.1224
2143,97,23,1,2046,192,5,355948199735.12244
2143,97,23,2,2046,192,5,396742874574.1151
2143,97,24,1,2046,192,5,396748572829.1151
2143,97,24,2,2046,192,5,440603309575.08344
2143,97,25,1,2046,192,5,440610315243.08344
2143,97,25,2,2046,192,5,487635718544.0275
2143,97,26,1,2046,192,5,487644261171.0275
2143,97,26,2,2046,192,5,537950935674.9476
2143,97,27,1,2046,192,5,537961273740.9476
2143,97,27,2,2046,192,5,591659824095.8435
2143,97,28,1,2046,192,5,591672247344.8436
2143,97,28,2,2046,192,5,648873278198.7157
2143,97,29,1,2046,192,5,648888110058.7157
2143,97,29,2,2046,192,5,709702226059.5641
2143,97,30,1,2046,192,5,709719826152.5641
2143,97,30,2,2046,192,5,774257631948.3888
2143,97,31,1,2046,192,5,774278398690.3888
2143,97,31,2,2046,192,5,842650498929.1901
2143,97,32,1,2046,192,5,842674872220.19
2143,97,32,2,2046,192,5,914991871549.9678
2143,97,33,1,2046,192,5,915020335553.9678
2143,97,33,2,2046,192,5,991392838622.7223
2143,97,34,1,2046,192,5,991425924637.7223
2143,97,34,2,2046,192,5,1071964536093.4536
2143,97,35,1,2046,192,5,1072002825511.4535
2143,97,35,2,2046,192,5,1156818150002.1619
2143,97,36,1,2046,192,5,1156862277359.1616
2143,97,36,2,2046,192,5,1246064919532.847
2143,97,37,1,2046,192,5,1246115575648.847
2143,97,37,2,2046,192,5,1339816140153.5093
2143,97,38,1,2046,192,5,1339874075362.5095
2143,97,38,2,2046,192,5,1438183166846.149
2143,97,39,1,2046,192,5,1438249194316.149
2143,97,39,2,2046,192,5,1541277417426.7659
2143,97,40,1,2046,192,5,1541352416569.7659
2143,97,40,2,2046,192,5,1649210375955.36
2143,97,41,1,2046,192,5,1649295295927.36
2143,97,41,2,2046,192,5,1762093596235.9321
2143,97,42,1,2046,192,5,1762189459526.9321
2143,97,42,2,2046,192,5,1880038705406.4817
2143,97,43,1,2046,192,5,1880146611520.4817
2143,97,43,2,2046,192,5,2003157407619.009
2143,97,44,1,2046,192,5,2003278536844.009
2143,97,44,2,2046,192,5,2131561487809.5144
2143,97,45,1,2046,192,5,2131697105077.5142
2143,97,45,2,2046,192,5,2265362815557.9976
2143,97,46,1,2046,192,5,2265514274394.9976
2143,97,46,2,2046,192,5,2404673349038.459
2143,97,47,1,2046,192,5,2404842095604.4585
2143,97,47,2,2046,192,5,2549605139058.898
2143,97,48,1,2046,192,5,2549792716277.8984
2143,97,48,2,2046,192,5,2700270333191.316
2143,97,49,1,2046,192,5,2700478384971.316
2143,97,49,2,2046,192,5,2856781179991.7124
2143,97,50,1,2046,192,5,2857011455534.712
2143,97,50,2,2046,192,5,3019250033310.0864
2143,97,51,1,2046,192,5,3019504391512.087
2143,97,51,2,2046,192,5,3187789356690.4395
2143,97,52,1,2046,192,5,3188069770631.44
2143,97,52,2,2046,192,5,3362511727860.772
2143,97,53,1,2046,192,5,3362820289384.7715
2143,97,53,2,2046,192,5,3543529843313.082
2143,97,54,1,2046,192,5,3543868767698.082
2143,97,54,2,2046,192,5,3730956522973.3716
2143,97,55,1,2046,192,5,3731328153691.3716
2143,97,55,2,2046,192,5,3924904714961.64
2143,97,56,1,2046,192,5,3925311528528.64
2143,97,56,2,2046,192,5,4125487500441.887
2143,97,57,1,2046,192,5,4125932111357.8877
2143,97,57,2,2046,192,5,4332818098562.1143
2143,97,58,1,2046,192,5,4333303264341.1143
2143,97,58,2,2046,192,5,4547009871484.319
2143,97,59,1,2046,192,5,4547538497774.32
2143,97,59,2,2046,192,5,4768176329504.506
2143,97,60,1,2046,192,5,4768751475297.505
2143,97,60,2,2046,192,5,4996431136262.67
2143,97,61,1,2046,192,5,4997056019194.669
2143,97,61,2,2046,192,5,5231888114042.813
2143,97,62,1,2046,192,5,5232566115783.814
2143,97,62,2,2046,192,5,5474661249162.938
2143,97,63,1,2046,192,5,5475395920896.9375
2143,97,63,2,2046,192,5,5724864697455.041
2143,97,64,1,2046,192,5,5725659765450.041
2143,97,64,2,2046,192,5,5982612789835.124
2143,97,65,1,2046,192,5,5983472161103.125
2143,97,65,2,2046,192,5,6248020037963.1875
2143,97,66,1,2046,192,5,6248947806010.1875
2143,97,66,2,2046,192,5,6521201139993.23
2143,97,67,1,2046,192,5,6522201590659.23
2143,97,67,2,2046,192,5,6802270986413.253
2143,97,68,1,2046,192,5,6803348603802.254
2143,97,68,2,2046,192,5,7091344665975.257
2143,97,69,1,2046,192,5,7092504138475.257
2143,97,69,2,2046,192,5,7388537471715.24
2143,97,70,1,2046,192,5,7389783698108.24
2143,97,70,2,2046,192,5,7693964907063.204
2143,97,71,1,2046,192,5,7695303002725.205
2143,97,71,2,2046,192,5,8007742692043.149
2143,97,72,1,2046,192,5,8009177995234.148
2143,97,72,2,2046,192,5,8329986769563.073
2143,97,73,1,2046,192,5,8331524847807.073
2143,97,73,2,2046,192,5,8660813311794.979
2143,97,74,1,2046,192,5,8662459968349.9795
2143,97,74,2,2046,192,5,9000338726644.865
2143,97,75,1,2046,192,5,9002100007062.865
2143,97,75,2,2046,192,5,9348679664312.73
2143,97,76,1,2046,192,5,9350561863089.732
2143,97,76,2,2046,192,5,9705953023942.58
2143,97,77,1,2046,192,5,9707962691258.578
2143,97,77,2,2046,192,5,10072275960362.406
2143,97,78,1,2046,192,5,10074419908911.408
2143,97,78,2,2046,192,5,10447765890914.217
2143,97,79,1,2046,192,5,10450051202824.217
2143,97,79,2,2046,192,5,10832540502374.008
2143,97,80,1,2046,192,5,10834974536217.006
2143,97,80,2,2046,192,5,11226717757961.78
2143,97,81,1,2046,192,5,11229308155853.78
2143,97,81,2,2046,192,5,11630415904441.531
2143,97,82,1,2046,192,5,11633170599232.533
2143,97,82,2,2046,192,5,12043753479311.268
2143,97,83,1,2046,192,5,12046680701865.266
2143,97,83,2,2046,192,5,12466849318082.982
2143,97,84,1,2046,192,5,12469957604647.982
2143,97,84,2,2046,192,5,12899822561652.68
2143,97,85,1,2046,192,5,12903120761320.68
2143,97,85,2,2046,192,5,13342792663760.36
2143,97,86,1,2046,192,5,13346289946017.357
2143,97,86,2,2046,192,5,13795879398540.018
2143,97,87,1,2046,192,5,13799585260906.018
2143,97,87,2,2046,192,5,14259202868159.66
2143,97,88,1,2046,192,5,14263127143918.662
2143,97,88,2,2046,192,5,14732883510551.285
2143,97,89,1,2046,192,5,14737036376571.283
2143,97,89,2,2046,192,5,15217042107230.889
2143,97,90,1,2046,192,5,15221434091873.89
2143,97,90,2,2046,192,5,15711799791208.477
2143,97,91,1,2046,192,5,15716441782330.479
2143,97,91,2,2046,192,5,16217278054988.049
2143,97,92,1,2046,192,5,16222181308029.047
2143,97,92,2,2046,192,5,16733598758657.598
2143,97,93,1,2046,192,5,16738774904821.6
2143,97,93,2,2046,192,5,17260884138069.133
2143,97,94,1,2046,192,5,17266345192594.133
2143,97,94,2,2046,192,5,17799256813108.65
2143,97,95,1,2046,192,5,17805015183626.65
2143,97,95,2,2046,192,5,18348839796056.15
2143,97,96,1,2046,192,5,18354908291043.15
2143,97,96,2,2046,192,5,18909756500035.63
2143,97,97,1,2046,192,5,18916148337351.63
2143,97,97,2,2046,192,5,19482130747555.09
2143,97,98,1,2046,192,5,19488859563074.094
2143,97,98,2,2046,192,5,20066086779136.54
2143,97,99,1,2046,192,5,20073166635466.54
2143,97,99,2,2046,192,5,20661749262035.965
2143,97,100,1,2046,192,5,20669194657328.965
2143,97,100,2,2046,192,5,21269243299053.375
2143,97,101,1,2046,192,5,21277069175905.38
2143,97,101,2,2046,192,5,21888694437432.773
2143,97,102,1,2046,192,5,21896916191873.77
2143,97,102,2,2046,192,5,22520228677852.15
2143,97,103,1,2046,192,5,22528862168426.145
2143,97,103,2,2046,192,5,23163972483503.504
2143,97,104,1,2046,192,5,23173034040438.508
2143,97,104,2,2046,192,5,23820052789262.85
2143,97,105,1,2046,192,5,23829559223730.85
2143,97,105,2,2046,192,5,24488597010950.176
2143,97,106,1,2046,192,5,24498565624417.176
2143,97,106,2,2046,192,5,25169733054679.48
2143,97,107,1,2046,192,5,25180181648345.484
2143,97,107,2,2046,192,5,25863589326298.777
2143,97,108,1,2046,192,5,25874536210627.773
2143,97,108,2,2046,192,5,26570294740920.05
2143,97,109,1,2046,192,5,26581758745260.05
2143,97,109,2,2046,192,5,27289978732539.31
2143,97,110,1,2046,192,5,27301979214832.31
2143,97,110,2,2046,192,5,28022771263746.55
2143,97,111,1,2046,192,5,28035328120328.55
2143,97,111,2,2046,192,5,28768802835525.773
2143,97,112,1,2046,192,5,28781936511016.773
2143,97,112,2,2046,192,5,29528204497144.984
2143,97,113,1,2046,192,5,29541935994428.984
2143,97,113,2,2046,192,5,30301107856136.176
2143,97,114,1,2046,192,5,30315458746431.176
2143,97,114,2,2046,192,5,31087645088365.35
2143,97,115,1,2046,192,5,31102637521383.35
2143,97,115,2,2046,192,5,31887948948192.51
2143,97,116,1,2046,192,5,31903605662389.51
2143,97,116,2,2046,192,5,32702152778721.656
2143,97,117,1,2046,192,5,32718497111637.656
2143,97,117,2,2046,192,5,33530390522140.78
2143,97,118,1,2046,192,5,33547446420829.78
2143,97,118,2,2046,192,5,34372796730151.89
2143,97,119,1,2046,192,5,34390588761701.895
2143,97,119,2,2046,192,5,35229506574490.984
2143,97,120,1,2046,192,5,35248059936633.984
2143,97,120,2,2046,192,5,36100655857538.07
2143,97,121,1,2046,192,5,36119996389350.07
2143,97,121,2,2046,192,5,36986381023017.13
2143,97,122,1,2046,192,5,37006535215708.125
2143,97,122,2,2046,192,5,37886819166786.17
2143,97,123,1,2046,192,5,37907814174580.18
2143,97,123,2,2046,192,5,38802108047717.21
2143,97,124,1,2046,192,5,38823971698822.21
2143,97,124,2,2046,192,5,39732386098666.23
2143,97,125,1,2046,192,5,39755146906334.22
2143,97,125,2,2046,192,5,40677792437533.22
2143,97,126,1,2046,192,5,40701479611210.23
2143,97,126,2,2046,192,5,41638466878412.21
2143,97,127,1,2046,192,5,41663110334978.21
2143,97,127,2,2046,192,5,42614549942831.18
2143,97,128,1,2046,192,5,42640180317930.17
2143,97,128,2,2046,192,5,43606182871082.13
2143,97,129,1,2046,192,5,43632831530542.13
2143,97,129,2,2046,192,5,44613507633641.07
2143,97,130,1,2046,192,5,44641206684984.07
2143,97,130,2,2046,192,5,45636666942677.99
2143,97,131,1,2046,192,5,45665449246719.99
2143,97,131,2,2046,192,5,46675804263656.9
2143,97,132,1,2046,192,5,46705703446197.9
2143,97,132,2,2046,192,5,47731063827025.79
2143,97,133,1,2046,192,5,47762114290629.79
2143,97,133,2,2046,192,5,48802590639996.67
2143,97,134,1,2046,192,5,48834827575861.664
2143,97,134,2,2046,192,5,49890530498415.52
2143,97,135,1,2046,192,5,49923989898333.53
2143,97,135,2,2046,192,5,50995029998722.375
2143,97,136,1,2046,192,5,51029748667129.38
2143,97,136,2,2046,192,5,52116236550001.21
2143,97,137,1,2046,192,5,52152252116117.2
2143,97,137,2,2046,192,5,53254298386120.02
2143,97,138,1,2046,192,5,53291649316179.02
2143,97,138,2,2046,192,5,54409364577960.83
2143,97,139,1,2046,192,5,54448090187530.83
2143,97,139,2,2046,192,5,55581585045739.62
2143,97,140,1,2046,192,5,55621725512132.61
2143,97,140,2,2046,192,5,56771110571416.38
2143,97,141,1,2046,192,5,56812706946188.38
2143,97,141,2,2046,192,5,57978092811195.14
2143,97,142,1,2046,192,5,58021187032736.15
2143,97,142,2,2046,192,5,59202684308113.88
2143,97,143,1,2046,192,5,59247319214327.88
2143,97,143,2,2046,192,5,60445038504724.61
2143,97,144,1,2046,192,5,60491257845799.61
2143,97,144,2,2046,192,5,61705309755863.33
2143,97,145,1,2046,192,5,61753158207131.33
2143,97,145,2,2046,192,5,62983653341510.02
2143,97,146,1,2046,192,5,63033176516397.02
2143,97,146,2,2046,192,5,64280225479738.71
2143,97,147,1,2046,192,5,64331469942804.71
2143,97,147,2,2046,192,5,65595183339757.38
2143,97,148,1,2046,192,5,65648196619826.38
2143,97,148,2,2046,192,5,66928685055038.04
2143,97,149,1,2046,192,5,66983515658418.03
2143,97,149,2,2046,192,5,68280889736536.67
2143,97,150,1,2046,192,5,68337587160329.68
2143,97,150,2,2046,192,5,69651957486003.305
2143,97,151,1,2046,192,5,69710572231505.305
2143,97,151,2,2046,192,5,71042049409381.9
2143,97,152,1,2046,192,5,71102632995572.92
2143,97,152,2,2046,192,5,72451327630300.52
2143,97,153,1,2046,192,5,72513932607424.52
2143,97,153,2,2046,192,5,73879955303651.1
2143,97,154,1,2046,192,5,73944635266886.1
2143,97,154,2,2046,192,5,75328096629259.67
2143,97,155,1,2046,192,5,75394906232477.67
2143,97,155,2,2046,192,5,76795916865646.23
2143,97,156,1,2046,192,5,76864911835263.23
2143,97,156,2,2046,192,5,78283582343874.77
2143,97,157,1,2046,192,5,78354819492790.77
2143,97,157,2,2046,192,5,79791260481493.3
2143,97,158,1,2046,192,5,79864797723122.31
2143,97,158,2,2046,192,5,81319119796563.83
2143,97,159,1,2046,192,5,81395016158953.81
2143,97,159,2,2046,192,5,82867329921782.31
2143,97,160,1,2046,192,5,82945645561825.31
2143,97,160,2,2046,192,5,84436061618688.8
2143,97,161,1,2046,192,5,84516857836420.81
2143,97,161,2,2046,192,5,86025486791967.28
2143,97,162,1,2046,192,5,86108826044958.28
2143,97,162,2,2046,192,5,87635778503835.73
2143,97,163,1,2046,192,5,87721724421669.73
2143,97,163,2,2046,192,5,89267110988526.17
2143,97,164,1,2046,192,5,89355728387371.19
2143,97,164,2,2046,192,5,90919659666854.62
2143,97,165,1,2046,192,5,91011014564122.62
2143,97,165,2,2046,192,5,92593601160881.03
2143,97,166,1,2046,192,5,92687760789978.03
2143,97,166,2,2046,192,5,94289113308659.44
2143,97,167,1,2046,192,5,94386146133825.45
2143,97,167,2,2046,192,5,96006375179077.84
2143,97,168,1,2046,192,5,96106350910316.84
2143,97,168,2,2046,192,5,97745567086788.22
2143,97,169,1,2046,192,5,97848556694888.2
2143,97,169,2,2046,192,5,99506870607226.58
2143,97,170,1,2046,192,5,99612946338869.6
2143,97,170,2,2046,192,5,101290468591722.94
2143,97,171,1,2046,192,5,101399703984684.94
2143,97,171,2,2046,192,5,103096545182701.28
2143,97,172,1,2046,192,5,103209015081142.27
2143,97,172,2,2046,192,5,104925285828969.6
2143,97,173,1,2046,192,5,105041066398813.61
2143,97,173,2,2046,192,5,106776877301099.92
2143,97,174,1,2046,192,5,106896046045504.92
2143,97,174,2,2046,192,5,108651507706898.22
2143,97,175,1,2046,192,5,108774143481816.22
2143,97,175,2,2046,192,5,110549366506964.5
2143,97,176,1,2046,192,5,110675549536791.52
2143,97,176,2,2046,192,5,112470644530342.78
2143,97,177,1,2046,192,5,112600456423658.78
2143,97,177,2,2046,192,5,114415533990261.05
2143,97,178,1,2046,192,5,114549057755660.03
2143,97,178,2,2046,192,5,116384228499961.28
2143,97,179,1,2046,192,5,116521548561971.3
2143,97,179,2,2046,192,5,118376923088619.53
2143,97,180,1,2046,192,5,118518125303712.53
2143,97,180,2,2046,192,5,120393814217355.75
2143,97,181,1,2046,192,5,120538985890047.75
2143,97,181,2,2046,192,5,122435099795333.95
2143,97,182,1,2046,192,5,122584329694374.97
2143,97,182,2,2046,192,5,124500979195952.17
2143,97,183,1,2046,192,5,124654357570606.16
2143,97,183,2,2046,192,5,126591653273122.34
2143,97,184,1,2046,192,5,126749271869537.34
2143,97,184,2,2046,192,5,128707324377640.52
2143,97,185,1,2046,192,5,128869276455308.52
2143,97,185,2,2046,192,5,130848196373646.69
2143,97,186,1,2046,192,5,131014576721953.67
2143,97,186,2,2046,192,5,133014474655174.83
2143,97,187,1,2046,192,5,133185379610040.83
2143,97,187,2,2046,192,5,135206366162792.95
2143,97,188,1,2046,192,5,135381893623401.97
2143,97,188,2,2046,192,5,137424079400333.08
2143,97,189,1,2046,192,5,137604328845953.08
2143,97,189,2,2046,192,5,139667824451711.19
2143,97,190,1,2046,192,5,139852896958604.19
2143,97,190,2,2046,192,5,141937812997837.3
2143,97,191,1,2046,192,5,142127811256259.28
2143,97,191,2,2046,192,5,144234258333615.38
2143,97,192,1,2046,192,5,144429286664906.38
2143,97,192,2,2046,192,5,146557375385033.44
2143,97,193,1,2046,192,5,146757539758797.47
2143,97,193,2,2046,192,5,148907380726343.53
2143,97,194,1,2046,192,5,149112788777718.5
2143,97,194,2,2046,192,5,151284492597331.56
2061,98,1,1,1963,194,5,8188015495.145881
2061,98,1,2,1963,194,5,9535176190.173983
2061,98,2,1,1963,194,5,9535178401.173983
2061,98,2,2,1963,194,5,11462132099.176535
2061,98,3,1,1963,194,5,11462134593.176537
2061,98,3,2,1963,194,5,14071197710.153671
2061,98,4,1,1963,194,5,14071200815.153671
2061,98,4,2,1963,194,5,17464689767.10551
2061,98,5,1,1963,194,5,17464694255.105515
2061,98,5,2,1963,194,5,21744925458.032192
2061,98,6,1,1963,194,5,21744932895.032192
2061,98,6,2,1963,194,5,27014222764.933838
2061,98,7,1,1963,194,5,27014235950.933838
2061,98,7,2,1963,194,5,33374900903.810574
2061,98,8,1,1963,194,5,33374924402.810574
2061,98,8,2,1963,194,5,40929280854.66252
2061,98,9,1,1963,194,5,40929321614.66252
2061,98,9,2,1963,194,5,49779685981.48981
2061,98,10,1,1963,194,5,49779754044.489815
2061,98,10,2,1963,194,5,60028442742.292564
2061,98,11,1,1963,194,5,60028552044.292564
2061,98,11,2,1963,194,5,71777881489.0709
2061,98,12,1,1963,194,5,71778050750.07089
2061,98,12,2,1963,194,5,85130337357.82495
2061,98,13,1,1963,194,5,85130591061.82494
2061,98,13,2,1963,194,5,100188151248.55481
2061,98,14,1,1963,194,5,100188520713.55482
2061,98,14,2,1963,194,5,117053670895.26064
2061,98,15,1,1963,194,5,117054195433.26062
2061,98,15,2,1963,194,5,135829252025.9425
2061,98,16,1,1963,194,5,135829980192.9425
2061,98,16,2,1963,194,5,156617259612.6006
2061,98,17,1,1963,194,5,156618250548.60056
2061,98,17,2,1963,194,5,179520069211.23492
2061,98,18,1,1963,194,5,179521394070.23492
2061,98,18,2,1963,194,5,204640068391.8457
2061,98,19,1,1963,194,5,204641811861.8457
2061,98,19,2,1963,194,5,232079658258.433
2061,98,20,1,1963,194,5,232081920171.433
2061,98,20,2,1963,194,5,261941255058.99695
2061,98,21,1,1963,194,5,261944152090.99695
2061,98,21,2,1963,194,5,294327291885.53766
2061,98,22,1,1963,194,5,294330959346.53766
2061,98,22,2,1963,194,5,329340220464.05524
2061,98,23,1,1963,194,5,329344814178.05524
2061,98,23,2,1963,194,5,367082513034.54987
2061,98,24,1,1963,194,5,367088211309.5498
2061,98,24,2,1963,194,5,407656664321.0215
2061,98,25,1,1963,194,5,407663670009.0214
2061,98,25,2,1963,194,5,451165193591.4703
2061,98,26,1,1963,194,5,451173736238.47034
2061,98,26,2,1963,194,5,497710646807.89655
2061,98,27,1,1963,194,5,497720984893.8965
2061,98,27,2,1963,194,5,547395598866.3001
2061,98,28,1,1963,194,5,547408022135.3001
2061,98,28,2,1963,194,5,600322655926.6813
2061,98,29,1,1963,194,5,600337487806.6812
2061,98,29,2,1963,194,5,656594457833.0399
2061,98,30,1,1963,194,5,656612057946.04
2061,98,30,2,1963,194,5,716313680623.3765
2061,98,31,1,1963,194,5,716334447385.3766
2061,98,31,2,1963,194,5,779583039129.6909
2061,98,32,1,1963,194,5,779607412440.6908
2061,98,32,2,1963,194,5,846505289667.9832
2061,98,33,1,1963,194,5,846533753691.9832
2061,98,33,2,1963,194,5,917183232818.2535
2061,98,34,1,1963,194,5,917216318853.2535
2061,98,34,2,1963,194,5,991719716294.5021
2061,98,35,1,1963,194,5,991758005732.5021
2061,98,35,2,1963,194,5,1070217637904.7289
2061,98,36,1,1963,194,5,1070261765281.7289
2061,98,36,2,1963,194,5,1152779948600.934
2061,98,37,1,1963,194,5,1152830604736.9338
2061,98,37,2,1963,194,5,1239509655619.1174
2061,98,38,1,1963,194,5,1239567590848.1177
2061,98,38,2,1963,194,5,1330509825709.28
2061,98,39,1,1963,194,5,1330575853199.2798
2061,98,39,2,1963,194,5,1425883588455.4207
2061,98,40,1,1963,194,5,1425958587618.4207
2061,98,40,2,1963,194,5,1525734139685.5403
2061,98,41,1,1963,194,5,1525819059677.5403
2061,98,41,2,1963,194,5,1630164744971.639
2061,98,42,1,1963,194,5,1630260608282.639
2061,98,42,2,1963,194,5,1739278743219.7163
2061,98,43,1,1963,194,5,1739386649353.7163
2061,98,43,2,1963,194,5,1853179550349.7727
2061,98,44,1,1963,194,5,1853300679594.773
2061,98,44,2,1963,194,5,1971970663065.8086
2061,98,45,1,1963,194,5,1972106280353.8086
2061,98,45,2,1963,194,5,2095755662715.8235
2061,98,46,1,1963,194,5,2095907121572.8235
2061,98,46,2,1963,194,5,2224638219241.818
2061,98,47,1,1963,194,5,2224806965827.8174
2061,98,47,2,1963,194,5,2358722095219.7915
2061,98,48,1,1963,194,5,2358909672458.7915
2061,98,48,2,1963,194,5,2498111149989.7446
2061,98,49,1,1963,194,5,2498319201789.7446
2061,98,49,2,1963,194,5,2642909343875.6777
2061,98,50,1,1963,194,5,2643139619438.6772
2061,98,50,2,1963,194,5,2793220742495.5903
2061,98,51,1,1963,194,5,2793475100717.5903
2061,98,51,2,1963,194,5,2949149521161.4824
2061,98,52,1,1963,194,5,2949429935122.483
2061,98,52,2,1963,194,5,3110799969369.355
2061,98,53,1,1963,194,5,3111108530913.355
2061,98,53,2,1963,194,5,3278276495379.207
2061,98,54,1,1963,194,5,3278615419784.207
2061,98,54,2,1963,194,5,3451683630885.0396
2061,98,55,1,1963,194,5,3452055261623.0396
2061,98,55,2,1963,194,5,3631126035774.852
2061,98,56,1,1963,194,5,3631532849361.852
2061,98,56,2,1963,194,5,3816708502980.645
2061,98,57,1,1963,194,5,3817153113916.645
2061,98,57,2,1963,194,5,4008535963418.418
2061,98,58,1,1963,194,5,4009021129217.4185
2061,98,58,2,1963,194,5,4206713491018.172
2061,98,59,1,1963,194,5,4207242117328.1714
2061,98,59,2,1963,194,5,4411346307843.906
2061,98,60,1,1963,194,5,4411921453656.906
2061,98,60,2,1963,194,5,4622539789303.621
2061,98,61,1,1963,194,5,4623164672255.62
2061,98,61,2,1963,194,5,4840399469449.315
2061,98,62,1,1963,194,5,4841077471210.316
2061,98,62,2,1963,194,5,5065031046366.993
2061,98,63,1,1963,194,5,5065765718120.992
2061,98,63,2,1963,194,5,5296540387656.649
2061,98,64,1,1963,194,5,5297335455671.649
2061,98,64,2,1963,194,5,5535033536002.287
2061,98,65,1,1963,194,5,5535892907290.288
2061,98,65,2,1963,194,5,5780616714831.907
2061,98,66,1,1963,194,5,5781544482898.906
2061,98,66,2,1963,194,5,6033396334067.507
2061,98,67,1,1963,194,5,6034396784753.507
2061,98,67,2,1963,194,5,6293478995965.088
2061,98,68,1,1963,194,5,6294556613374.089
2061,98,68,2,1963,194,5,6560971501044.651
2061,98,69,1,1963,194,5,6562130973564.651
2061,98,69,2,1963,194,5,6835980854110.195
2061,98,70,1,1963,194,5,6837227080523.194
2061,98,70,2,1963,194,5,7118614270359.721
2061,98,71,1,1963,194,5,7119952366041.721
2061,98,71,2,1963,194,5,7408979181585.228
2061,98,72,1,1963,194,5,7410414484796.228
2061,98,72,2,1963,194,5,7707183242462.717
2061,98,73,1,1963,194,5,7708721320726.716
2061,98,73,2,1963,194,5,8013334336932.187
2061,98,74,1,1963,194,5,8014980993507.187
2061,98,74,2,1963,194,5,8327540584667.64
2061,98,75,1,1963,194,5,8329301865105.639
2061,98,75,2,1963,194,5,8649910347637.072
2061,98,76,1,1963,194,5,8651792546434.072
2061,98,76,2,1963,194,5,8980552236752.49
2061,98,77,1,1963,194,5,8982561904088.488
2061,98,77,2,1963,194,5,9319575118609.885
2061,98,78,1,1963,194,5,9321719067178.887
2061,98,78,2,1963,194,5,9667088122319.266
2061,98,79,1,1963,194,5,9669373434249.268
2061,98,79,2,1963,194,5,10023200646424.629
2061,98,80,1,1963,194,5,10025634680287.627
2061,98,80,2,1963,194,5,10388022365913.973
2061,98,81,1,1963,194,5,10390612763825.973
2061,98,81,2,1963,194,5,10761663239319.299
2061,98,82,1,1963,194,5,10764417934130.3
2061,98,82,2,1963,194,5,11144233515906.61
2061,98,83,1,1963,194,5,11147160738480.607
2061,98,83,2,1963,194,5,11535843742955.9
2061,98,84,1,1963,194,5,11538952029540.9
2061,98,84,2,1963,194,5,11936604773131.174
2061,98,85,1,1963,194,5,11939902972819.174
2061,98,85,2,1963,194,5,12346627771940.432
2061,98,86,1,1963,194,5,12350125054217.43
2061,98,86,2,1963,194,5,12766024225285.67
2061,98,87,1,1963,194,5,12769730087671.67
2061,98,87,2,1963,194,5,13194905947102.89
2061,98,88,1,1963,194,5,13198830222881.893
2061,98,88,2,1963,194,5,13633385087092.098
2061,98,89,1,1963,194,5,13637537953132.096
2061,98,89,2,1963,194,5,14081574138537.283
2061,98,90,1,1963,194,5,14085966123200.285
2061,98,90,2,1963,194,5,14539585946216.455
2061,98,91,1,1963,194,5,14544227937358.455
2061,98,91,2,1963,194,5,15007533714401.61
2061,98,92,1,1963,194,5,15012436967462.607
2061,98,92,2,1963,194,5,15485531014948.744
2061,98,93,1,1963,194,5,15490707161132.746
2061,98,93,2,1963,194,5,15973691795477.865
2061,98,94,1,1963,194,5,15979152850022.865
2061,98,94,2,1963,194,5,16472130387642.969
2061,98,95,1,1963,194,5,16477888758180.967
2061,98,95,2,1963,194,5,16980961515492.055
2061,98,96,1,1963,194,5,16987030010499.055
2061,98,96,2,1963,194,5,17500300303917.125
2061,98,97,1,1963,194,5,17506692141253.125
2061,98,97,2,1963,194,5,18030262287194.176
2061,98,98,1,1963,194,5,18036991102733.18
2061,98,98,2,1963,194,5,18570963417613.215
2061,98,99,1,1963,194,5,18578043273963.215
2061,98,99,2,1963,194,5,19122520074198.234
2061,98,100,1,1963,194,5,19129965469511.234
2061,98,100,2,1963,194,5,19685049071517.24
2061,98,101,1,1963,194,5,19692874948389.242
2061,98,101,2,1963,194,5,20258667668582.23
2061,98,102,1,1963,194,5,20266889423043.227
2061,98,102,2,1963,194,5,20843493577839.2
2061,98,103,1,1963,194,5,20852127068433.2
2061,98,103,2,1963,194,5,21439644974248.152
2061,98,104,1,1963,194,5,21448706531203.156
2061,98,104,2,1963,194,5,22047240504453.094
2061,98,105,1,1963,194,5,22056746938941.094
2061,98,105,2,1963,194,5,22666399296042.016
2061,98,106,1,1963,194,5,22676367909529.016
2061,98,106,2,1963,194,5,23297240966896.92
2061,98,107,1,1963,194,5,23307689560582.926
2061,98,107,2,1963,194,5,23939885634633.816
2061,98,108,1,1963,194,5,23950832518982.816
2061,98,108,2,1963,194,5,24594453926132.69
2061,98,109,1,1963,194,5,24605917930492.69
2061,98,109,2,1963,194,5,25261066987157.55
2061,98,110,1,1963,194,5,25273067469470.55
2061,98,110,2,1963,194,5,25939846492066.4
2061,98,111,1,1963,194,5,25952403348668.395
2061,98,111,2,1963,194,5,26630914653611.223
2061,98,112,1,1963,194,5,26644048329122.223
2061,98,112,2,1963,194,5,27334394232828.035
2061,98,113,1,1963,194,5,27348125730132.04
2061,98,113,2,1963,194,5,28050408549016.836
2061,98,114,1,1963,194,5,28064759439331.836
2061,98,114,2,1963,194,5,28779081489811.617
2061,98,115,1,1963,194,5,28794073922849.613
2061,98,115,2,1963,194,5,29520537521340.383
2061,98,116,1,1963,194,5,29536194235557.383
2061,98,116,2,1963,194,5,30274901698475.137
2061,98,117,1,1963,194,5,30291246031411.133
2061,98,117,2,1963,194,5,31042299675171.87
2061,98,118,1,1963,194,5,31059355573880.87
2061,98,118,2,1963,194,5,31822857714900.59
2061,98,119,1,1963,194,5,31840649746470.594
2061,98,119,2,1963,194,5,32616702701165.297
2061,98,120,1,1963,194,5,32635256063328.297
2061,98,120,2,1963,194,5,33423962148113.99
2061,98,121,1,1963,194,5,33443302679945.984
2061,98,121,2,1963,194,5,34244764211238.66
2061,98,122,1,1963,194,5,34264918403949.664
2061,98,122,2,1963,194,5,35079237698165.324
2061,98,123,1,1963,194,5,35100232705979.324
2061,98,123,2,1963,194,5,35927512079533.97
2061,98,124,1,1963,194,5,35949375730658.97
2061,98,124,2,1963,194,5,36789717499968.6
2061,98,125,1,1963,194,5,36812478307656.59
2061,98,125,2,1963,194,5,37665984789137.21
2061,98,126,1,1963,194,5,37689671962834.22
2061,98,126,2,1963,194,5,38556445472901.81
2061,98,127,1,1963,194,5,38581088929487.82
2061,98,127,2,1963,194,5,39461231784558.41
2061,98,128,1,1963,194,5,39486862159677.4
2061,98,128,2,1963,194,5,40380476676166.98
2061,98,129,1,1963,194,5,40407125335646.98
2061,98,129,2,1963,194,5,41314313829971.53
2061,98,130,1,1963,194,5,41342012881334.53
2061,98,130,2,1963,194,5,42262877669910.08
2061,98,131,1,1963,194,5,42291659973972.07
2061,98,131,2,1963,194,5,43226303373214.6
2061,98,132,1,1963,194,5,43256202555775.6
2061,98,132,2,1963,194,5,44204726882101.12
2061,98,133,1,1963,194,5,44235777345725.12
2061,98,133,2,1963,194,5,45198284915549.62
2061,98,134,1,1963,194,5,45230521851434.62
2061,98,134,2,1963,194,5,46207114981174.1
2061,98,135,1,1963,194,5,46240574381112.1
2061,98,135,2,1963,194,5,47231355387182.57
2061,98,136,1,1963,194,5,47266074055609.58
2061,98,136,2,1963,194,5,48271145254427.03
2061,98,137,1,1963,194,5,48307160820563.02
2061,98,137,2,1963,194,5,49326624528543.47
2061,98,138,1,1963,194,5,49363975458622.47
2061,98,138,2,1963,194,5,50397933992181.9
2061,98,139,1,1963,194,5,50436659601771.91
2061,98,139,2,1963,194,5,51485215277326.32
2061,98,140,1,1963,194,5,51525355743739.31
2061,98,140,2,1963,194,5,52588610877704.71
2061,98,141,1,1963,194,5,52630207252496.72
2061,98,141,2,1963,194,5,53708264161289.1
2061,98,142,1,1963,194,5,53751358382850.1
2061,98,142,2,1963,194,5,54844319382885.48
2061,98,143,1,1963,194,5,54888954289119.48
2061,98,143,2,1963,194,5,55996921696813.836
2061,98,144,1,1963,194,5,56043141037908.836
2061,98,144,2,1963,194,5,57166217169678.18
2061,98,145,1,1963,194,5,57214065620966.18
2061,98,145,2,1963,194,5,58352352793226.516
2061,98,146,1,1963,194,5,58401875968133.51
2061,98,146,2,1963,194,5,59555476497300.83
2061,98,147,1,1963,194,5,59606720960386.83
2061,98,147,2,1963,194,5,60775737162877.13
2061,98,148,1,1963,194,5,60828750442966.13
2061,98,148,2,1963,194,5,62013284635195.43
2061,98,149,1,1963,194,5,62068115238595.42
2061,98,149,2,1963,194,5,63268269736979.695
2061,98,150,1,1963,194,5,63324967160792.7
2061,98,150,2,1963,194,5,64540844281747.96
2061,98,151,1,1963,194,5,64599459027269.97
2061,98,151,2,1963,194,5,65831161087212.22
2061,98,152,1,1963,194,5,65891744673423.21
2061,98,152,2,1963,194,5,67139373988768.445
2061,98,153,1,1963,194,5,67201978965912.45
2061,98,153,2,1963,194,5,68465637853076.67
2061,98,154,1,1963,194,5,68530317816331.68
2061,98,154,2,1963,194,5,69810108591730.89
2061,98,155,1,1963,194,5,69876918194968.88
2061,98,155,2,1963,194,5,71172943175019.1
2061,98,156,1,1963,194,5,71241938144656.08
2061,98,156,2,1963,194,5,72554299645773.27
2061,98,157,1,1963,194,5,72625536794709.27
2061,98,157,2,1963,194,5,73954337133309.44
2061,98,158,1,1963,194,5,74027874374958.44
2061,98,158,2,1963,194,5,75373215867457.6
2061,98,159,1,1963,194,5,75449112229867.6
2061,98,159,2,1963,194,5,76811097192681.73
2061,98,160,1,1963,194,5,76889412832744.73
2061,98,160,2,1963,194,5,78268143582289.86
2061,98,161,1,1963,194,5,78348939800041.88
2061,98,161,2,1963,194,5,79744518652734.0
2061,98,162,1,1963,194,5,79827857905744.98
2061,98,162,2,1963,194,5,81240387178000.1
2061,98,163,1,1963,194,5,81326333095854.1
2061,98,163,2,1963,194,5,82755915104088.19
2061,98,164,1,1963,194,5,82844532502953.19
2061,98,164,2,1963,194,5,84291269563582.27
2061,98,165,1,1963,194,5,84382624460870.27
2061,98,165,2,1963,194,5,85846618890310.34
2061,98,166,1,1963,194,5,85940778519427.33
2061,98,166,2,1963,194,5,87422132634094.39
2061,98,167,1,1963,194,5,87519165459280.39
2061,98,167,2,1963,194,5,89017981575590.44
2061,98,168,1,1963,194,5,89117957306849.44
2061,98,168,2,1963,194,5,90634337741218.47
2061,98,169,1,1963,194,5,90737327349338.45
2061,98,169,2,1963,194,5,92271374418182.47
2061,98,170,1,1963,194,5,92377450149845.48
2061,98,170,2,1963,194,5,93929266169580.48
2061,98,171,1,1963,194,5,94038501562562.48
2061,98,171,2,1963,194,5,95608188849604.47
2061,98,172,1,1963,194,5,95720658748065.47
2061,98,172,2,1963,194,5,97308319618830.45
2061,98,173,1,1963,194,5,97424100188694.45
2061,98,173,2,1963,194,5,99029836959598.42
2061,98,174,1,1963,194,5,99149005704023.42
2061,98,174,2,1963,194,5,100772920691482.38
2061,98,175,1,1963,194,5,100895556466420.38
2061,98,175,2,1963,194,5,102537751986850.31
2061,98,176,1,1963,194,5,102663935016697.33
2061,98,176,2,1963,194,5,104324513386514.25
2061,98,177,1,1963,194,5,104454325279850.25
2061,98,177,2,1963,194,5,106133388815470.17
2061,98,178,1,1963,194,5,106266912580889.17
2061,98,178,2,1963,194,5,107964563598728.08
2061,98,179,1,1963,194,5,108101883660758.08
2061,98,179,2,1963,194,5,109818224477231.97
2061,98,180,1,1963,194,5,109959426692344.97
2061,98,180,2,1963,194,5,111694559623869.84
2061,98,181,1,1963,194,5,111839731296581.84
2061,98,181,2,1963,194,5,113593758659573.72
2061,98,182,1,1963,194,5,113742988558634.72
2061,98,182,2,1963,194,5,115516012669509.58
2061,98,183,1,1963,194,5,115669391044183.58
2061,98,183,2,1963,194,5,117461514219357.42
2061,98,184,1,1963,194,5,117619132815792.42
2061,98,184,2,1963,194,5,119430457371681.25
2061,98,185,1,1963,194,5,119592409449369.27
2061,98,185,2,1963,194,5,121423037702389.08
2061,98,186,1,1963,194,5,121589418050716.08
2061,98,186,2,1963,194,5,123439452317282.89
2061,98,187,1,1963,194,5,123610357272168.89
2061,98,187,2,1963,194,5,125479899868698.69
2061,98,188,1,1963,194,5,125655427329327.69
2061,98,188,2,1963,194,5,127544580572236.48
2061,98,189,1,1963,194,5,127724830017876.47
2061,98,189,2,1963,194,5,129633696223580.25
2061,98,190,1,1963,194,5,129818768730493.23
2061,98,190,2,1963,194,5,131747450215408.02
2061,98,191,1,1963,194,5,131937448473850.02
2061,98,191,2,1963,194,5,133886047554391.77
2061,98,192,1,1963,194,5,134081075885702.77
2061,98,192,2,1963,194,5,136049694878287.5
2061,98,193,1,1963,194,5,136249859252071.5
2061,98,193,2,1963,194,5,138238600473115.23
2061,98,194,1,1963,194,5,138444008524510.23
2061,98,194,2,1963,194,5,140452974290428.95
2061,98,195,1,1963,194,5,140663735337466.95
2061,98,195,2,1963,194,5,142693027964676.66
2061,98,196,1,1963,194,5,142909253025733.66
2061,98,196,2,1963,194,5,144958974830650.34
2126,99,1,1,2027,196,5,8784171152.402891
2126,99,1,2,2027,196,5,10217486690.653214
2126,99,2,1,2027,196,5,10217488921.653212
2126,99,2,2,2027,196,5,12267676842.87768
2126,99,3,1,2027,196,5,12267679356.877682
2126,99,3,2,2027,196,5,15043599497.07643
2126,99,4,1,2027,196,5,15043602622.07643
2126,99,4,2,2027,196,5,18654114817.249584
2126,99,5,1,2027,196,5,18654119325.249584
2126,99,5,2,2027,196,5,23208083411.397274
2126,99,6,1,2027,196,5,23208090868.397274
2126,99,6,2,2027,196,5,28814366681.519627
2126,99,7,1,2027,196,5,28814379887.519627
2126,99,7,2,2027,196,5,35581827263.61677
2126,99,8,1,2027,196,5,35581850782.61677
2126,99,8,2,2027,196,5,43619329557.68882
2126,99,9,1,2027,196,5,43619370337.68882
2126,99,9,2,2027,196,5,53035740347.735916
2126,99,10,1,2027,196,5,53035808430.735916
2126,99,10,2,2027,196,5,63939929511.75817
2126,99,11,1,2027,196,5,63940038833.75817
2126,99,11,2,2027,196,5,76440770821.75572
2126,99,12,1,2027,196,5,76440940102.7557
2126,99,12,2,2027,196,5,90647142833.72865
2126,99,13,1,2027,196,5,90647396557.72865
2126,99,13,2,2027,196,5,106667929867.67712
2126,99,14,1,2027,196,5,106668299352.67714
2126,99,14,2,2027,196,5,124612023077.60124
2126,99,15,1,2027,196,5,124612547635.60124
2126,99,15,2,2027,196,5,144588321611.50113
2126,99,16,1,2027,196,5,144589049798.50113
2126,99,16,2,2027,196,5,166705733861.3769
2126,99,17,1,2027,196,5,166706724817.37686
2126,99,17,2,2027,196,5,191073178803.22867
2126,99,18,1,2027,196,5,191074503682.22867
2126,99,18,2,2027,196,5,217799587427.05655
2126,99,19,1,2027,196,5,217801330917.05655
2126,99,19,2,2027,196,5,246993904256.8607
2126,99,20,1,2027,196,5,246996166189.86066
2126,99,20,2,2027,196,5,278765088960.6412
2126,99,21,1,2027,196,5,278767986012.6411
2126,99,21,2,2027,196,5,313222118050.3981
2126,99,22,1,2027,196,5,313225785531.398
2126,99,22,2,2027,196,5,350473986672.13153
2126,99,23,1,2027,196,5,350478580406.13153
2126,99,23,2,2027,196,5,390629710485.84174
2126,99,24,1,2027,196,5,390635408780.84174
2126,99,24,2,2027,196,5,433798327635.5287
2126,99,25,1,2027,196,5,433805333343.5287
2126,99,25,2,2027,196,5,480088900809.19257
2126,99,26,1,2027,196,5,480097443476.1926
2126,99,26,2,2027,196,5,529610519388.83356
2126,99,27,1,2027,196,5,529620857494.8335
2126,99,27,2,2027,196,5,582472301690.4515
2126,99,28,1,2027,196,5,582484724979.4515
2126,99,28,2,2027,196,5,638783397294.0469
2126,99,29,1,2027,196,5,638798229194.0468
2126,99,29,2,2027,196,5,698652989463.6194
2126,99,30,1,2027,196,5,698670589596.6194
2126,99,30,2,2027,196,5,762190297657.1694
2126,99,31,1,2027,196,5,762211064439.1696
2126,99,31,2,2027,196,5,829504580126.6971
2126,99,32,1,2027,196,5,829528953457.6971
2126,99,32,2,2027,196,5,900705136608.2023
2126,99,33,1,2027,196,5,900733600652.2024
2126,99,33,2,2027,196,5,975901311101.6854
2126,99,34,1,2027,196,5,975934397156.6854
2126,99,34,2,2027,196,5,1055202494741.1464
2126,99,35,1,2027,196,5,1055240784199.1464
2126,99,35,2,2027,196,5,1138718128754.5852
2126,99,36,1,2027,196,5,1138762256151.5852
2126,99,36,2,2027,196,5,1226557707514.0022
2126,99,37,1,2027,196,5,1226608363670.0022
2126,99,37,2,2027,196,5,1318830781675.3972
2126,99,38,1,2027,196,5,1318888716924.3975
2126,99,38,2,2027,196,5,1415646961408.7708
2126,99,39,1,2027,196,5,1415712988918.7708
2126,99,39,2,2027,196,5,1517115919718.1226
2126,99,40,1,2027,196,5,1517190918901.1223
2126,99,40,2,2027,196,5,1623347395851.453
2126,99,41,1,2027,196,5,1623432315863.453
2126,99,41,2,2027,196,5,1734451198800.7617
2126,99,42,1,2027,196,5,1734547062131.7617
2126,99,42,2,2027,196,5,1850537210892.0493
2126,99,43,1,2027,196,5,1850645117046.049
2126,99,43,2,2027,196,5,1971715391465.3154
2126,99,44,1,2027,196,5,1971836520730.3157
2126,99,44,2,2027,196,5,2098095780644.5608
2126,99,45,1,2027,196,5,2098231397952.5605
2126,99,45,2,2027,196,5,2229788503197.7847
2126,99,46,1,2027,196,5,2229939962074.7847
2126,99,46,2,2027,196,5,2366903772486.988
2126,99,47,1,2027,196,5,2367072519092.988
2126,99,47,2,2027,196,5,2509551894508.1704
2126,99,48,1,2027,196,5,2509739471767.1704
2126,99,48,2,2027,196,5,2657843272021.332
2126,99,49,1,2027,196,5,2658051323841.332
2126,99,49,2,2027,196,5,2811888408770.473
2126,99,50,1,2027,196,5,2812118684353.4727
2126,99,50,2,2027,196,5,2971797913793.5933
2126,99,51,1,2027,196,5,2972052272035.5933
2126,99,51,2,2027,196,5,3137682505822.6934
2126,99,52,1,2027,196,5,3137962919803.693
2126,99,52,2,2027,196,5,3309653017773.773
2126,99,53,1,2027,196,5,3309961579337.7725
2126,99,53,2,2027,196,5,3487820401326.8315
2126,99,54,1,2027,196,5,3488159325751.832
2126,99,54,2,2027,196,5,3672295731595.871
2126,99,55,1,2027,196,5,3672667362353.871
2126,99,55,2,2027,196,5,3863190211888.89
2126,99,56,1,2027,196,5,3863597025495.8896
2126,99,56,2,2027,196,5,4060615178557.888
2126,99,57,1,2027,196,5,4061059789513.8887
2126,99,57,2,2027,196,5,4264682105938.8677
2126,99,58,1,2027,196,5,4265167271757.8677
2126,99,58,2,2027,196,5,4475502611381.826
2126,99,59,1,2027,196,5,4476031237711.827
2126,99,59,2,2027,196,5,4693188460370.767
2126,99,60,1,2027,196,5,4693763606203.766
2126,99,60,2,2027,196,5,4917851571733.686
2126,99,61,1,2027,196,5,4918476454705.686
2126,99,61,2,2027,196,5,5149604022942.585
2126,99,62,1,2027,196,5,5150282024723.586
2126,99,62,2,2027,196,5,5388558055503.467
2126,99,63,1,2027,196,5,5389292727277.467
2126,99,63,2,2027,196,5,5634826080436.328
2126,99,64,1,2027,196,5,5635621148471.327
2126,99,64,2,2027,196,5,5888520683845.169
2126,99,65,1,2027,196,5,5889380055153.17
2126,99,65,2,2027,196,5,6149754632577.993
2126,99,66,1,2027,196,5,6150682400664.992
2126,99,66,2,2027,196,5,6418640879976.796
2126,99,67,1,2027,196,5,6419641330682.796
2126,99,67,2,2027,196,5,6695292571717.579
2126,99,68,1,2027,196,5,6696370189146.58
2126,99,68,2,2027,196,5,6979823051740.346
2126,99,69,1,2027,196,5,6980982524280.346
2126,99,69,2,2027,196,5,7272345868269.092
2126,99,70,1,2027,196,5,7273592094702.092
2126,99,70,2,2027,196,5,7572974779921.819
2126,99,71,1,2027,196,5,7574312875623.82
2126,99,71,2,2027,196,5,7881823761910.528
2126,99,72,1,2027,196,5,7883259065141.528
2126,99,72,2,2027,196,5,8199007012331.219
2126,99,73,1,2027,196,5,8200545090615.219
2126,99,73,2,2027,196,5,8524638958543.89
2126,99,74,1,2027,196,5,8526285615138.891
2126,99,74,2,2027,196,5,8858834263642.543
2126,99,75,1,2027,196,5,8860595544100.543
2126,99,75,2,2027,196,5,9201707833015.178
2126,99,76,1,2027,196,5,9203590031832.18
2126,99,76,2,2027,196,5,9553374820993.795
2126,99,77,1,2027,196,5,9555384488349.795
2126,99,77,2,2027,196,5,9913950637594.393
2126,99,78,1,2027,196,5,9916094586183.393
2126,99,78,2,2027,196,5,10283550955346.973
2126,99,79,1,2027,196,5,10285836267296.973
2126,99,79,2,2027,196,5,10662291716215.535
2126,99,80,1,2027,196,5,10664725750098.533
2126,99,80,2,2027,196,5,11050289138608.078
2126,99,81,1,2027,196,5,11052879536540.078
2126,99,81,2,2027,196,5,11447659724476.604
2126,99,82,1,2027,196,5,11450414419307.604
2126,99,82,2,2027,196,5,11854520266507.113
2126,99,83,1,2027,196,5,11857447489101.111
2126,99,83,2,2027,196,5,12270987855399.602
2126,99,84,1,2027,196,5,12274096142004.602
2126,99,84,2,2027,196,5,12697179887238.074
2126,99,85,1,2027,196,5,12700478086946.074
2126,99,85,2,2027,196,5,13133214070950.53
2126,99,86,1,2027,196,5,13136711353247.53
2126,99,86,2,2027,196,5,13579208435858.965
2126,99,87,1,2027,196,5,13582914298264.965
2126,99,87,2,2027,196,5,14035281339319.385
2126,99,88,1,2027,196,5,14039205615118.387
2126,99,88,2,2027,196,5,14501551474451.787
2126,99,89,1,2027,196,5,14505704340511.787
2126,99,89,2,2027,196,5,14978137877960.172
2126,99,90,1,2027,196,5,14982529862643.172
2126,99,90,2,2027,196,5,15465159938042.54
2126,99,91,1,2027,196,5,15469801929204.541
2126,99,91,2,2027,196,5,15962737402390.89
2126,99,92,1,2027,196,5,15967640655471.889
2126,99,92,2,2027,196,5,16470990386281.223
2126,99,93,1,2027,196,5,16476166532485.223
2126,99,93,2,2027,196,5,16990039380753.54
2126,99,94,1,2027,196,5,16995500435318.54
2126,99,94,2,2027,196,5,17520005260881.838
2126,99,95,1,2027,196,5,17525763631439.838
2126,99,95,2,2027,196,5,18061009294134.12
2126,99,96,1,2027,196,5,18067077789161.12
2126,99,96,2,2027,196,5,18613173148822.383
2126,99,97,1,2027,196,5,18619564986178.383
2126,99,97,2,2027,196,5,19176618902642.633
2126,99,98,1,2027,196,5,19183347718201.633
2126,99,98,2,2027,196,5,19751469051304.863
2126,99,99,1,2027,196,5,19758548907674.863
2126,99,99,2,2027,196,5,20337846517253.08
2126,99,100,1,2027,196,5,20345291912586.08
2126,99,100,2,2027,196,5,20935874658475.277
2126,99,101,1,2027,196,5,20943700535367.277
2126,99,101,2,2027,196,5,21545677277403.46
2126,99,102,1,2027,196,5,21553899031884.46
2126,99,102,2,2027,196,5,22167378629903.625
2126,99,103,1,2027,196,5,22176012120517.62
2126,99,103,2,2027,196,5,22801103434355.77
2126,99,104,1,2027,196,5,22810164991330.773
2126,99,104,2,2027,196,5,23446976880823.906
2126,99,105,1,2027,196,5,23456483315331.906
2126,99,105,2,2027,196,5,24105124640316.023
2126,99,106,1,2027,196,5,24115093253823.02
2126,99,106,2,2027,196,5,24775672874134.12
2126,99,107,1,2027,196,5,24786121467840.12
2126,99,107,2,2027,196,5,25458748243314.207
2126,99,108,1,2027,196,5,25469695127683.203
2126,99,108,2,2027,196,5,26154477918156.273
2126,99,109,1,2027,196,5,26165941922536.27
2126,99,109,2,2027,196,5,26862989587844.324
2126,99,110,1,2027,196,5,26874990070177.324
2126,99,110,2,2027,196,5,27584411470156.363
2126,99,111,1,2027,196,5,27596968326778.36
2126,99,111,2,2027,196,5,28318872321264.38
2126,99,112,1,2027,196,5,28332005996795.38
2126,99,112,2,2027,196,5,29066501445624.383
2126,99,113,1,2027,196,5,29080232942948.387
2126,99,113,2,2027,196,5,29827428705956.37
2126,99,114,1,2027,196,5,29841779596291.37
2126,99,114,2,2027,196,5,30601784533314.344
2126,99,115,1,2027,196,5,30616776966372.344
2126,99,115,2,2027,196,5,31389699937246.3
2126,99,116,1,2027,196,5,31405356651483.3
2126,99,116,2,2027,196,5,32191306516044.242
2126,99,117,1,2027,196,5,32207650849000.242
2126,99,117,2,2027,196,5,33006736467084.168
2126,99,118,1,2027,196,5,33023792365813.168
2126,99,118,2,2027,196,5,33836122597256.08
2126,99,119,1,2027,196,5,33853914628846.08
2126,99,119,2,2027,196,5,34679598333483.973
2126,99,120,1,2027,196,5,34698151695666.973
2126,99,120,2,2027,196,5,35537297733335.85
2126,99,121,1,2027,196,5,35556638265187.85
2126,99,121,2,2027,196,5,36409355495723.72
2126,99,122,1,2027,196,5,36429509688454.71
2126,99,122,2,2027,196,5,37295906971693.56
2126,99,123,1,2027,196,5,37316901979527.56
2126,99,123,2,2027,196,5,38197088175305.4
2126,99,124,1,2027,196,5,38218951826450.4
2126,99,124,2,2027,196,5,39113035794603.22
2126,99,125,1,2027,196,5,39135796602311.22
2126,99,125,2,2027,196,5,40043887202675.02
2126,99,126,1,2027,196,5,40067574376392.02
2126,99,126,2,2027,196,5,40989780468802.81
2126,99,127,1,2027,196,5,41014423925408.81
2126,99,127,2,2027,196,5,41950854369702.586
2126,99,128,1,2027,196,5,41976484744841.586
2126,99,128,2,2027,196,5,42927248400854.34
2126,99,129,1,2027,196,5,42953897060354.34
2126,99,129,2,2027,196,5,43919102787922.086
2126,99,130,1,2027,196,5,43946801839305.086
2126,99,130,2,2027,196,5,44926558498263.82
2126,99,131,1,2027,196,5,44955340802345.81
2126,99,131,2,2027,196,5,45949757252531.53
2126,99,132,1,2027,196,5,45979656435112.53
2126,99,132,2,2027,196,5,46988841536361.234
2126,99,133,1,2027,196,5,47019892000005.234
2126,99,133,2,2027,196,5,48043954612152.92
2126,99,134,1,2027,196,5,48076191548057.914
2126,99,134,2,2027,196,5,49115240530940.586
2126,99,135,1,2027,196,5,49148699930898.586
2126,99,135,2,2027,196,5,50202844144352.24
2126,99,136,1,2027,196,5,50237562812799.24
2126,99,136,2,2027,196,5,51306911116659.89
2126,99,137,1,2027,196,5,51342926682815.88
2126,99,137,2,2027,196,5,52427587936919.51
2126,99,138,1,2027,196,5,52464938867018.516
2126,99,138,2,2027,196,5,53565021931201.125
2126,99,139,1,2027,196,5,53603747540811.13
2126,99,139,2,2027,196,5,54719361274908.73
2126,99,140,1,2027,196,5,54759501741341.73
2126,99,140,2,2027,196,5,55890755005190.305
2126,99,141,1,2027,196,5,55932351380002.31
2126,99,141,2,2027,196,5,57079353033437.88
2126,99,142,1,2027,196,5,57122447255018.88
2126,99,142,2,2027,196,5,58285306157877.44
2126,99,143,1,2027,196,5,58329941064131.43
2126,99,143,2,2027,196,5,59508766076248.98
2126,99,144,1,2027,196,5,59554985417363.98
2126,99,144,2,2027,196,5,60749885398576.51
2126,99,145,1,2027,196,5,60797733849884.51
2126,99,145,2,2027,196,5,62008817660028.02
2126,99,146,1,2027,196,5,62058340834955.016
2126,99,146,2,2027,196,5,63285717333865.52
2126,99,147,1,2027,196,5,63336961796971.52
2126,99,147,2,2027,196,5,64580739844485.01
2126,99,148,1,2027,196,5,64633753124594.01
2126,99,148,2,2027,196,5,65894041580546.484
2126,99,149,1,2027,196,5,65948872183966.48
2126,99,149,2,2027,196,5,67225779908193.94
2126,99,150,1,2027,196,5,67282477332026.94
2126,99,150,2,2027,196,5,68576113184365.38
2126,99,151,1,2027,196,5,68634727929907.39
2126,99,151,2,2027,196,5,69945200770192.82
2126,99,152,1,2027,196,5,70005784356423.81
2126,99,152,2,2027,196,5,71333203044492.23
2126,99,153,1,2027,196,5,71395808021656.23
2126,99,153,2,2027,196,5,72740281417343.64
2126,99,154,1,2027,196,5,72804961380618.64
2126,99,154,2,2027,196,5,74166598343761.03
2126,99,155,1,2027,196,5,74233407947019.03
2126,99,155,2,2027,196,5,75612317337452.42
2126,99,156,1,2027,196,5,75681312307109.4
2126,99,156,2,2027,196,5,77077602984669.78
2126,99,157,1,2027,196,5,77148840133625.77
2126,99,157,2,2027,196,5,78562620958149.12
2126,99,158,1,2027,196,5,78636158199818.12
2126,99,158,2,2027,196,5,80067538031140.47
2126,99,159,1,2027,196,5,80143434393570.47
2126,99,159,2,2027,196,5,81592522091527.78
2126,99,160,1,2027,196,5,81670837731610.78
2126,99,160,2,2027,196,5,83137742156039.1
2126,99,161,1,2027,196,5,83218538373811.11
2126,99,161,2,2027,196,5,84703368384546.4
2126,99,162,1,2027,196,5,84786707637577.39
2126,99,162,2,2027,196,5,86289572094455.69
2126,99,163,1,2027,196,5,86375518012329.67
2126,99,163,2,2027,196,5,87896525775186.95
2126,99,164,1,2027,196,5,87985143174071.95
2126,99,164,2,2027,196,5,89524403102744.22
2126,99,165,1,2027,196,5,89615758000052.2
2126,99,165,2,2027,196,5,91173378954375.45
2126,99,166,1,2027,196,5,91267538583512.45
2126,99,166,2,2027,196,5,92843629423322.69
2126,99,167,1,2027,196,5,92940662248528.69
2126,99,167,2,2027,196,5,94535331833661.92
2126,99,168,1,2027,196,5,94635307564940.9
2126,99,168,2,2027,196,5,96248664755233.11
2126,99,169,1,2027,196,5,96351654363373.11
2126,99,169,2,2027,196,5,97983808018660.3
2126,99,170,1,2027,196,5,98089883750343.31
2126,99,170,2,2027,196,5,99740942730461.5
2126,99,171,1,2027,196,5,99850178123463.5
2126,99,171,2,2027,196,5,101520251288248.66
2126,99,172,1,2027,196,5,101632721186729.66
2126,99,172,2,2027,196,5,103321917396017.81
2126,99,173,1,2027,196,5,103437697965901.83
2126,99,173,2,2027,196,5,105146126079528.97
2126,99,174,1,2027,196,5,105265294823973.97
2126,99,174,2,2027,196,5,106993063701776.1
2126,99,175,1,2027,196,5,107115699476734.08
2126,99,175,2,2027,196,5,108862917978547.2
2126,99,176,1,2027,196,5,108989101008414.22
2126,99,176,2,2027,196,5,110755877994074.33
2126,99,177,1,2027,196,5,110885689887430.31
2126,99,177,2,2027,196,5,112672134216773.4
2126,99,178,1,2027,196,5,112805657982212.4
2126,99,178,2,2027,196,5,114611878515074.48
2126,99,179,1,2027,196,5,114749198577124.5
2126,99,179,2,2027,196,5,116575304173341.56
2126,99,180,1,2027,196,5,116716506388474.56
2126,99,180,2,2027,196,5,118562605907882.62
2126,99,181,1,2027,196,5,118707777580614.61
2126,99,181,2,2027,196,5,120573979883049.66
2126,99,182,1,2027,196,5,120723209782130.67
2126,99,182,2,2027,196,5,122609623727428.7
2126,99,183,1,2027,196,5,122763002102122.69
2126,99,183,2,2027,196,5,124669736550119.72
2126,99,184,1,2027,196,5,124827355146574.7
2126,99,184,2,2027,196,5,126754518957106.72
2126,99,185,1,2027,196,5,126916471034814.73
2126,99,185,2,2027,196,5,128864173067717.72
2126,99,186,1,2027,196,5,129030553416064.72
2126,99,186,2,2027,196,5,130998902531174.7
2126,99,187,1,2027,196,5,131169807486080.7
2126,99,187,2,2027,196,5,133158912543233.67
2126,99,188,1,2027,196,5,133334440003882.67
2126,99,188,2,2027,196,5,135344409862914.64
2126,99,189,1,2027,196,5,135524659308574.62
2126,99,189,2,2027,196,5,137555602829321.58
2126,99,190,1,2027,196,5,137740675336254.58
2126,99,190,2,2027,196,5,139792701378552.52
2126,99,191,1,2027,196,5,139982699637014.52
2126,99,191,2,2027,196,5,142055917060699.44
2126,99,192,1,2027,196,5,142250945392030.44
2126,99,192,2,2027,196,5,144345463056938.34
2126,99,193,1,2027,196,5,144545627430742.38
2126,99,193,2,2027,196,5,146661554196709.25
2126,99,194,1,2027,196,5,146866962248124.25
2126,99,194,2,2027,196,5,149004406974986.12
2126,99,195,1,2027,196,5,149215168022044.12
2126,99,195,2,2027,196,5,151374239569637.0
2126,99,196,1,2027,196,5,151590464630714.03
2126,99,196,2,2027,196,5,153771271858873.9
2126,99,197,1,2027,196,5,153993073670229.88
2126,99,197,2,2027,196,5,156195725438792.72
2126,99,198,1,2027,196,5,156423218472201.75
2126,99,198,2,2027,196,5,158647823641003.56
